posi_id,legacy_id,title,issn_online,openalex_source_id,article_count,minted_or_reused
POSI-J-024206,j-bench-aace-clinical-case-reports-1001,"AACE Clinical Case Reports",2376-0605,S2764745361,921,minted
POSI-J-024207,j-bench-aace-endocrinology-and-diabetes-1002,"AACE Endocrinology and Diabetes",3050-9157,S5407047512,278,minted
POSI-J-024208,j-bench-abiotech-1003,"aBIOTECH",2662-1738,S4210188184,307,minted
POSI-J-006634,j-bench-academic-pathology-1004,"Academic Pathology",2374-2895,S4210212924,582,reused
POSI-J-024209,j-bench-academic-pediatrics-1005,"Academic Pediatrics",1876-2859,S141855577,4522,minted
POSI-J-024210,j-bench-academic-radiology-1006,"Academic Radiology",1076-6332,S182038535,12238,minted
POSI-J-024211,j-bench-academy-of-management-inside-organizations-1007,"Academy of Management Inside Organizations",3117-9878,,0,minted
POSI-J-024212,j-bench-academy-of-management-organizations-and-their-environments-1008,"Academy of Management Organizations and Their Environments",3117-9886,,0,minted
POSI-J-024213,j-bench-accident-analysis-prevention-1009,"Accident Analysis & Prevention",0001-4575,S188336720,10085,minted
POSI-J-024214,j-bench-accounting-open-1010,"Accounting Open",3050-5461,S5407052172,10,minted
POSI-J-024215,j-bench-accounting-organizations-and-society-1011,"Accounting, Organizations and Society",0361-3682,S198892436,2224,minted
POSI-J-024216,j-bench-accounting-theory-and-practice-1012,"Accounting Theory and Practice",2949-9453,S5407036929,8,minted
POSI-J-024217,j-bench-acta-adamantum-1013,"Acta Adamantum",2773-224X,,0,minted
POSI-J-024218,j-bench-acta-astronautica-1014,"Acta Astronautica",0094-5765,S179591353,15195,minted
POSI-J-024219,j-bench-acta-biomaterialia-1015,"Acta Biomaterialia",1742-7061,S173145877,11204,minted
POSI-J-024220,j-bench-acta-colombiana-de-cuidado-intensivo-1016,"Acta Colombiana de Cuidado Intensivo",0122-7262,S2898115637,622,minted
POSI-J-024221,j-bench-acta-histochemica-1017,"Acta Histochemica",0065-1281,S4210188353,4491,minted
POSI-J-024222,j-bench-acta-oecologica-1018,"Acta Oecologica",1146-609X,S127446044,2538,minted
POSI-J-024223,j-bench-acta-otorrinolaringologica-english-edition-1019,"Acta Otorrinolaringologica (English Edition)",2173-5735,S4210169558,1583,minted
POSI-J-024224,j-bench-acta-otorrinolaringol-gica-espa-ola-1020,"Acta Otorrinolaringológica Española",0001-6519,S2755543480,2240,minted
POSI-J-001364,j-bench-acta-pharmaceutica-sinica-b-1021,"Acta Pharmaceutica Sinica B",2211-3835,S2736993989,3221,reused
POSI-J-024225,j-bench-acta-physico-chimica-sinica-1022,"Acta Physico-Chimica Sinica",1000-6818,S138757394,11752,minted
POSI-J-000706,j-bench-acta-psychologica-1023,"Acta Psychologica",0001-6918,S180067919,10205,reused
POSI-J-024226,j-bench-acta-psychologica-reports-1024,"Acta Psychologica Reports",3117-9894,,0,minted
POSI-J-024227,j-bench-acta-tropica-1025,"Acta Tropica",0001-706X,S190456265,8299,minted
POSI-J-024228,j-bench-actas-urol-gicas-espa-olas-1026,"Actas Urológicas Españolas",0210-4806,S38879697,5589,minted
POSI-J-024229,j-bench-actas-urol-gicas-espa-olas-english-edition-1027,"Actas Urológicas Españolas (English Edition)",2173-5786,S4210176551,1919,minted
POSI-J-024230,j-bench-actualit-s-pharmaceutiques-1028,"Actualités Pharmaceutiques",0515-3700,S2898131220,5124,minted
POSI-J-024231,j-bench-ad-hoc-networks-1029,"Ad Hoc Networks",1570-8705,S4210177528,3745,minted
POSI-J-011875,j-bench-addiction-neuroscience-1030,"Addiction Neuroscience",2772-3925,S4210209607,253,reused
POSI-J-024232,j-bench-addictive-behaviors-1031,"Addictive Behaviors",0306-4603,S186215666,8609,minted
POSI-J-005301,j-bench-addictive-behaviors-reports-1032,"Addictive Behaviors Reports",2352-8532,S2898531107,724,reused
POSI-J-024233,j-bench-additive-manufacturing-1033,"Additive Manufacturing",2214-8604,S2764842179,5150,minted
POSI-J-024234,j-bench-additive-manufacturing-frontiers-1034,"Additive Manufacturing Frontiers",2950-4317,S5407037061,235,minted
POSI-J-009032,j-bench-additive-manufacturing-letters-1035,"Additive Manufacturing Letters",2772-3690,S4210237284,389,reused
POSI-J-013221,j-bench-advanced-agrochem-1036,"Advanced AgroChem",2773-2371,S4387282482,224,reused
POSI-J-024235,j-bench-advanced-bionics-1037,"Advanced Bionics",2950-3876,S4404673999,29,minted
POSI-J-024236,j-bench-advanced-design-research-1038,"Advanced Design Research",2949-7825,S4387290417,50,minted
POSI-J-024237,j-bench-advanced-drug-delivery-reviews-1039,"Advanced Drug Delivery Reviews",0169-409X,S114437232,5414,minted
POSI-J-024238,j-bench-advanced-engineering-informatics-1040,"Advanced Engineering Informatics",1474-0346,S112141509,4696,minted
POSI-J-018196,j-bench-advanced-exercise-and-health-science-1041,"Advanced Exercise and Health Science",2950-273X,S4390963360,82,reused
POSI-J-000504,j-bench-advanced-industrial-and-engineering-polymer-research-1042,"Advanced Industrial and Engineering Polymer Research",2542-5048,S4210184591,304,reused
POSI-J-024239,j-bench-advanced-interventional-materials-1043,"Advanced Interventional Materials",3051-1577,S5407053264,19,minted
POSI-J-024240,j-bench-advanced-light-materials-1044,"Advanced Light Materials",3117-3144,S7407055717,9,minted
POSI-J-013424,j-bench-advanced-membranes-1045,"Advanced Membranes",2772-8234,S4210225683,200,reused
POSI-J-024241,j-bench-advanced-nanocomposites-1046,"Advanced Nanocomposites",2949-9445,S4387292287,68,minted
POSI-J-024242,j-bench-advanced-orthopaedics-1047,"Advanced Orthopaedics",3050-7170,S5407047465,21,minted
POSI-J-011335,j-bench-advanced-powder-materials-1048,"Advanced Powder Materials",2772-834X,S4210231862,279,reused
POSI-J-024243,j-bench-advanced-powder-technology-1049,"Advanced Powder Technology",0921-8831,S9304834,6089,minted
POSI-J-024244,j-bench-advanced-scientific-instruments-1050,"Advanced Scientific Instruments",3117-3748,S5407055957,19,minted
POSI-J-016198,j-bench-advanced-sensor-and-energy-materials-1051,"Advanced Sensor and Energy Materials",2773-045X,S4220651851,132,reused
POSI-J-024245,j-bench-advances-in-accounting-1052,"Advances in Accounting",0882-6110,S27001385,817,minted
POSI-J-024246,j-bench-advances-in-anesthesia-1053,"Advances in Anesthesia",0737-6146,S110628831,339,minted
POSI-J-024247,j-bench-advances-in-animal-biosciences-1054,"Advances in Animal Biosciences",2040-4700,S2764561923,919,minted
POSI-J-011176,j-bench-advances-in-applied-energy-1055,"Advances in Applied Energy",2666-7924,S4210186815,288,reused
POSI-J-024248,j-bench-advances-in-applied-mathematics-1056,"Advances in Applied Mathematics",0196-8858,S164906323,2838,minted
POSI-J-019453,j-bench-advances-in-archaeomaterials-1057,"Advances in Archaeomaterials",2667-1360,S4210240248,44,reused
POSI-J-011939,j-bench-advances-in-bamboo-science-1058,"Advances in Bamboo Science",2773-1391,S4220651773,254,reused
POSI-J-024249,j-bench-advances-in-biological-regulation-1059,"Advances in Biological Regulation",2212-4926,S2764887616,648,minted
POSI-J-016184,j-bench-advances-in-biomarker-sciences-and-technology-1060,"Advances in Biomarker Sciences and Technology",2543-1064,S4210213593,132,reused
POSI-J-024250,j-bench-advances-in-business-and-management-research-1061,"Advances in Business and Management Research",3051-0511,S7407053801,5,minted
POSI-J-013923,j-bench-advances-in-cancer-biology-metastasis-1062,"Advances in Cancer Biology - Metastasis",2667-3940,S4210215862,194,reused
POSI-J-024251,j-bench-advances-in-chronic-kidney-disease-1063,"Advances in Chronic Kidney Disease",1548-5595,S121181480,1731,minted
POSI-J-003349,j-bench-advances-in-climate-change-research-1064,"Advances in Climate Change Research",1674-9278,S2764744304,1191,reused
POSI-J-024252,j-bench-advances-in-clinical-radiology-1065,"Advances in Clinical Radiology",2589-8701,S4210228184,178,minted
POSI-J-024253,j-bench-advances-in-colloid-and-interface-science-1066,"Advances in Colloid and Interface Science",0001-8686,S28247071,4252,minted
POSI-J-024254,j-bench-advances-in-cosmetic-surgery-1067,"Advances in Cosmetic Surgery",2542-4327,S2898431607,211,minted
POSI-J-024255,j-bench-advances-in-engineering-software-1068,"Advances in Engineering Software",0965-9978,S16540516,4303,minted
POSI-J-024256,j-bench-advances-in-family-practice-nursing-1069,"Advances in Family Practice Nursing",2589-420X,S4210240039,190,minted
POSI-J-014741,j-bench-advances-in-industrial-and-manufacturing-engineering-1070,"Advances in Industrial and Manufacturing Engineering",2666-9129,S4210227429,163,reused
POSI-J-024257,j-bench-advances-in-integrative-medicine-1071,"Advances in Integrative Medicine",2212-9588,S2764760482,1174,minted
POSI-J-024258,j-bench-advances-in-kidney-disease-and-health-1072,"Advances in Kidney Disease and Health",2949-8139,S4387285771,273,minted
POSI-J-024259,j-bench-advances-in-life-course-research-1073,"Advances in Life Course Research",1569-4909,S4394735480,763,minted
POSI-J-024260,j-bench-advances-in-mathematics-1074,"Advances in Mathematics",0001-8708,S122441808,12176,minted
POSI-J-024261,j-bench-advances-in-medical-sciences-1075,"Advances in Medical Sciences",1896-1126,S57025993,1063,minted
POSI-J-024262,j-bench-advances-in-molecular-pathology-1076,"Advances in Molecular Pathology",2589-4080,S4210177865,187,minted
POSI-J-024263,j-bench-advances-in-nutrition-1077,"Advances in Nutrition",2161-8313,S2491932416,2432,minted
POSI-J-024264,j-bench-advances-in-oncology-1078,"Advances in Oncology",2666-853X,S4210236939,187,minted
POSI-J-024265,j-bench-advances-in-ophthalmology-and-optometry-1079,"Advances in Ophthalmology and Optometry",2452-1760,S2898386384,341,minted
POSI-J-012734,j-bench-advances-in-ophthalmology-practice-and-research-1080,"Advances in Ophthalmology Practice and Research",2667-3762,S4210200596,221,reused
POSI-J-005859,j-bench-advances-in-oral-and-maxillofacial-surgery-1081,"Advances in Oral and Maxillofacial Surgery",2667-1476,S4210224927,657,reused
POSI-J-024266,j-bench-advances-in-patient-reported-outcomes-1082,"Advances in Patient-Reported Outcomes",3050-6964,S5407047456,289,minted
POSI-J-024267,j-bench-advances-in-pediatrics-1083,"Advances in Pediatrics",0065-3101,S158688538,1427,minted
POSI-J-024268,j-bench-advances-in-psychiatry-and-behavioral-health-1084,"Advances in Psychiatry and Behavioral Health",2667-3827,S4210193605,173,minted
POSI-J-002104,j-bench-advances-in-radiation-oncology-1085,"Advances in Radiation Oncology",2452-1094,S2765008485,1889,reused
POSI-J-014926,j-bench-advances-in-redox-research-1086,"Advances in Redox Research",2667-1379,S4210180340,173,reused
POSI-J-012571,j-bench-advances-in-sample-preparation-1087,"Advances in Sample Preparation",2772-5820,S4210235378,231,reused
POSI-J-024269,j-bench-advances-in-small-animal-care-1088,"Advances in Small Animal Care",2666-450X,S4210203215,131,minted
POSI-J-024270,j-bench-advances-in-surgery-1089,"Advances in Surgery",0065-3411,S170839452,510,minted
POSI-J-024271,j-bench-advances-in-water-resources-1090,"Advances in Water Resources",0309-1708,S145524021,5745,minted
POSI-J-017987,j-bench-advances-in-wind-engineering-1091,"Advances in Wind Engineering",2950-6018,S4404664319,93,reused
POSI-J-024272,j-bench-advancing-medical-surgical-nursing-1092,"Advancing Medical-Surgical Nursing",3050-8592,S5407047500,76,minted
POSI-J-024273,j-bench-aeolian-research-1093,"Aeolian Research",1875-9637,S105722520,861,minted
POSI-J-024274,j-bench-aerospace-science-and-technology-1094,"Aerospace Science and Technology",1270-9638,S61564791,11136,minted
POSI-J-024275,j-bench-aerospace-traffic-and-safety-1095,"Aerospace Traffic and Safety",2950-3388,S4404676329,38,minted
POSI-J-024276,j-bench-aeu-international-journal-of-electronics-and-communications-1096,"AEU - International Journal of Electronics and Communications",1434-8411,S141761900,6362,minted
POSI-J-003641,j-bench-african-journal-of-emergency-medicine-1097,"African Journal of Emergency Medicine",2211-419X,S2738564287,1048,reused
POSI-J-024277,j-bench-african-transport-studies-1098,"African Transport Studies",2950-1962,S4390573896,109,minted
POSI-J-024278,j-bench-ageing-research-reviews-1099,"Ageing Research Reviews",1568-1637,S117312820,2988,minted
POSI-J-024279,j-bench-aggression-and-violent-behavior-1100,"Aggression and Violent Behavior",1359-1789,S80014870,2009,minted
POSI-J-015015,j-bench-aging-brain-1101,"Aging Brain",2589-9589,S4210227707,160,reused
POSI-J-012370,j-bench-aging-and-health-research-1102,"Aging and Health Research",2667-0321,S4210236040,233,reused
POSI-J-024280,j-bench-agricultural-environment-and-sustainability-1103,"Agricultural Environment and Sustainability",3117-4094,S5407054244,23,minted
POSI-J-024281,j-bench-agricultural-and-forest-meteorology-1104,"Agricultural and Forest Meteorology",0168-1923,S17729819,9826,minted
POSI-J-024282,j-bench-agricultural-systems-1105,"Agricultural Systems",0308-521X,S157560195,5996,minted
POSI-J-000691,j-bench-agricultural-water-management-1106,"Agricultural Water Management",0378-3774,S104641133,10444,reused
POSI-J-017265,j-bench-agriculture-communications-1107,"Agriculture Communications",2949-7981,S4387289750,105,reused
POSI-J-024283,j-bench-agriculture-ecosystems-environment-1108,"Agriculture, Ecosystems & Environment",0167-8809,S185297315,11157,minted
POSI-J-000427,j-bench-ai-open-1109,"AI Open",2666-6510,S4210194376,126,reused
POSI-J-024284,j-bench-ai-thermal-fluids-1110,"AI Thermal Fluids",3050-5852,S5407047411,46,minted
POSI-J-001143,j-bench-ain-shams-engineering-journal-1111,"Ain Shams Engineering Journal",2090-4479,S2764993483,4022,reused
POSI-J-024285,j-bench-air-medical-journal-1112,"Air Medical Journal",1067-991X,S117141055,4042,minted
POSI-J-011075,j-bench-ajo-international-1113,"AJO International",2950-2535,S5407036997,296,reused
POSI-J-024286,j-bench-ajo-do-clinical-companion-1114,"AJO-DO Clinical Companion",2666-4305,S4210212587,425,minted
POSI-J-005748,j-bench-ajog-global-reports-1115,"AJOG Global Reports",2666-5778,S4210231035,664,reused
POSI-J-007368,j-bench-ajpm-focus-1116,"AJPM Focus",2773-0654,S4220651960,500,reused
POSI-J-024287,j-bench-alcohol-1117,"Alcohol",0741-8329,S143406092,4956,minted
POSI-J-000810,j-bench-alexandria-engineering-journal-1118,"Alexandria Engineering Journal",1110-0168,S2764413287,7227,reused
POSI-J-024288,j-bench-algal-research-1119,"Algal Research",2211-9264,S2502055758,4888,minted
POSI-J-001823,j-bench-allergology-international-1120,"Allergology International",1323-8930,S116585092,2249,reused
POSI-J-018690,j-bench-allergy-medicine-1121,"Allergy Medicine",2949-9135,S4404676861,69,reused
POSI-J-004806,j-bench-american-heart-journal-plus-cardiology-research-and-practice-1122,"American Heart Journal Plus: Cardiology Research and Practice",2666-6022,S4210207075,824,reused
POSI-J-024289,j-bench-the-american-journal-of-geriatric-psychiatry-1123,"The American Journal of Geriatric Psychiatry",1064-7481,S182891740,8863,minted
POSI-J-024290,j-bench-the-american-journal-of-geriatric-psychiatry-open-science-ed-1124,"The American Journal of Geriatric Psychiatry: Open Science, Education, and Practice",2950-3868,S5407037047,91,minted
POSI-J-024291,j-bench-the-american-journal-of-human-genetics-1125,"The American Journal of Human Genetics",0002-9297,S134425043,11168,minted
POSI-J-024292,j-bench-the-american-journal-of-the-medical-sciences-1126,"The American Journal of the Medical Sciences",0002-9629,S109361689,69805,minted
POSI-J-016145,j-bench-american-journal-of-medicine-open-1127,"American Journal of Medicine Open",2667-0364,S4210240233,131,reused
POSI-J-024293,j-bench-the-american-journal-of-medicine-supplements-1128,"The American Journal of Medicine Supplements",1548-2766,S4210189118,50,minted
POSI-J-024294,j-bench-american-journal-of-obstetrics-gynecology-mfm-1129,"American Journal of Obstetrics & Gynecology MFM",2589-9333,S4210238021,1953,minted
POSI-J-001586,j-bench-american-journal-of-ophthalmology-case-reports-1130,"American Journal of Ophthalmology Case Reports",2451-9936,S2765008417,2625,reused
POSI-J-000815,j-bench-american-journal-of-otolaryngology-1131,"American Journal of Otolaryngology",0196-0709,S204216521,7094,reused
POSI-J-024295,j-bench-the-american-journal-of-pathology-1132,"The American Journal of Pathology",0002-9440,S145577119,10699,minted
POSI-J-024296,j-bench-american-journal-of-pharmaceutical-education-1133,"American Journal of Pharmaceutical Education",0002-9459,S32993367,15412,minted
POSI-J-002652,j-bench-american-journal-of-preventive-cardiology-1134,"American Journal of Preventive Cardiology",2666-6677,S4210223033,1537,reused
POSI-J-024297,j-bench-american-journal-of-preventive-medicine-1135,"American Journal of Preventive Medicine",0749-3797,S195759676,10205,minted
POSI-J-011196,j-bench-ampersand-1136,"Ampersand",2215-0390,S2898414600,276,reused
POSI-J-024298,j-bench-anaerobe-1137,"Anaerobe",1075-9964,S187465954,2956,minted
POSI-J-024299,j-bench-anaesthesia-critical-care-pain-medicine-1138,"Anaesthesia Critical Care & Pain Medicine",2352-5568,S2765057226,1911,minted
POSI-J-024300,j-bench-anaesthesia-intensive-care-medicine-1139,"Anaesthesia & Intensive Care Medicine",1472-0299,S148355361,3795,minted
POSI-J-000913,j-bench-anais-brasileiros-de-dermatologia-1140,"Anais Brasileiros de Dermatologia",0365-0596,S21531352,5661,reused
POSI-J-024301,j-bench-anales-de-cirug-a-vascular-1141,"Anales de Cirugía Vascular",1130-2542,S2898542147,322,minted
POSI-J-000704,j-bench-anales-de-pediatr-a-1142,"Anales de Pediatría",1695-4033,S136590224,10045,reused
POSI-J-024302,j-bench-anales-de-pediatria-continuada-1143,"Anales de Pediatria Continuada",1696-2818,S2898237549,1149,minted
POSI-J-002024,j-bench-anales-de-pediatr-a-english-edition-1144,"Anales de Pediatría (English Edition)",2341-2879,S4210226928,1997,reused
POSI-J-024303,j-bench-analytic-methods-in-accident-research-1145,"Analytic Methods in Accident Research",2213-6657,S2898450762,311,minted
POSI-J-024304,j-bench-analytica-chimica-acta-x-1146,"Analytica Chimica Acta: X",2590-1346,S4210227738,47,minted
POSI-J-024305,j-bench-anesth-sie-r-animation-1147,"Anesthésie & Réanimation",2352-5800,S2898562440,1732,minted
POSI-J-024306,j-bench-anesthesiology-clinics-1148,"Anesthesiology Clinics",1932-2275,S53519342,1562,minted
POSI-J-024307,j-bench-anesthesiology-and-medicine-1149,"Anesthesiology and Medicine",3117-8820,S7407063392,1,minted
POSI-J-000892,j-bench-animal-1150,"Animal",1751-7311,S66388299,5905,reused
POSI-J-024308,j-bench-animal-feed-science-and-technology-1151,"Animal Feed Science and Technology",0377-8401,S171407314,8944,minted
POSI-J-024309,j-bench-animal-nutrition-1152,"Animal Nutrition",2405-6545,S2764806997,1322,minted
POSI-J-024310,j-bench-animal-open-space-1153,"Animal - Open Space",2772-6940,S4210194956,145,minted
POSI-J-024311,j-bench-animal-reproduction-science-1154,"Animal Reproduction Science",0378-4320,S162627789,8175,minted
POSI-J-024312,j-bench-animal-science-proceedings-1155,"Animal - Science Proceedings",2772-283X,S4386621765,4210,minted
POSI-J-024313,j-bench-animals-and-zoonoses-1156,"Animals and Zoonoses",2950-2489,S4404674811,106,minted
POSI-J-024314,j-bench-annales-de-cardiologie-et-d-ang-iologie-1157,"Annales de Cardiologie et d'Angéiologie",0003-3928,S132801490,2862,minted
POSI-J-024315,j-bench-annales-de-chirurgie-plastique-esth-tique-1158,"Annales de Chirurgie Plastique Esthétique",0294-1260,S103236859,2444,minted
POSI-J-024316,j-bench-annales-de-dermatologie-et-de-v-n-r-ologie-fmc-1159,"Annales de Dermatologie et de Vénéréologie - FMC",2667-0623,S4210216760,3889,minted
POSI-J-024317,j-bench-annales-de-dermatologie-et-de-v-n-r-ologie-1160,"Annales de Dermatologie et de Vénéréologie",0151-9638,S41786655,13938,minted
POSI-J-024318,j-bench-annales-d-endocrinologie-1161,"Annales d'Endocrinologie",0003-4266,S84414767,13522,minted
POSI-J-024319,j-bench-annales-fran-aises-d-oto-rhino-laryngologie-et-de-pathologie-1162,"Annales françaises d’Oto-rhino-laryngologie et de Pathologie Cervico-faciale",1879-7261,S2898300460,3069,minted
POSI-J-024320,j-bench-annales-m-dico-psychologiques-revue-psychiatrique-1163,"Annales Médico-psychologiques, revue psychiatrique",0003-4487,S182325219,5214,minted
POSI-J-024321,j-bench-annales-de-pal-ontologie-1164,"Annales de Paléontologie",0753-3969,S159429175,693,minted
POSI-J-024322,j-bench-annales-de-pathologie-1165,"Annales de Pathologie",0242-6498,S188519406,3637,minted
POSI-J-024323,j-bench-annales-pharmaceutiques-fran-aises-1166,"Annales Pharmaceutiques Françaises",0003-4509,S193932567,1876,minted
POSI-J-012927,j-bench-annals-of-3d-printed-medicine-1167,"Annals of 3D Printed Medicine",2666-9641,S4210213092,214,reused
POSI-J-006782,j-bench-annals-of-agricultural-sciences-1168,"Annals of Agricultural Sciences",0570-1783,S2764619822,1061,reused
POSI-J-024324,j-bench-annals-of-allergy-asthma-immunology-1169,"Annals of Allergy, Asthma & Immunology",1081-1206,S153558830,14479,minted
POSI-J-024325,j-bench-annals-of-anatomy-anatomischer-anzeiger-1170,"Annals of Anatomy - Anatomischer Anzeiger",0940-9602,S9336330,4609,minted
POSI-J-024326,j-bench-annals-of-diagnostic-pathology-1171,"Annals of Diagnostic Pathology",1092-9134,S133584415,3018,minted
POSI-J-024327,j-bench-annals-of-emergency-medicine-1172,"Annals of Emergency Medicine",0196-0644,S116012647,35063,minted
POSI-J-001197,j-bench-annals-of-hepatology-1173,"Annals of Hepatology",1665-2681,S32516778,3712,reused
POSI-J-024328,j-bench-annals-of-medicine-and-surgery-1174,"Annals of Medicine and Surgery",2049-0801,S4210226177,9959,minted
POSI-J-024329,j-bench-annals-of-nuclear-energy-1175,"Annals of Nuclear Energy",0306-4549,S197743716,14134,minted
POSI-J-024330,j-bench-annals-of-physical-and-rehabilitation-medicine-1176,"Annals of Physical and Rehabilitation Medicine",1877-0657,S47506589,8210,minted
POSI-J-024331,j-bench-annals-of-physics-1177,"Annals of Physics",0003-4916,S173877794,13401,minted
POSI-J-024332,j-bench-annals-of-pure-and-applied-logic-1178,"Annals of Pure and Applied Logic",0168-0072,S172477885,3406,minted
POSI-J-003794,j-bench-annals-of-thoracic-surgery-short-reports-1179,"Annals of Thoracic Surgery Short Reports",2772-9931,S4220651533,1053,reused
POSI-J-012726,j-bench-annals-of-tourism-research-empirical-insights-1180,"Annals of Tourism Research Empirical Insights",2666-9579,S4210171974,223,reused
POSI-J-024333,j-bench-annals-of-vascular-surgery-1181,"Annals of Vascular Surgery",0890-5096,S124584150,13520,minted
POSI-J-007766,j-bench-annals-of-vascular-surgery-brief-reports-and-innovations-1182,"Annals of Vascular Surgery - Brief Reports and Innovations",2772-6878,S4210222503,468,reused
POSI-J-024334,j-bench-annual-reviews-in-control-1183,"Annual Reviews in Control",1367-5788,S54761077,1092,minted
POSI-J-024335,j-bench-anthropocene-1184,"Anthropocene",2213-3054,S2898452301,598,minted
POSI-J-024336,j-bench-l-anthropologie-1185,"L'Anthropologie",0003-5521,S2898112208,1554,minted
POSI-J-024337,j-bench-antiviral-research-1186,"Antiviral Research",0166-3542,S137372404,9309,minted
POSI-J-024338,j-bench-appetite-1187,"Appetite",0195-6663,S126804734,12725,minted
POSI-J-024339,j-bench-appetite-disordered-eating-1188,"Appetite: Disordered Eating",3117-3950,S7407058267,5,minted
POSI-J-007066,j-bench-applications-in-energy-and-combustion-science-1189,"Applications in Energy and Combustion Science",2666-352X,S4210188498,533,reused
POSI-J-010107,j-bench-applications-in-engineering-science-1190,"Applications in Engineering Science",2666-4968,S4210184611,327,reused
POSI-J-024340,j-bench-applied-acoustics-1191,"Applied Acoustics",0003-682X,S971171794,10176,minted
POSI-J-024341,j-bench-applied-animal-behaviour-science-1192,"Applied Animal Behaviour Science",0168-1591,S179500637,7658,minted
POSI-J-024342,j-bench-applied-animal-science-1193,"Applied Animal Science",2590-2865,S4210220527,684,minted
POSI-J-024343,j-bench-applied-biomolecules-bioactive-materials-1194,"Applied Biomolecules: Bioactive Materials",3117-5031,,0,minted
POSI-J-024344,j-bench-applied-catalysis-a-general-1195,"Applied Catalysis A: General",0926-860X,S84179801,19134,minted
POSI-J-024345,j-bench-applied-catalysis-b-environmental-1196,"Applied Catalysis B: Environmental",0926-3373,S134307298,19960,minted
POSI-J-014075,j-bench-applied-catalysis-o-open-1197,"Applied Catalysis O: Open",2950-6484,S4394906757,185,reused
POSI-J-024346,j-bench-applied-clay-science-1198,"Applied Clay Science",0169-1317,S37411791,8115,minted
POSI-J-024347,j-bench-applied-and-computational-harmonic-analysis-1199,"Applied and Computational Harmonic Analysis",1063-5203,S71199174,1839,minted
POSI-J-009957,j-bench-applied-computing-and-geosciences-1200,"Applied Computing and Geosciences",2590-1974,S4210236406,351,reused
POSI-J-024348,j-bench-applied-corpus-linguistics-1201,"Applied Corpus Linguistics",2666-7991,S4210178141,239,minted
POSI-J-001792,j-bench-applied-food-research-1202,"Applied Food Research",2772-5022,S4210228229,2471,reused
POSI-J-024349,j-bench-applied-geochemistry-1203,"Applied Geochemistry",0883-2927,S105929320,7299,minted
POSI-J-024350,j-bench-applied-geography-1204,"Applied Geography",0143-6228,S115443327,4537,minted
POSI-J-024351,j-bench-applied-materials-today-1205,"Applied Materials Today",2352-9407,S2764609219,3317,minted
POSI-J-024352,j-bench-applied-mathematical-modelling-1206,"Applied Mathematical Modelling",0307-904X,S153281200,13350,minted
POSI-J-024353,j-bench-applied-mathematics-letters-1207,"Applied Mathematics Letters",0893-9659,S7571225,9524,minted
POSI-J-024354,j-bench-applied-numerical-mathematics-1208,"Applied Numerical Mathematics",0168-9274,S24251679,5606,minted
POSI-J-024355,j-bench-applied-nursing-research-1209,"Applied Nursing Research",0897-1897,S144851420,2631,minted
POSI-J-000976,j-bench-applied-ocean-research-1210,"Applied Ocean Research",0141-1187,S19503097,5181,reused
POSI-J-024356,j-bench-applied-radiation-and-isotopes-1211,"Applied Radiation and Isotopes",0969-8043,S185347286,12922,minted
POSI-J-024357,j-bench-applied-soft-computing-1212,"Applied Soft Computing",1568-4946,S140556538,14610,minted
POSI-J-024358,j-bench-applied-soil-ecology-1213,"Applied Soil Ecology",0929-1393,S148244296,7082,minted
POSI-J-024359,j-bench-applied-studies-in-innovative-learning-and-teaching-1214,"Applied Studies in Innovative Learning and Teaching",3051-3243,S5407055985,7,minted
POSI-J-003998,j-bench-applied-surface-science-advances-1215,"Applied Surface Science Advances",2666-5239,S4210213426,969,reused
POSI-J-024360,j-bench-apunts-sports-medicine-1216,"Apunts Sports Medicine",2666-5069,S150651834,797,minted
POSI-J-024361,j-bench-aquacultural-engineering-1217,"Aquacultural Engineering",0144-8609,S42973710,2212,minted
POSI-J-024362,j-bench-aquaculture-and-fisheries-1218,"Aquaculture and Fisheries",2468-550X,S2898609844,751,minted
POSI-J-001199,j-bench-aquaculture-reports-1219,"Aquaculture Reports",2352-5134,S2764883586,3782,reused
POSI-J-024363,j-bench-aquatic-botany-1220,"Aquatic Botany",0304-3770,S61969038,4796,minted
POSI-J-024364,j-bench-aquatic-diversity-and-ecology-1221,"Aquatic Diversity and Ecology",3117-8634,S7407057725,12,minted
POSI-J-024365,j-bench-aquatic-toxicology-1222,"Aquatic Toxicology",0166-445X,S183233548,8045,minted
POSI-J-024366,j-bench-arab-journal-of-gastroenterology-1223,"Arab Journal of Gastroenterology",1687-1979,S106979931,1192,minted
POSI-J-024367,j-bench-arabian-journal-of-chemistry-1224,"Arabian Journal of Chemistry",1878-5352,S2357026,6188,minted
POSI-J-024368,j-bench-archaeological-research-in-asia-1225,"Archaeological Research in Asia",2352-2267,S2898610133,557,minted
POSI-J-024369,j-bench-archives-of-cancer-and-medically-complex-rehabilitation-1226,"Archives of Cancer and Medically Complex Rehabilitation",3117-8685,S7407063161,1,minted
POSI-J-024370,j-bench-archives-of-cardiovascular-diseases-1227,"Archives of Cardiovascular Diseases",1875-2136,S174489444,3994,minted
POSI-J-024371,j-bench-archives-of-cardiovascular-diseases-supplements-1228,"Archives of Cardiovascular Diseases Supplements",1878-6480,S147586446,7238,minted
POSI-J-024372,j-bench-archives-of-gerontology-and-geriatrics-1229,"Archives of Gerontology and Geriatrics",0167-4943,S153378518,6320,minted
POSI-J-010832,j-bench-archives-of-gerontology-and-geriatrics-plus-1230,"Archives of Gerontology and Geriatrics Plus",2950-3078,S4389158024,314,reused
POSI-J-024373,j-bench-archives-of-legal-medicine-1231,"Archives of Legal Medicine",2950-3949,S5407037050,89,minted
POSI-J-024374,j-bench-archives-des-maladies-du-c-ur-et-des-vaisseaux-pratique-1232,"Archives des Maladies du Cœur et des Vaisseaux - Pratique",1261-694X,S8104296,2883,minted
POSI-J-024375,j-bench-archives-des-maladies-professionnelles-et-de-l-environnement-1233,"Archives des Maladies Professionnelles et de l’Environnement",1775-8785,S193557460,7828,minted
POSI-J-024376,j-bench-archives-of-medical-research-1234,"Archives of Medical Research",0188-4409,S157833918,3585,minted
POSI-J-024377,j-bench-archives-of-oral-biology-1235,"Archives of Oral Biology",0003-9969,S44717366,11874,minted
POSI-J-024378,j-bench-archives-of-physical-medicine-and-rehabilitation-1236,"Archives of Physical Medicine and Rehabilitation",0003-9993,S110924429,24722,minted
POSI-J-024379,j-bench-archives-of-psychiatric-nursing-1237,"Archives of Psychiatric Nursing",0883-9417,S69840963,3438,minted
POSI-J-006695,j-bench-archives-of-rehabilitation-research-and-clinical-translation-1238,"Archives of Rehabilitation Research and Clinical Translation",2590-1095,S4210197572,569,reused
POSI-J-024380,j-bench-archives-of-stroke-rehabilitation-1239,"Archives of Stroke Rehabilitation",3117-8588,S7407062438,1,minted
POSI-J-024381,j-bench-archivos-de-bronconeumolog-a-1240,"Archivos de Bronconeumología",0300-2896,S198888318,12422,minted
POSI-J-024382,j-bench-archivos-de-la-sociedad-espa-ola-de-oftalmolog-a-1241,"Archivos de la Sociedad Española de Oftalmología",0365-6691,S2755649941,4113,minted
POSI-J-024383,j-bench-archivos-de-la-sociedad-espa-ola-de-oftalmolog-a-english-edi-1242,"Archivos de la Sociedad Española de Oftalmología (English Edition)",2173-5794,S4210169497,2031,minted
POSI-J-003982,j-bench-array-1243,"Array",2590-0056,S4210194039,1066,reused
POSI-J-002017,j-bench-arthroplasty-today-1244,"Arthroplasty Today",2352-3441,S2764917330,1996,reused
POSI-J-024384,j-bench-arthropod-structure-development-1245,"Arthropod Structure & Development",1467-8039,S38044275,1387,minted
POSI-J-002984,j-bench-arthroscopy-sports-medicine-and-rehabilitation-1246,"Arthroscopy, Sports Medicine, and Rehabilitation",2666-061X,S4210234811,1293,reused
POSI-J-001089,j-bench-arthroscopy-techniques-1247,"Arthroscopy Techniques",2212-6287,S2764888703,4284,reused
POSI-J-024385,j-bench-artificial-intelligence-1248,"Artificial Intelligence",0004-3702,S196139623,4833,minted
POSI-J-010017,j-bench-artificial-intelligence-in-agriculture-1249,"Artificial Intelligence in Agriculture",2589-7217,S4210228435,349,reused
POSI-J-016257,j-bench-artificial-intelligence-chemistry-1250,"Artificial Intelligence Chemistry",2949-7477,S4387288027,127,reused
POSI-J-024386,j-bench-artificial-intelligence-in-emergency-medicine-1251,"Artificial Intelligence in Emergency Medicine",3051-2883,S5407055984,26,minted
POSI-J-013294,j-bench-artificial-intelligence-in-geosciences-1252,"Artificial Intelligence in Geosciences",2666-5441,S4210202500,216,reused
POSI-J-014849,j-bench-artificial-intelligence-in-the-life-sciences-1253,"Artificial Intelligence in the Life Sciences",2667-3185,S4210201793,159,reused
POSI-J-024387,j-bench-artificial-intelligence-in-medicine-1254,"Artificial Intelligence in Medicine",0933-3657,S42468263,3555,minted
POSI-J-024388,j-bench-artificial-intelligence-for-transportation-1255,"Artificial Intelligence for Transportation",3050-8606,S5407047501,57,minted
POSI-J-024389,j-bench-the-arts-in-psychotherapy-1256,"The Arts in Psychotherapy",0197-4556,S41882632,3075,minted
POSI-J-016225,j-bench-asia-and-the-global-economy-1257,"Asia and the Global Economy",2667-1115,S4210198794,126,reused
POSI-J-024390,j-bench-asia-nexus-journal-of-management-1258,"Asia Nexus Journal of Management",3050-9548,,0,minted
POSI-J-003004,j-bench-asia-pacific-journal-of-ophthalmology-1259,"Asia-Pacific Journal of Ophthalmology",2162-0989,S4210173874,1290,reused
POSI-J-004266,j-bench-asia-pacific-journal-of-sports-medicine-arthroscopy-rehabili-1260,"Asia-Pacific Journal of Sports Medicine, Arthroscopy, Rehabilitation and Technology",2214-6873,S2764637343,885,reused
POSI-J-024391,j-bench-asia-pacific-management-review-1261,"Asia Pacific Management Review",1029-3132,S2764726166,760,minted
POSI-J-003824,j-bench-asian-journal-of-pharmaceutical-sciences-1262,"Asian Journal of Pharmaceutical Sciences",1818-0876,S2764650913,992,reused
POSI-J-024392,j-bench-asian-journal-of-psychiatry-1263,"Asian Journal of Psychiatry",1876-2018,S152361726,4984,minted
POSI-J-000408,j-bench-the-asian-journal-of-shipping-and-logistics-1264,"The Asian Journal of Shipping and Logistics",2092-5212,S4210177195,454,reused
POSI-J-024393,j-bench-asian-journal-of-social-science-1265,"Asian Journal of Social Science",1568-4849,S4210177237,1945,minted
POSI-J-016637,j-bench-asian-journal-of-sport-and-exercise-psychology-1266,"Asian Journal of Sport and Exercise Psychology",2667-2391,S4210236418,117,reused
POSI-J-024394,j-bench-asian-journal-of-surgery-1267,"Asian Journal of Surgery",1015-9584,S111902150,13984,minted
POSI-J-004530,j-bench-asian-journal-of-urology-1268,"Asian Journal of Urology",2214-3882,S2764572459,834,reused
POSI-J-004769,j-bench-asian-nursing-research-1269,"Asian Nursing Research",1976-1317,S164414985,794,reused
POSI-J-013846,j-bench-asian-transport-studies-1270,"Asian Transport Studies",2185-5560,S4210223082,280,reused
POSI-J-017365,j-bench-aspects-of-molecular-medicine-1271,"Aspects of Molecular Medicine",2949-6888,S4387286890,99,reused
POSI-J-019957,j-bench-aspet-discovery-1272,"ASPET Discovery",3050-5674,S5407047403,33,reused
POSI-J-024395,j-bench-assessing-writing-1273,"Assessing Writing",1075-2935,S146239864,1076,minted
POSI-J-024396,j-bench-astronomy-and-computing-1274,"Astronomy and Computing",2213-1337,S107133554,899,minted
POSI-J-024397,j-bench-astroparticle-physics-1275,"Astroparticle Physics",0927-6505,S202958571,2809,minted
POSI-J-000844,j-bench-atenci-n-primaria-1276,"Atención Primaria",0212-6567,S48754089,6600,reused
POSI-J-010867,j-bench-atherosclerosis-plus-1277,"Atherosclerosis Plus",2667-0895,S4210236682,289,reused
POSI-J-024398,j-bench-atherosclerosis-supplements-1278,"Atherosclerosis Supplements",1567-5688,S120256695,13633,minted
POSI-J-024399,j-bench-atlas-of-the-oral-and-maxillofacial-surgery-clinics-1279,"Atlas of the Oral and Maxillofacial Surgery Clinics",1061-3315,S2764758188,850,minted
POSI-J-007551,j-bench-atmospheric-environment-x-1280,"Atmospheric Environment: X",2590-1621,S4210206941,489,reused
POSI-J-002610,j-bench-atmospheric-and-oceanic-science-letters-1281,"Atmospheric and Oceanic Science Letters",1674-2834,S2764567338,1510,reused
POSI-J-024400,j-bench-atmospheric-pollution-research-1282,"Atmospheric Pollution Research",1309-1042,S30869261,3150,minted
POSI-J-024401,j-bench-atmospheric-research-1283,"Atmospheric Research",0169-8095,S171488675,8808,minted
POSI-J-024402,j-bench-atomic-data-and-nuclear-data-tables-1284,"Atomic Data and Nuclear Data Tables",0092-640X,S24484104,1727,minted
POSI-J-024403,j-bench-auris-nasus-larynx-1285,"Auris Nasus Larynx",0385-8146,S66787336,4741,minted
POSI-J-024404,j-bench-australasian-emergency-care-1286,"Australasian Emergency Care",2588-994X,S2898446752,459,minted
POSI-J-024405,j-bench-australian-critical-care-1287,"Australian Critical Care",1036-7314,S149987840,3910,minted
POSI-J-001015,j-bench-australian-and-new-zealand-journal-of-public-health-1288,"Australian and New Zealand Journal of Public Health",1326-0200,S4210198536,4839,reused
POSI-J-024406,j-bench-autoimmunity-reviews-1289,"Autoimmunity Reviews",1568-9972,S12874817,3611,minted
POSI-J-024407,j-bench-automatica-1290,"Automatica",0005-1098,S51360982,15796,minted
POSI-J-024408,j-bench-automation-in-construction-1291,"Automation in Construction",0926-5805,S172073041,6949,minted
POSI-J-024409,j-bench-autonomic-neuroscience-1292,"Autonomic Neuroscience",1566-0702,S74113319,4510,minted
POSI-J-024410,j-bench-autonomous-transportation-research-1293,"Autonomous Transportation Research",3050-8622,S5407047502,17,minted
POSI-J-005381,j-bench-avian-research-1294,"Avian Research",2053-7166,S4210204301,723,reused
POSI-J-024411,j-bench-bacteriophage-1295,"Bacteriophage",3051-2697,S5407054404,9,minted
POSI-J-001816,j-bench-basic-and-applied-ecology-1296,"Basic and Applied Ecology",1439-1791,S733369,2261,reused
POSI-J-024412,j-bench-basketball-studies-1297,"Basketball Studies",3117-8839,S7407056295,4,minted
POSI-J-013647,j-bench-bba-advances-1298,"BBA Advances",2667-1603,S4210216961,193,reused
POSI-J-024413,j-bench-behavior-therapy-1299,"Behavior Therapy",0005-7894,S56240272,4961,minted
POSI-J-024414,j-bench-behavioural-processes-1300,"Behavioural Processes",0376-6357,S128158437,6042,minted
POSI-J-024415,j-bench-benchcouncil-transactions-on-benchmarks-standards-and-evalua-1301,"BenchCouncil Transactions on Benchmarks, Standards and Evaluations",2772-4859,S4210222429,138,minted
POSI-J-024416,j-bench-best-practice-research-clinical-anaesthesiology-1302,"Best Practice & Research Clinical Anaesthesiology",1521-6896,S4393917721,1497,minted
POSI-J-024417,j-bench-best-practice-research-clinical-endocrinology-metabolism-1303,"Best Practice & Research Clinical Endocrinology & Metabolism",1521-690X,S63781308,1880,minted
POSI-J-024418,j-bench-best-practice-research-clinical-gastroenterology-1304,"Best Practice & Research Clinical Gastroenterology",1521-6918,S67215617,2145,minted
POSI-J-024419,j-bench-best-practice-research-clinical-haematology-1305,"Best Practice & Research Clinical Haematology",1521-6926,S24357767,1547,minted
POSI-J-024420,j-bench-best-practice-research-clinical-obstetrics-gynaecology-1306,"Best Practice & Research Clinical Obstetrics & Gynaecology",1521-6934,S4394736659,2866,minted
POSI-J-024421,j-bench-best-practice-research-clinical-rheumatology-1307,"Best Practice & Research Clinical Rheumatology",1521-6942,S1036238847,2199,minted
POSI-J-024422,j-bench-big-data-and-earth-system-1308,"Big Data and Earth System",3050-7405,S5407047470,23,minted
POSI-J-024423,j-bench-big-data-research-1309,"Big Data Research",2214-5796,S2491565770,596,minted
POSI-J-024424,j-bench-bioactive-carbohydrates-and-dietary-fibre-1310,"Bioactive Carbohydrates and Dietary Fibre",2212-6198,S2764675440,566,minted
POSI-J-024425,j-bench-bioactive-materials-1311,"Bioactive Materials",2452-199X,S2898508902,3029,minted
POSI-J-024426,j-bench-biocatalysis-and-agricultural-biotechnology-1312,"Biocatalysis and Agricultural Biotechnology",1878-8181,S2764378920,4294,minted
POSI-J-024427,j-bench-biochemical-engineering-journal-1313,"Biochemical Engineering Journal",1369-703X,S168210271,7026,minted
POSI-J-024428,j-bench-biochemical-systematics-and-ecology-1314,"Biochemical Systematics and Ecology",0305-1978,S93466130,6942,minted
POSI-J-001558,j-bench-biochemistry-and-biophysics-reports-1315,"Biochemistry and Biophysics Reports",2405-5808,S2764640729,2711,reused
POSI-J-024429,j-bench-biochimica-et-biophysica-acta-bba-gene-regulatory-mechanisms-1316,"Biochimica et Biophysica Acta (BBA) - Gene Regulatory Mechanisms",1874-9399,S4210203689,1958,minted
POSI-J-024430,j-bench-biochimica-et-biophysica-acta-bba-molecular-basis-of-disease-1317,"Biochimica et Biophysica Acta (BBA) - Molecular Basis of Disease",0925-4439,S4210173099,7252,minted
POSI-J-024431,j-bench-biochimica-et-biophysica-acta-bba-molecular-and-cell-biology-1318,"Biochimica et Biophysica Acta (BBA) - Molecular and Cell Biology of Lipids",1388-1981,S4210172276,4366,minted
POSI-J-024432,j-bench-biochimica-et-biophysica-acta-bba-molecular-cell-research-1319,"Biochimica et Biophysica Acta (BBA) - Molecular Cell Research",0167-4889,S4210226410,9456,minted
POSI-J-024433,j-bench-biochimica-et-biophysica-acta-bba-proteins-and-proteomics-1320,"Biochimica et Biophysica Acta (BBA) - Proteins and Proteomics",1570-9639,S4210222880,4474,minted
POSI-J-024434,j-bench-biochimica-et-biophysica-acta-bba-reviews-on-cancer-1321,"Biochimica et Biophysica Acta (BBA) - Reviews on Cancer",0304-419X,S4210180990,2660,minted
POSI-J-024435,j-bench-biochimie-1322,"Biochimie",0300-9084,S75247133,12820,minted
POSI-J-024436,j-bench-biocybernetics-and-biomedical-engineering-1323,"Biocybernetics and Biomedical Engineering",0208-5216,S137309422,986,minted
POSI-J-015536,j-bench-biodesign-research-1324,"BioDesign Research",2693-1257,S4210209251,143,reused
POSI-J-024437,j-bench-bioelectrochemistry-1325,"Bioelectrochemistry",1567-5394,S99498898,3787,minted
POSI-J-009223,j-bench-biofilm-1326,"Biofilm",2590-2075,S4210237754,382,reused
POSI-J-014945,j-bench-biogeotechnics-1327,"Biogeotechnics",2949-9291,S4387288149,165,reused
POSI-J-024438,j-bench-biological-conservation-1328,"Biological Conservation",0006-3207,S80660208,16101,minted
POSI-J-024439,j-bench-biological-control-1329,"Biological Control",1049-9644,S161676133,5839,minted
POSI-J-024440,j-bench-biological-psychiatry-cognitive-neuroscience-and-neuroimagin-1330,"Biological Psychiatry: Cognitive Neuroscience and Neuroimaging",2451-9022,S2898601774,2130,minted
POSI-J-004786,j-bench-biological-psychiatry-global-open-science-1331,"Biological Psychiatry Global Open Science",2667-1743,S4210179861,817,reused
POSI-J-024441,j-bench-biological-psychology-1332,"Biological Psychology",0301-0511,S3694117,5959,minted
POSI-J-024442,j-bench-biologicals-1333,"Biologicals",1045-1056,S110177920,2322,minted
POSI-J-015223,j-bench-biomarkers-in-neuropsychiatry-1334,"Biomarkers in Neuropsychiatry",2666-1446,S4210213153,151,reused
POSI-J-024443,j-bench-biomass-and-bioenergy-1335,"Biomass and Bioenergy",0961-9534,S171918450,9813,minted
POSI-J-022835,j-bench-biomass-futures-1336,"Biomass Futures",3051-4444,S5407053884,65,reused
POSI-J-024444,j-bench-biomaterials-advances-1337,"Biomaterials Advances",2772-9508,S4210239156,2123,minted
POSI-J-016294,j-bench-biomaterials-and-biosystems-1338,"Biomaterials and Biosystems",2666-5344,S4210240166,127,reused
POSI-J-024445,j-bench-biomaterials-and-living-medicine-for-pharmaceutics-1339,"Biomaterials and Living Medicine for Pharmaceutics​",3117-4663,S7407059301,6,minted
POSI-J-019058,j-bench-biomedical-analysis-1340,"Biomedical Analysis",2950-435X,S5407037063,56,reused
POSI-J-012659,j-bench-biomedical-engineering-advances-1341,"Biomedical Engineering Advances",2667-0992,S4210185239,222,reused
POSI-J-024446,j-bench-biomedical-and-environmental-sciences-1342,"Biomedical and Environmental Sciences",0895-3988,S128496675,329,minted
POSI-J-024447,j-bench-biomedical-instrumentation-1343,"Biomedical Instrumentation",3050-5372,S5407050680,26,minted
POSI-J-003300,j-bench-biomedical-journal-1344,"Biomedical Journal",2319-4170,S2764530560,1163,reused
POSI-J-024448,j-bench-biomedical-signal-processing-and-control-1345,"Biomedical Signal Processing and Control",1746-8094,S8427965,10271,minted
POSI-J-016368,j-bench-biomedical-technology-1346,"Biomedical Technology",2949-723X,S4387284625,125,reused
POSI-J-024449,j-bench-biomimetic-intelligence-and-robotics-1347,"Biomimetic Intelligence and Robotics",2667-3797,S4210216266,233,minted
POSI-J-024450,j-bench-bioorganic-chemistry-1348,"Bioorganic Chemistry",0045-2068,S165482960,10005,minted
POSI-J-024451,j-bench-bioorganic-medicinal-chemistry-1349,"Bioorganic & Medicinal Chemistry",0968-0896,S10422866,19468,minted
POSI-J-024452,j-bench-biophysical-chemistry-1350,"Biophysical Chemistry",0301-4622,S63395545,6628,minted
POSI-J-024453,j-bench-biophysical-journal-1351,"Biophysical Journal",0006-3495,S98085912,83774,minted
POSI-J-013961,j-bench-biophysical-reports-1352,"Biophysical Reports",2667-0747,S4210240234,190,reused
POSI-J-024454,j-bench-bioprinting-1353,"Bioprinting",2405-8866,S2898323002,557,minted
POSI-J-024455,j-bench-bioresource-technology-reports-1354,"Bioresource Technology Reports",2589-014X,S2898243299,2948,minted
POSI-J-009351,j-bench-biosafety-and-health-1355,"Biosafety and Health",2590-0536,S4210211253,372,reused
POSI-J-006085,j-bench-biosensors-and-bioelectronics-x-1356,"Biosensors and Bioelectronics: X",2590-1370,S4210214496,628,reused
POSI-J-024456,j-bench-biosystems-1357,"Biosystems",0303-2647,S99347777,5400,minted
POSI-J-024457,j-bench-biosystems-engineering-1358,"Biosystems Engineering",1537-5110,S65230043,4868,minted
POSI-J-022765,j-bench-biotechnology-notes-1359,"Biotechnology Notes",2665-9069,S4210200653,111,reused
POSI-J-003975,j-bench-biotechnology-reports-1360,"Biotechnology Reports",2215-017X,S2764596916,961,reused
POSI-J-024458,j-bench-bja-education-1361,"BJA Education",2058-5349,S2735164665,972,minted
POSI-J-007177,j-bench-bja-open-1362,"BJA Open",2772-6096,S4210191589,519,reused
POSI-J-008617,j-bench-blockchain-research-and-applications-1363,"Blockchain: Research and Applications",2096-7209,S4210227578,437,reused
POSI-J-000868,j-bench-blood-advances-1364,"Blood Advances",2473-9529,S2764683450,6188,reused
POSI-J-024459,j-bench-blood-cells-molecules-and-diseases-1365,"Blood Cells, Molecules, and Diseases",1079-9796,S183588319,3047,minted
POSI-J-016825,j-bench-blood-global-hematology-1366,"Blood Global Hematology",3050-5658,S5407047402,134,reused
POSI-J-018586,j-bench-blood-immunology-cellular-therapy-1367,"Blood Immunology & Cellular Therapy",3050-5976,S5407047417,80,reused
POSI-J-011606,j-bench-blood-neoplasia-1368,"Blood Neoplasia",2950-3280,S5407037027,283,reused
POSI-J-017502,j-bench-blood-red-cells-iron-1369,"Blood Red Cells & Iron",3050-5984,S5407047418,113,reused
POSI-J-024460,j-bench-blood-reviews-1371,"Blood Reviews",0268-960X,S169446993,1886,minted
POSI-J-013964,j-bench-blood-vessels-thrombosis-hemostasis-1372,"Blood Vessels, Thrombosis & Hemostasis",2950-3272,S5407037026,198,reused
POSI-J-024461,j-bench-body-image-1373,"Body Image",1740-1445,S177391433,2250,minted
POSI-J-001555,j-bench-bolet-n-de-la-sociedad-espa-ola-de-cer-mica-y-vidrio-1374,"Boletín de la Sociedad Española de Cerámica y Vidrio",0366-3175,S37073569,2676,reused
POSI-J-024462,j-bench-bone-1375,"Bone",8756-3282,S121725775,19236,minted
POSI-J-002120,j-bench-bone-reports-1376,"Bone Reports",2352-1872,S2764541639,1852,reused
POSI-J-004446,j-bench-borsa-istanbul-review-1377,"Borsa Istanbul Review",2214-8450,S2764882396,872,reused
POSI-J-024463,j-bench-brachytherapy-1378,"Brachytherapy",1538-4721,S38112244,6666,minted
POSI-J-024464,j-bench-brain-and-environment-1379,"Brain and Environment",3050-5917,S5407047413,28,minted
POSI-J-024465,j-bench-brain-behavior-and-immunity-1380,"Brain, Behavior, and Immunity",0889-1591,S102243518,9822,minted
POSI-J-003302,j-bench-brain-behavior-immunity-health-1381,"Brain, Behavior, & Immunity - Health",2666-3546,S4210199197,1182,reused
POSI-J-014542,j-bench-brain-behavior-and-immunity-integrative-1382,"Brain Behavior and Immunity Integrative",2949-8341,S4387285536,174,reused
POSI-J-024466,j-bench-brain-and-cognition-1383,"Brain and Cognition",0278-2626,S140592201,4666,minted
POSI-J-024467,j-bench-brain-and-development-1384,"Brain and Development",0387-7604,S122866201,7274,minted
POSI-J-024468,j-bench-brain-and-development-case-reports-1385,"Brain and Development Case Reports",2950-2217,S4390297080,147,minted
POSI-J-010399,j-bench-brain-disorders-1386,"Brain Disorders",2666-4593,S4210215057,309,reused
POSI-J-010780,j-bench-brain-hemorrhages-1387,"Brain Hemorrhages",2589-238X,S4210227425,291,reused
POSI-J-024469,j-bench-brain-horizons-1388,"Brain Horizons",3117-5813,S7407057270,4,minted
POSI-J-024470,j-bench-brain-and-language-1389,"Brain and Language",0093-934X,S61781353,6090,minted
POSI-J-024471,j-bench-brain-mechanisms-1390,"Brain Mechanisms",3050-6425,S5407047436,35,minted
POSI-J-024472,j-bench-brain-multiphysics-1391,"Brain Multiphysics",2666-5220,S4210186738,88,minted
POSI-J-019111,j-bench-brain-network-disorders-1392,"Brain Network Disorders",3050-6239,S5407047429,57,reused
POSI-J-019051,j-bench-brain-organoid-and-systems-neuroscience-journal-1393,"Brain Organoid and Systems Neuroscience Journal",2949-9216,S4387998060,55,reused
POSI-J-024473,j-bench-brain-science-and-child-development-1394,"Brain Science and Child Development",3117-4388,S7407055719,13,minted
POSI-J-000882,j-bench-brain-and-spine-1395,"Brain and Spine",2772-5294,S4210215356,6044,reused
POSI-J-024474,j-bench-brain-stimulation-1396,"Brain Stimulation",1935-861X,S177350161,8865,minted
POSI-J-002518,j-bench-brazilian-journal-of-anesthesiology-english-edition-1397,"Brazilian Journal of Anesthesiology (English Edition)",0104-0014,S4210175881,1564,reused
POSI-J-000811,j-bench-the-brazilian-journal-of-infectious-diseases-1398,"The Brazilian Journal of Infectious Diseases",1413-8670,S146960544,7265,reused
POSI-J-024475,j-bench-brazilian-journal-of-otorhinolaryngology-1399,"Brazilian Journal of Otorhinolaryngology",1808-8694,S4210235820,3300,minted
POSI-J-024476,j-bench-brazilian-journal-of-physical-therapy-1400,"Brazilian Journal of Physical Therapy",1413-3555,S25660060,2458,minted
POSI-J-000681,j-bench-the-breast-1401,"The Breast",0960-9776,S181123643,10568,reused
POSI-J-024477,j-bench-the-british-accounting-review-1402,"The British Accounting Review",0890-8389,S197396629,1995,minted
POSI-J-024478,j-bench-british-journal-of-oral-and-maxillofacial-surgery-1403,"British Journal of Oral and Maxillofacial Surgery",0266-4356,S128631314,14109,minted
POSI-J-024479,j-bench-building-and-environment-1404,"Building and Environment",0360-1323,S56464651,15133,minted
POSI-J-024480,j-bench-bulletin-de-l-acad-mie-nationale-de-m-decine-1405,"Bulletin de l'Académie Nationale de Médecine",0001-4079,S147980290,6230,minted
POSI-J-024481,j-bench-bulletin-du-cancer-1406,"Bulletin du Cancer",0007-4551,S22998730,4940,minted
POSI-J-024482,j-bench-bulletin-des-sciences-math-matiques-1407,"Bulletin des Sciences Mathématiques",0007-4497,S106596053,1886,minted
POSI-J-024483,j-bench-burns-1408,"Burns",0305-4179,S133626053,11965,minted
POSI-J-007529,j-bench-burns-open-1409,"Burns Open",2468-9122,S2898543550,492,reused
POSI-J-024484,j-bench-cahiers-de-nutrition-et-de-di-t-tique-1410,"Cahiers de Nutrition et de Diététique",0007-9960,S4210185840,2074,minted
POSI-J-024485,j-bench-calphad-1411,"Calphad",0364-5916,S179640588,3277,minted
POSI-J-024486,j-bench-canadian-journal-of-cardiology-1412,"Canadian Journal of Cardiology",0828-282X,S126162762,14045,minted
POSI-J-024487,j-bench-canadian-journal-of-diabetes-1413,"Canadian Journal of Diabetes",1499-2671,S58299877,6554,minted
POSI-J-024488,j-bench-canadian-journal-of-ophthalmology-1414,"Canadian Journal of Ophthalmology",0008-4182,S4210185783,5392,minted
POSI-J-024489,j-bench-cancer-bioscience-1415,"Cancer Bioscience",3117-4671,S7407057488,5,minted
POSI-J-024490,j-bench-cancer-cell-1416,"Cancer Cell",1535-6108,S25671836,4240,minted
POSI-J-024491,j-bench-cancer-epidemiology-1417,"Cancer Epidemiology",1877-7821,S71791848,3052,minted
POSI-J-024492,j-bench-cancer-genetics-1418,"Cancer Genetics",2210-7762,S4210168666,2558,minted
POSI-J-024493,j-bench-cancer-neuroscience-1419,"Cancer Neuroscience",3051-3235,S7407058962,16,minted
POSI-J-012641,j-bench-cancer-pathogenesis-and-therapy-1420,"Cancer Pathogenesis and Therapy",2949-7132,S4387284087,230,reused
POSI-J-024494,j-bench-cancer-radioth-rapie-1421,"Cancer/Radiothérapie",1278-3218,S171772052,6135,minted
POSI-J-003129,j-bench-cancer-treatment-and-research-communications-1422,"Cancer Treatment and Research Communications",2468-2942,S4210186504,1280,reused
POSI-J-024495,j-bench-cancer-treatment-reviews-1423,"Cancer Treatment Reviews",0305-7372,S49831067,4044,minted
POSI-J-003286,j-bench-carbohydrate-polymer-technologies-and-applications-1424,"Carbohydrate Polymer Technologies and Applications",2666-8939,S4210218043,1189,reused
POSI-J-006193,j-bench-carbon-capture-science-technology-1425,"Carbon Capture Science & Technology",2772-6568,S4210236580,630,reused
POSI-J-024496,j-bench-carbon-neutral-technologies-1426,"Carbon Neutral Technologies",3050-6603,S5407047444,31,minted
POSI-J-008948,j-bench-carbon-resources-conversion-1427,"Carbon Resources Conversion",2588-9133,S2898119963,389,reused
POSI-J-005829,j-bench-carbon-trends-1428,"Carbon Trends",2667-0569,S4210240045,659,reused
POSI-J-024497,j-bench-cardiac-electrophysiology-clinics-1429,"Cardiac Electrophysiology Clinics",1877-9182,S2019908,1500,minted
POSI-J-024498,j-bench-cardiology-clinics-1430,"Cardiology Clinics",0733-8651,S173320517,2996,minted
POSI-J-024499,j-bench-cardiovascular-digital-health-journal-1431,"Cardiovascular Digital Health Journal",2666-6936,S4210212996,264,minted
POSI-J-024500,j-bench-cardiovascular-pathology-1432,"Cardiovascular Pathology",1054-8807,S176609843,3265,minted
POSI-J-024501,j-bench-cardiovascular-revascularization-medicine-1433,"Cardiovascular Revascularization Medicine",1553-8389,S86061721,5363,minted
POSI-J-024502,j-bench-cardiovascular-revascularization-medicine-interesting-cases-1434,"Cardiovascular Revascularization Medicine: Interesting Cases",2950-2756,S4390297132,171,minted
POSI-J-024503,j-bench-case-1435,"CASE",2468-6441,S2898176164,1080,minted
POSI-J-004541,j-bench-case-reports-in-women-s-health-1436,"Case Reports in Women's Health",2214-9112,S2898284587,843,reused
POSI-J-002740,j-bench-case-studies-in-chemical-and-environmental-engineering-1437,"Case Studies in Chemical and Environmental Engineering",2666-0164,S4210239778,1447,reused
POSI-J-000862,j-bench-case-studies-in-construction-materials-1438,"Case Studies in Construction Materials",2214-5095,S2764881959,6380,reused
POSI-J-000766,j-bench-case-studies-in-thermal-engineering-1439,"Case Studies in Thermal Engineering",2214-157X,S2764363796,8368,reused
POSI-J-024504,j-bench-case-studies-on-transport-policy-1440,"Case Studies on Transport Policy",2213-624X,S2764739077,1867,minted
POSI-J-024505,j-bench-catalysis-today-1441,"Catalysis Today",0920-5861,S117279562,17126,minted
POSI-J-024506,j-bench-catena-1442,"CATENA",0341-8162,S44098145,10865,minted
POSI-J-024507,j-bench-cell-biomaterials-1443,"Cell Biomaterials",3050-5623,S5407047401,295,minted
POSI-J-024508,j-bench-cell-calcium-1444,"Cell Calcium",0143-4160,S80202938,4457,minted
POSI-J-024509,j-bench-cell-chemical-biology-1445,"Cell Chemical Biology ",2451-9456,S4210231961,1821,minted
POSI-J-024510,j-bench-cell-death-1446,"Cell Death",3051-1151,S5407054187,36,minted
POSI-J-024511,j-bench-cell-ecosystem-1447,"Cell Ecosystem",2949-9461,,0,minted
POSI-J-005635,j-bench-cell-genomics-1448,"Cell Genomics",2666-979X,S4210194377,687,reused
POSI-J-024512,j-bench-cell-host-microbe-1449,"Cell Host & Microbe",1931-3128,S207313999,3611,minted
POSI-J-019401,j-bench-cell-investigation-1450,"Cell Investigation",3050-5380,S4404677698,49,reused
POSI-J-024513,j-bench-cell-metabolism-1451,"Cell Metabolism",1550-4131,S177533077,4282,minted
POSI-J-001902,j-bench-cell-reports-medicine-1452,"Cell Reports Medicine",2666-3791,S4210207453,2193,reused
POSI-J-004129,j-bench-cell-reports-methods-1453,"Cell Reports Methods",2667-2375,S4210214705,946,reused
POSI-J-001595,j-bench-cell-reports-physical-science-1454,"Cell Reports Physical Science",2666-3864,S4210216867,2655,reused
POSI-J-010490,j-bench-cell-reports-sustainability-1455,"Cell Reports Sustainability",2949-7906,S4390648486,329,reused
POSI-J-024514,j-bench-cell-stem-cell-1456,"Cell Stem Cell",1934-5909,S128124174,3837,minted
POSI-J-001884,j-bench-cell-stress-and-chaperones-1457,"Cell Stress and Chaperones",1355-8145,S5415759,2159,reused
POSI-J-014468,j-bench-the-cell-surface-1458,"The Cell Surface",2468-2330,S2898553572,170,reused
POSI-J-024515,j-bench-cell-systems-1459,"Cell Systems",2405-4712,S2764739556,1397,minted
POSI-J-024516,j-bench-cells-and-development-1460,"Cells and Development",2667-2901,S4210208074,307,minted
POSI-J-001888,j-bench-cellular-and-molecular-gastroenterology-and-hepatology-1461,"Cellular and Molecular Gastroenterology and Hepatology",2352-345X,S2764889447,2156,reused
POSI-J-024517,j-bench-cellular-signalling-1462,"Cellular Signalling",0898-6568,S113768434,8145,minted
POSI-J-005899,j-bench-cement-1463,"Cement",2666-5492,S4210232558,635,reused
POSI-J-024518,j-bench-cement-and-concrete-composites-1464,"Cement and Concrete Composites",0958-9465,S123887920,6516,minted
POSI-J-024519,j-bench-cement-and-concrete-research-1465,"Cement and Concrete Research",0008-8846,S186020892,11074,minted
POSI-J-014052,j-bench-central-bank-review-1466,"Central Bank Review",1303-0701,S4210184829,278,reused
POSI-J-006869,j-bench-cerebral-circulation-cognition-and-behavior-1467,"Cerebral Circulation - Cognition and Behavior",2666-2450,S4210239413,539,reused
POSI-J-024520,j-bench-chaos-solitons-fractals-1468,"Chaos, Solitons & Fractals",0960-0779,S70718007,18447,minted
POSI-J-024521,j-bench-chaos-solitons-fractals-x-1469,"Chaos, Solitons & Fractals: X",2590-0544,S4210216095,106,minted
POSI-J-024522,j-bench-chem-1470,"Chem",2451-9294,S2898106599,2870,minted
POSI-J-024523,j-bench-chem-catalysis-1471,"Chem Catalysis",2667-1093,S4210217284,1327,minted
POSI-J-024524,j-bench-chem-circularity-1472,"Chem Circularity",3051-2948,S5407054188,82,minted
POSI-J-024525,j-bench-chemical-data-collections-1473,"Chemical Data Collections",2405-8300,S2898359974,1230,minted
POSI-J-002972,j-bench-chemical-engineering-journal-advances-1474,"Chemical Engineering Journal Advances",2666-8211,S4210233595,1393,reused
POSI-J-022777,j-bench-chemical-engineering-journal-green-and-sustainable-1475,"Chemical Engineering Journal: Green and Sustainable",3051-0031,S5407053083,113,reused
POSI-J-024526,j-bench-chemical-engineering-and-processing-process-intensification-1476,"Chemical Engineering and Processing - Process Intensification",0255-2701,S94212472,7173,minted
POSI-J-024527,j-bench-chemical-engineering-research-and-design-1477,"Chemical Engineering Research and Design",0263-8762,S166351637,20930,minted
POSI-J-024528,j-bench-chemical-geology-1478,"Chemical Geology",0009-2541,S141585851,14360,minted
POSI-J-024529,j-bench-chemical-physics-1479,"Chemical Physics",0301-0104,S190037396,20726,minted
POSI-J-003496,j-bench-chemical-physics-impact-1480,"Chemical Physics Impact",2667-0224,S4210212133,1126,reused
POSI-J-010115,j-bench-chemical-thermodynamics-and-thermal-analysis-1481,"Chemical Thermodynamics and Thermal Analysis",2667-3126,S4210238031,345,reused
POSI-J-024530,j-bench-chemico-biological-interactions-1482,"Chemico-Biological Interactions",0009-2797,S34460812,11373,minted
POSI-J-014824,j-bench-chemistry-of-inorganic-materials-1483,"Chemistry of Inorganic Materials",2949-7469,S4387288100,162,reused
POSI-J-024531,j-bench-chemistry-and-physics-of-lipids-1484,"Chemistry and Physics of Lipids",0009-3084,S99078529,6598,minted
POSI-J-024532,j-bench-chemometrics-and-intelligent-laboratory-systems-1485,"Chemometrics and Intelligent Laboratory Systems",0169-7439,S69755223,6434,minted
POSI-J-024533,j-bench-chemphysmater-1486,"ChemPhysMater",2772-5715,S4210197813,205,minted
POSI-J-024534,j-bench-chest-1487,"Chest",0012-3692,S76900504,85322,minted
POSI-J-010912,j-bench-chest-critical-care-1488,"CHEST Critical Care",2949-7884,S4387286741,309,reused
POSI-J-011119,j-bench-chest-pulmonary-1489,"CHEST Pulmonary",2949-7892,S4387287028,291,reused
POSI-J-024535,j-bench-child-and-adolescent-psychiatric-clinics-of-north-america-1490,"Child and Adolescent Psychiatric Clinics of North America",1056-4993,S71815470,2438,minted
POSI-J-010143,j-bench-child-protection-and-practice-1491,"Child Protection and Practice",2950-1938,S5407036973,331,reused
POSI-J-016589,j-bench-china-economic-quarterly-international-1492,"China Economic Quarterly International",2666-9331,S4210203057,119,reused
POSI-J-024536,j-bench-china-economic-review-1493,"China Economic Review",1043-951X,S19645890,2678,minted
POSI-J-006436,j-bench-china-geology-1494,"China Geology",2096-5192,S4210231296,619,reused
POSI-J-008256,j-bench-china-journal-of-accounting-research-1495,"China Journal of Accounting Research",1755-3091,S2764806082,423,reused
POSI-J-024537,j-bench-china-journal-of-agricultural-economics-development-1496,"China Journal of Agricultural Economics & Development",3051-2654,,0,minted
POSI-J-024538,j-bench-china-welding-1497,"China Welding",3117-4159,S4306541974,920,minted
POSI-J-024539,j-bench-chinese-astronomy-and-astrophysics-1498,"Chinese Astronomy and Astrophysics",0275-1062,S67755771,3096,minted
POSI-J-024540,j-bench-chinese-chemical-letters-1499,"Chinese Chemical Letters",1001-8417,S167919573,13477,minted
POSI-J-018264,j-bench-chinese-general-practice-journal-1500,"Chinese General Practice Journal",2950-5593,S4404675557,79,reused
POSI-J-003773,j-bench-chinese-herbal-medicines-1501,"Chinese Herbal Medicines",1674-6384,S2764755576,1014,reused
POSI-J-024541,j-bench-chinese-journal-of-aeronautics-1502,"Chinese Journal of Aeronautics",1000-9361,S42274841,5440,minted
POSI-J-024542,j-bench-chinese-journal-of-analytical-chemistry-1503,"Chinese Journal of Analytical Chemistry",1872-2040,S4394735505,1825,minted
POSI-J-024543,j-bench-chinese-journal-of-catalysis-1504,"Chinese Journal of Catalysis",1872-2067,S165997068,6225,minted
POSI-J-024544,j-bench-chinese-journal-of-chemical-engineering-1505,"Chinese Journal of Chemical Engineering",1004-9541,S78268018,5730,minted
POSI-J-000979,j-bench-chinese-journal-of-mechanical-engineering-1506,"Chinese Journal of Mechanical Engineering",1000-9345,S4220650901,5108,reused
POSI-J-024545,j-bench-chinese-journal-of-mechanical-engineering-additive-manufactu-1507,"Chinese Journal of Mechanical Engineering: Additive Manufacturing Frontiers",2772-6657,S4387278626,72,minted
POSI-J-024546,j-bench-chinese-journal-of-natural-medicines-1508,"Chinese Journal of Natural Medicines",1875-5364,S114839437,3356,minted
POSI-J-024547,j-bench-chinese-journal-of-physics-1509,"Chinese Journal of Physics",0577-9073,S169735585,5783,minted
POSI-J-011222,j-bench-chinese-journal-of-plastic-and-reconstructive-surgery-1510,"Chinese Journal of Plastic and Reconstructive Surgery",2096-6911,S4210184333,271,reused
POSI-J-024548,j-bench-chinese-journal-of-population-resources-and-environment-1511,"Chinese Journal of Population, Resources and Environment",2325-4262,S4210190789,4135,minted
POSI-J-024549,j-bench-chinese-journal-of-structural-chemistry-1512,"Chinese Journal of Structural Chemistry",0254-5861,S51842380,3368,minted
POSI-J-002172,j-bench-chinese-journal-of-traumatology-1513,"Chinese Journal of Traumatology",1008-1275,S2764832985,1832,reused
POSI-J-024550,j-bench-chinese-medical-journal-pulmonary-and-critical-care-medicine-1514,"Chinese Medical Journal - Pulmonary and Critical Care Medicine",2772-5588,S4210169215,119,minted
POSI-J-024551,j-bench-chinese-medical-sciences-journal-1515,"Chinese Medical Sciences Journal",1001-9294,S4306541546,2243,minted
POSI-J-014085,j-bench-chip-1516,"Chip",2709-4723,S4210180095,181,reused
POSI-J-016863,j-bench-circular-economy-1517,"Circular Economy",2773-1677,S4387280368,112,reused
POSI-J-024552,j-bench-cirp-annals-1518,"CIRP Annals",0007-8506,S2898225552,6417,minted
POSI-J-024553,j-bench-cirp-journal-of-manufacturing-science-and-technology-1519,"CIRP Journal of Manufacturing Science and Technology",1755-5817,S134482011,1610,minted
POSI-J-001876,j-bench-cirug-a-cardiovascular-1520,"Cirugía Cardiovascular",1134-0096,S2739184106,2164,reused
POSI-J-024554,j-bench-cirug-a-espa-ola-1521,"Cirugía Española",0009-739X,S45895958,8393,minted
POSI-J-024555,j-bench-cirug-a-espa-ola-english-edition-1522,"Cirugía Española (English Edition)",2173-5077,S4210209632,2778,minted
POSI-J-024556,j-bench-cities-smart-futures-1523,"Cities: Smart Futures",3117-3764,S7407059656,3,minted
POSI-J-024557,j-bench-city-culture-and-society-1524,"City, Culture and Society",1877-9166,S2764821314,575,minted
POSI-J-008817,j-bench-city-and-environment-interactions-1525,"City and Environment Interactions",2590-2520,S4210239238,417,reused
POSI-J-002820,j-bench-cjc-open-1526,"CJC Open",2589-790X,S4210204950,1401,reused
POSI-J-010934,j-bench-cjc-pediatric-and-congenital-heart-disease-1527,"CJC Pediatric and Congenital Heart Disease",2772-8129,S4220651343,288,reused
POSI-J-012629,j-bench-cleaner-chemical-engineering-1528,"Cleaner Chemical Engineering",2772-7823,S4210180313,225,reused
POSI-J-013075,j-bench-cleaner-and-circular-bioeconomy-1529,"Cleaner and Circular Bioeconomy",2772-8013,S4210215438,214,reused
POSI-J-024558,j-bench-cleaner-cities-1530,"Cleaner Cities",3117-9061,,0,minted
POSI-J-011580,j-bench-cleaner-energy-systems-1531,"Cleaner Energy Systems",2772-7831,S4220651687,264,reused
POSI-J-003113,j-bench-cleaner-engineering-and-technology-1532,"Cleaner Engineering and Technology",2666-7908,S4210217486,1265,reused
POSI-J-007728,j-bench-cleaner-environmental-systems-1533,"Cleaner Environmental Systems",2666-7894,S4210214064,479,reused
POSI-J-009779,j-bench-cleaner-logistics-and-supply-chain-1534,"Cleaner Logistics and Supply Chain",2772-3909,S4210223519,349,reused
POSI-J-024559,j-bench-cleaner-manufacturing-1535,"Cleaner Manufacturing",3050-998X,S5407056704,7,minted
POSI-J-008427,j-bench-cleaner-materials-1536,"Cleaner Materials",2772-3976,S4210206404,425,reused
POSI-J-015219,j-bench-cleaner-production-letters-1537,"Cleaner Production Letters",2666-7916,S4210204090,151,reused
POSI-J-007937,j-bench-cleaner-and-responsible-consumption-1538,"Cleaner and Responsible Consumption",2666-7843,S4210227184,472,reused
POSI-J-006733,j-bench-cleaner-waste-systems-1539,"Cleaner Waste Systems",2772-9125,S4220651420,561,reused
POSI-J-011095,j-bench-cleaner-water-1540,"Cleaner Water",2950-2632,S4390296695,299,reused
POSI-J-016930,j-bench-climate-change-ecology-1541,"Climate Change Ecology",2666-9005,S4210211363,111,reused
POSI-J-024560,j-bench-climate-physics-and-atmospheric-science-scientific-insights--1542,"Climate Physics and Atmospheric Science: Scientific Insights and Societal Challenges",3051-4088,S5407056072,17,minted
POSI-J-004549,j-bench-climate-risk-management-1543,"Climate Risk Management",2212-0963,S2764943563,852,reused
POSI-J-005932,j-bench-climate-services-1544,"Climate Services",2405-8807,S2898315726,645,reused
POSI-J-017543,j-bench-climate-smart-agriculture-1545,"Climate Smart Agriculture",2950-4090,S4404675171,98,reused
POSI-J-024561,j-bench-cl-nica-e-investigaci-n-en-arteriosclerosis-1546,"Clínica e Investigación en Arteriosclerosis",0214-9168,S2898450218,1457,minted
POSI-J-024562,j-bench-cl-nica-e-investigaci-n-en-arteriosclerosis-english-edition-1547,"Clínica e Investigación en arteriosclerosis (English edition)",2529-9123,S4210237346,404,minted
POSI-J-024563,j-bench-cl-nica-e-investigaci-n-en-ginecolog-a-y-obstetricia-1548,"Clínica e Investigación en Ginecología y Obstetricia",0210-573X,S2898269245,1475,minted
POSI-J-024564,j-bench-clinical-biochemistry-1549,"Clinical Biochemistry",0009-9120,S17140621,11481,minted
POSI-J-024565,j-bench-clinical-biomechanics-1550,"Clinical Biomechanics",0268-0033,S74384676,6343,minted
POSI-J-024566,j-bench-clinical-breast-cancer-1551,"Clinical Breast Cancer",1526-8209,S57202346,3352,minted
POSI-J-024567,j-bench-clinical-colorectal-cancer-1552,"Clinical Colorectal Cancer",1533-0028,S112974357,1696,minted
POSI-J-017925,j-bench-clinical-complementary-medicine-and-pharmacology-1553,"Clinical Complementary Medicine and Pharmacology",2772-3712,S4210211248,84,reused
POSI-J-024568,j-bench-clinical-dental-journal-1554,"Clinical Dental Journal",3117-4892,S5407056360,13,minted
POSI-J-015645,j-bench-clinical-ehealth-1555,"Clinical eHealth",2588-9141,S2898090536,142,reused
POSI-J-001853,j-bench-clinical-epidemiology-and-global-health-1556,"Clinical Epidemiology and Global Health",2213-3984,S2764432518,2215,reused
POSI-J-024569,j-bench-clinical-gastroenterology-and-hepatology-1557,"Clinical Gastroenterology and Hepatology",1542-3565,S6642600,12145,minted
POSI-J-024570,j-bench-clinical-genitourinary-cancer-1558,"Clinical Genitourinary Cancer",1558-7673,S71328803,2974,minted
POSI-J-024571,j-bench-clinical-imaging-1559,"Clinical Imaging",0899-7071,S113483602,7246,minted
POSI-J-024572,j-bench-clinical-immunology-1560,"Clinical Immunology",1521-6616,S37169408,8798,minted
POSI-J-015563,j-bench-clinical-immunology-communications-1561,"Clinical Immunology Communications",2772-6134,S4210192624,141,reused
POSI-J-006017,j-bench-clinical-infection-in-practice-1562,"Clinical Infection in Practice",2590-1702,S4210170759,635,reused
POSI-J-024573,j-bench-clinical-lung-cancer-1563,"Clinical Lung Cancer",1525-7304,S32518486,3193,minted
POSI-J-024574,j-bench-clinical-lymphoma-myeloma-and-leukemia-1564,"Clinical Lymphoma Myeloma and Leukemia",2152-2650,S186546955,16628,minted
POSI-J-000784,j-bench-clinical-medicine-1565,"Clinical Medicine",1470-2118,S186589310,7725,reused
POSI-J-024575,j-bench-clinical-microbiology-and-infection-1566,"Clinical Microbiology and Infection",1198-743X,S71414007,10704,minted
POSI-J-024576,j-bench-clinical-microbiology-newsletter-1567,"Clinical Microbiology Newsletter",0196-4399,S10855453,3315,minted
POSI-J-024577,j-bench-clinical-neurology-and-neurosurgery-1568,"Clinical Neurology and Neurosurgery",0303-8467,S165396890,12396,minted
POSI-J-007484,j-bench-clinical-neurophysiology-practice-1569,"Clinical Neurophysiology Practice",2467-981X,S2898474876,503,reused
POSI-J-024578,j-bench-clinical-nutrition-espen-1570,"Clinical Nutrition ESPEN",2405-4577,S2764915710,10420,minted
POSI-J-015482,j-bench-clinical-nutrition-experimental-1571,"Clinical Nutrition Experimental",2352-9393,S2898281151,142,reused
POSI-J-006722,j-bench-clinical-nutrition-open-science-1572,"Clinical Nutrition Open Science",2667-2685,S4210227373,561,reused
POSI-J-024579,j-bench-clinical-oncology-1573,"Clinical Oncology",0936-6555,S190064913,7567,minted
POSI-J-007566,j-bench-clinical-parkinsonism-related-disorders-1574,"Clinical Parkinsonism & Related Disorders",2590-1125,S4210203201,487,reused
POSI-J-024580,j-bench-clinical-psychology-review-1575,"Clinical Psychology Review",0272-7358,S4632444,3141,minted
POSI-J-024581,j-bench-clinical-simulation-in-nursing-1576,"Clinical Simulation in Nursing",1876-1399,S204691484,2348,minted
POSI-J-024582,j-bench-clinical-spectroscopy-1577,"Clinical Spectroscopy",2666-0547,S4210215646,26,minted
POSI-J-016008,j-bench-clinical-surgical-oncology-1578,"Clinical Surgical Oncology",2773-160X,S4387282774,135,reused
POSI-J-024583,j-bench-clinical-traditional-medicine-and-pharmacology-1579,"Clinical Traditional Medicine and Pharmacology",2950-5771,,0,minted
POSI-J-016514,j-bench-clinical-traditional-medicine-and-pharmacology-1580,"Clinical Traditional Medicine and Pharmacology",2097-3829,S5406978635,121,reused
POSI-J-003154,j-bench-clinical-and-translational-radiation-oncology-1581,"Clinical and Translational Radiation Oncology",2405-6308,S2898297225,1242,reused
POSI-J-001085,j-bench-clinics-1582,"Clinics",1807-5932,S110060079,4300,reused
POSI-J-024584,j-bench-clinics-in-anaesthesiology-1583,"Clinics in Anaesthesiology",0261-9881,S4210222805,281,minted
POSI-J-024585,j-bench-clinics-in-chest-medicine-1584,"Clinics in Chest Medicine",0272-5231,S42926609,3500,minted
POSI-J-024586,j-bench-clinics-in-dermatology-1585,"Clinics in Dermatology",0738-081X,S195740279,4503,minted
POSI-J-024587,j-bench-clinics-in-gastroenterology-1586,"Clinics in Gastroenterology",0300-5089,S4394736642,823,minted
POSI-J-024588,j-bench-clinics-in-geriatric-medicine-1587,"Clinics in Geriatric Medicine",0749-0690,S17991708,2775,minted
POSI-J-024589,j-bench-clinics-in-haematology-1588,"Clinics in Haematology",0308-2261,S4394736643,625,minted
POSI-J-024590,j-bench-clinics-in-integrated-care-1589,"Clinics in Integrated Care",2666-8696,S4210205585,80,minted
POSI-J-024591,j-bench-clinics-in-laboratory-medicine-1590,"Clinics in Laboratory Medicine",0272-2712,S139467280,2816,minted
POSI-J-024592,j-bench-clinics-in-liver-disease-1591,"Clinics in Liver Disease",1089-3261,S69476985,2077,minted
POSI-J-024593,j-bench-clinics-in-obstetrics-and-gynaecology-1592,"Clinics in Obstetrics and Gynaecology",0306-3356,S4210229393,683,minted
POSI-J-024594,j-bench-clinics-in-perinatology-1593,"Clinics in Perinatology",0095-5108,S7604852,3412,minted
POSI-J-024595,j-bench-clinics-in-perioperative-nursing-care-1594,"Clinics in Perioperative Nursing Care",2950-3884,S5407053907,61,minted
POSI-J-024596,j-bench-clinics-in-plastic-surgery-1595,"Clinics in Plastic Surgery",0094-1298,S159672176,3823,minted
POSI-J-024597,j-bench-clinics-in-podiatric-medicine-and-surgery-1596,"Clinics in Podiatric Medicine and Surgery",0891-8422,S163001207,2814,minted
POSI-J-024598,j-bench-clinics-and-research-in-hepatology-and-gastroenterology-1597,"Clinics and Research in Hepatology and Gastroenterology",2210-7401,S2481910785,2820,minted
POSI-J-024599,j-bench-clinics-in-rheumatic-diseases-1598,"Clinics in Rheumatic Diseases",0307-742X,S2764911903,649,minted
POSI-J-024600,j-bench-clinics-in-sports-medicine-1599,"Clinics in Sports Medicine",0278-5919,S107726021,3107,minted
POSI-J-014124,j-bench-cmi-communications-1600,"CMI Communications",2950-5909,S4394906718,186,reused
POSI-J-000877,j-bench-ksce-journal-of-civil-engineering-1601,"KSCE Journal of Civil Engineering",1226-7988,S109054653,6048,reused
POSI-J-024601,j-bench-coacervates-1602,"Coacervates",3117-6178,,0,minted
POSI-J-024602,j-bench-coastal-engineering-1603,"Coastal Engineering",0378-3839,S71934726,4722,minted
POSI-J-024603,j-bench-cognitive-and-behavioral-practice-1604,"Cognitive and Behavioral Practice",1077-7229,S75230894,1872,minted
POSI-J-024604,j-bench-cognitive-development-1605,"Cognitive Development",0885-2014,S130413023,2027,minted
POSI-J-024605,j-bench-cognitive-psychology-1606,"Cognitive Psychology",0010-0285,S36783443,1741,minted
POSI-J-014323,j-bench-cognitive-robotics-1607,"Cognitive Robotics",2667-2413,S4210183939,172,reused
POSI-J-024606,j-bench-cognitive-systems-research-1608,"Cognitive Systems Research",1389-0417,S96254641,1522,minted
POSI-J-024607,j-bench-cold-regions-science-and-technology-1609,"Cold Regions Science and Technology",0165-232X,S141892599,4921,minted
POSI-J-024608,j-bench-collegian-1610,"Collegian",1322-7696,S12177934,1826,minted
POSI-J-004262,j-bench-colloid-and-interface-science-communications-1611,"Colloid and Interface Science Communications",2215-0382,S2898407671,891,reused
POSI-J-024609,j-bench-colloids-and-surfaces-b-biointerfaces-1612,"Colloids and Surfaces B: Biointerfaces",0927-7765,S22793308,15529,minted
POSI-J-024610,j-bench-colloids-and-surfaces-c-environmental-aspects-1613,"Colloids and Surfaces C: Environmental Aspects",2949-7590,S4387287153,102,minted
POSI-J-024611,j-bench-combustion-and-flame-1614,"Combustion and Flame",0010-2180,S32869529,14821,minted
POSI-J-024612,j-bench-communications-in-nonlinear-science-and-numerical-simulation-1615,"Communications in Nonlinear Science and Numerical Simulation",1007-5704,S39612629,10174,minted
POSI-J-012472,j-bench-communications-in-transportation-research-1616,"Communications in Transportation Research",2772-4247,S4210178498,237,reused
POSI-J-024613,j-bench-comparative-biochemistry-and-physiology-part-a-molecular-int-1617,"Comparative Biochemistry and Physiology Part A: Molecular & Integrative Physiology",1095-6433,S193677276,9912,minted
POSI-J-024614,j-bench-comparative-biochemistry-and-physiology-part-b-biochemistry--1618,"Comparative Biochemistry and Physiology Part B: Biochemistry and Molecular Biology",1096-4959,S102889028,5788,minted
POSI-J-024615,j-bench-comparative-biochemistry-and-physiology-part-c-toxicology-ph-1619,"Comparative Biochemistry and Physiology Part C: Toxicology & Pharmacology",1532-0456,S76695604,4197,minted
POSI-J-024616,j-bench-comparative-biochemistry-and-physiology-part-d-genomics-and--1620,"Comparative Biochemistry and Physiology Part D: Genomics and Proteomics",1744-117X,S2898390257,1819,minted
POSI-J-024617,j-bench-comparative-immunology-microbiology-and-infectious-diseases-1621,"Comparative Immunology, Microbiology and Infectious Diseases",0147-9571,S55958362,4108,minted
POSI-J-014582,j-bench-comparative-immunology-reports-1622,"Comparative Immunology Reports",2950-3116,S4390963351,174,reused
POSI-J-024618,j-bench-complementary-therapies-in-clinical-practice-1623,"Complementary Therapies in Clinical Practice",1744-3881,S88092858,1938,minted
POSI-J-001159,j-bench-complementary-therapies-in-medicine-1624,"Complementary Therapies in Medicine",0965-2299,S7715451,3862,reused
POSI-J-024619,j-bench-composite-structures-1625,"Composite Structures",0263-8223,S52363224,20006,minted
POSI-J-024620,j-bench-composites-communications-1626,"Composites Communications",2452-2139,S2898189939,2713,minted
POSI-J-024621,j-bench-composites-part-a-applied-science-and-manufacturing-1627,"Composites Part A: Applied Science and Manufacturing",1359-835X,S96365333,10405,minted
POSI-J-024622,j-bench-composites-part-b-engineering-1628,"Composites Part B: Engineering",1359-8368,S112674977,13664,minted
POSI-J-005127,j-bench-composites-part-c-open-access-1629,"Composites Part C: Open Access",2666-6820,S4210186814,767,reused
POSI-J-024623,j-bench-composites-science-and-technology-1630,"Composites Science and Technology",0266-3538,S52442148,12348,minted
POSI-J-000830,j-bench-comprehensive-psychiatry-1631,"Comprehensive Psychiatry",0010-440X,S110368005,6800,reused
POSI-J-010070,j-bench-comprehensive-psychoneuroendocrinology-1632,"Comprehensive Psychoneuroendocrinology",2666-4976,S4210212588,345,reused
POSI-J-024624,j-bench-computational-biology-and-chemistry-1633,"Computational Biology and Chemistry",1476-9271,S104924063,3629,minted
POSI-J-024625,j-bench-computational-condensed-matter-1634,"Computational Condensed Matter",2352-2143,S2898583927,1261,minted
POSI-J-024626,j-bench-computational-geometry-1635,"Computational Geometry",0925-7721,S165542689,1883,minted
POSI-J-024627,j-bench-computational-materials-science-1636,"Computational Materials Science",0927-0256,S26018076,14345,minted
POSI-J-018976,j-bench-computational-materials-today-1637,"Computational Materials Today",2950-4635,S5407037071,60,reused
POSI-J-024628,j-bench-computational-particle-mechanics-1638,"Computational Particle Mechanics",2196-4386,S2765036585,1166,minted
POSI-J-024629,j-bench-computational-statistics-data-analysis-1639,"Computational Statistics & Data Analysis",0167-9473,S132362803,7959,minted
POSI-J-001166,j-bench-computational-and-structural-biotechnology-journal-1640,"Computational and Structural Biotechnology Journal",2001-0370,S2764539591,3859,reused
POSI-J-024630,j-bench-computational-and-structural-biotechnology-reports-1641,"Computational and Structural Biotechnology Reports",2950-3639,S5407037040,88,minted
POSI-J-024631,j-bench-computational-and-theoretical-chemistry-1642,"Computational and Theoretical Chemistry",2210-271X,S137947318,5995,minted
POSI-J-024632,j-bench-computational-toxicology-1643,"Computational Toxicology",2468-1113,S2898548427,501,minted
POSI-J-024633,j-bench-computer-aided-design-1644,"Computer-Aided Design",0010-4485,S4210171473,9812,minted
POSI-J-024634,j-bench-computer-aided-geometric-design-1645,"Computer Aided Geometric Design",0167-8396,S135221619,2559,minted
POSI-J-024635,j-bench-computer-communications-1646,"Computer Communications",0140-3664,S115004586,11732,minted
POSI-J-024636,j-bench-computer-law-security-review-1647,"Computer Law & Security Review",2212-473X,S4394735566,1836,minted
POSI-J-024637,j-bench-computer-methods-in-applied-mechanics-and-engineering-1648,"Computer Methods in Applied Mechanics and Engineering",0045-7825,S40006715,17014,minted
POSI-J-024638,j-bench-computer-methods-and-programs-in-biomedicine-1649,"Computer Methods and Programs in Biomedicine",0169-2607,S138959710,8556,minted
POSI-J-011868,j-bench-computer-methods-and-programs-in-biomedicine-update-1650,"Computer Methods and Programs in Biomedicine Update",2666-9900,S4210191235,251,reused
POSI-J-024639,j-bench-computer-networks-1651,"Computer Networks",1389-1286,S63392143,9855,minted
POSI-J-024640,j-bench-computer-physics-communications-1652,"Computer Physics Communications",0010-4655,S142305363,14066,minted
POSI-J-024641,j-bench-computer-science-review-1653,"Computer Science Review",1574-0137,S73121659,795,minted
POSI-J-024642,j-bench-computer-speech-language-1654,"Computer Speech & Language",0885-2308,S91252481,1896,minted
POSI-J-024643,j-bench-computer-standards-interfaces-1655,"Computer Standards & Interfaces",0920-5489,S119630662,3794,minted
POSI-J-024644,j-bench-computer-vision-and-image-understanding-1656,"Computer Vision and Image Understanding",1077-3142,S185008460,4334,minted
POSI-J-024645,j-bench-computer-aided-civil-and-infrastructure-engineering-1657,"Computer-Aided Civil and Infrastructure Engineering",1093-9687,S206927758,3374,minted
POSI-J-024646,j-bench-computerized-medical-imaging-and-graphics-1658,"Computerized Medical Imaging and Graphics",0895-6111,S198823948,4153,minted
POSI-J-024647,j-bench-computers-in-biology-and-medicine-1659,"Computers in Biology and Medicine",0010-4825,S44278595,12011,minted
POSI-J-024648,j-bench-computers-chemical-engineering-1660,"Computers & Chemical Engineering",0098-1354,S150671403,11287,minted
POSI-J-024649,j-bench-computers-and-composition-1661,"Computers and Composition",8755-4615,S122239074,2517,minted
POSI-J-005957,j-bench-computers-and-education-artificial-intelligence-1662,"Computers and Education: Artificial Intelligence",2666-920X,S4210183364,654,reused
POSI-J-009496,j-bench-computers-and-education-open-1663,"Computers and Education Open",2666-5573,S4210232537,378,reused
POSI-J-014578,j-bench-computers-education-x-reality-1664,"Computers & Education: X Reality",2949-6780,S4387283679,175,reused
POSI-J-024650,j-bench-computers-electrical-engineering-1665,"Computers & Electrical Engineering",0045-7906,S121340289,7901,minted
POSI-J-024651,j-bench-computers-and-electronics-in-agriculture-1666,"Computers and Electronics in Agriculture",0168-1699,S116775814,11096,minted
POSI-J-024652,j-bench-computers-environment-and-urban-systems-1667,"Computers, Environment and Urban Systems",0198-9715,S60115552,2797,minted
POSI-J-024653,j-bench-computers-fluids-1668,"Computers & Fluids",0045-7930,S195914795,7258,minted
POSI-J-024654,j-bench-computers-geosciences-1669,"Computers & Geosciences",0098-3004,S61699894,6855,minted
POSI-J-024655,j-bench-computers-and-geotechnics-1670,"Computers and Geotechnics",0266-352X,S106576117,7754,minted
POSI-J-024656,j-bench-computers-graphics-1671,"Computers & Graphics",0097-8493,S94821547,6155,minted
POSI-J-010297,j-bench-computers-in-human-behavior-artificial-humans-1672,"Computers in Human Behavior: Artificial Humans",2949-8821,S4387287529,352,reused
POSI-J-003513,j-bench-computers-in-human-behavior-reports-1673,"Computers in Human Behavior Reports",2451-9588,S4210198611,1158,reused
POSI-J-024657,j-bench-computers-industrial-engineering-1674,"Computers & Industrial Engineering",0360-8352,S196821226,13466,minted
POSI-J-024658,j-bench-computers-in-industry-1675,"Computers in Industry",0166-3615,S60779006,4734,minted
POSI-J-024659,j-bench-computers-mathematics-with-applications-1676,"Computers & Mathematics with Applications",0898-1221,S4210205691,16742,minted
POSI-J-024660,j-bench-computers-operations-research-1677,"Computers & Operations Research",0305-0548,S173256270,8331,minted
POSI-J-024661,j-bench-computers-security-1678,"Computers & Security",0167-4048,S12529635,9856,minted
POSI-J-024662,j-bench-computers-structures-1679,"Computers & Structures",0045-7949,S111482492,13320,minted
POSI-J-024663,j-bench-consciousness-and-cognition-1680,"Consciousness and Cognition",1053-8100,S75102731,3737,minted
POSI-J-024664,j-bench-construction-and-building-materials-in-transportation-1681,"Construction and Building Materials in Transportation",3117-650X,S7407056169,18,minted
POSI-J-024665,j-bench-contact-lens-and-anterior-eye-1682,"Contact Lens and Anterior Eye",1367-0484,S137552098,3816,minted
POSI-J-024666,j-bench-contemporary-clinical-trials-1683,"Contemporary Clinical Trials",1551-7144,S63040059,4036,minted
POSI-J-002414,j-bench-contemporary-clinical-trials-communications-1684,"Contemporary Clinical Trials Communications",2451-8654,S2764819467,1626,reused
POSI-J-024667,j-bench-contemporary-educational-psychology-1685,"Contemporary Educational Psychology",0361-476X,S64506217,2367,minted
POSI-J-001761,j-bench-continence-1686,"Continence",2772-9737,S4210182722,2333,reused
POSI-J-017030,j-bench-continence-reports-1687,"Continence Reports",2772-9745,S4220651309,112,reused
POSI-J-024668,j-bench-continental-shelf-research-1688,"Continental Shelf Research",0278-4343,S181119423,6358,minted
POSI-J-024669,j-bench-contraception-1689,"Contraception",0010-7824,S82319153,12712,minted
POSI-J-024670,j-bench-contraception-x-1690,"Contraception: X",2590-1516,S4210237753,113,minted
POSI-J-024671,j-bench-control-engineering-practice-1691,"Control Engineering Practice",0967-0661,S105928092,9573,minted
POSI-J-024672,j-bench-coordination-chemistry-research-1692,"Coordination Chemistry Research",2950-4864,S4404676763,39,minted
POSI-J-024673,j-bench-coordination-chemistry-reviews-1693,"Coordination Chemistry Reviews",0010-8545,S117186765,10844,minted
POSI-J-010213,j-bench-corrosion-communications-1694,"Corrosion Communications",2667-2669,S4210194379,334,reused
POSI-J-024674,j-bench-corrosion-science-1695,"Corrosion Science",0010-938X,S96167972,17617,minted
POSI-J-024675,j-bench-cortex-1696,"Cortex",0010-9452,S116196263,7638,minted
POSI-J-024676,j-bench-cretaceous-research-1697,"Cretaceous Research",0195-6671,S48852984,4852,minted
POSI-J-024677,j-bench-critical-care-clinics-1698,"Critical Care Clinics",0749-0704,S168633134,2756,minted
POSI-J-024678,j-bench-critical-care-nursing-clinics-of-north-america-1699,"Critical Care Nursing Clinics of North America",0899-5885,S196601016,2584,minted
POSI-J-024679,j-bench-critical-care-and-resuscitation-1700,"Critical Care and Resuscitation",1441-2772,S2479537225,1732,minted
POSI-J-024680,j-bench-critical-perspectives-on-accounting-1701,"Critical Perspectives on Accounting",1045-2354,S66510378,2397,minted
POSI-J-024681,j-bench-critical-reviews-in-oncology-hematology-1702,"Critical Reviews in Oncology/Hematology",1040-8428,S185233701,5972,minted
POSI-J-017738,j-bench-crop-design-1703,"Crop Design",2772-8994,S4220650990,90,reused
POSI-J-015770,j-bench-crop-and-environment-1704,"Crop and Environment",2773-126X,S4220651364,143,reused
POSI-J-024682,j-bench-the-crop-journal-1705,"The Crop Journal",2214-5141,S2736600276,1629,minted
POSI-J-024683,j-bench-crop-protection-1706,"Crop Protection",0261-2194,S98430239,8802,minted
POSI-J-024684,j-bench-cryobiology-1707,"Cryobiology",0011-2240,S87343901,12176,minted
POSI-J-024685,j-bench-cryogenics-1708,"Cryogenics",0011-2275,S43111796,10570,minted
POSI-J-024686,j-bench-cure-care-1709,"Cure & Care",3051-0627,S5407051599,23,minted
POSI-J-024687,j-bench-current-applied-physics-1710,"Current Applied Physics",1567-1739,S159232998,6828,minted
POSI-J-000645,j-bench-current-developments-in-nutrition-1711,"Current Developments in Nutrition",2475-2991,S4210219560,14083,reused
POSI-J-024688,j-bench-current-genomics-1712,"Current Genomics",1389-2029,S156212020,1410,minted
POSI-J-024689,j-bench-current-opinion-in-behavioral-sciences-1713,"Current Opinion in Behavioral Sciences",2352-1546,S2764598273,1558,minted
POSI-J-024690,j-bench-current-opinion-in-biomedical-engineering-1714,"Current Opinion in Biomedical Engineering",2468-4511,S2898133657,689,minted
POSI-J-024691,j-bench-current-opinion-in-biotechnology-1715,"Current Opinion in Biotechnology",0958-1669,S23939942,6133,minted
POSI-J-024692,j-bench-current-opinion-in-cell-biology-1716,"Current Opinion in Cell Biology",0955-0674,S103771297,4626,minted
POSI-J-024693,j-bench-current-opinion-in-chemical-biology-1717,"Current Opinion in Chemical Biology",1367-5931,S35563517,3499,minted
POSI-J-024694,j-bench-current-opinion-in-chemical-engineering-1718,"Current Opinion in Chemical Engineering",2211-3398,S2764724535,1228,minted
POSI-J-024695,j-bench-current-opinion-in-colloid-interface-science-1719,"Current Opinion in Colloid & Interface Science",1359-0294,S974056801,2280,minted
POSI-J-024696,j-bench-current-opinion-in-electrochemistry-1720,"Current Opinion in Electrochemistry",2451-9103,S2764372282,1731,minted
POSI-J-024697,j-bench-current-opinion-in-endocrine-and-metabolic-research-1721,"Current Opinion in Endocrine and Metabolic Research",2451-9650,S2898224786,504,minted
POSI-J-024698,j-bench-current-opinion-in-environmental-science-health-1722,"Current Opinion in Environmental Science & Health",2468-5844,S2898239524,755,minted
POSI-J-024699,j-bench-current-opinion-in-environmental-sustainability-1723,"Current Opinion in Environmental Sustainability",1877-3435,S153840704,1670,minted
POSI-J-024700,j-bench-current-opinion-in-food-science-1724,"Current Opinion in Food Science",2214-7993,S2764555239,1336,minted
POSI-J-024701,j-bench-current-opinion-in-genetics-development-1725,"Current Opinion in Genetics & Development",0959-437X,S116174365,4076,minted
POSI-J-024702,j-bench-current-opinion-in-green-and-sustainable-chemistry-1726,"Current Opinion in Green and Sustainable Chemistry",2452-2236,S4210195801,1098,minted
POSI-J-024703,j-bench-current-opinion-in-immunology-1727,"Current Opinion in Immunology",0952-7915,S170047187,4824,minted
POSI-J-024704,j-bench-current-opinion-in-insect-science-1728,"Current Opinion in Insect Science",2214-5745,S2764908915,1477,minted
POSI-J-024705,j-bench-current-opinion-in-microbiology-1729,"Current Opinion in Microbiology",1369-5274,S106299656,3484,minted
POSI-J-024706,j-bench-current-opinion-in-neurobiology-1730,"Current Opinion in Neurobiology",0959-4388,S120775027,4794,minted
POSI-J-024707,j-bench-current-opinion-in-pharmacology-1731,"Current Opinion in Pharmacology",1471-4892,S13215328,2954,minted
POSI-J-024708,j-bench-current-opinion-in-physiology-1732,"Current Opinion in Physiology",2468-8673,S2898549194,774,minted
POSI-J-024709,j-bench-current-opinion-in-plant-biology-1733,"Current Opinion in Plant Biology",1369-5266,S69957782,3748,minted
POSI-J-024710,j-bench-current-opinion-in-psychology-1734,"Current Opinion in Psychology",2352-250X,S2764746430,2248,minted
POSI-J-024711,j-bench-current-opinion-in-solid-state-and-materials-science-1735,"Current Opinion in Solid State and Materials Science",1359-0286,S7637673,1418,minted
POSI-J-024712,j-bench-current-opinion-in-structural-biology-1736,"Current Opinion in Structural Biology",0959-440X,S175155502,5076,minted
POSI-J-024713,j-bench-current-opinion-in-systems-biology-1737,"Current Opinion in Systems Biology",2452-3100,S2764941636,592,minted
POSI-J-024714,j-bench-current-opinion-in-toxicology-1738,"Current Opinion in Toxicology",2468-2020,S2898549711,497,minted
POSI-J-024715,j-bench-current-opinion-in-virology-1739,"Current Opinion in Virology",1879-6257,S2489902859,1514,minted
POSI-J-024716,j-bench-current-pharmaceutical-analysis-1740,"Current Pharmaceutical Analysis",1573-4129,S202974686,1372,minted
POSI-J-005992,j-bench-current-plant-biology-1741,"Current Plant Biology",2214-6628,S2898426492,637,reused
POSI-J-024717,j-bench-current-problems-in-cancer-1742,"Current Problems in Cancer",0147-0272,S115136864,1776,minted
POSI-J-008392,j-bench-current-problems-in-cancer-case-reports-1743,"Current Problems in Cancer: Case Reports",2666-6219,S4210194447,418,reused
POSI-J-024718,j-bench-current-problems-in-cardiology-1744,"Current Problems in Cardiology",0146-2806,S44034637,4350,minted
POSI-J-024719,j-bench-current-problems-in-diagnostic-radiology-1745,"Current Problems in Diagnostic Radiology",0363-0188,S151836202,2289,minted
POSI-J-024720,j-bench-current-problems-in-pediatric-and-adolescent-health-care-1746,"Current Problems in Pediatric and Adolescent Health Care",1538-5442,S150570842,1987,minted
POSI-J-001561,j-bench-current-problems-in-surgery-1747,"Current Problems in Surgery",0011-3840,S84847770,2722,reused
POSI-J-024721,j-bench-current-radiopharmaceuticals-1748,"Current Radiopharmaceuticals",1874-4710,S80350757,681,minted
POSI-J-013259,j-bench-current-research-in-behavioral-sciences-1749,"Current Research in Behavioral Sciences",2666-5182,S4210178510,209,reused
POSI-J-008726,j-bench-current-research-in-biotechnology-1750,"Current Research in Biotechnology",2590-2628,S4210236447,403,reused
POSI-J-024722,j-bench-current-research-in-chemical-biology-1751,"Current Research in Chemical Biology",2666-2469,S4210181721,44,minted
POSI-J-011321,j-bench-current-research-in-ecological-and-social-psychology-1752,"Current Research in Ecological and Social Psychology",2666-6227,S4210184326,267,reused
POSI-J-009533,j-bench-current-research-in-environmental-sustainability-1753,"Current Research in Environmental Sustainability",2666-0490,S4210178349,357,reused
POSI-J-002614,j-bench-current-research-in-food-science-1754,"Current Research in Food Science",2665-9271,S4210236938,1530,reused
POSI-J-007023,j-bench-current-research-in-green-and-sustainable-chemistry-1755,"Current Research in Green and Sustainable Chemistry",2666-0865,S4210237483,518,reused
POSI-J-024723,j-bench-current-research-in-immunology-1756,"Current Research in Immunology",2590-2555,S4210220195,84,minted
POSI-J-016449,j-bench-current-research-in-insect-science-1757,"Current Research in Insect Science",2666-5158,S4210218026,123,reused
POSI-J-006066,j-bench-current-research-in-microbial-sciences-1758,"Current Research in Microbial Sciences",2666-5174,S4210236417,637,reused
POSI-J-015277,j-bench-current-research-in-neurobiology-1759,"Current Research in Neurobiology",2665-945X,S4210239354,148,reused
POSI-J-008959,j-bench-current-research-in-parasitology-and-vector-borne-diseases-1760,"Current Research in Parasitology and Vector-Borne Diseases",2667-114X,S4210216509,403,reused
POSI-J-011934,j-bench-current-research-in-pharmacology-and-drug-discovery-1761,"Current Research in Pharmacology and Drug Discovery",2590-2571,S4210225866,245,reused
POSI-J-013837,j-bench-current-research-in-physiology-1762,"Current Research in Physiology",2665-9441,S4210183512,188,reused
POSI-J-013338,j-bench-current-research-in-structural-biology-1763,"Current Research in Structural Biology",2665-928X,S4210227336,201,reused
POSI-J-010328,j-bench-current-research-in-toxicology-1764,"Current Research in Toxicology",2666-027X,S4210216408,313,reused
POSI-J-024724,j-bench-current-research-in-translational-medicine-1765,"Current Research in Translational Medicine ",2452-3186,S2898475623,476,minted
POSI-J-001589,j-bench-current-therapeutic-research-1766,"Current Therapeutic Research",0011-393X,S160239940,2611,reused
POSI-J-024725,j-bench-currents-in-pharmacy-teaching-and-learning-1767,"Currents in Pharmacy Teaching and Learning",1877-1297,S41481881,2656,minted
POSI-J-017098,j-bench-cyber-security-and-applications-1768,"Cyber Security and Applications",2772-9184,S4387281872,108,reused
POSI-J-024726,j-bench-cyber-physical-energy-systems-1769,"Cyber-Physical Energy Systems",3050-7448,S5407051299,61,minted
POSI-J-024727,j-bench-cytokine-growth-factor-reviews-1770,"Cytokine & Growth Factor Reviews",1359-6101,S194552188,1674,minted
POSI-J-024728,j-bench-cytokine-x-1771,"Cytokine: X",2590-1532,S4210225398,54,minted
POSI-J-024729,j-bench-cytotherapy-1772,"Cytotherapy",1465-3249,S36838616,9999,minted
POSI-J-024730,j-bench-damage-1773,"Damage",3117-8448,S7407062363,17,minted
POSI-J-012557,j-bench-data-and-information-management-1774,"Data and Information Management",2543-9251,S4210174804,225,reused
POSI-J-024731,j-bench-data-knowledge-engineering-1775,"Data & Knowledge Engineering",0169-023X,S136993123,2686,minted
POSI-J-024732,j-bench-data-science-and-informetrics-1776,"Data Science and Informetrics",2694-6106,S4387290350,145,minted
POSI-J-013876,j-bench-data-science-and-management-1777,"Data Science and Management",2666-7649,S4210200631,189,reused
POSI-J-017495,j-bench-decarbon-1778,"DeCarbon",2949-8813,S4387288393,101,reused
POSI-J-005864,j-bench-decision-analytics-journal-1779,"Decision Analytics Journal",2772-6622,S4210184862,652,reused
POSI-J-024733,j-bench-decision-support-systems-1780,"Decision Support Systems",0167-9236,S11479521,4961,minted
POSI-J-018810,j-bench-decoding-infection-and-transmission-1781,"Decoding Infection and Transmission",2949-9240,S4387291674,63,reused
POSI-J-012749,j-bench-deep-brain-stimulation-1782,"Deep Brain Stimulation",2949-6691,S4387285667,221,reused
POSI-J-024734,j-bench-deep-resources-engineering-1783,"Deep Resources Engineering",2949-9305,S5407036926,82,minted
POSI-J-024735,j-bench-deep-sea-research-part-i-oceanographic-research-papers-1784,"Deep Sea Research Part I: Oceanographic Research Papers",0967-0637,S113880702,4564,minted
POSI-J-024736,j-bench-deep-sea-research-part-ii-topical-studies-in-oceanography-1785,"Deep Sea Research Part II: Topical Studies in Oceanography",0967-0645,S172051550,5412,minted
POSI-J-001836,j-bench-defence-technology-1786,"Defence Technology",2214-9147,S2736621015,2277,reused
POSI-J-024737,j-bench-dendrochronologia-1787,"Dendrochronologia",1125-7865,S75371934,1468,minted
POSI-J-024738,j-bench-dental-abstracts-1788,"Dental Abstracts",0011-8486,S2549936,6398,minted
POSI-J-024739,j-bench-dental-clinics-of-north-america-1789,"Dental Clinics of North America",0011-8532,S164311417,5241,minted
POSI-J-024740,j-bench-dental-materials-1790,"Dental Materials",0109-5641,S40121896,9104,minted
POSI-J-024741,j-bench-dental-research-1791,"Dental Research",3117-4876,S5407055140,25,minted
POSI-J-012919,j-bench-dentistry-review-1792,"Dentistry Review",2772-5596,S4210197995,217,reused
POSI-J-024742,j-bench-dermatologic-clinics-1793,"Dermatologic Clinics",0733-8635,S105469422,3531,minted
POSI-J-024743,j-bench-desalination-1794,"Desalination",0011-9164,S86512602,21133,minted
POSI-J-000578,j-bench-desalination-and-water-treatment-1795,"Desalination and Water Treatment",1944-3986,S124203677,20587,reused
POSI-J-024744,j-bench-design-and-artificial-intelligence-1796,"Design and Artificial Intelligence",3050-7413,S5407047471,36,minted
POSI-J-024745,j-bench-design-science-vision-1797,"Design Science Vision",2950-2624,S5407051133,2,minted
POSI-J-024746,j-bench-design-studies-1798,"Design Studies",0142-694X,S152445846,2301,minted
POSI-J-024747,j-bench-development-engineering-1799,"Development Engineering",2352-7285,S2898590181,209,minted
POSI-J-024748,j-bench-development-and-sustainability-in-economics-and-finance-1800,"Development and Sustainability in Economics and Finance",2950-5240,S4404669160,153,minted
POSI-J-024749,j-bench-developmental-cell-1801,"Developmental Cell",1534-5807,S83804233,6397,minted
POSI-J-002234,j-bench-developmental-cognitive-neuroscience-1802,"Developmental Cognitive Neuroscience",1878-9293,S176508836,1783,reused
POSI-J-024750,j-bench-developmental-comparative-immunology-1803,"Developmental & Comparative Immunology",0145-305X,S81563257,7917,minted
POSI-J-024751,j-bench-developmental-review-1804,"Developmental Review",0273-2297,S122700532,1109,minted
POSI-J-003927,j-bench-developments-in-the-built-environment-1805,"Developments in the Built Environment",2666-1659,S4210169634,997,reused
POSI-J-024752,j-bench-device-1806,"Device",2666-9986,S4387290120,624,minted
POSI-J-011966,j-bench-diabetes-epidemiology-and-management-1807,"Diabetes Epidemiology and Management",2666-9706,S4210215582,253,reused
POSI-J-024753,j-bench-diabetes-metabolic-syndrome-clinical-research-and-reviews-1808,"Diabetes & Metabolic Syndrome: Clinical Research and Reviews",1871-4021,S125677163,3121,minted
POSI-J-024754,j-bench-diabetes-metabolism-1809,"Diabetes & Metabolism",1262-3636,S49871393,6896,minted
POSI-J-024755,j-bench-diagnostic-histopathology-1810,"Diagnostic Histopathology",1756-2317,S4210229056,1565,minted
POSI-J-024756,j-bench-diagnostic-and-interventional-imaging-1811,"Diagnostic and Interventional Imaging",2211-5684,S2764583368,2154,minted
POSI-J-024757,j-bench-diagnostic-microbiology-and-infectious-disease-1812,"Diagnostic Microbiology and Infectious Disease",0732-8893,S80485324,8481,minted
POSI-J-010195,j-bench-dialogues-in-health-1813,"Dialogues in Health",2772-6533,S4210215874,333,reused
POSI-J-024758,j-bench-diamond-and-related-materials-1814,"Diamond and Related Materials",0925-9635,S124577123,14868,minted
POSI-J-024759,j-bench-differential-geometry-and-its-applications-1815,"Differential Geometry and its Applications",0926-2245,S100028386,2338,minted
POSI-J-024760,j-bench-differentiation-1816,"Differentiation",0301-4681,S53475899,3861,minted
POSI-J-024761,j-bench-digestive-and-liver-disease-supplements-1817,"Digestive and Liver Disease Supplements",1594-5804,S189371646,89,minted
POSI-J-024762,j-bench-digital-applications-in-archaeology-and-cultural-heritage-1818,"Digital Applications in Archaeology and Cultural Heritage",2212-0548,S2898509050,562,minted
POSI-J-014180,j-bench-digital-business-1819,"Digital Business",2666-9544,S4210225848,180,reused
POSI-J-010345,j-bench-digital-chemical-engineering-1820,"Digital Chemical Engineering",2772-5081,S4210211385,322,reused
POSI-J-024763,j-bench-digital-chinese-medicine-1821,"Digital Chinese Medicine",2589-3777,S4210178905,317,minted
POSI-J-003663,j-bench-digital-communications-and-networks-1822,"Digital Communications and Networks",2352-8648,S2495769766,1053,reused
POSI-J-022776,j-bench-digital-dentistry-journal-1823,"Digital Dentistry Journal",2950-6433,S5407037129,107,reused
POSI-J-016110,j-bench-digital-engineering-1824,"Digital Engineering",2950-550X,S4404674960,132,reused
POSI-J-014396,j-bench-digital-geography-and-society-1825,"Digital Geography and Society",2666-3783,S4210207187,177,reused
POSI-J-024764,j-bench-digital-signal-processing-1826,"Digital Signal Processing",1051-2004,S64117906,6709,minted
POSI-J-024765,j-bench-disability-and-health-journal-1827,"Disability and Health Journal",1936-6574,S182504092,1953,minted
POSI-J-024766,j-bench-discourse-context-media-1828,"Discourse, Context & Media",2211-6958,S2764413953,746,minted
POSI-J-024767,j-bench-discrete-applied-mathematics-1829,"Discrete Applied Mathematics",0166-218X,S171741597,12182,minted
POSI-J-024768,j-bench-discrete-mathematics-1830,"Discrete Mathematics",0012-365X,S18902827,19097,minted
POSI-J-024769,j-bench-discrete-optimization-1831,"Discrete Optimization",1572-5286,S203549655,839,minted
POSI-J-024770,j-bench-disease-a-month-1832,"Disease-a-Month",0011-5029,S119300341,3203,minted
POSI-J-024771,j-bench-disease-and-therapeutics-1833,"Disease and Therapeutics",3050-9998,S5407047531,19,minted
POSI-J-024772,j-bench-displays-1834,"Displays",0141-9382,S191329154,4824,minted
POSI-J-024773,j-bench-dna-repair-1835,"DNA Repair",1568-7864,S3892243,3727,minted
POSI-J-024774,j-bench-domestic-animal-endocrinology-1836,"Domestic Animal Endocrinology",0739-7240,S105143944,2565,minted
POSI-J-024775,j-bench-douleurs-valuation-diagnostic-traitement-1837,"Douleurs : Évaluation – Diagnostic – Traitement",1624-5687,S86123603,2784,minted
POSI-J-024776,j-bench-drug-and-alcohol-dependence-1838,"Drug and Alcohol Dependence",0376-8716,S109998069,16230,minted
POSI-J-007926,j-bench-drug-and-alcohol-dependence-reports-1839,"Drug and Alcohol Dependence Reports",2772-7246,S4210226263,451,reused
POSI-J-024777,j-bench-drug-discovery-today-1840,"Drug Discovery Today",1359-6446,S152068293,7743,minted
POSI-J-024778,j-bench-drug-metabolism-and-disposition-1841,"Drug Metabolism and Disposition",0090-9556,S145039780,10500,minted
POSI-J-024779,j-bench-drug-metabolism-and-pharmacokinetics-1842,"Drug Metabolism and Pharmacokinetics",1347-4367,S185835163,3496,minted
POSI-J-024780,j-bench-drug-resistance-updates-1843,"Drug Resistance Updates",1368-7646,S47159833,1254,minted
POSI-J-024781,j-bench-dyes-and-pigments-1844,"Dyes and Pigments",0143-7208,S137084839,13705,minted
POSI-J-024782,j-bench-dynamics-of-atmospheres-and-oceans-1845,"Dynamics of Atmospheres and Oceans",0377-0265,S29696369,1749,minted
POSI-J-024783,j-bench-eanm-innovation-1846,"EANM Innovation",3051-2913,S5407051488,273,minted
POSI-J-024784,j-bench-the-eanm-journal-1847,"The EANM Journal",3051-2921,S5407051744,43,minted
POSI-J-024785,j-bench-early-childhood-research-quarterly-1848,"Early Childhood Research Quarterly",0885-2006,S114141255,2628,minted
POSI-J-024786,j-bench-early-human-development-1849,"Early Human Development",0378-3782,S124424368,8630,minted
POSI-J-018647,j-bench-earth-critical-zone-1850,"Earth Critical Zone",2950-4767,S5407037077,71,reused
POSI-J-019291,j-bench-earth-energy-science-1851,"Earth Energy Science",2950-1547,S4404677259,51,reused
POSI-J-019670,j-bench-earth-history-and-biodiversity-1852,"Earth History and Biodiversity",2950-4759,S4404660922,41,reused
POSI-J-024787,j-bench-earth-and-planetary-science-advances-1853,"Earth and Planetary Science Advances",3117-6798,S7407057696,5,minted
POSI-J-024788,j-bench-earth-science-reviews-1854,"Earth-Science Reviews",0012-8252,S40187045,6987,minted
POSI-J-024789,j-bench-earth-system-1855,"Earth System",3051-3111,,0,minted
POSI-J-010434,j-bench-earth-system-governance-1856,"Earth System Governance",2589-8116,S4210220330,317,reused
POSI-J-024790,j-bench-earthquake-research-advances-1857,"Earthquake Research Advances",2772-4670,S4393918158,223,minted
POSI-J-004519,j-bench-earthquake-science-1858,"Earthquake Science",1674-4519,S4306546413,2520,reused
POSI-J-024791,j-bench-eating-behaviors-1859,"Eating Behaviors",1471-0153,S131708376,2015,minted
POSI-J-024792,j-bench-ebes-sustainable-building-1860,"EBES Sustainable Building",3051-2441,S7407056088,8,minted
POSI-J-000857,j-bench-ebiomedicine-1861,"EBioMedicine",2352-3964,S2531685872,6341,reused
POSI-J-001141,j-bench-eclinicalmedicine-1862,"EClinicalMedicine",2589-5370,S2898347799,4045,reused
POSI-J-012372,j-bench-eco-environment-health-1863,"Eco-Environment & Health",2772-9850,S4220651295,243,reused
POSI-J-024793,j-bench-ecohydrology-hydrobiology-1864,"Ecohydrology & Hydrobiology",1642-3593,S49770870,1152,minted
POSI-J-024794,j-bench-ecological-complexity-1865,"Ecological Complexity",1476-945X,S82072675,1064,minted
POSI-J-024795,j-bench-ecological-engineering-1866,"Ecological Engineering",0925-8574,S134185576,7634,minted
POSI-J-024796,j-bench-ecological-frontiers-1867,"Ecological Frontiers",2950-5097,S5407037086,527,minted
POSI-J-024797,j-bench-ecological-genetics-and-genomics-1868,"Ecological Genetics and Genomics",2405-9854,S2898331840,503,minted
POSI-J-000614,j-bench-ecological-indicators-1869,"Ecological Indicators",1470-160X,S194154261,15291,reused
POSI-J-001170,j-bench-ecological-informatics-1870,"Ecological Informatics",1574-9541,S195809937,3908,reused
POSI-J-024798,j-bench-ecological-modelling-1871,"Ecological Modelling",0304-3800,S88315673,12057,minted
POSI-J-024799,j-bench-econometrics-and-statistics-1872,"Econometrics and Statistics",2452-3062,S2898363556,524,minted
POSI-J-010465,j-bench-economia-1873,"EconomiA",1517-7580,S4210229507,305,reused
POSI-J-024800,j-bench-economic-analysis-and-policy-1874,"Economic Analysis and Policy",0313-5926,S2898574612,3318,minted
POSI-J-024801,j-bench-economic-systems-1875,"Economic Systems",0939-3625,S206007305,1294,minted
POSI-J-024802,j-bench-economics-of-education-review-1876,"Economics of Education Review",0272-7757,S4888523,3375,minted
POSI-J-024803,j-bench-economics-human-biology-1877,"Economics & Human Biology",1570-677X,S19927788,1537,minted
POSI-J-024804,j-bench-economics-of-transportation-1878,"Economics of Transportation",2212-0122,S2898237991,294,minted
POSI-J-024805,j-bench-ecosystem-services-1879,"Ecosystem Services",2212-0416,S2764388848,1993,minted
POSI-J-000575,j-bench-ecotoxicology-and-environmental-safety-1880,"Ecotoxicology and Environmental Safety",0147-6513,S13733787,20188,reused
POSI-J-001400,j-bench-educaci-n-m-dica-1881,"Educación Médica",1575-1813,S2898578271,3042,reused
POSI-J-024806,j-bench-education-for-chemical-engineers-1882,"Education for Chemical Engineers",1749-7728,S169515672,551,minted
POSI-J-024807,j-bench-educational-research-review-1883,"Educational Research Review",1747-938X,S43764696,1537,minted
POSI-J-024808,j-bench-efb-bioeconomy-journal-1884,"EFB Bioeconomy Journal",2667-0410,S4210201671,68,minted
POSI-J-004072,j-bench-egyptian-informatics-journal-1885,"Egyptian Informatics Journal",1110-8665,S97403527,953,reused
POSI-J-004890,j-bench-the-egyptian-journal-of-aquatic-research-1886,"The Egyptian Journal of Aquatic Research",1687-4285,S2764850074,778,reused
POSI-J-004843,j-bench-egyptian-journal-of-petroleum-1887,"Egyptian Journal of Petroleum",1110-0621,S2764783832,791,reused
POSI-J-004751,j-bench-the-egyptian-journal-of-remote-sensing-and-space-science-1888,"The Egyptian Journal of Remote Sensing and Space Science",1110-9823,S2764483130,808,reused
POSI-J-024809,j-bench-the-egyptian-rheumatologist-1889,"The Egyptian Rheumatologist",1110-1164,S2764430323,823,minted
POSI-J-007006,j-bench-ejc-pediatric-oncology-1890,"EJC Pediatric Oncology",2772-610X,S4220651948,531,reused
POSI-J-003369,j-bench-ejc-skin-cancer-1891,"EJC Skin Cancer",2772-6118,S4387288999,1141,reused
POSI-J-000503,j-bench-ejves-vascular-forum-1892,"EJVES Vascular Forum",2666-688X,S4210233477,682,reused
POSI-J-024810,j-bench-electoral-studies-1893,"Electoral Studies",0261-3794,S124584455,3706,minted
POSI-J-024811,j-bench-electric-power-systems-research-1894,"Electric Power Systems Research",0378-7796,S151498627,13390,minted
POSI-J-024812,j-bench-the-electricity-journal-1895,"The Electricity Journal",1040-6190,S135262353,5438,minted
POSI-J-000763,j-bench-electrochemistry-communications-1896,"Electrochemistry Communications",1388-2481,S1342386,8309,reused
POSI-J-024813,j-bench-electronic-commerce-research-and-applications-1897,"Electronic Commerce Research and Applications",1567-4223,S187709482,1680,minted
POSI-J-002492,j-bench-electronic-journal-of-biotechnology-1898,"Electronic Journal of Biotechnology",0717-3458,S167562393,1577,reused
POSI-J-024814,j-bench-emc-akos-trattato-di-medicina-1899,"EMC - AKOS - Trattato di Medicina",1634-7358,S2898526149,489,minted
POSI-J-024815,j-bench-emc-anestesia-reanimaci-n-1900,"EMC - Anestesia-Reanimación",1280-4703,S2898136465,399,minted
POSI-J-024816,j-bench-emc-anestesia-rianimazione-1901,"EMC - Anestesia-Rianimazione",1283-0771,S2898607094,313,minted
POSI-J-024817,j-bench-emc-aparato-locomotor-1902,"EMC - Aparato Locomotor",1286-935X,S2898603162,577,minted
POSI-J-024818,j-bench-emc-cirug-a-general-1903,"EMC - Cirugía General",1634-7080,S2898520997,144,minted
POSI-J-024819,j-bench-emc-cirug-a-otorrinolaringol-gica-y-cervicofacial-1904,"EMC - Cirugía Otorrinolaringológica y Cervicofacial",1635-2505,S2898404821,172,minted
POSI-J-024820,j-bench-emc-cirug-a-pl-stica-reparadora-y-est-tica-1905,"EMC - Cirugía Plástica Reparadora y Estética",1634-2143,S2898348681,194,minted
POSI-J-024821,j-bench-emc-cosmetologia-medica-e-medicina-degli-inestetismi-cutanei-1906,"EMC - Cosmetologia Medica e Medicina degli Inestetismi Cutanei",1776-0313,S2898137980,133,minted
POSI-J-024822,j-bench-emc-dermatolog-a-1907,"EMC - Dermatología",1761-2896,S2898488984,365,minted
POSI-J-024823,j-bench-emc-ginecolog-a-obstetricia-1908,"EMC - Ginecología-Obstetricia",1283-081X,S2898360978,546,minted
POSI-J-024824,j-bench-emc-kinesiterapia-medicina-fisica-1909,"EMC - Kinesiterapia - Medicina Fisica",1293-2965,S2898499321,298,minted
POSI-J-024825,j-bench-emc-medicina-riabilitativa-1910,"EMC - Medicina Riabilitativa",1283-078X,S2898401270,241,minted
POSI-J-024826,j-bench-emc-neurologia-1911,"EMC - Neurologia",1634-7072,S2898164041,320,minted
POSI-J-024827,j-bench-emc-otorinolaringoiatria-1912,"EMC - Otorinolaringoiatria",1639-870X,S2898140962,293,minted
POSI-J-024828,j-bench-emc-otorrinolaringolog-a-1913,"EMC - Otorrinolaringología",1632-3475,S2898571332,454,minted
POSI-J-024829,j-bench-emc-pediatr-a-1914,"EMC - Pediatría",1245-1789,S2898242585,557,minted
POSI-J-024830,j-bench-emc-podolog-a-1915,"EMC - Podología",1762-827X,S2898183713,227,minted
POSI-J-024831,j-bench-emc-t-cnicas-quir-rgicas-aparato-digestivo-1916,"EMC - Técnicas Quirúrgicas - Aparato Digestivo",1282-9129,S2898303968,283,minted
POSI-J-024832,j-bench-emc-t-cnicas-quir-rgicas-ortopedia-y-traumatolog-a-1917,"EMC - Técnicas Quirúrgicas - Ortopedia y Traumatología",2211-033X,S2898589201,286,minted
POSI-J-024833,j-bench-emc-tecniche-chirurgiche-addominale-1918,"EMC - Tecniche Chirurgiche Addominale",1283-0798,S2898333221,216,minted
POSI-J-024834,j-bench-emc-tecniche-chirurgiche-chirurgia-generale-1919,"EMC - Tecniche Chirurgiche - Chirurgia Generale",1636-5577,S2898554310,139,minted
POSI-J-024835,j-bench-emc-tecniche-chirurgiche-chirurgia-orl-e-cervico-facciale-1920,"EMC - Tecniche Chirurgiche - Chirurgia ORL e Cervico-Facciale",1292-3036,S2898188367,128,minted
POSI-J-024836,j-bench-emc-tecniche-chirurgiche-chirurgia-ortopedica-1921,"EMC - Tecniche Chirurgiche - Chirurgia Ortopedica",2211-0801,S4306509234,369,minted
POSI-J-024837,j-bench-emc-tecniche-chirurgiche-chirurgia-plastica-ricostruttiva-ed-1922,"EMC - Tecniche Chirurgiche - Chirurgia Plastica, Ricostruttiva ed Estetica",1769-6704,S2898273665,157,minted
POSI-J-024838,j-bench-emc-tecniche-chirurgiche-torace-1923,"EMC - Tecniche Chirurgiche Torace",1288-3336,S2898532015,70,minted
POSI-J-024839,j-bench-emc-tecniche-chirurgiche-vascolare-1924,"EMC - Tecniche Chirurgiche Vascolare",1283-0801,S2898602032,151,minted
POSI-J-024840,j-bench-emc-tratado-de-medicina-1925,"EMC - Tratado de Medicina",1636-5410,S2898134460,1400,minted
POSI-J-024841,j-bench-emc-urgenze-1926,"EMC - Urgenze",1286-9341,S2898520932,202,minted
POSI-J-024842,j-bench-emc-urolog-a-1927,"EMC - Urología",1761-3310,S2898420889,459,minted
POSI-J-024843,j-bench-emergency-medicine-clinics-of-north-america-1928,"Emergency Medicine Clinics of North America",0733-8627,S157616481,3273,minted
POSI-J-024844,j-bench-emerging-animal-species-1929,"Emerging Animal Species",2772-8137,S4220650818,53,minted
POSI-J-024845,j-bench-emerging-contaminants-1930,"Emerging Contaminants",2405-6650,S2898204233,607,minted
POSI-J-024846,j-bench-emerging-markets-review-1931,"Emerging Markets Review",1566-0141,S197112600,1349,minted
POSI-J-011381,j-bench-emerging-trends-in-drugs-addictions-and-health-1932,"Emerging Trends in Drugs, Addictions, and Health",2667-1182,S4210226710,267,reused
POSI-J-024847,j-bench-emotion-space-and-society-1933,"Emotion, Space and Society",1755-4586,S150370431,1052,minted
POSI-J-024848,j-bench-l-enc-phale-1934,"L’Encéphale",0013-7006,S4210168811,3201,minted
POSI-J-024849,j-bench-endeavour-1935,"Endeavour",0160-9327,S65315170,5502,minted
POSI-J-011572,j-bench-endocrine-and-metabolic-science-1936,"Endocrine and Metabolic Science",2666-3961,S4210216910,265,reused
POSI-J-024850,j-bench-endocrine-practice-1937,"Endocrine Practice",1530-891X,S165390330,12433,minted
POSI-J-024851,j-bench-endocrinolog-a-diabetes-y-nutrici-n-1938,"Endocrinología, Diabetes y Nutrición",2530-0164,S2898417141,1664,minted
POSI-J-024852,j-bench-endocrinolog-a-diabetes-y-nutrici-n-english-ed-1939,"Endocrinología, Diabetes y Nutrición (English ed.)",2530-0180,S4210198968,1040,minted
POSI-J-024853,j-bench-endocrinology-and-metabolism-clinics-of-north-america-1940,"Endocrinology and Metabolism Clinics of North America",0889-8529,S151814236,2720,minted
POSI-J-009545,j-bench-energetic-materials-frontiers-1941,"Energetic Materials Frontiers",2666-6472,S4210230316,364,reused
POSI-J-024854,j-bench-energy-360-1942,"Energy 360",2950-4872,S4404677314,81,minted
POSI-J-004981,j-bench-energy-and-ai-1943,"Energy and AI",2666-5468,S4210241048,817,reused
POSI-J-024855,j-bench-energy-and-buildings-1944,"Energy and Buildings",0378-7788,S6846437,17812,minted
POSI-J-007110,j-bench-energy-and-built-environment-1945,"Energy and Built Environment",2666-1233,S4210206740,521,reused
POSI-J-024856,j-bench-energy-and-climate-change-1946,"Energy and Climate Change",2666-2787,S4210178894,310,minted
POSI-J-001957,j-bench-energy-conversion-and-management-x-1947,"Energy Conversion and Management: X",2590-1745,S4210191901,2175,reused
POSI-J-024857,j-bench-energy-efficiency-first-1948,"Energy Efficiency First",2950-1563,S4404660696,17,minted
POSI-J-024858,j-bench-energy-environmental-sustainability-1949,"Energy & Environmental Sustainability",3050-7456,S5407047473,55,minted
POSI-J-024859,j-bench-energy-foresight-1950,"Energy Foresight",2097-7204,S7407056073,43,minted
POSI-J-007604,j-bench-energy-geoscience-1951,"Energy Geoscience",2666-7592,S4210235428,486,reused
POSI-J-005304,j-bench-energy-nexus-1952,"Energy Nexus",2772-4271,S4210238917,775,reused
POSI-J-024860,j-bench-energy-policy-1953,"Energy Policy",0301-4215,S175056054,17407,minted
POSI-J-000725,j-bench-energy-reports-1954,"Energy Reports",2352-4847,S2898434319,9586,reused
POSI-J-024861,j-bench-energy-research-social-science-1955,"Energy Research & Social Science",2214-6296,S2764593084,4596,minted
POSI-J-017136,j-bench-energy-reviews-1956,"Energy Reviews",2772-9702,S4220651156,108,reused
POSI-J-024862,j-bench-energy-and-safety-science-1957,"Energy and Safety Science",3117-7581,S7407058269,7,minted
POSI-J-024863,j-bench-energy-storage-materials-1958,"Energy Storage Materials",2405-8297,S2764728150,5484,minted
POSI-J-001916,j-bench-energy-strategy-reviews-1959,"Energy Strategy Reviews",2211-467X,S2764911704,2147,reused
POSI-J-024864,j-bench-energy-for-sustainable-development-1960,"Energy for Sustainable Development",0973-0826,S186823356,2642,minted
POSI-J-024865,j-bench-energychem-1961,"EnergyChem",2589-7780,S4210219518,180,minted
POSI-J-006180,j-bench-eneurologicalsci-1962,"eNeurologicalSci",2405-6502,S2898211317,599,reused
POSI-J-024866,j-bench-enfermedades-infecciosas-y-microbiolog-a-cl-nica-1963,"Enfermedades Infecciosas y Microbiología Clínica",0213-005X,S162752106,5529,minted
POSI-J-024867,j-bench-enfermedades-infecciosas-y-microbiologia-clinica-english-ed-1964,"Enfermedades infecciosas y microbiologia clinica (English ed.)",2529-993X,S4210205191,1624,minted
POSI-J-024868,j-bench-enfermer-a-cl-nica-1965,"Enfermería Clínica",1130-8621,S2898377691,3003,minted
POSI-J-024869,j-bench-enfermer-a-cl-nica-english-edition-1966,"Enfermería Clínica (English Edition)",2445-1479,S4210217426,678,minted
POSI-J-024870,j-bench-enfermer-a-intensiva-1967,"Enfermería Intensiva",1130-2399,S2898091433,937,minted
POSI-J-024871,j-bench-enfermer-a-intensiva-english-ed-1968,"Enfermería Intensiva (English ed.)",2529-9840,S4210232311,366,minted
POSI-J-013648,j-bench-engineered-regeneration-1969,"Engineered Regeneration",2666-1381,S4210220692,196,reused
POSI-J-001567,j-bench-engineering-1970,"Engineering",2095-8099,S4210192142,2704,reused
POSI-J-024872,j-bench-engineering-analysis-with-boundary-elements-1971,"Engineering Analysis with Boundary Elements",0955-7997,S5226199,6948,minted
POSI-J-024873,j-bench-engineering-applications-of-artificial-intelligence-1972,"Engineering Applications of Artificial Intelligence",0952-1976,S900972176,14424,minted
POSI-J-024874,j-bench-engineering-failure-analysis-1973,"Engineering Failure Analysis",1350-6307,S152303250,10693,minted
POSI-J-024875,j-bench-engineering-fracture-mechanics-1974,"Engineering Fracture Mechanics",0013-7944,S17983605,15809,minted
POSI-J-024876,j-bench-engineering-geology-1975,"Engineering Geology",0013-7952,S65957803,8742,minted
POSI-J-014297,j-bench-engineering-microbiology-1976,"Engineering Microbiology",2667-3703,S4210225678,178,reused
POSI-J-002016,j-bench-engineering-science-and-technology-an-international-journal-1977,"Engineering Science and Technology, an International Journal",2215-0986,S2764510487,2015,reused
POSI-J-024877,j-bench-english-for-specific-purposes-1978,"English for Specific Purposes",0889-4906,S152281954,1698,minted
POSI-J-017825,j-bench-engmedicine-1979,"EngMedicine",2950-4899,S5407037083,93,reused
POSI-J-024878,j-bench-entertainment-computing-1980,"Entertainment Computing",1875-9521,S185496201,1140,minted
POSI-J-000616,j-bench-environment-international-1981,"Environment International",0160-4120,S143381477,14825,reused
POSI-J-005338,j-bench-environmental-advances-1982,"Environmental Advances",2666-7657,S4210181357,736,reused
POSI-J-002466,j-bench-environmental-challenges-1983,"Environmental Challenges",2667-0100,S4210194378,1629,reused
POSI-J-006547,j-bench-environmental-chemistry-and-ecotoxicology-1984,"Environmental Chemistry and Ecotoxicology",2590-1826,S4210226396,593,reused
POSI-J-024879,j-bench-environmental-development-1985,"Environmental Development",2211-4645,S2764564261,1367,minted
POSI-J-000858,j-bench-environmental-and-experimental-botany-1986,"Environmental and Experimental Botany",0098-8472,S202986090,6326,reused
POSI-J-024880,j-bench-environmental-functional-materials-1987,"Environmental Functional Materials",2773-0581,S4387280616,120,minted
POSI-J-024881,j-bench-environmental-impact-assessment-review-1988,"Environmental Impact Assessment Review",0195-9255,S167829764,4150,minted
POSI-J-024882,j-bench-environmental-innovation-and-societal-transitions-1989,"Environmental Innovation and Societal Transitions",2210-4224,S2764720322,1121,minted
POSI-J-024883,j-bench-environmental-management-emerging-contaminants-1990,"Environmental Management: Emerging Contaminants",3117-5929,,0,minted
POSI-J-024884,j-bench-environmental-management-smart-solutions-1991,"Environmental Management: Smart Solutions",3117-6496,,0,minted
POSI-J-024885,j-bench-environmental-modelling-software-1992,"Environmental Modelling & Software",1364-8152,S113611870,5962,minted
POSI-J-024886,j-bench-environmental-nanotechnology-monitoring-management-1993,"Environmental Nanotechnology, Monitoring & Management",2215-1532,S2764626169,1189,minted
POSI-J-024887,j-bench-environmental-nexus-1994,"Environmental Nexus",3050-9890,S5407051044,25,minted
POSI-J-018155,j-bench-environmental-pollution-and-management-1995,"Environmental Pollution and Management",2950-3051,S4394906703,89,reused
POSI-J-024888,j-bench-environmental-risk-1996,"Environmental Risk",3117-9274,S7407063491,2,minted
POSI-J-024889,j-bench-environmental-science-and-ecotechnology-1997,"Environmental Science and Ecotechnology",2666-4984,S4210228708,515,minted
POSI-J-024890,j-bench-environmental-science-policy-1998,"Environmental Science & Policy",1462-9011,S39803240,4618,minted
POSI-J-024891,j-bench-environmental-surfaces-and-interfaces-1999,"Environmental Surfaces and Interfaces",2949-8643,S4387290112,66,minted
POSI-J-002834,j-bench-environmental-and-sustainability-indicators-2000,"Environmental and Sustainability Indicators",2665-9727,S4210231789,1444,reused
POSI-J-001077,j-bench-environmental-technology-innovation-2001,"Environmental Technology & Innovation",2352-1864,S2764865870,4408,reused
POSI-J-024892,j-bench-environmental-toxicology-and-pharmacology-2002,"Environmental Toxicology and Pharmacology",1382-6689,S108944336,4783,minted
POSI-J-024893,j-bench-enzyme-and-microbial-technology-2003,"Enzyme and Microbial Technology",0141-0229,S4210230422,9203,minted
POSI-J-004036,j-bench-epidemics-2004,"Epidemics",1755-4365,S24717195,946,reused
POSI-J-024894,j-bench-epilepsy-behavior-2005,"Epilepsy & Behavior",1525-5050,S109517664,11116,minted
POSI-J-006759,j-bench-epilepsy-behavior-reports-2006,"Epilepsy & Behavior Reports ",2589-9864,S4210206701,551,reused
POSI-J-024895,j-bench-epilepsy-research-2007,"Epilepsy Research",0920-1211,S144140688,6017,minted
POSI-J-024896,j-bench-e-prime-nexus-of-electrical-electronic-and-intelligent-engin-2008,"e-Prime – Nexus of Electrical, Electronic, and Intelligent Engineering",3117-5112,S7407053762,87,minted
POSI-J-024897,j-bench-equity-neuroscience-2009,"Equity Neuroscience",3050-8401,S5407047493,63,minted
POSI-J-008757,j-bench-escience-2010,"eScience",2667-1417,S4210209524,409,reused
POSI-J-024898,j-bench-escience-energy-2011,"eScience Energy",3050-9955,S5407051598,61,minted
POSI-J-010937,j-bench-esmo-gastrointestinal-oncology-2012,"ESMO Gastrointestinal Oncology",2949-8198,S4389157763,315,reused
POSI-J-000775,j-bench-esmo-open-2013,"ESMO Open",2059-7029,S4210217024,8323,reused
POSI-J-024899,j-bench-esmo-rare-cancers-2014,"ESMO Rare Cancers",3050-4619,S4404674863,390,minted
POSI-J-000322,j-bench-esmo-real-world-data-and-digital-oncology-2015,"ESMO Real World Data and Digital Oncology",2949-8201,S4389157630,604,reused
POSI-J-024900,j-bench-estuarine-coastal-and-shelf-science-2016,"Estuarine, Coastal and Shelf Science",0272-7714,S43867544,11066,minted
POSI-J-024901,j-bench-ethics-medicine-and-public-health-2017,"Ethics, Medicine and Public Health",2352-5525,S2764918286,1257,minted
POSI-J-024902,j-bench-thique-sant-2018,"Éthique & Santé",1765-4629,S2898571664,1251,minted
POSI-J-024903,j-bench-etransportation-2019,"eTransportation",2590-1168,S4210225447,581,minted
POSI-J-013197,j-bench-eular-rheumatology-open-2020,"EULAR Rheumatology Open",3050-7081,S5407047460,221,reused
POSI-J-024904,j-bench-eupa-open-proteomics-2021,"EuPA Open Proteomics",2212-9685,S2764578483,181,minted
POSI-J-011552,j-bench-euro-journal-on-computational-optimization-2022,"EURO Journal on Computational Optimization",2192-4406,S4210171502,261,reused
POSI-J-014206,j-bench-euro-journal-on-decision-processes-2023,"EURO Journal on Decision Processes",2193-9438,S4210193571,176,reused
POSI-J-010473,j-bench-euro-journal-on-transportation-and-logistics-2024,"EURO Journal on Transportation and Logistics",2192-4376,S2764539693,303,reused
POSI-J-024905,j-bench-european-annals-of-otorhinolaryngology-head-and-neck-disease-2025,"European Annals of Otorhinolaryngology, Head and Neck Diseases",1879-7296,S6819782,1907,minted
POSI-J-024906,j-bench-european-journal-of-agronomy-2026,"European Journal of Agronomy",1161-0301,S129843401,4044,minted
POSI-J-000611,j-bench-european-journal-of-cancer-supplements-2027,"European Journal of Cancer Supplements",1359-6349,S13410216,15236,reused
POSI-J-001721,j-bench-european-journal-of-cell-biology-2028,"European Journal of Cell Biology",0171-9335,S170067410,2364,reused
POSI-J-024907,j-bench-european-journal-of-combinatorics-2029,"European Journal of Combinatorics",0195-6698,S204851967,5199,minted
POSI-J-024908,j-bench-european-journal-of-control-2030,"European Journal of Control",0947-3580,S21401918,2834,minted
POSI-J-024909,j-bench-european-journal-of-integrative-medicine-2031,"European Journal of Integrative Medicine",1876-3820,S131488450,3634,minted
POSI-J-024910,j-bench-european-journal-of-internal-medicine-2032,"European Journal of Internal Medicine",0953-6205,S138083468,9826,minted
POSI-J-024911,j-bench-european-journal-of-mechanics-a-solids-2033,"European Journal of Mechanics - A/Solids",0997-7538,S197285952,4353,minted
POSI-J-024912,j-bench-european-journal-of-mechanics-b-fluids-2034,"European Journal of Mechanics - B/Fluids",0997-7546,S75679255,3143,minted
POSI-J-024913,j-bench-european-journal-of-medical-genetics-2035,"European Journal of Medical Genetics",1769-7212,S160362754,2928,minted
POSI-J-024914,j-bench-european-journal-of-medicinal-chemistry-2036,"European Journal of Medicinal Chemistry",0223-5234,S4210169613,19100,minted
POSI-J-009695,j-bench-european-journal-of-medicinal-chemistry-reports-2037,"European Journal of Medicinal Chemistry Reports",2772-4174,S4210220500,352,reused
POSI-J-024915,j-bench-european-journal-of-obstetrics-gynecology-and-reproductive-b-2038,"European Journal of Obstetrics & Gynecology and Reproductive Biology",0301-2115,S17762386,18965,minted
POSI-J-008053,j-bench-european-journal-of-obstetrics-gynecology-and-reproductive-b-2039,"European Journal of Obstetrics & Gynecology and Reproductive Biology: X",2590-1613,S4210211232,445,reused
POSI-J-024916,j-bench-european-journal-of-oncology-nursing-2040,"European Journal of Oncology Nursing",1462-3889,S198387837,3787,minted
POSI-J-024917,j-bench-european-journal-of-paediatric-neurology-2041,"European Journal of Paediatric Neurology",1090-3798,S30097070,7270,minted
POSI-J-000714,j-bench-european-journal-of-pharmaceutical-sciences-2042,"European Journal of Pharmaceutical Sciences",0928-0987,S119477091,9692,reused
POSI-J-024918,j-bench-european-journal-of-pharmaceutics-and-biopharmaceutics-2043,"European Journal of Pharmaceutics and Biopharmaceutics",0939-6411,S122302516,7015,minted
POSI-J-024919,j-bench-european-journal-of-political-economy-2044,"European Journal of Political Economy",0176-2680,S100134864,2851,minted
POSI-J-024920,j-bench-european-journal-of-protistology-2045,"European Journal of Protistology",0932-4739,S172934240,2378,minted
POSI-J-024921,j-bench-the-european-journal-of-psychiatry-2046,"The European Journal of Psychiatry",0213-6163,S26676506,792,minted
POSI-J-024922,j-bench-european-journal-of-radiology-2047,"European Journal of Radiology",0720-048X,S22285447,12836,minted
POSI-J-022759,j-bench-european-journal-of-radiology-artificial-intelligence-2048,"European Journal of Radiology Artificial Intelligence",3050-5771,S5407047407,119,reused
POSI-J-004984,j-bench-european-journal-of-radiology-open-2049,"European Journal of Radiology Open",2352-0477,S2898348495,775,reused
POSI-J-024923,j-bench-european-journal-of-soil-biology-2050,"European Journal of Soil Biology",1164-5563,S126894729,1917,minted
POSI-J-024924,j-bench-european-journal-of-surgical-oncology-2051,"European Journal of Surgical Oncology",0748-7983,S158473028,21007,minted
POSI-J-024925,j-bench-european-journal-of-trauma-dissociation-2052,"European Journal of Trauma & Dissociation",2468-7499,S2898461278,725,minted
POSI-J-024926,j-bench-european-journal-of-vascular-and-endovascular-surgery-2053,"European Journal of Vascular and Endovascular Surgery",1078-5884,S138569045,14274,minted
POSI-J-024927,j-bench-european-management-journal-2054,"European Management Journal",0263-2373,S105567970,3457,minted
POSI-J-024928,j-bench-european-polymer-journal-2055,"European Polymer Journal",0014-3057,S135472351,19802,minted
POSI-J-010917,j-bench-european-research-on-management-and-business-economics-2056,"European Research on Management and Business Economics",2444-8834,S2898275063,288,reused
POSI-J-018689,j-bench-european-transport-studies-2057,"European Transport Studies",2950-2985,S4404664188,77,reused
POSI-J-024929,j-bench-european-urology-focus-2058,"European Urology Focus",2405-4569,S2764909046,2289,minted
POSI-J-024930,j-bench-european-urology-oncology-2059,"European Urology Oncology",2588-9311,S2898501490,1430,minted
POSI-J-000747,j-bench-european-urology-open-science-2060,"European Urology Open Science",2666-1683,S4210182343,8687,reused
POSI-J-024931,j-bench-evaluation-and-program-planning-2061,"Evaluation and Program Planning",0149-7189,S1842953,3648,minted
POSI-J-024932,j-bench-evolution-and-human-behavior-2062,"Evolution and Human Behavior",1090-5138,S148068116,1940,minted
POSI-J-024933,j-bench-l-volution-psychiatrique-2063,"L'Évolution Psychiatrique",0014-3855,S128189301,2731,minted
POSI-J-015348,j-bench-evolving-earth-2064,"Evolving Earth",2950-1172,S4387290116,153,reused
POSI-J-014022,j-bench-examples-and-counterexamples-2065,"Examples and Counterexamples",2666-657X,S4210200510,183,reused
POSI-J-000761,j-bench-experimental-gerontology-2066,"Experimental Gerontology",0531-5565,S122591147,8371,reused
POSI-J-024934,j-bench-experimental-hematology-2067,"Experimental Hematology",0301-472X,S72188638,8262,minted
POSI-J-000977,j-bench-experimental-and-molecular-pathology-2068,"Experimental and Molecular Pathology",0014-4800,S111757857,5059,reused
POSI-J-024935,j-bench-experimental-parasitology-2069,"Experimental Parasitology",0014-4894,S102868315,8946,minted
POSI-J-024936,j-bench-experimental-thermal-and-fluid-science-2070,"Experimental Thermal and Fluid Science",0894-1777,S130017051,6655,minted
POSI-J-024937,j-bench-expert-systems-with-applications-x-2071,"Expert Systems with Applications: X",2590-1885,S4210185740,31,minted
POSI-J-024938,j-bench-explorations-in-economic-history-2072,"Explorations in Economic History",0014-4983,S145471836,1795,minted
POSI-J-004980,j-bench-exploratory-research-in-clinical-and-social-pharmacy-2073,"Exploratory Research in Clinical and Social Pharmacy",2667-2766,S4210220726,770,reused
POSI-J-024939,j-bench-explore-2074,"EXPLORE",1550-8307,S184475040,2819,minted
POSI-J-024940,j-bench-expositiones-mathematicae-2075,"Expositiones Mathematicae",0723-0869,S117734409,857,minted
POSI-J-017405,j-bench-extracellular-vesicle-2076,"Extracellular Vesicle",2773-0417,S4220651136,99,reused
POSI-J-024941,j-bench-extracorporeal-life-support-2077,"Extracorporeal Life Support",2616-4205,S4210186095,15,minted
POSI-J-024942,j-bench-the-extractive-industries-and-society-2078,"The Extractive Industries and Society",2214-790X,S2765074323,1862,minted
POSI-J-024943,j-bench-extreme-materials-2079,"Extreme Materials",3050-628X,S5407047431,39,minted
POSI-J-024944,j-bench-extreme-mechanics-letters-2080,"Extreme Mechanics Letters",2352-4316,S2764369487,1722,minted
POSI-J-024945,j-bench-eye-discovery-2081,"Eye Discovery",3117-4167,S5407053488,35,minted
POSI-J-024946,j-bench-facial-plastic-surgery-clinics-of-north-america-2082,"Facial Plastic Surgery Clinics of North America",1064-7406,S161205988,2301,minted
POSI-J-015284,j-bench-farming-system-2083,"Farming System",2949-9119,S4387288169,161,reused
POSI-J-024947,j-bench-fermented-foods-2084,"Fermented Foods",3051-231X,S5407050712,17,minted
POSI-J-024948,j-bench-field-crops-research-2085,"Field Crops Research",0378-4290,S148071443,8586,minted
POSI-J-024949,j-bench-filtration-industry-analyst-2086,"Filtration Industry Analyst",1365-6937,S74082208,9487,minted
POSI-J-022723,j-bench-finance-research-open-2087,"Finance Research Open",3050-7006,S5407047458,155,reused
POSI-J-024950,j-bench-finite-elements-in-analysis-and-design-2088,"Finite Elements in Analysis and Design",0168-874X,S145843112,3613,minted
POSI-J-024951,j-bench-finite-fields-and-their-applications-2089,"Finite Fields and Their Applications",1071-5797,S925225069,2582,minted
POSI-J-024952,j-bench-fire-safety-journal-2090,"Fire Safety Journal",0379-7112,S160215590,4863,minted
POSI-J-010057,j-bench-firephyschem-2091,"FirePhysChem",2667-1344,S4210231923,341,reused
POSI-J-017452,j-bench-first-nations-health-and-wellbeing-the-lowitja-journal-2092,"First Nations Health and Wellbeing - The Lowitja Journal",2949-8406,S4390296690,103,reused
POSI-J-016601,j-bench-fish-and-shellfish-immunology-reports-2093,"Fish and Shellfish Immunology Reports",2667-0119,S4210235429,115,reused
POSI-J-024953,j-bench-fisheries-research-2094,"Fisheries Research",0165-7836,S20111203,8124,minted
POSI-J-024954,j-bench-fisioterapia-2095,"Fisioterapia",0211-5638,S79831086,1680,minted
POSI-J-024955,j-bench-fitoterapia-2096,"Fitoterapia",0367-326X,S44811770,7725,minted
POSI-J-024956,j-bench-flatchem-2097,"FlatChem",2452-2627,S2898578437,904,minted
POSI-J-024957,j-bench-flora-2098,"Flora",0367-2530,S185004651,4415,minted
POSI-J-024958,j-bench-flow-measurement-and-instrumentation-2099,"Flow Measurement and Instrumentation",0955-5986,S46058507,3713,minted
POSI-J-024959,j-bench-fluid-phase-equilibria-2100,"Fluid Phase Equilibria",0378-3812,S34870678,13709,minted
POSI-J-024960,j-bench-fmc-formaci-n-m-dica-continuada-en-atenci-n-primaria-2101,"FMC - Formación Médica Continuada en Atención Primaria",1134-2072,S2898220597,5548,minted
POSI-J-024961,j-bench-focus-on-catalysts-2102,"Focus on Catalysts",1351-4180,S143053396,13124,minted
POSI-J-024962,j-bench-focus-on-pigments-2103,"Focus on Pigments",0969-6210,S160683337,5842,minted
POSI-J-024963,j-bench-focus-on-powder-coatings-2104,"Focus on Powder Coatings",1364-5439,S109194713,7694,minted
POSI-J-024964,j-bench-focus-on-surfactants-2105,"Focus on Surfactants",1351-4210,S60263609,7829,minted
POSI-J-024965,j-bench-food-and-bioproducts-processing-2106,"Food and Bioproducts Processing",0960-3085,S115749436,3351,minted
POSI-J-024966,j-bench-food-bioscience-2107,"Food Bioscience",2212-4292,S2764726840,9493,minted
POSI-J-002916,j-bench-food-chemistry-advances-2108,"Food Chemistry Advances",2772-753X,S4210225726,1341,reused
POSI-J-008280,j-bench-food-chemistry-molecular-sciences-2109,"Food Chemistry: Molecular Sciences",2666-5662,S4210177378,433,reused
POSI-J-001116,j-bench-food-chemistry-x-2110,"Food Chemistry: X",2590-1575,S4210189394,4221,reused
POSI-J-024967,j-bench-food-and-humanity-2111,"Food and Humanity",2949-8244,S4387287124,1415,minted
POSI-J-010984,j-bench-food-hydrocolloids-for-health-2112,"Food Hydrocolloids for Health",2667-0259,S4210235965,288,reused
POSI-J-024968,j-bench-food-medicine-health-2113,"Food Medicine Health",3117-8200,,0,minted
POSI-J-024969,j-bench-food-microbiology-2114,"Food Microbiology",0740-0020,S50630504,6074,minted
POSI-J-024970,j-bench-food-nutrition-2115,"Food Nutrition",3050-8436,S5407047495,61,minted
POSI-J-024971,j-bench-food-packaging-and-shelf-life-2116,"Food Packaging and Shelf Life",2214-2894,S2764480744,1863,minted
POSI-J-016644,j-bench-food-physics-2117,"Food Physics",2950-0699,S4387289430,118,reused
POSI-J-024972,j-bench-food-policy-2118,"Food Policy",0306-9192,S63571384,4292,minted
POSI-J-024973,j-bench-food-quality-and-preference-2119,"Food Quality and Preference",0950-3293,S194662844,5436,minted
POSI-J-024974,j-bench-food-research-international-reports-2120,"Food Research International: Reports",3117-3829,S7407057970,16,minted
POSI-J-024975,j-bench-food-research-international-translational-research-2121,"Food Research International: Translational Research",3117-3837,S7407059339,4,minted
POSI-J-024976,j-bench-food-science-and-human-wellness-2122,"Food Science and Human Wellness",2213-4530,S2764902628,2201,minted
POSI-J-024977,j-bench-food-structure-2123,"Food Structure",2213-3291,S4210196434,607,minted
POSI-J-010081,j-bench-food-and-waterborne-parasitology-2124,"Food and Waterborne Parasitology",2405-6766,S2898529774,322,reused
POSI-J-024978,j-bench-food-webs-2125,"Food Webs",2352-2496,S2898139859,501,minted
POSI-J-024979,j-bench-food-wellness-2126,"Food Wellness",3050-7111,S5407047462,55,minted
POSI-J-024980,j-bench-the-foot-2127,"The Foot",0958-2592,S187544689,2281,minted
POSI-J-024981,j-bench-foot-and-ankle-clinics-2128,"Foot and Ankle Clinics",1083-7515,S4210199479,2105,minted
POSI-J-024982,j-bench-foot-and-ankle-surgery-2129,"Foot and Ankle Surgery",1268-7731,S66582611,3595,minted
POSI-J-006181,j-bench-foot-ankle-surgery-techniques-reports-cases-2130,"Foot & Ankle Surgery: Techniques, Reports & Cases",2667-3967,S4210215547,617,reused
POSI-J-024983,j-bench-football-studies-2131,"Football Studies",3051-2689,S5407051437,80,minted
POSI-J-009846,j-bench-forces-in-mechanics-2132,"Forces in Mechanics",2666-3597,S4210239779,339,reused
POSI-J-024984,j-bench-forensic-chemistry-2133,"Forensic Chemistry",2468-1709,S2898252156,770,minted
POSI-J-024985,j-bench-forensic-imaging-2134,"Forensic Imaging",2666-2256,S4210203584,466,minted
POSI-J-024986,j-bench-forensic-science-international-animals-and-environments-2135,"Forensic Science International: Animals and Environments",2666-9374,S4210218027,88,minted
POSI-J-024987,j-bench-forensic-science-international-digital-investigation-2136,"Forensic Science International: Digital Investigation",2666-2817,S4210178067,750,minted
POSI-J-024988,j-bench-forensic-science-international-genetics-2137,"Forensic Science International: Genetics",1872-4973,S18992820,3111,minted
POSI-J-024989,j-bench-forensic-science-international-genetics-supplement-series-2138,"Forensic Science International: Genetics Supplement Series",1875-1768,S70509887,1989,minted
POSI-J-024990,j-bench-forensic-science-international-mind-and-law-2139,"Forensic Science International: Mind and Law",2666-3538,S4210241129,125,minted
POSI-J-007522,j-bench-forensic-science-international-reports-2140,"Forensic Science International: Reports",2665-9107,S4210220544,490,reused
POSI-J-004851,j-bench-forensic-science-international-synergy-2141,"Forensic Science International: Synergy",2589-871X,S4210187928,791,reused
POSI-J-024991,j-bench-forensic-sciences-research-2142,"Forensic Sciences Research",2471-1411,S4210169164,505,minted
POSI-J-024992,j-bench-forest-ecology-and-management-2143,"Forest Ecology and Management",0378-1127,S195255895,20484,minted
POSI-J-024993,j-bench-forest-ecosystems-2144,"Forest Ecosystems",2197-5620,S2736342340,883,minted
POSI-J-024994,j-bench-forest-policy-and-economics-2145,"Forest Policy and Economics",1389-9341,S95823145,3450,minted
POSI-J-005773,j-bench-franklin-open-2146,"Franklin Open",2773-1863,S4387281167,697,reused
POSI-J-024995,j-bench-the-french-journal-of-urology-2147,"The French Journal of Urology",2950-3930,S73435037,6397,minted
POSI-J-003742,j-bench-frontiers-of-architectural-research-2148,"Frontiers of Architectural Research",2095-2635,S4210170012,1041,reused
POSI-J-024996,j-bench-frontiers-in-neuroendocrinology-2149,"Frontiers in Neuroendocrinology",0091-3022,S178650970,1366,minted
POSI-J-006133,j-bench-f-s-reports-2150,"F&S Reports",2666-3341,S4210190587,621,reused
POSI-J-024997,j-bench-f-s-reviews-2151,"F&S Reviews",2666-5719,S4210180086,115,minted
POSI-J-024998,j-bench-f-s-science-2152,"F&S Science",2666-335X,S4210200594,310,minted
POSI-J-015340,j-bench-fuel-communications-2153,"Fuel Communications",2666-0520,S4210227637,150,reused
POSI-J-024999,j-bench-fuel-and-energy-abstracts-2154,"Fuel and Energy Abstracts",0140-6701,S133353349,46593,minted
POSI-J-000735,j-bench-fuel-processing-technology-2155,"Fuel Processing Technology",0378-3820,S112051168,9175,reused
POSI-J-017314,j-bench-fundamental-plasma-physics-2156,"Fundamental Plasma Physics",2772-8285,S4387283228,104,reused
POSI-J-025000,j-bench-fundamental-research-2157,"Fundamental Research",2667-3258,S4210177083,1345,minted
POSI-J-025001,j-bench-fungal-biology-2158,"Fungal Biology",1878-6146,S187344466,1962,minted
POSI-J-025002,j-bench-fungal-biology-reviews-2159,"Fungal Biology Reviews",1749-4613,S154213423,463,minted
POSI-J-025003,j-bench-fungal-ecology-2160,"Fungal Ecology",1754-5048,S18660344,1464,minted
POSI-J-025004,j-bench-fungal-genetics-and-biology-2161,"Fungal Genetics and Biology",1087-1845,S51923826,3158,minted
POSI-J-025005,j-bench-fungal-interactions-2162,"Fungal Interactions",2773-2150,S5407028903,3,minted
POSI-J-025006,j-bench-fusion-engineering-and-design-2163,"Fusion Engineering and Design",0920-3796,S191935395,16644,minted
POSI-J-025007,j-bench-fuss-sprunggelenk-2164,"Fuss & Sprunggelenk",1619-9987,S2898158629,2156,minted
POSI-J-013936,j-bench-future-batteries-2165,"Future Batteries",2950-2640,S5407037003,197,reused
POSI-J-003331,j-bench-future-foods-2166,"Future Foods",2666-8335,S4210190877,1205,reused
POSI-J-025008,j-bench-future-generation-computer-systems-2167,"Future Generation Computer Systems",0167-739X,S186357190,9503,minted
POSI-J-002385,j-bench-future-healthcare-journal-2168,"Future Healthcare Journal",2514-6645,S4210167701,1647,reused
POSI-J-025009,j-bench-futures-2169,"Futures",0016-3287,S130638383,6726,minted
POSI-J-000950,j-bench-gaceta-sanitaria-2170,"Gaceta Sanitaria",0213-9111,S4210172956,7309,reused
POSI-J-025010,j-bench-gait-posture-2171,"Gait & Posture",0966-6362,S156006901,14114,minted
POSI-J-025011,j-bench-games-and-economic-behavior-2172,"Games and Economic Behavior",0899-8256,S94044085,4324,minted
POSI-J-025012,j-bench-gas-science-and-engineering-2173,"Gas Science and Engineering",2949-9089,S4387285525,846,minted
POSI-J-003571,j-bench-gastro-hep-advances-2174,"Gastro Hep Advances",2772-5723,S4220651355,1111,reused
POSI-J-025013,j-bench-gastroenterolog-a-y-hepatolog-a-2175,"Gastroenterología y Hepatología",0210-5705,S2501223270,5844,minted
POSI-J-025014,j-bench-gastroenterolog-a-y-hepatolog-a-english-edition-2176,"Gastroenterología y Hepatología (English Edition)",2444-3824,S4210183771,1468,minted
POSI-J-025015,j-bench-gastroenterology-2177,"Gastroenterology",0016-5085,S143352558,160147,minted
POSI-J-025016,j-bench-gastroenterology-clinics-of-north-america-2178,"Gastroenterology Clinics of North America",0889-8553,S177107850,2900,minted
POSI-J-015855,j-bench-gastroenterology-endoscopy-2179,"Gastroenterology & Endoscopy",2949-7523,S4387286612,138,reused
POSI-J-025017,j-bench-gastrointestinal-endoscopy-2180,"Gastrointestinal Endoscopy",0016-5107,S28527816,60188,minted
POSI-J-025018,j-bench-gastrointestinal-endoscopy-clinics-of-north-america-2181,"Gastrointestinal Endoscopy Clinics of North America",1052-5157,S158766798,2608,minted
POSI-J-025019,j-bench-gene-expression-patterns-2182,"Gene Expression Patterns",1567-133X,S149644738,1620,minted
POSI-J-025020,j-bench-gene-and-genome-editing-2183,"Gene and Genome Editing",2666-3880,S4210231516,31,minted
POSI-J-025021,j-bench-gene-reports-2184,"Gene Reports",2452-0144,S2765063225,2581,minted
POSI-J-025022,j-bench-general-hospital-psychiatry-2185,"General Hospital Psychiatry",0163-8343,S45708651,5261,minted
POSI-J-001847,j-bench-genes-diseases-2186,"Genes & Diseases",2352-3042,S2764642421,2264,reused
POSI-J-025023,j-bench-genetics-in-medicine-2187,"Genetics in Medicine",1098-3600,S187186932,6246,minted
POSI-J-001183,j-bench-genetics-in-medicine-open-2188,"Genetics in Medicine Open",2949-7744,S4387287141,3785,reused
POSI-J-000663,j-bench-genomics-2189,"Genomics",0888-7543,S146035217,11298,reused
POSI-J-025024,j-bench-geobios-2190,"Geobios",0016-6995,S19370311,4513,minted
POSI-J-025025,j-bench-geochemistry-2191,"Geochemistry",0009-2819,S2898436872,1457,minted
POSI-J-025026,j-bench-geodata-and-ai-2192,"Geodata and AI",3050-483X,S4404673444,101,minted
POSI-J-025027,j-bench-geoderma-regional-2193,"Geoderma Regional",2352-0094,S2764403354,1077,minted
POSI-J-003934,j-bench-geodesy-and-geodynamics-2194,"Geodesy and Geodynamics",1674-9847,S2764507095,999,reused
POSI-J-025028,j-bench-geoenergy-science-and-engineering-2195,"Geoenergy Science and Engineering",2949-8910,S4387285440,3061,minted
POSI-J-025029,j-bench-geography-and-sustainability-2196,"Geography and Sustainability",2666-6839,S4210214386,456,minted
POSI-J-016907,j-bench-geohazard-mechanics-2197,"Geohazard Mechanics",2949-7418,S4387285092,114,reused
POSI-J-025030,j-bench-geomatica-2198,"Geomatica",1195-1036,S4210183195,1931,minted
POSI-J-025031,j-bench-geomechanics-for-energy-and-the-environment-2199,"Geomechanics for Energy and the Environment",2352-3808,S2898449748,791,minted
POSI-J-025032,j-bench-geomorphology-2200,"Geomorphology",0169-555X,S203530175,9870,minted
POSI-J-025033,j-bench-geopsychiatry-2201,"Geopsychiatry",3050-7138,S5407047463,115,minted
POSI-J-025034,j-bench-geoscience-frontiers-2202,"Geoscience Frontiers",1674-9871,S2764860519,2040,minted
POSI-J-008388,j-bench-geosystems-and-geoenvironment-2203,"Geosystems and Geoenvironment",2772-8838,S4210177985,423,reused
POSI-J-025035,j-bench-geotextiles-and-geomembranes-2204,"Geotextiles and Geomembranes",0266-1144,S146462558,2443,minted
POSI-J-025036,j-bench-geothermics-2205,"Geothermics",0375-6505,S68581467,4913,minted
POSI-J-025037,j-bench-geriatric-nursing-2206,"Geriatric Nursing",0197-4572,S70907202,7515,minted
POSI-J-025038,j-bench-geriatric-nursing-asia-2207,"Geriatric Nursing: Asia",3051-3146,S5407056335,10,minted
POSI-J-008753,j-bench-giant-2208,"Giant",2666-5425,S4210199024,403,reused
POSI-J-025039,j-bench-glial-health-research-2209,"Glial Health Research",2950-4074,S4404675838,17,minted
POSI-J-025040,j-bench-global-challenges-regional-science-2210,"Global Challenges & Regional Science",3050-502X,S4404674801,34,minted
POSI-J-022941,j-bench-global-and-earth-surface-processes-change-2211,"Global and Earth Surface Processes Change",2950-4740,S4404662454,24,reused
POSI-J-001079,j-bench-global-ecology-and-conservation-2212,"Global Ecology and Conservation",2351-9894,S2765061010,4365,reused
POSI-J-025041,j-bench-global-economics-research-2213,"Global Economics Research",3050-8037,S5407047485,34,minted
POSI-J-006769,j-bench-global-energy-interconnection-2214,"Global Energy Interconnection",2096-5117,S4210177181,566,reused
POSI-J-025042,j-bench-global-environmental-change-2215,"Global Environmental Change",0959-3780,S130750583,3352,minted
POSI-J-019867,j-bench-global-environmental-change-advances-2216,"Global Environmental Change Advances",2950-1385,S4387292053,36,reused
POSI-J-011266,j-bench-global-epidemiology-2217,"Global Epidemiology",2590-1133,S4210212062,272,reused
POSI-J-025043,j-bench-global-finance-journal-2218,"Global Finance Journal",1044-0283,S150702451,1289,minted
POSI-J-025044,j-bench-global-food-security-2219,"Global Food Security",2211-9124,S2764561087,981,minted
POSI-J-025045,j-bench-global-health-journal-2220,"Global Health Journal",2414-6447,S4210213333,294,minted
POSI-J-025046,j-bench-global-heritage-research-2221,"Global Heritage Research",3117-7395,S7407058710,17,minted
POSI-J-025047,j-bench-global-medical-genetics-2222,"Global Medical Genetics",2699-9404,S4210220728,401,minted
POSI-J-025048,j-bench-global-medicine-and-healthcare-2223,"Global Medicine and Healthcare",2949-916X,S4387290709,238,minted
POSI-J-025049,j-bench-global-neurological-insights-2224,"Global Neurological Insights",3051-2484,S5407055580,11,minted
POSI-J-009777,j-bench-global-pediatrics-2225,"Global Pediatrics",2667-0097,S4210217508,356,reused
POSI-J-025050,j-bench-global-and-planetary-change-2226,"Global and Planetary Change",0921-8181,S63048404,5162,minted
POSI-J-013696,j-bench-global-transitions-2227,"Global Transitions",2589-7918,S4210223023,190,reused
POSI-J-025051,j-bench-global-transitions-proceedings-2228,"Global Transitions Proceedings",2666-285X,S4210211553,159,minted
POSI-J-025052,j-bench-glycoscience-therapy-2229,"Glycoscience & Therapy",3050-6085,S5407047422,42,minted
POSI-J-025053,j-bench-gondwana-research-2230,"Gondwana Research",1342-937X,S158567263,5235,minted
POSI-J-025054,j-bench-government-information-quarterly-2231,"Government Information Quarterly",0740-624X,S201710173,3227,minted
POSI-J-025055,j-bench-grain-oil-science-and-technology-2232,"Grain & Oil Science and Technology",2590-2598,S4210239395,230,minted
POSI-J-004009,j-bench-graphical-models-2233,"Graphical Models",1524-0703,S137436721,949,reused
POSI-J-009015,j-bench-green-analytical-chemistry-2234,"Green Analytical Chemistry",2772-5774,S4210238349,391,reused
POSI-J-013249,j-bench-green-carbon-2235,"Green Carbon",2950-1555,S4387291145,223,reused
POSI-J-025056,j-bench-green-chemical-engineering-2236,"Green Chemical Engineering",2666-9528,S4210218186,400,minted
POSI-J-025057,j-bench-green-energy-environment-2237,"Green Energy & Environment",2468-0257,S2898348030,1192,minted
POSI-J-011713,j-bench-green-energy-and-intelligent-transportation-2238,"Green Energy and Intelligent Transportation",2773-1537,S4387280094,271,reused
POSI-J-017068,j-bench-green-energy-and-resources-2239,"Green Energy and Resources",2949-7205,S4387285296,115,reused
POSI-J-025058,j-bench-green-and-smart-mining-engineering-2240,"Green and Smart Mining Engineering",2950-5550,S5407037099,120,minted
POSI-J-007760,j-bench-green-synthesis-and-catalysis-2241,"Green Synthesis and Catalysis",2666-5549,S4210174164,461,reused
POSI-J-010223,j-bench-green-technologies-and-sustainability-2242,"Green Technologies and Sustainability",2949-7361,S4387284297,323,reused
POSI-J-025059,j-bench-groundwater-for-sustainable-development-2243,"Groundwater for Sustainable Development",2352-801X,S2898504426,1754,minted
POSI-J-025060,j-bench-growth-hormone-igf-research-2244,"Growth Hormone & IGF Research",1096-6374,S4210169230,3076,minted
POSI-J-025061,j-bench-gut-microbiology-2245,"Gut Microbiology",3051-1720,S5407047544,15,minted
POSI-J-025062,j-bench-gut-microbiome-and-health-2246,"Gut Microbiome and Health",3117-3594,S5407054095,3,minted
POSI-J-001863,j-bench-gynecologic-oncology-reports-2247,"Gynecologic Oncology Reports",2352-5789,S2764639750,2196,reused
POSI-J-025063,j-bench-gyn-cologie-obst-trique-fertilit-s-nologie-2248,"Gynécologie Obstétrique Fertilité & Sénologie",2468-7189,S2898196132,1700,minted
POSI-J-025064,j-bench-gynecology-and-obstetrics-clinical-medicine-2249,"Gynecology and Obstetrics Clinical Medicine",2667-1646,S4210199963,242,minted
POSI-J-010754,j-bench-h2open-journal-2250,"H2Open Journal",2616-6518,S4210204956,312,reused
POSI-J-025065,j-bench-habitat-international-2251,"Habitat International",0197-3975,S4210229294,4649,minted
POSI-J-025066,j-bench-hand-clinics-2252,"Hand Clinics",0749-0712,S152696106,3296,minted
POSI-J-025067,j-bench-hand-surgery-and-rehabilitation-2253,"Hand Surgery and Rehabilitation ",2468-1229,S2764427465,3479,minted
POSI-J-004758,j-bench-hardwarex-2254,"HardwareX",2468-0672,S2898162711,806,reused
POSI-J-025068,j-bench-harmful-algae-2255,"Harmful Algae",1568-9883,S26186121,2810,minted
POSI-J-015474,j-bench-health-care-transitions-2256,"Health Care Transitions",2949-9232,S4387288365,148,reused
POSI-J-025069,j-bench-health-place-2257,"Health & Place",1353-8292,S43487215,3589,minted
POSI-J-025070,j-bench-health-policy-in-asia-2258,"Health Policy in Asia",3117-4620,S7407059181,13,minted
POSI-J-014373,j-bench-health-policy-open-2259,"Health Policy OPEN",2590-2296,S4210236858,174,reused
POSI-J-025071,j-bench-health-policy-and-technology-2260,"Health Policy and Technology",2211-8837,S2764671021,1100,minted
POSI-J-011429,j-bench-health-sciences-review-2261,"Health Sciences Review",2772-6320,S4210228642,268,reused
POSI-J-025072,j-bench-healthcare-2262,"Healthcare",2213-0764,S2738215813,612,minted
POSI-J-007924,j-bench-healthcare-analytics-2263,"Healthcare Analytics",2772-4425,S4210223301,453,reused
POSI-J-025073,j-bench-healthcare-and-rehabilitation-2264,"Healthcare and Rehabilitation",3050-6131,S5407047424,46,minted
POSI-J-025074,j-bench-hearing-research-2265,"Hearing Research",0378-5955,S82774605,9027,minted
POSI-J-025075,j-bench-heart-failure-clinics-2266,"Heart Failure Clinics",1551-7136,S174878270,1576,minted
POSI-J-025076,j-bench-heart-lung-2267,"Heart & Lung",0147-9563,S85505639,4655,minted
POSI-J-025077,j-bench-heart-lung-and-circulation-2268,"Heart, Lung and Circulation",1443-9506,S119123570,25202,minted
POSI-J-003202,j-bench-heart-rhythm-o2-2269,"Heart Rhythm O2",2666-5018,S4210237306,1252,reused
POSI-J-001661,j-bench-heartrhythm-case-reports-2270,"HeartRhythm Case Reports",2214-0271,S2765045535,2524,reused
POSI-J-003383,j-bench-hellenic-journal-of-cardiology-2271,"Hellenic Journal of Cardiology",1109-9666,S4210237180,1139,reused
POSI-J-025078,j-bench-hematology-oncology-clinics-of-north-america-2272,"Hematology/Oncology Clinics of North America",0889-8588,S185414053,3789,minted
POSI-J-000666,j-bench-hematology-transfusion-and-cell-therapy-2273,"Hematology, Transfusion and Cell Therapy",2531-1379,S2898598332,11032,reused
POSI-J-025079,j-bench-hepatobiliary-communications-2274,"Hepatobiliary Communications",3117-8162,S7407055945,7,minted
POSI-J-025080,j-bench-hepatobiliary-pancreatic-diseases-international-2275,"Hepatobiliary & Pancreatic Diseases International",1499-3872,S2483261043,1836,minted
POSI-J-025081,j-bench-high-energy-density-physics-2276,"High Energy Density Physics",1574-1818,S146547478,1105,minted
POSI-J-011993,j-bench-high-confidence-computing-2277,"High-Confidence Computing",2667-2952,S4210186527,249,reused
POSI-J-015426,j-bench-high-speed-railway-2278,"High-speed Railway",2949-8678,S4387285288,147,reused
POSI-J-025082,j-bench-historia-mathematica-2279,"Historia Mathematica",0315-0860,S91708095,3550,minted
POSI-J-013223,j-bench-hlife-2280,"hLife",2949-9283,S4387288312,211,reused
POSI-J-025083,j-bench-horticultural-plant-journal-2281,"Horticultural Plant Journal",2468-0141,S2898116287,999,minted
POSI-J-025084,j-bench-hpb-2282,"HPB",1365-182X,S185605772,21200,minted
POSI-J-014894,j-bench-human-factors-in-healthcare-2283,"Human Factors in Healthcare",2772-5014,S4210192336,169,reused
POSI-J-025085,j-bench-human-gene-2284,"Human Gene",2773-0441,S4210206355,563,minted
POSI-J-007089,j-bench-human-genetics-and-genomics-advances-2285,"Human Genetics and Genomics Advances",2666-2477,S4210200806,529,reused
POSI-J-025086,j-bench-human-movement-science-2286,"Human Movement Science",0167-9457,S166684315,3424,minted
POSI-J-011673,j-bench-human-nutrition-metabolism-2287,"Human Nutrition & Metabolism",2666-1497,S4210205953,260,reused
POSI-J-006735,j-bench-human-pathology-case-reports-2288,"Human Pathology: Case Reports",2214-3300,S2898162792,544,reused
POSI-J-010961,j-bench-human-pathology-reports-2289,"Human Pathology Reports",2772-736X,S4210225720,292,reused
POSI-J-025087,j-bench-human-resource-management-review-2290,"Human Resource Management Review",1053-4822,S185253248,1199,minted
POSI-J-025088,j-bench-human-settlements-and-sustainability-2291,"Human Settlements and Sustainability",3050-6077,S5407047421,41,minted
POSI-J-005608,j-bench-hybrid-advances-2292,"Hybrid Advances",2773-207X,S4387284451,706,reused
POSI-J-025089,j-bench-hydrology-research-2293,"Hydrology Research",1998-9563,S4210238655,2449,minted
POSI-J-025090,j-bench-hydrometallurgy-2294,"Hydrometallurgy",0304-386X,S143946080,6920,minted
POSI-J-015232,j-bench-hydroresearch-2295,"HydroResearch",2589-7578,S4210235403,150,reused
POSI-J-014034,j-bench-hygiene-and-environmental-health-advances-2296,"Hygiene and Environmental Health Advances",2773-0492,S4220651849,189,reused
POSI-J-002897,j-bench-iatss-research-2297,"IATSS Research",0386-1112,S88959691,1347,reused
POSI-J-001457,j-bench-ibro-neuroscience-reports-2298,"IBRO Neuroscience Reports",2667-2421,S4210237554,2922,reused
POSI-J-002032,j-bench-ibro-reports-2299,"IBRO Reports",2451-8301,S2898218643,1952,reused
POSI-J-025091,j-bench-icarus-2300,"Icarus",0019-1035,S172501725,16782,minted
POSI-J-003512,j-bench-ict-express-2301,"ICT Express",2405-9595,S2898368220,1123,reused
POSI-J-001554,j-bench-idcases-2302,"IDCases",2214-2509,S2898460781,2725,reused
POSI-J-025092,j-bench-ifac-journal-of-systems-and-control-2303,"IFAC Journal of Systems and Control",2468-6018,S2898092079,344,minted
POSI-J-008000,j-bench-igie-2304,"iGIE",2949-7086,S4387285666,465,reused
POSI-J-009169,j-bench-ihj-cardiovascular-case-reports-cvcr-2305,"IHJ Cardiovascular Case Reports (CVCR)",2468-600X,S2898110204,370,reused
POSI-J-018727,j-bench-ihj-cardiovascular-reports-2306,"IHJ Cardiovascular Reports",2950-4678,S4394906715,64,reused
POSI-J-004634,j-bench-iimb-management-review-2307,"IIMB Management Review",0970-3896,S144946686,821,reused
POSI-J-002018,j-bench-ijc-heart-vasculature-2308,"IJC Heart & Vasculature",2352-9067,S2898336515,1994,reused
POSI-J-016511,j-bench-ijid-one-health-2309,"IJID One Health",2949-9151,S4387291075,126,reused
POSI-J-004157,j-bench-ijid-regions-2310,"IJID Regions",2772-7076,S4210169834,950,reused
POSI-J-014115,j-bench-iliver-2311,"iLiver",2772-9478,S4220651914,182,reused
POSI-J-025093,j-bench-image-and-vision-computing-2312,"Image and Vision Computing",0262-8856,S177430994,5254,minted
POSI-J-025094,j-bench-imagerie-de-la-femme-2313,"Imagerie de la Femme",1776-9817,S7036371,1080,minted
POSI-J-025095,j-bench-immunity-2314,"Immunity",1074-7613,S199671312,6777,minted
POSI-J-003114,j-bench-immuno-oncology-technology-2315,"Immuno-Oncology Technology",2590-0188,S4210240197,1238,reused
POSI-J-000860,j-bench-immunobiology-2316,"Immunobiology",0171-2985,S164377831,6241,reused
POSI-J-018396,j-bench-immunoinformatics-2317,"ImmunoInformatics",2667-1190,S4210207832,72,reused
POSI-J-025096,j-bench-immunology-and-allergy-clinics-of-north-america-2318,"Immunology and Allergy Clinics of North America",0889-8561,S127434156,2608,minted
POSI-J-025097,j-bench-immunology-letters-2319,"Immunology Letters",0165-2478,S71256826,11474,minted
POSI-J-025098,j-bench-in-analysis-2320,"In Analysis",2542-3606,S4210170337,513,minted
POSI-J-025099,j-bench-indagationes-mathematicae-2321,"Indagationes Mathematicae",0019-3577,S4210174540,2118,minted
POSI-J-000964,j-bench-indian-heart-journal-2322,"Indian Heart Journal",0019-4832,S2754628778,5210,reused
POSI-J-025100,j-bench-indian-journal-of-medical-microbiology-2323,"Indian Journal of Medical Microbiology",0255-0857,S131141226,4143,minted
POSI-J-025101,j-bench-indian-journal-of-tuberculosis-2324,"Indian Journal of Tuberculosis",0019-5707,S2764374989,1621,minted
POSI-J-003393,j-bench-indian-pacing-and-electrophysiology-journal-2325,"Indian Pacing and Electrophysiology Journal",0972-6292,S2764726587,1136,reused
POSI-J-014308,j-bench-indoor-environments-2326,"Indoor Environments",2950-3620,S4390296947,181,reused
POSI-J-000579,j-bench-industrial-crops-and-products-2327,"Industrial Crops and Products",0926-6690,S178362034,20181,reused
POSI-J-025102,j-bench-industrial-marketing-management-2328,"Industrial Marketing Management",0019-8501,S31748134,5383,minted
POSI-J-025103,j-bench-infection-disease-health-2329,"Infection, Disease & Health",2468-0451,S2764661085,1043,minted
POSI-J-000887,j-bench-infection-genetics-and-evolution-2330,"Infection, Genetics and Evolution",1567-1348,S142765166,5951,reused
POSI-J-007087,j-bench-infection-prevention-in-practice-2331,"Infection Prevention in Practice",2590-0889,S4210182330,526,reused
POSI-J-025104,j-bench-infectious-disease-clinics-of-north-america-2332,"Infectious Disease Clinics of North America",0891-5520,S6458377,2797,minted
POSI-J-005288,j-bench-infectious-disease-modelling-2333,"Infectious Disease Modelling",2468-0427,S2898427929,708,reused
POSI-J-025105,j-bench-infectious-diseases-now-2334,"Infectious Diseases Now",2666-9919,S4210196242,988,minted
POSI-J-025106,j-bench-infectious-medicine-2335,"Infectious Medicine",2772-431X,S4210185135,216,minted
POSI-J-019169,j-bench-informatics-and-health-2336,"Informatics and Health",2949-9534,S4387998056,56,reused
POSI-J-002300,j-bench-informatics-in-medicine-unlocked-2337,"Informatics in Medicine Unlocked",2352-9148,S2898224164,1713,reused
POSI-J-025107,j-bench-information-and-computation-2338,"Information and Computation",0890-5401,S59933527,5895,minted
POSI-J-025108,j-bench-information-economics-and-policy-2339,"Information Economics and Policy",0167-6245,S169221615,1150,minted
POSI-J-025109,j-bench-information-fusion-2340,"Information Fusion",1566-2535,S7560371,4497,minted
POSI-J-025110,j-bench-information-geography-2341,"Information Geography",3050-5208,S5407047388,54,minted
POSI-J-025111,j-bench-information-management-2342,"Information & Management",0378-7206,S38883057,3687,minted
POSI-J-025112,j-bench-information-and-organization-2343,"Information and Organization",1471-7727,S35363033,507,minted
POSI-J-006026,j-bench-information-processing-in-agriculture-2344,"Information Processing in Agriculture",2214-3173,S2898269329,639,reused
POSI-J-025113,j-bench-information-processing-letters-2345,"Information Processing Letters",0020-0190,S147953040,8744,minted
POSI-J-025114,j-bench-information-processing-management-2346,"Information Processing & Management",0306-4573,S174847851,7166,minted
POSI-J-025115,j-bench-information-and-software-technology-2347,"Information and Software Technology",0950-5849,S205010575,5610,minted
POSI-J-025116,j-bench-information-systems-2348,"Information Systems",0306-4379,S193006928,4448,minted
POSI-J-025117,j-bench-infrared-physics-technology-2349,"Infrared Physics & Technology",1350-4495,S29254203,6798,minted
POSI-J-016733,j-bench-journal-of-infrastructure-intelligence-and-resilience-2350,"Journal of Infrastructure Intelligence and Resilience",2772-9915,S4220651652,123,reused
POSI-J-003587,j-bench-the-innovation-2351,"The Innovation",2666-6758,S4210236180,1091,reused
POSI-J-012529,j-bench-innovation-and-green-development-2352,"Innovation and Green Development",2949-7531,S4387283849,232,reused
POSI-J-025118,j-bench-innovations-in-industrial-crops-and-processing-2353,"Innovations in Industrial Crops and Processing",3117-6526,,0,minted
POSI-J-025119,j-bench-innovative-food-science-emerging-technologies-2354,"Innovative Food Science & Emerging Technologies",1466-8564,S130676932,4359,minted
POSI-J-019979,j-bench-innovative-practice-in-breast-health-2355,"Innovative Practice in Breast Health",2950-2128,S5407036983,29,reused
POSI-J-025120,j-bench-inorganic-chemistry-communications-2356,"Inorganic Chemistry Communications",1387-7003,S166634186,17327,minted
POSI-J-025121,j-bench-insect-biochemistry-and-molecular-biology-2357,"Insect Biochemistry and Molecular Biology",0965-1748,S130917594,4663,minted
POSI-J-025122,j-bench-insights-in-biochemistry-and-molecular-biology-2358,"Insights in Biochemistry and Molecular Biology",3117-3632,S7407062730,3,minted
POSI-J-025123,j-bench-insurance-mathematics-and-economics-2359,"Insurance: Mathematics and Economics",0167-6687,S198325475,5301,minted
POSI-J-025124,j-bench-integrated-diagnostics-2360,"Integrated Diagnostics",3117-5899,S7407056168,3,minted
POSI-J-025125,j-bench-integration-2361,"Integration",0167-9260,S139392130,2990,minted
POSI-J-000406,j-bench-integrative-medicine-research-2362,"Integrative Medicine Research",2213-4220,S2764611727,1409,reused
POSI-J-025126,j-bench-intelligence-2363,"Intelligence",0160-2896,S3225087,2760,minted
POSI-J-008264,j-bench-intelligence-based-medicine-2364,"Intelligence-Based Medicine",2666-5212,S4210227372,455,reused
POSI-J-025127,j-bench-intelligent-climate-and-eco-environment-2365,"Intelligent Climate and Eco-Environment",3051-2530,S5407053084,14,minted
POSI-J-025128,j-bench-intelligent-geoengineering-2366,"Intelligent Geoengineering",3050-6190,S4404660959,51,minted
POSI-J-025129,j-bench-intelligent-hospital-2367,"Intelligent Hospital",3050-8371,S5407047491,54,minted
POSI-J-025130,j-bench-intelligent-medicine-2368,"Intelligent Medicine",2667-1026,S4210178142,218,minted
POSI-J-019252,j-bench-intelligent-oncology-2369,"Intelligent Oncology",2950-2616,S5407037001,58,reused
POSI-J-012713,j-bench-intelligent-pharmacy-2370,"Intelligent Pharmacy",2949-866X,S4387289262,226,reused
POSI-J-025131,j-bench-intelligent-sports-and-health-2371,"Intelligent Sports and Health",3050-5445,S5407047395,48,minted
POSI-J-017253,j-bench-intelligent-surgery-2372,"Intelligent Surgery",2666-6766,S4210222423,105,reused
POSI-J-005940,j-bench-intelligent-systems-with-applications-2373,"Intelligent Systems with Applications",2667-3053,S4210234522,657,reused
POSI-J-025132,j-bench-intelligent-translational-medicine-2374,"Intelligent Translational Medicine",3117-969X,,0,minted
POSI-J-025133,j-bench-intensive-care-science-2375,"Intensive Care Science",3117-8219,S7407059552,7,minted
POSI-J-025134,j-bench-intensive-and-critical-care-nursing-2376,"Intensive and Critical Care Nursing",0964-3397,S73565813,3466,minted
POSI-J-025135,j-bench-interbloc-2377,"Interbloc",0242-3960,S4210174872,1121,minted
POSI-J-001795,j-bench-interdisciplinary-neurosurgery-2378,"Interdisciplinary Neurosurgery",2214-7519,S2898421099,2308,reused
POSI-J-025136,j-bench-intermetallics-2379,"Intermetallics",0966-9795,S38855548,7624,minted
POSI-J-025137,j-bench-international-biodeterioration-biodegradation-2380,"International Biodeterioration & Biodegradation",0964-8305,S138354367,5450,minted
POSI-J-025138,j-bench-international-business-review-2381,"International Business Review",0969-5931,S23343376,2389,minted
POSI-J-025139,j-bench-international-communications-in-heat-and-mass-transfer-2382,"International Communications in Heat and Mass Transfer",0735-1933,S118246204,12806,minted
POSI-J-025140,j-bench-international-dairy-journal-2383,"International Dairy Journal",0958-6946,S184773532,5924,minted
POSI-J-000825,j-bench-international-dental-journal-2384,"International Dental Journal",0020-6539,S143937555,6970,reused
POSI-J-025141,j-bench-international-economics-2385,"International Economics",2110-7017,S2764850437,1117,minted
POSI-J-025142,j-bench-international-emergency-nursing-2386,"International Emergency Nursing",1755-599X,S531269,1577,minted
POSI-J-025143,j-bench-international-journal-of-accounting-information-systems-2387,"International Journal of Accounting Information Systems",1467-0895,S38901890,772,minted
POSI-J-025144,j-bench-international-journal-of-adhesion-and-adhesives-2388,"International Journal of Adhesion and Adhesives",0143-7496,S86637577,5588,minted
POSI-J-012928,j-bench-international-journal-of-advanced-nuclear-reactor-design-and-2389,"International Journal of Advanced Nuclear Reactor Design and Technology",2468-6050,S4210218817,224,reused
POSI-J-003410,j-bench-international-journal-of-africa-nursing-sciences-2390,"International Journal of Africa Nursing Sciences",2214-1391,S2898612945,1148,reused
POSI-J-025145,j-bench-international-journal-of-applied-earth-observation-and-geoin-2391,"International Journal of Applied Earth Observation and Geoinformation",1569-8432,S4210179989,5619,minted
POSI-J-025146,j-bench-international-journal-of-approximate-reasoning-2392,"International Journal of Approximate Reasoning",0888-613X,S33368595,4055,minted
POSI-J-025147,j-bench-international-journal-of-artificial-intelligence-in-educatio-2393,"International Journal of Artificial Intelligence in Education",1560-4292,S171267539,735,minted
POSI-J-025148,j-bench-the-international-journal-of-biochemistry-cell-biology-2394,"The International Journal of Biochemistry & Cell Biology",1357-2725,S183320690,6531,minted
POSI-J-006685,j-bench-international-journal-of-cardiology-cardiovascular-risk-and--2395,"International Journal of Cardiology Cardiovascular Risk and Prevention",2772-4875,S4210217844,578,reused
POSI-J-006325,j-bench-international-journal-of-cardiology-congenital-heart-disease-2396,"International Journal of Cardiology Congenital Heart Disease",2666-6685,S4210202345,600,reused
POSI-J-018013,j-bench-international-journal-of-cardiology-hypertension-2397,"International Journal of Cardiology Hypertension",2590-0862,S4210225386,82,reused
POSI-J-025149,j-bench-international-journal-of-cardiology-innovations-2398,"International Journal of Cardiology Innovations",3051-4452,S7407055513,15,minted
POSI-J-025150,j-bench-international-journal-of-child-computer-interaction-2399,"International Journal of Child-Computer Interaction",2212-8689,S2493636226,530,minted
POSI-J-005354,j-bench-international-journal-of-clinical-and-health-psychology-2400,"International Journal of Clinical and Health Psychology",1697-2600,S135453612,716,reused
POSI-J-025151,j-bench-international-journal-of-coal-geology-2401,"International Journal of Coal Geology",0166-5162,S6747076,4575,minted
POSI-J-012399,j-bench-international-journal-of-cognitive-computing-in-engineering-2402,"International Journal of Cognitive Computing in Engineering",2666-3074,S4210212586,230,reused
POSI-J-025152,j-bench-international-journal-of-critical-infrastructure-protection-2403,"International Journal of Critical Infrastructure Protection",1874-5482,S133117437,682,minted
POSI-J-025153,j-bench-international-journal-of-drug-policy-2404,"International Journal of Drug Policy",0955-3959,S60503757,4783,minted
POSI-J-025154,j-bench-international-journal-of-educational-development-2405,"International Journal of Educational Development",0738-0593,S20152851,4054,minted
POSI-J-025155,j-bench-international-journal-of-educational-research-2406,"International Journal of Educational Research",0883-0355,S156367897,3470,minted
POSI-J-006601,j-bench-international-journal-of-educational-research-open-2407,"International Journal of Educational Research Open",2666-3740,S4210236200,566,reused
POSI-J-000648,j-bench-international-journal-of-electrical-power-energy-systems-2408,"International Journal of Electrical Power & Energy Systems",0142-0615,S168377509,12436,reused
POSI-J-000646,j-bench-international-journal-of-electrochemical-science-2409,"International Journal of Electrochemical Science",1452-3981,S48583931,12458,reused
POSI-J-025156,j-bench-international-journal-of-engineering-science-2410,"International Journal of Engineering Science",0020-7225,S102630943,7637,minted
POSI-J-025157,j-bench-international-journal-of-fatigue-2411,"International Journal of Fatigue",0142-1123,S71623918,14824,minted
POSI-J-025158,j-bench-international-journal-of-forecasting-2412,"International Journal of Forecasting",0169-2070,S39841227,3725,minted
POSI-J-025159,j-bench-international-journal-of-gastronomy-and-food-science-2413,"International Journal of Gastronomy and Food Science",1878-450X,S2898331414,1568,minted
POSI-J-010520,j-bench-international-journal-of-geoheritage-and-parks-2414,"International Journal of Geoheritage and Parks",2577-4441,S4210188893,309,reused
POSI-J-025160,j-bench-international-journal-of-greenhouse-gas-control-2415,"International Journal of Greenhouse Gas Control",1750-5836,S21262371,4463,minted
POSI-J-025161,j-bench-international-journal-of-heat-and-fluid-flow-2416,"International Journal of Heat and Fluid Flow",0142-727X,S40322869,5728,minted
POSI-J-025162,j-bench-international-journal-of-hospitality-management-2417,"International Journal of Hospitality Management",0278-4319,S148599315,5227,minted
POSI-J-025163,j-bench-international-journal-of-human-computer-studies-2418,"International Journal of Human-Computer Studies",1071-5819,S4210190811,3245,minted
POSI-J-025164,j-bench-international-journal-of-hygiene-and-environmental-health-2419,"International Journal of Hygiene and Environmental Health",1438-4639,S83450999,2978,minted
POSI-J-025165,j-bench-international-journal-of-impact-engineering-2420,"International Journal of Impact Engineering",0734-743X,S9070569,6328,minted
POSI-J-025166,j-bench-international-journal-of-industrial-ergonomics-2421,"International Journal of Industrial Ergonomics",0169-8141,S92539022,4235,minted
POSI-J-025167,j-bench-international-journal-of-industrial-organization-2422,"International Journal of Industrial Organization",0167-7187,S183232449,2722,minted
POSI-J-025168,j-bench-international-journal-of-information-management-2423,"International Journal of Information Management",0268-4012,S189354248,3551,minted
POSI-J-008302,j-bench-international-journal-of-information-management-data-insight-2424,"International Journal of Information Management Data Insights",2667-0968,S4210226089,429,reused
POSI-J-013351,j-bench-international-journal-of-innovation-studies-2425,"International Journal of Innovation Studies",2096-2487,S2898418539,207,reused
POSI-J-014243,j-bench-international-journal-of-intelligent-networks-2426,"International Journal of Intelligent Networks",2666-6030,S4210202467,181,reused
POSI-J-025169,j-bench-international-journal-of-intercultural-relations-2427,"International Journal of Intercultural Relations",0147-1767,S174538591,3344,minted
POSI-J-025170,j-bench-international-journal-of-law-crime-and-justice-2428,"International Journal of Law, Crime and Justice",1756-0616,S88457980,1070,minted
POSI-J-025171,j-bench-international-journal-of-law-and-psychiatry-2429,"International Journal of Law and Psychiatry",0160-2527,S44052652,2573,minted
POSI-J-007228,j-bench-international-journal-of-lightweight-materials-and-manufactu-2430,"International Journal of Lightweight Materials and Manufacture",2588-8404,S2898364864,509,reused
POSI-J-025172,j-bench-international-journal-of-lung-cancer-2431,"International Journal of Lung Cancer",3117-504X,S5407056302,62,minted
POSI-J-025173,j-bench-international-journal-of-machine-tools-and-manufacture-2432,"International Journal of Machine Tools and Manufacture",0890-6955,S154368109,4797,minted
POSI-J-025174,j-bench-the-international-journal-of-management-education-2433,"The International Journal of Management Education",1472-8117,S135394783,1535,minted
POSI-J-025175,j-bench-international-journal-of-mass-spectrometry-2434,"International Journal of Mass Spectrometry",1387-3806,S108264783,7065,minted
POSI-J-025176,j-bench-international-journal-of-mechanical-sciences-2435,"International Journal of Mechanical Sciences",0020-7403,S72716621,14040,minted
POSI-J-025177,j-bench-international-journal-of-medical-informatics-2436,"International Journal of Medical Informatics",1386-5056,S53142634,5149,minted
POSI-J-001805,j-bench-international-journal-of-medical-microbiology-2437,"International Journal of Medical Microbiology",1438-4221,S41453107,2260,reused
POSI-J-001981,j-bench-international-journal-of-mining-science-and-technology-2438,"International Journal of Mining Science and Technology",2095-2686,S2764755457,2033,reused
POSI-J-025178,j-bench-international-journal-of-multiphase-flow-2439,"International Journal of Multiphase Flow",0301-9322,S18204665,7971,minted
POSI-J-003121,j-bench-international-journal-of-naval-architecture-and-ocean-engine-2440,"International Journal of Naval Architecture and Ocean Engineering",2092-6782,S108833125,1244,reused
POSI-J-025179,j-bench-international-journal-of-non-linear-mechanics-2441,"International Journal of Non-Linear Mechanics",0020-7462,S152063775,6198,minted
POSI-J-025180,j-bench-international-journal-of-nursing-sciences-2442,"International Journal of Nursing Sciences",2352-0132,S2764778172,1095,minted
POSI-J-025181,j-bench-international-journal-of-nursing-studies-2443,"International Journal of Nursing Studies",0020-7489,S56493663,6603,minted
POSI-J-006299,j-bench-international-journal-of-nursing-studies-advances-2444,"International Journal of Nursing Studies Advances",2666-142X,S4210240685,637,reused
POSI-J-025182,j-bench-international-journal-of-obstetric-anesthesia-2445,"International Journal of Obstetric Anesthesia",0959-289X,S79567042,5053,minted
POSI-J-025183,j-bench-international-journal-of-gynecological-cancer-2446,"International Journal of Gynecological Cancer",1048-891X,S41026820,23824,minted
POSI-J-025184,j-bench-international-journal-of-oral-and-maxillofacial-surgery-2447,"International Journal of Oral and Maxillofacial Surgery",0901-5027,S38907727,18321,minted
POSI-J-025185,j-bench-international-journal-of-orthopaedic-and-trauma-nursing-2448,"International Journal of Orthopaedic and Trauma Nursing",1878-1241,S137336489,843,minted
POSI-J-025186,j-bench-international-journal-of-osteopathic-medicine-2449,"International Journal of Osteopathic Medicine",1746-0689,S200722317,1002,minted
POSI-J-025187,j-bench-international-journal-of-paleopathology-2450,"International Journal of Paleopathology",1879-9817,S2764719519,892,minted
POSI-J-025188,j-bench-international-journal-for-parasitology-2451,"International Journal for Parasitology",0020-7519,S163169856,8101,minted
POSI-J-005722,j-bench-international-journal-for-parasitology-drugs-and-drug-resist-2452,"International Journal for Parasitology: Drugs and Drug Resistance",2211-3207,S2502194167,664,reused
POSI-J-003054,j-bench-international-journal-for-parasitology-parasites-and-wildlif-2453,"International Journal for Parasitology: Parasites and Wildlife",2213-2244,S2764620067,1270,reused
POSI-J-002411,j-bench-international-journal-of-particle-therapy-2454,"International Journal of Particle Therapy",2331-5180,S4210219142,1624,reused
POSI-J-025189,j-bench-international-journal-of-pediatric-otorhinolaryngology-2455,"International Journal of Pediatric Otorhinolaryngology",0165-5876,S200672447,13585,minted
POSI-J-006421,j-bench-international-journal-of-pharmaceutics-x-2456,"International Journal of Pharmaceutics: X",2590-1567,S4210204060,619,reused
POSI-J-025190,j-bench-international-journal-of-plasticity-2457,"International Journal of Plasticity",0749-6419,S10186584,4627,minted
POSI-J-025191,j-bench-international-journal-of-pressure-vessels-and-piping-2458,"International Journal of Pressure Vessels and Piping",0308-0161,S14064848,6292,minted
POSI-J-025192,j-bench-international-journal-of-project-management-2459,"International Journal of Project Management",0263-7863,S69872077,3503,minted
POSI-J-025193,j-bench-international-journal-of-psychophysiology-2460,"International Journal of Psychophysiology",0167-8760,S129135363,11371,minted
POSI-J-025194,j-bench-international-journal-of-radiation-oncology-biology-physics-2461,"International Journal of Radiation Oncology*Biology*Physics",0360-3016,S110533041,85678,minted
POSI-J-025195,j-bench-international-journal-of-refractory-metals-and-hard-material-2462,"International Journal of Refractory Metals and Hard Materials",0263-4368,S179369505,5898,minted
POSI-J-025196,j-bench-international-journal-of-refrigeration-2463,"International Journal of Refrigeration",0140-7007,S186745480,9511,minted
POSI-J-025197,j-bench-international-journal-of-research-in-marketing-2464,"International Journal of Research in Marketing",0167-8116,S11810700,2073,minted
POSI-J-025198,j-bench-international-journal-of-rock-mechanics-and-mining-sciences-2465,"International Journal of Rock Mechanics and Mining Sciences",1365-1609,S129124101,6011,minted
POSI-J-003461,j-bench-international-journal-of-sediment-research-2466,"International Journal of Sediment Research",1001-6279,S74546071,1109,reused
POSI-J-025199,j-bench-international-journal-of-solids-and-structures-2467,"International Journal of Solids and Structures",0020-7683,S189344224,15744,minted
POSI-J-025200,j-bench-international-journal-of-surgery-case-reports-2468,"International Journal of Surgery Case Reports",2210-2612,S5398819,12867,minted
POSI-J-025201,j-bench-international-journal-of-surgery-open-2469,"International Journal of Surgery Open",2405-8572,S2898501874,1073,minted
POSI-J-025202,j-bench-international-journal-of-thermal-sciences-2470,"International Journal of Thermal Sciences",1290-0729,S128740003,9408,minted
POSI-J-002437,j-bench-international-journal-of-thermofluids-2471,"International Journal of Thermofluids",2666-2027,S4210194017,1619,reused
POSI-J-005300,j-bench-international-journal-of-transportation-science-and-technolo-2472,"International Journal of Transportation Science and Technology",2046-0430,S2764959558,724,reused
POSI-J-025203,j-bench-international-orthodontics-2473,"International Orthodontics",1761-7227,S75749457,1612,minted
POSI-J-000847,j-bench-international-psychogeriatrics-2474,"International Psychogeriatrics",1041-6102,S175287009,6539,reused
POSI-J-025204,j-bench-international-review-of-economics-education-2475,"International Review of Economics Education",1477-3880,S2898493939,544,minted
POSI-J-025205,j-bench-international-review-of-financial-analysis-2476,"International Review of Financial Analysis",1057-5219,S145572626,4767,minted
POSI-J-025206,j-bench-international-review-of-law-and-economics-2477,"International Review of Law and Economics",0144-8188,S121409115,1673,minted
POSI-J-004960,j-bench-international-soil-and-water-conservation-research-2478,"International Soil and Water Conservation Research",2095-6339,S2764733428,776,reused
POSI-J-025207,j-bench-the-internet-and-higher-education-2479,"The Internet and Higher Education",1096-7516,S166850901,1047,minted
POSI-J-003983,j-bench-internet-interventions-2480,"Internet Interventions",2214-7829,S4210232579,974,reused
POSI-J-025208,j-bench-internet-of-things-2481,"Internet of Things",2542-6605,S4210174276,2143,minted
POSI-J-017202,j-bench-internet-of-things-and-cyber-physical-systems-2482,"Internet of Things and Cyber-Physical Systems",2667-3452,S4210180977,102,reused
POSI-J-025209,j-bench-interventional-cardiology-clinics-2483,"Interventional Cardiology Clinics",2211-7458,S2764713289,1067,minted
POSI-J-025210,j-bench-interventional-pain-medicine-2484,"Interventional Pain Medicine",2772-5944,S4210225249,784,minted
POSI-J-007783,j-bench-intestinal-failure-2485,"Intestinal Failure",2950-4562,S4404675084,465,reused
POSI-J-019118,j-bench-invention-disclosure-2486,"Invention Disclosure",2772-4441,S4210182109,59,reused
POSI-J-025211,j-bench-ioptics-2487,"iOptics",3051-1771,S5407047545,14,minted
POSI-J-025212,j-bench-ipem-translation-2488,"IPEM-Translation",2667-2588,S4210239216,30,minted
POSI-J-025213,j-bench-ipharma-2489,"iPharma",3117-4701,S7407055965,6,minted
POSI-J-025214,j-bench-irbm-2490,"IRBM",1959-0318,S68802660,1166,minted
POSI-J-025215,j-bench-irbm-news-2491,"IRBM News",1959-7568,S195109850,1096,minted
POSI-J-025216,j-bench-isa-transactions-2492,"ISA Transactions",0019-0578,S89543202,6673,minted
POSI-J-025217,j-bench-isprs-journal-of-photogrammetry-and-remote-sensing-2493,"ISPRS Journal of Photogrammetry and Remote Sensing",0924-2716,S173339282,5049,minted
POSI-J-016222,j-bench-isprs-open-journal-of-photogrammetry-and-remote-sensing-2494,"ISPRS Open Journal of Photogrammetry and Remote Sensing",2667-3932,S4210186741,134,reused
POSI-J-003615,j-bench-italian-journal-of-agronomy-2495,"Italian Journal of Agronomy",1125-4718,S2738046312,1054,reused
POSI-J-011602,j-bench-jaacap-open-2496,"JAACAP Open",2949-7329,S4387283917,273,reused
POSI-J-000999,j-bench-jaad-case-reports-2497,"JAAD Case Reports",2352-5126,S2764486142,4973,reused
POSI-J-003807,j-bench-jaad-international-2498,"JAAD International",2666-3287,S4210208778,1016,reused
POSI-J-012162,j-bench-jaad-reviews-2499,"JAAD Reviews",2950-1989,S4404663930,261,reused
POSI-J-001741,j-bench-jacc-advances-2500,"JACC: Advances",2772-963X,S4220651314,2487,reused
POSI-J-003642,j-bench-jacc-asia-2501,"JACC: Asia",2772-3747,S4210201151,1133,reused
POSI-J-002330,j-bench-jacc-basic-to-translational-science-2502,"JACC: Basic to Translational Science",2452-302X,S2898156683,1702,reused
POSI-J-003970,j-bench-jacc-cardiooncology-2503,"JACC: CardioOncology",2666-0873,S4210214127,962,reused
POSI-J-025218,j-bench-jacc-cardiovascular-imaging-2504,"JACC: Cardiovascular Imaging",1936-878X,S195556561,5518,minted
POSI-J-025219,j-bench-jacc-cardiovascular-interventions-2505,"JACC: Cardiovascular Interventions",1936-8798,S117995063,11311,minted
POSI-J-000886,j-bench-jacc-case-reports-2506,"JACC: Case Reports",2666-0849,S4210180918,6343,reused
POSI-J-025220,j-bench-jacc-clinical-electrophysiology-2507,"JACC: Clinical Electrophysiology",2405-500X,S2898168182,3656,minted
POSI-J-025221,j-bench-jacc-heart-failure-2508,"JACC: Heart Failure",2213-1779,S2764825379,3038,minted
POSI-J-000409,j-bench-jacep-open-2509,"JACEP Open",2688-1152,S4210207081,1791,reused
POSI-J-018241,j-bench-jada-foundational-science-2510,"JADA Foundational Science",2772-414X,S4210208574,78,reused
POSI-J-025222,j-bench-jand-global-reports-2511,"JAND Global Reports",3050-7189,S5407054262,15,minted
POSI-J-025223,j-bench-japan-and-the-world-economy-2512,"Japan and the World Economy",0922-1425,S70935693,1250,minted
POSI-J-008072,j-bench-japanese-dental-science-review-2513,"Japanese Dental Science Review",1882-7616,S2789086,436,reused
POSI-J-022929,j-bench-japha-pharmacotherapy-2514,"JAPhA Pharmacotherapy",2949-9623,S4387292660,28,reused
POSI-J-017413,j-bench-japha-practice-innovations-2515,"JAPhA Practice Innovations",2949-9690,S4387997708,103,reused
POSI-J-011858,j-bench-jca-advances-2516,"JCA Advances",2950-5534,S4404662437,266,reused
POSI-J-013958,j-bench-jcis-open-2517,"JCIS Open",2666-934X,S4210231036,189,reused
POSI-J-004429,j-bench-jds-communications-2518,"JDS Communications",2666-9102,S4210239985,875,reused
POSI-J-025224,j-bench-jem-international-2519,"JEM International",3051-3227,S5407053834,24,minted
POSI-J-011766,j-bench-jem-reports-2520,"JEM Reports",2773-2320,S4387285679,258,reused
POSI-J-013657,j-bench-jfo-open-ophthalmology-2521,"JFO Open Ophthalmology",2949-8899,S4387287376,191,reused
POSI-J-002468,j-bench-jhep-reports-2522,"JHEP Reports",2589-5559,S4210202621,1627,reused
POSI-J-006300,j-bench-jhlt-open-2523,"JHLT Open",2950-1334,S4387291709,634,reused
POSI-J-007848,j-bench-jid-innovations-2524,"JID Innovations",2667-0267,S4210189051,472,reused
POSI-J-025225,j-bench-jmv-journal-de-m-decine-vasculaire-2525,"JMV-Journal de Médecine Vasculaire",2542-4513,S2898168726,1761,minted
POSI-J-025226,j-bench-joint-bone-spine-2526,"Joint Bone Spine",1297-319X,S8204489,4571,minted
POSI-J-025227,j-bench-the-joint-commission-journal-on-quality-and-patient-safety-2527,"The Joint Commission Journal on Quality and Patient Safety",1553-7250,S4210168284,2547,minted
POSI-J-000947,j-bench-jornal-de-pediatria-2528,"Jornal de Pediatria",0021-7557,S66095140,5347,reused
POSI-J-025228,j-bench-jos-case-reports-2529,"JOS Case Reports",2772-9648,S4387282496,148,minted
POSI-J-025229,j-bench-joule-2530,"Joule",2542-4351,S2898305631,2263,minted
POSI-J-017860,j-bench-journal-of-economy-and-technology-2531,"Journal of Economy and Technology",2949-9488,S4387289263,87,reused
POSI-J-025230,j-bench-the-journal-of-academic-librarianship-2532,"The Journal of Academic Librarianship",0099-1333,S40528764,5392,minted
POSI-J-025231,j-bench-journal-of-the-academy-of-consultation-liaison-psychiatry-2533,"Journal of the Academy of Consultation-Liaison Psychiatry",2667-2960,S4210200583,1584,minted
POSI-J-025232,j-bench-journal-of-the-academy-of-nutrition-and-dietetics-2534,"Journal of the Academy of Nutrition and Dietetics",2212-2672,S18733340,9362,minted
POSI-J-025233,j-bench-journal-of-accounting-and-economics-2535,"Journal of Accounting and Economics",0165-4101,S62142384,1871,minted
POSI-J-025234,j-bench-journal-of-accounting-education-2536,"Journal of Accounting Education",0748-5751,S6243863,1255,minted
POSI-J-025235,j-bench-journal-of-accounting-and-public-policy-2537,"Journal of Accounting and Public Policy",0278-4254,S86762183,1679,minted
POSI-J-025236,j-bench-journal-of-adolescent-health-2538,"Journal of Adolescent Health",1054-139X,S101177023,13966,minted
POSI-J-008529,j-bench-journal-of-advanced-joining-processes-2539,"Journal of Advanced Joining Processes",2666-3309,S4210200780,417,reused
POSI-J-025237,j-bench-journal-of-advanced-research-2540,"Journal of Advanced Research",2090-1232,S57607125,3349,minted
POSI-J-025238,j-bench-journal-of-aerosol-science-2541,"Journal of Aerosol Science",0021-8502,S150548798,12468,minted
POSI-J-003478,j-bench-journal-of-affective-disorders-reports-2542,"Journal of Affective Disorders Reports",2666-9153,S4210211554,1129,reused
POSI-J-025239,j-bench-journal-of-african-earth-sciences-2543,"Journal of African Earth Sciences",1464-343X,S125636905,6769,minted
POSI-J-010258,j-bench-the-journal-of-aging-research-lifestyle-2544,"The Journal of Aging Research & Lifestyle",2534-773X,S4210183808,320,reused
POSI-J-025240,j-bench-journal-of-aging-studies-2545,"Journal of Aging Studies",0890-4065,S74338687,1664,minted
POSI-J-001389,j-bench-journal-of-agriculture-and-food-research-2546,"Journal of Agriculture and Food Research",2666-1543,S4210201734,3184,reused
POSI-J-025241,j-bench-journal-of-air-transport-management-2547,"Journal of Air Transport Management",0969-6997,S99242495,2844,minted
POSI-J-025242,j-bench-journal-of-the-air-transport-research-society-2548,"Journal of the Air Transport Research Society",2941-198X,S4387289958,131,minted
POSI-J-025243,j-bench-journal-of-algebra-2549,"Journal of Algebra",0021-8693,S184147796,21640,minted
POSI-J-025244,j-bench-the-journal-of-allergy-and-clinical-immunology-in-practice-2550,"The Journal of Allergy and Clinical Immunology: In Practice",2213-2198,S2754868259,7409,minted
POSI-J-025245,j-bench-journal-of-allergy-and-hypersensitivity-diseases-2551,"Journal of Allergy and Hypersensitivity Diseases",2950-3124,S5407037024,42,minted
POSI-J-025246,j-bench-journal-of-alloys-and-compounds-communications-2552,"Journal of Alloys and Compounds Communications",2950-2845,S5407037014,233,minted
POSI-J-011794,j-bench-journal-of-alloys-and-metallurgical-systems-2553,"Journal of Alloys and Metallurgical Systems",2949-9178,S4387288394,255,reused
POSI-J-025247,j-bench-journal-of-the-american-academy-of-child-adolescent-psychiat-2554,"Journal of the American Academy of Child & Adolescent Psychiatry",0890-8567,S60711021,23467,minted
POSI-J-025248,j-bench-journal-of-the-american-academy-of-dermatology-2555,"Journal of the American Academy of Dermatology",0190-9622,S58727509,59066,minted
POSI-J-025249,j-bench-journal-of-american-association-for-pediatric-ophthalmology--2556,"Journal of American Association for Pediatric Ophthalmology and Strabismus",1091-8531,S40629775,8342,minted
POSI-J-025250,j-bench-journal-of-the-american-college-of-radiology-2557,"Journal of the American College of Radiology",1546-1440,S8481965,7461,minted
POSI-J-025251,j-bench-journal-of-the-american-medical-directors-association-2558,"Journal of the American Medical Directors Association",1525-8610,S132839637,9556,minted
POSI-J-025252,j-bench-journal-of-the-american-pharmacists-association-2559,"Journal of the American Pharmacists Association",1544-3191,S4210228861,5258,minted
POSI-J-025253,j-bench-journal-of-the-american-society-of-cytopathology-2560,"Journal of the American Society of Cytopathology",2213-2945,S2765000471,3441,minted
POSI-J-025254,j-bench-journal-of-the-american-society-of-echocardiography-2561,"Journal of the American Society of Echocardiography",0894-7317,S185321339,9901,minted
POSI-J-025255,j-bench-journal-of-analytical-and-applied-pyrolysis-2562,"Journal of Analytical and Applied Pyrolysis",0165-2370,S58603569,8109,minted
POSI-J-025256,j-bench-journal-of-anesthesia-and-translational-medicine-2563,"Journal of Anesthesia and Translational Medicine",2957-3912,S4387287144,127,minted
POSI-J-025257,j-bench-journal-of-anthropological-archaeology-2564,"Journal of Anthropological Archaeology",0278-4165,S34740387,1584,minted
POSI-J-025258,j-bench-journal-of-anxiety-disorders-2565,"Journal of Anxiety Disorders",0887-6185,S110204754,3215,minted
POSI-J-025259,j-bench-journal-of-applied-developmental-psychology-2566,"Journal of Applied Developmental Psychology",0193-3973,S57892594,2453,minted
POSI-J-025260,j-bench-journal-of-applied-geophysics-2567,"Journal of Applied Geophysics",0926-9851,S100607112,5378,minted
POSI-J-001438,j-bench-journal-of-applied-poultry-research-2568,"Journal of Applied Poultry Research",1056-6171,S4210178300,2936,reused
POSI-J-025261,j-bench-journal-of-applied-research-on-medicinal-and-aromatic-plants-2569,"Journal of Applied Research on Medicinal and Aromatic Plants",2214-7861,S2764636153,722,minted
POSI-J-025262,j-bench-journal-of-approximation-theory-2570,"Journal of Approximation Theory",0021-9045,S35093870,6182,minted
POSI-J-025263,j-bench-journal-of-aquatic-plants-2571,"Journal of Aquatic Plants",3051-2301,S5407051181,18,minted
POSI-J-025264,j-bench-journal-of-archaeological-science-2572,"Journal of Archaeological Science",0305-4403,S190270160,7661,minted
POSI-J-025265,j-bench-journal-of-archaeological-science-reports-2573,"Journal of Archaeological Science: Reports",2352-409X,S2764743818,5578,minted
POSI-J-025266,j-bench-journal-of-arid-environments-2574,"Journal of Arid Environments",0140-1963,S128210042,7219,minted
POSI-J-025267,j-bench-journal-of-arid-land-2575,"Journal of Arid Land",1674-6767,S184316860,1261,minted
POSI-J-003083,j-bench-journal-of-asia-pacific-biodiversity-2576,"Journal of Asia-Pacific Biodiversity",2287-884X,S2765047820,1268,reused
POSI-J-025268,j-bench-journal-of-asia-pacific-entomology-2577,"Journal of Asia-Pacific Entomology",1226-8615,S49593656,3046,minted
POSI-J-025269,j-bench-journal-of-asian-earth-sciences-2578,"Journal of Asian Earth Sciences",1367-9120,S80045625,7284,minted
POSI-J-013335,j-bench-journal-of-asian-earth-sciences-x-2579,"Journal of Asian Earth Sciences: X",2590-0560,S4210215885,200,reused
POSI-J-025270,j-bench-journal-of-asian-economics-2580,"Journal of Asian Economics",1049-0078,S69458508,2487,minted
POSI-J-025271,j-bench-journal-of-atmospheric-and-solar-terrestrial-physics-2581,"Journal of Atmospheric and Solar-Terrestrial Physics",1364-6826,S207559368,5986,minted
POSI-J-025272,j-bench-journal-of-autoimmunity-2582,"Journal of Autoimmunity",0896-8411,S187826688,4453,minted
POSI-J-015967,j-bench-journal-of-automation-and-intelligence-2583,"Journal of Automation and Intelligence",2949-8554,S4387285287,136,reused
POSI-J-002510,j-bench-journal-of-ayurveda-and-integrative-medicine-2584,"Journal of Ayurveda and Integrative Medicine",0975-9476,S24510010,1574,reused
POSI-J-025273,j-bench-journal-of-behavior-therapy-and-experimental-psychiatry-2585,"Journal of Behavior Therapy and Experimental Psychiatry",0005-7916,S117021518,4121,minted
POSI-J-025274,j-bench-journal-of-behavioral-and-cognitive-therapy-2586,"Journal of Behavioral and Cognitive Therapy",2589-9791,S4210215259,282,minted
POSI-J-025275,j-bench-journal-of-behavioral-and-experimental-economics-2587,"Journal of Behavioral and Experimental Economics",2214-8043,S4210233753,1436,minted
POSI-J-025276,j-bench-journal-of-behavioral-and-experimental-finance-2588,"Journal of Behavioral and Experimental Finance",2214-6350,S2764372386,931,minted
POSI-J-025277,j-bench-journal-of-biomechanics-open-2589,"Journal of Biomechanics Open",3051-1313,S5407051240,17,minted
POSI-J-025278,j-bench-journal-of-biomedical-informatics-2590,"Journal of Biomedical Informatics",1532-0464,S11622463,4456,minted
POSI-J-008855,j-bench-journal-of-bioresources-and-bioproducts-2591,"Journal of Bioresources and Bioproducts",2369-9698,S4210174242,395,reused
POSI-J-013216,j-bench-journal-of-biosafety-and-biosecurity-2592,"Journal of Biosafety and Biosecurity",2588-9338,S4210206731,217,reused
POSI-J-025279,j-bench-journal-of-bioscience-and-bioengineering-2593,"Journal of Bioscience and Bioengineering",1389-1723,S63783143,7967,minted
POSI-J-025280,j-bench-journal-of-bodywork-and-movement-therapies-2594,"Journal of Bodywork and Movement Therapies",1360-8592,S99985186,4394,minted
POSI-J-025281,j-bench-journal-of-bone-oncology-2595,"Journal of Bone Oncology",2212-1374,S2764562432,828,minted
POSI-J-025282,j-bench-journal-of-brain-and-spine-2596,"Journal of Brain and Spine",3079-7802,S7407063086,8,minted
POSI-J-025283,j-bench-journal-of-building-engineering-2597,"Journal of Building Engineering",2352-7102,S2764478331,16956,minted
POSI-J-025284,j-bench-journal-of-business-venturing-2598,"Journal of Business Venturing",0883-9026,S66201313,1773,minted
POSI-J-025285,j-bench-journal-of-business-venturing-design-2599,"Journal of Business Venturing Design",2667-2774,S4210239885,33,minted
POSI-J-025286,j-bench-journal-of-business-venturing-insights-2600,"Journal of Business Venturing Insights",2352-6734,S2898242091,648,minted
POSI-J-025287,j-bench-journal-of-cancer-policy-2601,"Journal of Cancer Policy",2213-5383,S2764631794,771,minted
POSI-J-025288,j-bench-journal-of-cardiology-2602,"Journal of Cardiology",0914-5087,S76729639,3570,minted
POSI-J-025289,j-bench-journal-of-cardiology-cases-2603,"Journal of Cardiology Cases",1878-5409,S113287398,2141,minted
POSI-J-025290,j-bench-journal-of-cardiovascular-computed-tomography-2604,"Journal of Cardiovascular Computed Tomography",1934-5925,S331060,4205,minted
POSI-J-000723,j-bench-journal-of-cardiovascular-magnetic-resonance-2605,"Journal of Cardiovascular Magnetic Resonance",1097-6647,S144688638,9484,reused
POSI-J-011568,j-bench-journal-of-cartilage-joint-preservation-2606,"Journal of Cartilage & Joint Preservation",2667-2545,S4210212115,267,reused
POSI-J-025291,j-bench-journal-of-cereal-science-2607,"Journal of Cereal Science",0733-5210,S2456228,5147,minted
POSI-J-025292,j-bench-journal-of-chemical-neuroanatomy-2608,"Journal of Chemical Neuroanatomy",0891-0618,S6010938,2484,minted
POSI-J-025293,j-bench-the-journal-of-chemical-thermodynamics-2609,"The Journal of Chemical Thermodynamics",0021-9614,S173979593,11071,minted
POSI-J-025294,j-bench-journal-of-chiropractic-humanities-2610,"Journal of Chiropractic Humanities",1556-3499,S31784138,351,minted
POSI-J-025295,j-bench-journal-of-chiropractic-medicine-2611,"Journal of Chiropractic Medicine",1556-3707,S67905653,1222,minted
POSI-J-025296,j-bench-journal-de-chirurgie-visc-rale-2612,"Journal de Chirurgie Viscérale",1878-786X,S2898216896,2796,minted
POSI-J-025297,j-bench-journal-of-choice-modelling-2613,"Journal of Choice Modelling",1755-5345,S2764690196,514,minted
POSI-J-025298,j-bench-journal-of-chromatography-b-2614,"Journal of Chromatography B",1570-0232,S103248676,13990,minted
POSI-J-009671,j-bench-journal-of-chromatography-open-2615,"Journal of Chromatography Open",2772-3917,S4210211886,356,reused
POSI-J-007385,j-bench-the-journal-of-climate-change-and-health-2616,"The Journal of Climate Change and Health",2667-2782,S4210213993,503,reused
POSI-J-025299,j-bench-journal-of-climate-finance-2617,"Journal of Climate Finance",2949-7280,S4387285669,87,minted
POSI-J-025300,j-bench-journal-of-clinical-anesthesia-2618,"Journal of Clinical Anesthesia",0952-8180,S155967237,8267,minted
POSI-J-025301,j-bench-journal-of-clinical-densitometry-2619,"Journal of Clinical Densitometry",1094-6950,S170982493,3040,minted
POSI-J-025302,j-bench-journal-of-clinical-and-experimental-hepatology-2620,"Journal of Clinical and Experimental Hepatology",0973-6883,S2764866434,5271,minted
POSI-J-025303,j-bench-journal-of-clinical-insight-2621,"Journal of Clinical Insight",3117-373X,S5407054773,7,minted
POSI-J-025304,j-bench-journal-of-clinical-lipidology-2622,"Journal of Clinical Lipidology",1933-2874,S205040759,5043,minted
POSI-J-025305,j-bench-journal-of-clinical-neuroscience-2623,"Journal of Clinical Neuroscience",0967-5868,S145023809,12709,minted
POSI-J-025306,j-bench-journal-of-clinical-orthopaedics-and-trauma-2624,"Journal of Clinical Orthopaedics and Trauma",0976-5662,S2764780756,3037,minted
POSI-J-007959,j-bench-journal-of-clinical-translational-endocrinology-2625,"Journal of Clinical & Translational Endocrinology",2214-6237,S2764518032,444,reused
POSI-J-012961,j-bench-journal-of-clinical-and-translational-endocrinology-case-rep-2626,"Journal of Clinical and Translational Endocrinology: Case Reports",2214-6245,S4210214474,215,reused
POSI-J-006000,j-bench-journal-of-clinical-tuberculosis-and-other-mycobacterial-dis-2627,"Journal of Clinical Tuberculosis and Other Mycobacterial Diseases",2405-5794,S2898488464,636,reused
POSI-J-025307,j-bench-journal-of-clinical-virology-2628,"Journal of Clinical Virology",1386-6532,S6589812,8198,minted
POSI-J-011973,j-bench-journal-of-clinical-virology-plus-2629,"Journal of Clinical Virology Plus",2667-0380,S4210237090,245,reused
POSI-J-001338,j-bench-journal-of-co2-utilization-2630,"Journal of CO2 Utilization",2212-9820,S4210172371,3248,reused
POSI-J-025308,j-bench-journal-of-combinatorial-theory-series-a-2631,"Journal of Combinatorial Theory, Series A",0097-3165,S128556326,5852,minted
POSI-J-025309,j-bench-journal-of-combinatorial-theory-series-b-2632,"Journal of Combinatorial Theory, Series B",0095-8956,S2939117604,4075,minted
POSI-J-025310,j-bench-journal-of-commodity-markets-2633,"Journal of Commodity Markets",2405-8513,S2898531903,395,minted
POSI-J-025311,j-bench-journal-of-communication-disorders-2634,"Journal of Communication Disorders",0021-9924,S145707319,2648,minted
POSI-J-025312,j-bench-journal-of-comparative-economics-2635,"Journal of Comparative Economics",0147-5967,S138645024,3197,minted
POSI-J-025313,j-bench-journal-of-comparative-pathology-2636,"Journal of Comparative Pathology",0021-9975,S177502829,8290,minted
POSI-J-025314,j-bench-journal-of-complexity-2637,"Journal of Complexity",0885-064X,S42286584,1949,minted
POSI-J-025315,j-bench-journal-of-computational-and-applied-mathematics-2638,"Journal of Computational and Applied Mathematics",0377-0427,S165473669,17853,minted
POSI-J-017565,j-bench-journal-of-computational-mathematics-and-data-science-2639,"Journal of Computational Mathematics and Data Science",2772-4158,S4210239024,96,reused
POSI-J-025316,j-bench-journal-of-computational-physics-x-2640,"Journal of Computational Physics: X",2590-0552,S4210174704,104,minted
POSI-J-025317,j-bench-journal-of-computational-science-2641,"Journal of Computational Science",1877-7503,S192071280,2425,minted
POSI-J-025318,j-bench-journal-of-computer-languages-2642,"Journal of Computer Languages",2590-1184,S4210239993,301,minted
POSI-J-025319,j-bench-journal-of-computer-and-system-sciences-2643,"Journal of Computer and System Sciences",0022-0000,S141020589,4009,minted
POSI-J-025320,j-bench-journal-of-constructional-steel-research-2644,"Journal of Constructional Steel Research",0143-974X,S154695693,9741,minted
POSI-J-025321,j-bench-journal-of-contaminant-hydrology-2645,"Journal of Contaminant Hydrology",0169-7722,S20728117,4486,minted
POSI-J-025322,j-bench-journal-of-contemporary-accounting-economics-2646,"Journal of Contemporary Accounting & Economics",1815-5669,S142725411,492,minted
POSI-J-025323,j-bench-journal-of-contextual-behavioral-science-2647,"Journal of Contextual Behavioral Science",2212-1447,S2764949934,945,minted
POSI-J-025324,j-bench-journal-of-co-operative-organization-and-management-2648,"Journal of Co-operative Organization and Management",2213-297X,S2898493639,222,minted
POSI-J-025325,j-bench-journal-of-corporate-finance-2649,"Journal of Corporate Finance",0929-1199,S152282257,2843,minted
POSI-J-025326,j-bench-journal-of-cranio-maxillofacial-surgery-2650,"Journal of Cranio-Maxillofacial Surgery",1010-5182,S203050583,9044,minted
POSI-J-016532,j-bench-journal-of-creativity-2651,"Journal of Creativity",2713-3745,S4210200903,121,reused
POSI-J-025327,j-bench-journal-of-criminal-justice-2652,"Journal of Criminal Justice",0047-2352,S140176541,4811,minted
POSI-J-025328,j-bench-journal-of-critical-care-2653,"Journal of Critical Care",0883-9441,S126993733,7405,minted
POSI-J-025329,j-bench-journal-of-cultural-heritage-2654,"Journal of Cultural Heritage",1296-2074,S1016481467,3360,minted
POSI-J-016645,j-bench-journal-of-cycling-and-micromobility-research-2655,"Journal of Cycling and Micromobility Research",2950-1059,S4387292132,118,reused
POSI-J-025330,j-bench-journal-of-cystic-fibrosis-2656,"Journal of Cystic Fibrosis",1569-1993,S147774598,18476,minted
POSI-J-001499,j-bench-journal-of-dental-sciences-2657,"Journal of Dental Sciences",1991-7902,S173463841,2774,reused
POSI-J-025331,j-bench-journal-of-dentistry-2658,"Journal of Dentistry",0300-5712,S191726168,9631,minted
POSI-J-015972,j-bench-journal-of-dermatologic-science-and-cosmetic-technology-2659,"Journal of Dermatologic Science and Cosmetic Technology",2950-306X,S5407037020,134,reused
POSI-J-025332,j-bench-journal-of-dermatological-science-2660,"Journal of Dermatological Science",0923-1811,S186278352,9773,minted
POSI-J-025333,j-bench-journal-of-destination-marketing-management-2661,"Journal of Destination Marketing & Management",2212-571X,S2764801966,932,minted
POSI-J-025334,j-bench-journal-of-development-economics-2662,"Journal of Development Economics",0304-3878,S101209419,4800,minted
POSI-J-025335,j-bench-journal-of-diabetes-and-its-complications-2663,"Journal of Diabetes and its Complications",1056-8727,S23257913,4317,minted
POSI-J-025336,j-bench-journal-of-differential-equations-2664,"Journal of Differential Equations",0022-0396,S200871675,15087,minted
POSI-J-025337,j-bench-journal-of-digital-economy-2665,"Journal of Digital Economy",2773-0670,S4387282483,115,minted
POSI-J-025338,j-bench-journal-d-imagerie-diagnostique-et-interventionnelle-2666,"Journal d'imagerie diagnostique et interventionnelle",2543-3431,S2898149754,723,minted
POSI-J-025339,j-bench-journal-of-drug-delivery-science-and-technology-2667,"Journal of Drug Delivery Science and Technology",1773-2247,S97205441,8942,minted
POSI-J-025340,j-bench-journal-of-dynamic-disasters-2668,"Journal of Dynamic Disasters",2950-5763,S4404669720,33,minted
POSI-J-025341,j-bench-the-journal-of-economic-asymmetries-2669,"The Journal of Economic Asymmetries",1703-4949,S2764587561,637,minted
POSI-J-012750,j-bench-journal-of-economic-criminology-2670,"Journal of Economic Criminology",2949-7914,S4387288195,229,reused
POSI-J-025342,j-bench-journal-of-economic-dynamics-and-control-2671,"Journal of Economic Dynamics and Control",0165-1889,S44585919,4741,minted
POSI-J-025343,j-bench-journal-of-economic-psychology-2672,"Journal of Economic Psychology",0167-4870,S71968408,2806,minted
POSI-J-025344,j-bench-the-journal-of-the-economics-of-ageing-2673,"The Journal of the Economics of Ageing",2212-828X,S2764905104,513,minted
POSI-J-025345,j-bench-journal-of-economics-and-business-2674,"Journal of Economics and Business",0148-6195,S145099083,1692,minted
POSI-J-025346,j-bench-journal-of-electroanalytical-chemistry-2675,"Journal of Electroanalytical Chemistry",1572-6657,S143604795,20806,minted
POSI-J-025347,j-bench-journal-of-electrocardiology-2676,"Journal of Electrocardiology",0022-0736,S197069552,9205,minted
POSI-J-025348,j-bench-journal-of-electromyography-and-kinesiology-2677,"Journal of Electromyography and Kinesiology",1050-6411,S65425268,3117,minted
POSI-J-025349,j-bench-journal-of-electron-spectroscopy-and-related-phenomena-2678,"Journal of Electron Spectroscopy and Related Phenomena",0368-2048,S133911941,8422,minted
POSI-J-006940,j-bench-journal-of-electronic-science-and-technology-2679,"Journal of Electronic Science and Technology",1674-862X,S2736981714,524,reused
POSI-J-025350,j-bench-journal-of-electrostatics-2680,"Journal of Electrostatics",0304-3886,S181611401,4814,minted
POSI-J-025351,j-bench-the-journal-of-emergency-medicine-2681,"The Journal of Emergency Medicine",0736-4679,S4210219855,17251,minted
POSI-J-025352,j-bench-journal-of-emergency-nursing-2682,"Journal of Emergency Nursing",0099-1767,S88041965,7350,minted
POSI-J-025353,j-bench-journal-of-empirical-finance-2683,"Journal of Empirical Finance",0927-5398,S145875555,1856,minted
POSI-J-025354,j-bench-journal-of-endodontics-2684,"Journal of Endodontics",0099-2399,S90605627,14162,minted
POSI-J-022740,j-bench-journal-of-endometriosis-and-uterine-disorders-2685,"Journal of Endometriosis and Uterine Disorders",2949-8384,S4387287188,133,reused
POSI-J-025355,j-bench-journal-of-energy-chemistry-2686,"Journal of Energy Chemistry",2095-4956,S2500128275,6120,minted
POSI-J-025356,j-bench-journal-of-energy-infrastructure-2687,"Journal of Energy Infrastructure",3051-097X,S7407053937,6,minted
POSI-J-025357,j-bench-journal-of-the-energy-institute-2688,"Journal of the Energy Institute",1743-9671,S178232084,2968,minted
POSI-J-001879,j-bench-journal-of-engineering-research-2689,"Journal of Engineering Research",2307-1877,S4210219973,2213,reused
POSI-J-025358,j-bench-journal-of-engineering-and-technology-management-2690,"Journal of Engineering and Technology Management",0923-4748,S47993699,1172,minted
POSI-J-025359,j-bench-journal-of-english-for-academic-purposes-2691,"Journal of English for Academic Purposes",1475-1585,S145743673,1550,minted
POSI-J-025360,j-bench-journal-of-environmental-chemical-engineering-2692,"Journal of Environmental Chemical Engineering",2213-3437,S2764859491,24548,minted
POSI-J-025361,j-bench-journal-of-environmental-economics-and-management-2693,"Journal of Environmental Economics and Management",0095-0696,S200872515,3123,minted
POSI-J-025362,j-bench-journal-of-environmental-psychology-2694,"Journal of Environmental Psychology",0272-4944,S32271328,3565,minted
POSI-J-025363,j-bench-journal-of-environmental-radioactivity-2695,"Journal of Environmental Radioactivity",0265-931X,S76547072,7150,minted
POSI-J-025364,j-bench-journal-of-environmental-sciences-2696,"Journal of Environmental Sciences",1001-0742,S35825460,8574,minted
POSI-J-025365,j-bench-journal-of-epidemiology-and-population-health-2697,"Journal of Epidemiology and Population Health",2950-4333,S5407037062,1463,minted
POSI-J-025366,j-bench-journal-of-equine-rehabilitation-2698,"Journal of Equine Rehabilitation",2949-9054,S4387292659,43,minted
POSI-J-025367,j-bench-journal-of-equine-veterinary-science-2699,"Journal of Equine Veterinary Science",0737-0806,S180849759,12557,minted
POSI-J-025368,j-bench-journal-of-the-european-ceramic-society-2700,"Journal of the European Ceramic Society",0955-2219,S158447136,18333,minted
POSI-J-019637,j-bench-journal-of-the-european-meteorological-society-2701,"Journal of the European Meteorological Society",2950-6301,S4404670066,43,reused
POSI-J-025369,j-bench-journal-europ-en-des-urgences-et-de-r-animation-2702,"Journal Européen des Urgences et de Réanimation",2211-4238,S2898121191,495,minted
POSI-J-025370,j-bench-journal-of-evidence-based-dental-practice-2703,"Journal of Evidence Based Dental Practice",1532-3382,S199347942,2744,minted
POSI-J-006239,j-bench-journal-of-exercise-science-fitness-2704,"Journal of Exercise Science & Fitness",1728-869X,S67319095,610,reused
POSI-J-025371,j-bench-journal-of-exotic-pet-medicine-2705,"Journal of Exotic Pet Medicine",1557-5063,S97311592,1539,minted
POSI-J-025372,j-bench-journal-of-experimental-horticulture-2706,"Journal of Experimental Horticulture",3051-1186,S5407054453,18,minted
POSI-J-025373,j-bench-journal-of-experimental-marine-biology-and-ecology-2707,"Journal of Experimental Marine Biology and Ecology",0022-0981,S155333626,11375,minted
POSI-J-025374,j-bench-journal-of-experimental-social-psychology-2708,"Journal of Experimental Social Psychology",0022-1031,S12410666,4845,minted
POSI-J-025375,j-bench-journal-of-family-business-strategy-2709,"Journal of Family Business Strategy",1877-8585,S118119388,531,minted
POSI-J-014314,j-bench-the-journal-of-finance-and-data-science-2710,"The Journal of Finance and Data Science",2405-9188,S2898431940,179,reused
POSI-J-025376,j-bench-journal-of-financial-economics-2711,"Journal of Financial Economics",0304-405X,S149240962,4881,minted
POSI-J-025377,j-bench-journal-of-financial-intermediation-2712,"Journal of Financial Intermediation",1042-9573,S5984737,1036,minted
POSI-J-025378,j-bench-journal-of-financial-markets-2713,"Journal of Financial Markets",1386-4181,S127646213,915,minted
POSI-J-025379,j-bench-journal-of-financial-stability-2714,"Journal of Financial Stability",1572-3089,S121634618,1359,minted
POSI-J-025380,j-bench-journal-of-fluency-disorders-2715,"Journal of Fluency Disorders",0094-730X,S157553855,2487,minted
POSI-J-025381,j-bench-journal-of-fluids-and-structures-2716,"Journal of Fluids and Structures",0889-9746,S160220869,4479,minted
POSI-J-025382,j-bench-journal-of-fluorine-chemistry-2717,"Journal of Fluorine Chemistry",0022-1139,S81947917,11824,minted
POSI-J-025383,j-bench-journal-of-food-composition-and-analysis-2718,"Journal of Food Composition and Analysis",0889-1575,S25323420,9055,minted
POSI-J-025384,j-bench-the-journal-of-foot-and-ankle-surgery-2719,"The Journal of Foot and Ankle Surgery",1067-2516,S194540436,5937,minted
POSI-J-025385,j-bench-journal-of-forensic-and-legal-medicine-2720,"Journal of Forensic and Legal Medicine",1752-928X,S10107356,3070,minted
POSI-J-005089,j-bench-the-journal-of-frailty-aging-2721,"The Journal of Frailty & Aging",2260-1341,S2764945019,747,reused
POSI-J-025386,j-bench-journal-fran-ais-d-ophtalmologie-2722,"Journal Français d'Ophtalmologie",0181-5512,S179325419,9284,minted
POSI-J-025387,j-bench-journal-of-fuel-chemistry-and-technology-2723,"Journal of Fuel Chemistry and Technology",1872-5813,S4210231288,1254,minted
POSI-J-025388,j-bench-journal-of-functional-analysis-2724,"Journal of Functional Analysis",0022-1236,S54953690,10844,minted
POSI-J-000808,j-bench-journal-of-functional-foods-2725,"Journal of Functional Foods",1756-4646,S8548135,7306,reused
POSI-J-004997,j-bench-journal-of-future-foods-2726,"Journal of Future Foods",2772-5669,S4210207565,816,reused
POSI-J-025389,j-bench-journal-of-gender-specific-imaging-2727,"Journal of Gender-Specific Imaging",3117-9010,,0,minted
POSI-J-025390,j-bench-journal-of-genetics-and-genomics-2728,"Journal of Genetics and Genomics",1673-8527,S54145736,2182,minted
POSI-J-025391,j-bench-journal-of-geochemical-exploration-2729,"Journal of Geochemical Exploration",0375-6742,S183209598,5980,minted
POSI-J-025392,j-bench-journal-of-geodynamics-2730,"Journal of Geodynamics",0264-3707,S140409716,2493,minted
POSI-J-025393,j-bench-journal-of-geomechanics-and-measurements-2731,"Journal of Geomechanics and Measurements",3117-843X,S7407057199,1,minted
POSI-J-025394,j-bench-journal-of-geometry-and-physics-2732,"Journal of Geometry and Physics",0393-0440,S105977992,5598,minted
POSI-J-025395,j-bench-journal-of-geophysical-prospecting-2733,"Journal of Geophysical Prospecting",3117-6518,S7407055850,30,minted
POSI-J-025396,j-bench-journal-of-geriatric-oncology-2734,"Journal of Geriatric Oncology",1879-4068,S199414623,4124,minted
POSI-J-001723,j-bench-journal-of-ginseng-research-2735,"Journal of Ginseng Research",1226-8453,S195727172,2392,reused
POSI-J-001333,j-bench-journal-of-global-antimicrobial-resistance-2736,"Journal of Global Antimicrobial Resistance",2213-7165,S2764745279,3255,reused
POSI-J-015470,j-bench-journal-of-government-and-economics-2737,"Journal of Government and Economics",2667-3193,S4210238878,148,reused
POSI-J-025397,j-bench-journal-of-great-lakes-research-2738,"Journal of Great Lakes Research",0380-1330,S132336575,5278,minted
POSI-J-025398,j-bench-journal-of-gynecology-obstetrics-and-human-reproduction-2739,"Journal of Gynecology Obstetrics and Human Reproduction",2468-7847,S2764907228,1837,minted
POSI-J-025399,j-bench-journal-of-hand-and-microsurgery-2740,"Journal of Hand and Microsurgery",0974-3227,S117581584,1012,minted
POSI-J-003503,j-bench-journal-of-hand-surgery-global-online-2741,"Journal of Hand Surgery Global Online",2589-5141,S4210203138,1118,reused
POSI-J-025400,j-bench-journal-of-hand-therapy-2742,"Journal of Hand Therapy",0894-1130,S27091128,3602,minted
POSI-J-002941,j-bench-journal-of-hazardous-materials-advances-2743,"Journal of Hazardous Materials Advances",2772-4166,S4210197718,1464,reused
POSI-J-025401,j-bench-journal-of-hazardous-materials-air-2744,"Journal of Hazardous Materials: Air",3117-941X,,0,minted
POSI-J-014179,j-bench-journal-of-hazardous-materials-letters-2745,"Journal of Hazardous Materials Letters",2666-9110,S4210224131,192,reused
POSI-J-025402,j-bench-journal-of-hazardous-materials-organics-2746,"Journal of Hazardous Materials: Organics",3051-0597,S5407051975,38,minted
POSI-J-025403,j-bench-journal-of-hazardous-materials-plastics-2747,"Journal of Hazardous Materials: Plastics",3051-0600,S5407051404,72,minted
POSI-J-025404,j-bench-journal-of-health-economics-2748,"Journal of Health Economics",0167-6296,S166621295,3048,minted
POSI-J-025405,j-bench-journal-of-healthcare-quality-research-2749,"Journal of Healthcare Quality Research",2603-6479,S2898249226,614,minted
POSI-J-025406,j-bench-the-journal-of-heart-and-lung-transplantation-2750,"The Journal of Heart and Lung Transplantation",1053-2498,S42270594,31787,minted
POSI-J-025407,j-bench-journal-of-herbal-medicine-2751,"Journal of Herbal Medicine",2210-8033,S184565882,1133,minted
POSI-J-025408,j-bench-journal-of-high-energy-astrophysics-2752,"Journal of High Energy Astrophysics",2214-4048,S2898380114,701,minted
POSI-J-025409,j-bench-the-journal-of-high-technology-management-research-2753,"The Journal of High Technology Management Research",1047-8310,S1234856,653,minted
POSI-J-025410,j-bench-journal-of-historical-geography-2754,"Journal of Historical Geography",0305-7488,S202848731,5715,minted
POSI-J-025411,j-bench-journal-of-holistic-integrative-pharmacy-2755,"Journal of Holistic Integrative Pharmacy",2950-175X,,0,minted
POSI-J-025412,j-bench-journal-of-hospital-infection-2756,"Journal of Hospital Infection",0195-6701,S87161179,11575,minted
POSI-J-025413,j-bench-journal-of-hospitality-leisure-sport-tourism-education-2757,"Journal of Hospitality, Leisure, Sport & Tourism Education",1473-8376,S137554564,782,minted
POSI-J-025414,j-bench-journal-of-hospitality-and-tourism-management-2758,"Journal of Hospitality and Tourism Management",1447-6770,S187788904,1682,minted
POSI-J-025415,j-bench-journal-of-housing-economics-2759,"Journal of Housing Economics",1051-1377,S57862637,1070,minted
POSI-J-025416,j-bench-journal-of-hydro-environment-research-2760,"Journal of Hydro-environment Research",1570-6443,S72160414,847,minted
POSI-J-001214,j-bench-journal-of-hydrology-regional-studies-2761,"Journal of Hydrology: Regional Studies",2214-5818,S2898247721,3827,reused
POSI-J-014221,j-bench-journal-of-hydrology-x-2762,"Journal of Hydrology X",2589-9155,S4210240423,180,reused
POSI-J-025417,j-bench-journal-of-immunological-methods-2763,"Journal of Immunological Methods",0022-1759,S201669150,14295,minted
POSI-J-025418,j-bench-journal-of-immunology-and-regenerative-medicine-2764,"Journal of Immunology and Regenerative Medicine",2468-4988,S2898177172,74,minted
POSI-J-025419,j-bench-journal-of-the-indian-chemical-society-2765,"Journal of the Indian Chemical Society",0019-4522,S2765077160,3240,minted
POSI-J-025420,j-bench-journal-of-industrial-and-engineering-chemistry-2766,"Journal of Industrial and Engineering Chemistry",1226-086X,S145420111,9786,minted
POSI-J-025421,j-bench-journal-of-industrial-information-integration-2767,"Journal of Industrial Information Integration",2452-414X,S2898195457,919,minted
POSI-J-018338,j-bench-journal-of-industrial-safety-2768,"Journal of Industrial Safety",2950-2764,S4404664271,77,reused
POSI-J-000674,j-bench-journal-of-infection-2769,"Journal of Infection",0163-4453,S19579164,10799,reused
POSI-J-025422,j-bench-journal-of-infection-and-chemotherapy-2770,"Journal of Infection and Chemotherapy",1341-321X,S141781860,4577,minted
POSI-J-001261,j-bench-journal-of-infection-and-public-health-2771,"Journal of Infection and Public Health",1876-0341,S53706017,3499,reused
POSI-J-014260,j-bench-journal-of-information-and-intelligence-2772,"Journal of Information and Intelligence",2949-7159,S4387283396,184,reused
POSI-J-025423,j-bench-journal-of-information-security-and-applications-2773,"Journal of Information Security and Applications",2214-2126,S4210191536,2069,minted
POSI-J-025424,j-bench-journal-of-informetrics-2774,"Journal of Informetrics",1751-1577,S205292342,1713,minted
POSI-J-003612,j-bench-journal-of-innovation-knowledge-2775,"Journal of Innovation & Knowledge",2444-569X,S2898307581,1098,reused
POSI-J-025425,j-bench-journal-of-inorganic-biochemistry-2776,"Journal of Inorganic Biochemistry",0162-0134,S155362585,12803,minted
POSI-J-025426,j-bench-journal-of-insect-physiology-2777,"Journal of Insect Physiology",0022-1910,S98276404,10324,minted
POSI-J-025427,j-bench-journal-of-integrative-horticulture-2778,"Journal of Integrative Horticulture",3051-2905,S7407056180,6,minted
POSI-J-025428,j-bench-journal-of-integrative-medicine-2779,"Journal of Integrative Medicine",2095-4964,S117289385,2882,minted
POSI-J-025429,j-bench-journal-of-intensive-medicine-2780,"Journal of Intensive Medicine",2667-100X,S4210197136,326,minted
POSI-J-025430,j-bench-journal-of-international-accounting-auditing-and-taxation-2781,"Journal of International Accounting, Auditing and Taxation",1061-9518,S132432621,725,minted
POSI-J-025431,j-bench-journal-of-international-ceramic-studies-2782,"Journal of International Ceramic Studies",3050-9971,S5407047530,36,minted
POSI-J-025432,j-bench-journal-of-international-economics-2783,"Journal of International Economics",0022-1996,S198098467,4245,minted
POSI-J-025433,j-bench-journal-of-international-financial-markets-institutions-and--2784,"Journal of International Financial Markets, Institutions and Money",1042-4431,S82743730,2180,minted
POSI-J-025434,j-bench-journal-of-international-management-2785,"Journal of International Management",1075-4253,S960608072,1248,minted
POSI-J-025435,j-bench-journal-of-international-money-and-finance-2786,"Journal of International Money and Finance",0261-5606,S10747938,3811,minted
POSI-J-025436,j-bench-journal-of-interprofessional-education-practice-2787,"Journal of Interprofessional Education & Practice",2405-4526,S2764986774,893,minted
POSI-J-012947,j-bench-journal-of-interventional-medicine-2788,"Journal of Interventional Medicine",2096-3602,S4210181347,210,reused
POSI-J-025437,j-bench-journal-of-invertebrate-pathology-2789,"Journal of Invertebrate Pathology",0022-2011,S115815424,8354,minted
POSI-J-025438,j-bench-journal-of-investigative-dermatology-2790,"Journal of Investigative Dermatology",0022-202X,S28607811,45708,minted
POSI-J-025439,j-bench-journal-of-investigative-dermatology-symposium-proceedings-2791,"Journal of Investigative Dermatology Symposium Proceedings",1087-0024,S116973605,626,minted
POSI-J-013150,j-bench-journal-of-ionic-liquids-2792,"Journal of Ionic Liquids",2772-4220,S4210239119,208,reused
POSI-J-025440,j-bench-journal-of-the-japanese-and-international-economies-2793,"Journal of the Japanese and International Economies",0889-1583,S160393188,1245,minted
POSI-J-015239,j-bench-journal-of-joint-surgery-and-research-2794,"Journal of Joint Surgery and Research",2949-7051,S4387286987,155,reused
POSI-J-001387,j-bench-journal-of-king-saud-university-computer-and-information-sci-2795,"Journal of King Saud University - Computer and Information Sciences",1319-1578,S2764955546,3156,reused
POSI-J-003043,j-bench-journal-of-king-saud-university-engineering-sciences-2796,"Journal of King Saud University - Engineering Sciences",1018-3639,S2764977103,1272,reused
POSI-J-025441,j-bench-journal-of-king-saud-university-science-2797,"Journal of King Saud University - Science",1018-3647,S163784168,3646,minted
POSI-J-000635,j-bench-journal-of-lipid-research-2798,"Journal of Lipid Research",0022-2275,S11400418,13157,reused
POSI-J-008173,j-bench-the-journal-of-liquid-biopsy-2799,"The Journal of Liquid Biopsy",2950-1954,S4387291454,438,reused
POSI-J-010331,j-bench-journal-of-liver-transplantation-2800,"Journal of Liver Transplantation",2666-9676,S4210227752,325,reused
POSI-J-025442,j-bench-journal-of-logical-and-algebraic-methods-in-programming-2801,"Journal of Logical and Algebraic Methods in Programming",2352-2208,S4210169521,752,minted
POSI-J-025443,j-bench-journal-of-loss-prevention-in-the-process-industries-2802,"Journal of Loss Prevention in the Process Industries",0950-4230,S97378760,5367,minted
POSI-J-025444,j-bench-journal-of-macroeconomics-2803,"Journal of Macroeconomics",0164-0704,S176795851,3666,minted
POSI-J-001850,j-bench-journal-of-magnesium-and-alloys-2804,"Journal of Magnesium and Alloys",2213-9567,S2764981684,2259,reused
POSI-J-025445,j-bench-journal-of-magnetic-resonance-2805,"Journal of Magnetic Resonance",1090-7807,S90573847,7110,minted
POSI-J-012892,j-bench-journal-of-magnetic-resonance-open-2806,"Journal of Magnetic Resonance Open",2666-4410,S4210238029,215,reused
POSI-J-011467,j-bench-journal-of-management-science-and-engineering-2807,"Journal of Management Science and Engineering",2096-2320,S4210176257,266,reused
POSI-J-025446,j-bench-journal-of-manipulative-and-physiological-therapeutics-2808,"Journal of Manipulative and Physiological Therapeutics",0161-4754,S104377164,3433,minted
POSI-J-025447,j-bench-journal-of-manufacturing-processes-2809,"Journal of Manufacturing Processes",1526-6125,S120037611,8290,minted
POSI-J-025448,j-bench-journal-of-manufacturing-systems-2810,"Journal of Manufacturing Systems",0278-6125,S201698446,4149,minted
POSI-J-025449,j-bench-journal-of-marine-systems-2811,"Journal of Marine Systems",0924-7963,S195909765,4264,minted
POSI-J-025450,j-bench-journal-of-mass-spectrometry-and-advances-in-the-clinical-la-2812,"Journal of Mass Spectrometry and Advances in the Clinical Lab",2667-145X,S4210202914,195,minted
POSI-J-025451,j-bench-journal-of-materials-processing-technology-2813,"Journal of Materials Processing Technology",0924-0136,S127530304,18725,minted
POSI-J-025452,j-bench-journal-of-materials-research-and-technology-2814,"Journal of Materials Research and Technology",2238-7854,S2765010971,18234,minted
POSI-J-025453,j-bench-journal-of-materials-science-technology-2815,"Journal of Materials Science & Technology",1005-0302,S135187643,11120,minted
POSI-J-003122,j-bench-journal-of-materiomics-2816,"Journal of Materiomics",2352-8478,S2764607427,1250,reused
POSI-J-025454,j-bench-the-journal-of-mathematical-behavior-2817,"The Journal of Mathematical Behavior",0732-3123,S161209770,1495,minted
POSI-J-025455,j-bench-journal-of-mathematical-economics-2818,"Journal of Mathematical Economics",0304-4068,S202934171,3055,minted
POSI-J-025456,j-bench-journal-of-mathematical-psychology-2819,"Journal of Mathematical Psychology",0022-2496,S126294776,2784,minted
POSI-J-025457,j-bench-journal-de-math-matiques-pures-et-appliqu-es-2820,"Journal de Mathématiques Pures et Appliquées",0021-7824,S61246407,2431,minted
POSI-J-025458,j-bench-journal-of-the-mechanical-behavior-of-biomedical-materials-2821,"Journal of the Mechanical Behavior of Biomedical Materials",1751-6161,S100249163,7345,minted
POSI-J-025459,j-bench-journal-of-the-mechanics-and-physics-of-solids-2822,"Journal of the Mechanics and Physics of Solids",0022-5096,S105775785,7742,minted
POSI-J-025460,j-bench-journal-of-medical-imaging-and-radiation-sciences-2823,"Journal of Medical Imaging and Radiation Sciences",1939-8654,S177542251,3936,minted
POSI-J-016666,j-bench-journal-of-membrane-science-letters-2824,"Journal of Membrane Science Letters",2772-4212,S4210204796,120,reused
POSI-J-025461,j-bench-journal-of-memory-and-language-2825,"Journal of Memory and Language",0749-596X,S53787413,2725,minted
POSI-J-025462,j-bench-journal-of-microbiological-methods-2826,"Journal of Microbiological Methods",0167-7012,S24124513,7579,minted
POSI-J-001525,j-bench-journal-of-microbiology-immunology-and-infection-2827,"Journal of Microbiology, Immunology and Infection",1684-1182,S7766676,2759,reused
POSI-J-008395,j-bench-journal-of-migration-and-health-2828,"Journal of Migration and Health",2666-6235,S4210207574,423,reused
POSI-J-025463,j-bench-journal-of-minimally-invasive-gynecology-2829,"Journal of Minimally Invasive Gynecology",1553-4650,S73678819,18665,minted
POSI-J-005155,j-bench-journal-of-molecular-and-cellular-cardiology-plus-2830,"Journal of Molecular and Cellular Cardiology Plus",2772-9761,S4220650807,741,reused
POSI-J-025464,j-bench-the-journal-of-molecular-diagnostics-2831,"The Journal of Molecular Diagnostics",1525-1578,S48180145,2803,minted
POSI-J-025465,j-bench-journal-of-molecular-graphics-and-modelling-2832,"Journal of Molecular Graphics and Modelling",1093-3263,S76694907,4469,minted
POSI-J-025466,j-bench-journal-of-molecular-spectroscopy-2833,"Journal of Molecular Spectroscopy",0022-2852,S77654513,13900,minted
POSI-J-025467,j-bench-journal-of-monetary-economics-2834,"Journal of Monetary Economics",0304-3932,S6711363,4013,minted
POSI-J-015512,j-bench-journal-of-mood-and-anxiety-disorders-2835,"Journal of Mood and Anxiety Disorders",2950-0044,S4387289872,152,reused
POSI-J-025468,j-bench-journal-of-multinational-financial-management-2836,"Journal of Multinational Financial Management",1042-444X,S92422469,878,minted
POSI-J-025469,j-bench-journal-of-multivariate-analysis-2837,"Journal of Multivariate Analysis",0047-259X,S133905466,5551,minted
POSI-J-025470,j-bench-journal-of-medical-mycology-2838,"Journal of Medical Mycology",1156-5233,S144424300,2303,minted
POSI-J-025471,j-bench-journal-of-the-national-cancer-center-2839,"Journal of the National Cancer Center",2667-0054,S4210221649,298,minted
POSI-J-025472,j-bench-journal-of-the-national-medical-association-2840,"Journal of the National Medical Association",0027-9684,S4210222641,2931,minted
POSI-J-008938,j-bench-journal-of-natural-gas-geoscience-2841,"Journal of Natural Gas Geoscience",2468-256X,S4210220297,389,reused
POSI-J-025473,j-bench-journal-of-natural-gas-science-and-engineering-2842,"Journal of Natural Gas Science and Engineering",1875-5100,S125705681,4610,minted
POSI-J-013398,j-bench-journal-of-natural-pesticide-research-2843,"Journal of Natural Pesticide Research",2773-0786,S4220651597,216,reused
POSI-J-025474,j-bench-journal-for-nature-conservation-2844,"Journal for Nature Conservation",1617-1381,S77407326,2277,minted
POSI-J-025475,j-bench-journal-of-neonatal-nursing-2845,"Journal of Neonatal Nursing",1355-1841,S144345918,1998,minted
POSI-J-025476,j-bench-journal-of-network-and-computer-applications-2846,"Journal of Network and Computer Applications",1084-8045,S30128005,4334,minted
POSI-J-025477,j-bench-journal-of-neuroimmunology-2847,"Journal of Neuroimmunology",0165-5728,S137419829,13157,minted
POSI-J-025478,j-bench-journal-of-neurolinguistics-2848,"Journal of Neurolinguistics",0911-6044,S52978869,1469,minted
POSI-J-025479,j-bench-journal-of-the-neurological-sciences-2849,"Journal of the Neurological Sciences",0022-510X,S169054600,40924,minted
POSI-J-025480,j-bench-journal-of-neuroradiology-2850,"Journal of Neuroradiology",0150-9861,S45717877,3361,minted
POSI-J-009283,j-bench-journal-of-neurorestoratology-2851,"Journal of Neurorestoratology",2324-2426,S4210239029,373,reused
POSI-J-025481,j-bench-journal-of-neuroscience-methods-2852,"Journal of Neuroscience Methods",0165-0270,S132751470,11308,minted
POSI-J-025482,j-bench-journal-of-non-crystalline-solids-x-2853,"Journal of Non-Crystalline Solids: X",2590-1591,S4210209456,185,minted
POSI-J-025483,j-bench-journal-of-non-newtonian-fluid-mechanics-2854,"Journal of Non-Newtonian Fluid Mechanics",0377-0257,S13281104,5674,minted
POSI-J-025484,j-bench-journal-of-number-theory-2855,"Journal of Number Theory",0022-314X,S40813394,8114,minted
POSI-J-025485,j-bench-the-journal-for-nurse-practitioners-2856,"The Journal for Nurse Practitioners",1555-4155,S13663286,5677,minted
POSI-J-025486,j-bench-journal-of-nursing-regulation-2857,"Journal of Nursing Regulation",2155-8256,S2764586361,922,minted
POSI-J-025487,j-bench-journal-of-nutrition-education-and-behavior-2858,"Journal of Nutrition Education and Behavior",1499-4046,S206696595,8512,minted
POSI-J-001255,j-bench-the-journal-of-nutrition-health-and-aging-2859,"The Journal of nutrition, health and aging",1279-7707,S94854268,3506,reused
POSI-J-005382,j-bench-journal-of-nutrition-intermediary-metabolism-2860,"Journal of Nutrition & Intermediary Metabolism",2352-3859,S2764381018,703,reused
POSI-J-025488,j-bench-the-journal-of-nutritional-biochemistry-2861,"The Journal of Nutritional Biochemistry",0955-2863,S548917,5896,minted
POSI-J-025489,j-bench-journal-of-obsessive-compulsive-and-related-disorders-2862,"Journal of Obsessive-Compulsive and Related Disorders",2211-3649,S2504628507,879,minted
POSI-J-025490,j-bench-journal-of-obstetric-gynecologic-neonatal-nursing-2863,"Journal of Obstetric, Gynecologic & Neonatal Nursing",0884-2175,S48019687,7578,minted
POSI-J-025491,j-bench-journal-of-obstetrics-and-gynaecology-canada-2864,"Journal of Obstetrics and Gynaecology Canada",1701-2163,S2755151586,7017,minted
POSI-J-025492,j-bench-journal-of-ocean-engineering-and-science-2865,"Journal of Ocean Engineering and Science",2468-0133,S2898412997,750,minted
POSI-J-005238,j-bench-journal-of-allergy-and-clinical-immunology-global-2866,"Journal of Allergy and Clinical Immunology: Global",2772-8293,S4210197719,744,reused
POSI-J-025493,j-bench-journal-of-cardiac-failure-intersections-2867,"Journal of Cardiac Failure - Intersections",3050-6611,S5407047445,155,minted
POSI-J-019474,j-bench-journal-of-computational-algebra-2868,"Journal of Computational Algebra",2772-8277,S4220650970,43,reused
POSI-J-002276,j-bench-journal-of-isakos-2869,"Journal of ISAKOS",2059-7754,S4210197731,1760,reused
POSI-J-025494,j-bench-journal-of-nutritional-physiology-2870,"Journal of Nutritional Physiology",3050-6247,S5407047430,40,minted
POSI-J-025495,j-bench-journal-of-precision-medicine-health-and-disease-2871,"Journal of Precision Medicine: Health and Disease",3050-6328,S5407047433,48,minted
POSI-J-002289,j-bench-journal-of-open-innovation-technology-market-and-complexity-2872,"Journal of Open Innovation: Technology, Market, and Complexity",2199-8531,S4210222123,1741,reused
POSI-J-005294,j-bench-journal-of-optometry-2873,"Journal of Optometry",1888-4296,S136119960,718,reused
POSI-J-002545,j-bench-journal-of-oral-biology-and-craniofacial-research-2874,"Journal of Oral Biology and Craniofacial Research",2212-4268,S2764859361,1544,reused
POSI-J-025496,j-bench-journal-of-oral-biosciences-2875,"Journal of Oral Biosciences",1349-0079,S33990022,1559,minted
POSI-J-025497,j-bench-journal-of-oral-and-maxillofacial-surgery-2876,"Journal of Oral and Maxillofacial Surgery",0278-2391,S2672396,28119,minted
POSI-J-025498,j-bench-journal-of-oral-and-maxillofacial-surgery-medicine-and-patho-2877,"Journal of Oral and Maxillofacial Surgery, Medicine, and Pathology",2212-5558,S2764988127,2030,minted
POSI-J-003706,j-bench-journal-of-orthopaedic-reports-2878,"Journal of Orthopaedic Reports",2773-157X,S4220651534,1023,reused
POSI-J-002713,j-bench-journal-of-orthopaedic-translation-2879,"Journal of Orthopaedic Translation",2214-031X,S2764689464,1463,reused
POSI-J-025499,j-bench-journal-of-orthopaedics-2880,"Journal of Orthopaedics",0972-978X,S2764834445,3012,minted
POSI-J-005670,j-bench-journal-of-otology-2881,"Journal of Otology",1672-2930,S2765004167,669,reused
POSI-J-025500,j-bench-journal-of-outdoor-recreation-and-tourism-2882,"Journal of Outdoor Recreation and Tourism",2213-0780,S2764702529,900,minted
POSI-J-025501,j-bench-the-journal-of-pain-2883,"The Journal of Pain",1526-5900,S194302669,13123,minted
POSI-J-025502,j-bench-journal-of-pain-and-symptom-management-2884,"Journal of Pain and Symptom Management",0885-3924,S135898356,15658,minted
POSI-J-025503,j-bench-journal-of-parallel-and-distributed-computing-2885,"Journal of Parallel and Distributed Computing",0743-7315,S157146593,5447,minted
POSI-J-003275,j-bench-journal-of-pathology-informatics-2886,"Journal of Pathology Informatics",2153-3539,S4210177785,1189,reused
POSI-J-025504,j-bench-journal-of-pediatric-and-adolescent-gynecology-2887,"Journal of Pediatric and Adolescent Gynecology",1083-3188,S13083541,6759,minted
POSI-J-025505,j-bench-journal-of-pediatric-health-care-2888,"Journal of Pediatric Health Care",0891-5245,S78878675,5452,minted
POSI-J-025506,j-bench-journal-of-pediatric-nursing-2889,"Journal of Pediatric Nursing",0882-5963,S119745230,6579,minted
POSI-J-004547,j-bench-journal-of-the-pediatric-orthopaedic-society-of-north-americ-2890,"Journal of the Pediatric Orthopaedic Society of North America",2768-2765,S4220651931,856,reused
POSI-J-001335,j-bench-journal-of-pediatric-surgery-case-reports-2891,"Journal of Pediatric Surgery Case Reports",2213-5766,S2764606553,3246,reused
POSI-J-011163,j-bench-journal-of-pediatric-surgery-open-2892,"Journal of Pediatric Surgery Open",2949-7116,S4387286834,287,reused
POSI-J-025507,j-bench-journal-of-pediatric-urology-2893,"Journal of Pediatric Urology",1477-5131,S12548615,7023,minted
POSI-J-016649,j-bench-the-journal-of-pediatrics-clinical-practice-2894,"The Journal of Pediatrics: Clinical Practice",2950-5410,S5407037092,127,reused
POSI-J-018958,j-bench-the-journal-of-pediatrics-x-2895,"The Journal of Pediatrics: X",2590-0420,S4210226284,57,reused
POSI-J-025508,j-bench-journal-de-p-diatrie-et-de-pu-riculture-2896,"Journal de Pédiatrie et de Puériculture",0987-7983,S2898489505,4305,minted
POSI-J-025509,j-bench-journal-of-perianesthesia-nursing-2897,"Journal of PeriAnesthesia Nursing",1089-9472,S188044397,6204,minted
POSI-J-025510,j-bench-journal-of-petroleum-science-and-engineering-2898,"Journal of Petroleum Science and Engineering",0920-4105,S19016632,11016,minted
POSI-J-002357,j-bench-journal-of-pharmaceutical-analysis-2899,"Journal of Pharmaceutical Analysis",2095-1779,S2765050281,1681,reused
POSI-J-025511,j-bench-journal-of-pharmaceutical-and-biomedical-analysis-2900,"Journal of Pharmaceutical and Biomedical Analysis",0731-7085,S174893293,17640,minted
POSI-J-016992,j-bench-journal-of-pharmaceutical-and-biomedical-analysis-open-2901,"Journal of Pharmaceutical and Biomedical Analysis Open",2949-771X,S4387286635,109,reused
POSI-J-001164,j-bench-journal-of-pharmacological-sciences-2902,"Journal of Pharmacological Sciences",1347-8613,S163931769,3825,reused
POSI-J-025512,j-bench-journal-of-pharmacological-and-toxicological-methods-2903,"Journal of Pharmacological and Toxicological Methods",1056-8719,S89571363,5317,minted
POSI-J-025513,j-bench-the-journal-of-pharmacology-and-experimental-therapeutics-2904,"The Journal of Pharmacology and Experimental Therapeutics",0022-3565,S102125482,40093,minted
POSI-J-025514,j-bench-journal-of-phonetics-2905,"Journal of Phonetics",0095-4470,S42504509,2489,minted
POSI-J-010931,j-bench-journal-of-photochemistry-and-photobiology-2906,"Journal of Photochemistry and Photobiology",2666-4690,S4210219111,293,reused
POSI-J-025515,j-bench-journal-of-photochemistry-and-photobiology-a-chemistry-2907,"Journal of Photochemistry and Photobiology A: Chemistry",1010-6030,S102276873,16035,minted
POSI-J-025516,j-bench-journal-of-photochemistry-and-photobiology-b-biology-2908,"Journal of Photochemistry and Photobiology B: Biology",1011-1344,S148303206,7795,minted
POSI-J-025517,j-bench-journal-of-photochemistry-and-photobiology-c-photochemistry--2909,"Journal of Photochemistry and Photobiology C: Photochemistry Reviews",1389-5567,S143106029,590,minted
POSI-J-002595,j-bench-journal-of-physiotherapy-2910,"Journal of Physiotherapy",1836-9553,S99546260,1522,reused
POSI-J-008705,j-bench-journal-of-pipeline-science-and-engineering-2911,"Journal of Pipeline Science and Engineering",2667-1433,S4210223785,411,reused
POSI-J-025518,j-bench-journal-of-plant-physiology-2912,"Journal of Plant Physiology",0176-1617,S148694123,10185,minted
POSI-J-025519,j-bench-journal-of-plastic-reconstructive-aesthetic-surgery-2913,"Journal of Plastic, Reconstructive & Aesthetic Surgery",1748-6815,S23813625,10788,minted
POSI-J-025520,j-bench-journal-of-polar-science-and-engineering-2914,"Journal of Polar Science and Engineering",3051-3219,,0,minted
POSI-J-025521,j-bench-journal-of-policy-modeling-2915,"Journal of Policy Modeling",0161-8938,S81022070,2999,minted
POSI-J-014234,j-bench-journal-of-power-sources-advances-2916,"Journal of Power Sources Advances",2666-2485,S4210178997,175,reused
POSI-J-000499,j-bench-the-journal-of-prevention-of-alzheimer-s-disease-2917,"The Journal of Prevention of Alzheimer's Disease",2274-5807,S4210234663,1299,reused
POSI-J-025522,j-bench-journal-of-process-control-2918,"Journal of Process Control",0959-1524,S96000363,3933,minted
POSI-J-025523,j-bench-journal-of-professional-nursing-2919,"Journal of Professional Nursing",8755-7223,S162826810,4330,minted
POSI-J-025524,j-bench-journal-of-proteomics-2920,"Journal of Proteomics",1874-3919,S100014387,5387,minted
POSI-J-025525,j-bench-journal-of-psychiatric-research-2921,"Journal of Psychiatric Research",0022-3956,S160879026,9172,minted
POSI-J-025526,j-bench-journal-of-psychosomatic-research-2922,"Journal of Psychosomatic Research",0022-3999,S151416048,13057,minted
POSI-J-025527,j-bench-journal-of-public-economics-2923,"Journal of Public Economics",0047-2727,S199447588,5432,minted
POSI-J-025528,j-bench-journal-of-public-economics-plus-2924,"Journal of Public Economics Plus",2666-5514,S4210217903,10,minted
POSI-J-004903,j-bench-journal-of-public-transportation-2925,"Journal of Public Transportation",1077-291X,S4210212366,774,reused
POSI-J-025529,j-bench-journal-of-purchasing-and-supply-management-2926,"Journal of Purchasing and Supply Management",1478-4092,S55239356,901,minted
POSI-J-025530,j-bench-journal-of-pure-and-applied-algebra-2927,"Journal of Pure and Applied Algebra",0022-4049,S4805881,9393,minted
POSI-J-025531,j-bench-journal-of-quantitative-spectroscopy-and-radiative-transfer-2928,"Journal of Quantitative Spectroscopy and Radiative Transfer",0022-4073,S100373537,13783,minted
POSI-J-025532,j-bench-journal-of-radiology-nursing-2929,"Journal of Radiology Nursing",1546-0843,S42421247,1895,minted
POSI-J-025533,j-bench-journal-of-rail-transport-planning-management-2930,"Journal of Rail Transport Planning & Management",2210-9706,S2898188555,448,minted
POSI-J-025534,j-bench-journal-of-railway-science-and-technology-2931,"Journal of Railway Science and Technology",3050-8142,S5407047489,43,minted
POSI-J-025535,j-bench-journal-of-rare-earths-2932,"Journal of Rare Earths",1002-0721,S139187495,5038,minted
POSI-J-025536,j-bench-journal-of-renal-nutrition-2933,"Journal of Renal Nutrition",1051-2276,S112180171,3894,minted
POSI-J-025537,j-bench-journal-of-reproductive-immunology-2934,"Journal of Reproductive Immunology",0165-0378,S190398947,6813,minted
POSI-J-025538,j-bench-journal-of-research-in-personality-2935,"Journal of Research in Personality",0092-6566,S156995526,3404,minted
POSI-J-025539,j-bench-journal-of-resource-insects-2936,"Journal of Resource Insects",3050-516X,S5407047386,17,minted
POSI-J-014520,j-bench-journal-of-responsible-technology-2937,"Journal of Responsible Technology",2666-6596,S4210186663,170,reused
POSI-J-025540,j-bench-journal-of-retailing-2938,"Journal of Retailing",0022-4359,S159120381,1467,minted
POSI-J-025541,j-bench-journal-of-retailing-and-consumer-services-2939,"Journal of Retailing and Consumer Services",0969-6989,S25235501,4855,minted
POSI-J-015879,j-bench-journal-of-road-engineering-2940,"Journal of Road Engineering",2097-0498,S4210204913,143,reused
POSI-J-001469,j-bench-journal-of-rock-mechanics-and-geotechnical-engineering-2941,"Journal of Rock Mechanics and Geotechnical Engineering",1674-7755,S2764891560,2945,reused
POSI-J-025542,j-bench-journal-of-rural-studies-2942,"Journal of Rural Studies",0743-0167,S28036099,5132,minted
POSI-J-025543,j-bench-journal-of-safety-research-2943,"Journal of Safety Research",0022-4375,S84525459,4049,minted
POSI-J-025544,j-bench-journal-of-safety-science-and-resilience-2944,"Journal of Safety Science and Resilience",2666-4496,S4210227109,306,minted
POSI-J-018150,j-bench-journal-of-safety-and-sustainability-2945,"Journal of Safety and Sustainability",2949-9267,S4387292325,86,reused
POSI-J-002068,j-bench-journal-of-saudi-chemical-society-2946,"Journal of Saudi Chemical Society",1319-6103,S77754710,1928,reused
POSI-J-004240,j-bench-journal-of-the-saudi-society-of-agricultural-sciences-2947,"Journal of the Saudi Society of Agricultural Sciences",1658-077X,S2765072490,900,reused
POSI-J-025545,j-bench-journal-of-school-psychology-2948,"Journal of School Psychology",0022-4405,S69627091,3569,minted
POSI-J-003458,j-bench-journal-of-science-advanced-materials-and-devices-2949,"Journal of Science: Advanced Materials and Devices",2468-2179,S2764990209,1132,reused
POSI-J-025546,j-bench-journal-of-science-and-medicine-in-sport-2950,"Journal of Science and Medicine in Sport",1440-2440,S150894996,10712,minted
POSI-J-001594,j-bench-journal-of-sea-research-2951,"Journal of Sea Research",1385-1101,S132103761,2603,reused
POSI-J-025547,j-bench-journal-of-second-language-writing-2952,"Journal of Second Language Writing",1060-3743,S192107914,1426,minted
POSI-J-025548,j-bench-the-journal-of-sexual-medicine-2953,"The Journal of Sexual Medicine",1743-6095,S159512450,17126,minted
POSI-J-025549,j-bench-journal-of-shoulder-and-elbow-surgery-2954,"Journal of Shoulder and Elbow Surgery",1058-2746,S146952083,11407,minted
POSI-J-001153,j-bench-journal-of-the-society-for-cardiovascular-angiography-interv-2955,"Journal of the Society for Cardiovascular Angiography & Interventions",2772-9303,S4210220669,3943,reused
POSI-J-025550,j-bench-journal-of-south-american-earth-sciences-2956,"Journal of South American Earth Sciences",0895-9811,S27476350,5978,minted
POSI-J-025551,j-bench-journal-of-space-safety-engineering-2957,"Journal of Space Safety Engineering",2468-8967,S2898428619,715,minted
POSI-J-025552,j-bench-journal-of-sport-and-health-science-2958,"Journal of Sport and Health Science",2095-2546,S2485047394,1228,minted
POSI-J-025553,j-bench-journal-of-statistical-planning-and-inference-2959,"Journal of Statistical Planning and Inference",0378-3758,S25707077,8335,minted
POSI-J-025554,j-bench-the-journal-of-steroid-biochemistry-and-molecular-biology-2960,"The Journal of Steroid Biochemistry and Molecular Biology",0960-0760,S168421034,8443,minted
POSI-J-025555,j-bench-journal-of-stomatology-oral-and-maxillofacial-surgery-2961,"Journal of Stomatology, Oral and Maxillofacial Surgery",2468-7855,S2898482364,2328,minted
POSI-J-025556,j-bench-journal-of-stored-products-research-2962,"Journal of Stored Products Research",0022-474X,S85016161,4200,minted
POSI-J-025557,j-bench-the-journal-of-strategic-information-systems-2963,"The Journal of Strategic Information Systems",0963-8687,S6144335,1147,minted
POSI-J-025558,j-bench-journal-of-strategy-innovation-2964,"Journal of Strategy & Innovation",3050-7901,S5407047483,42,minted
POSI-J-000710,j-bench-journal-of-stroke-and-cerebrovascular-diseases-2966,"Journal of Stroke and Cerebrovascular Diseases",1052-3057,S4210174059,9823,reused
POSI-J-025559,j-bench-journal-of-structural-biology-2967,"Journal of Structural Biology",1047-8477,S89954039,5239,minted
POSI-J-015505,j-bench-journal-of-structural-biology-x-2968,"Journal of Structural Biology: X",2590-1524,S4210234285,147,reused
POSI-J-025560,j-bench-journal-of-structural-geology-2969,"Journal of Structural Geology",0191-8141,S13481170,6844,minted
POSI-J-025561,j-bench-journal-of-subatomic-particles-and-cosmology-2970,"Journal of Subatomic Particles and Cosmology",3050-4805,S4404662794,455,minted
POSI-J-025562,j-bench-journal-of-substance-abuse-treatment-2971,"Journal of Substance Abuse Treatment",0740-5472,S82881359,4711,minted
POSI-J-025563,j-bench-journal-of-substance-use-and-addiction-treatment-2972,"Journal of Substance Use and Addiction Treatment",2949-8759,S4387286195,849,minted
POSI-J-025564,j-bench-the-journal-of-supercritical-fluids-2973,"The Journal of Supercritical Fluids",0896-8446,S12574399,6879,minted
POSI-J-025565,j-bench-journal-of-surgical-education-2974,"Journal of Surgical Education",1931-7204,S74622277,4267,minted
POSI-J-025566,j-bench-journal-of-sustainable-finance-and-accounting-2975,"Journal of Sustainable Finance and Accounting",2950-3701,S4394906821,30,minted
POSI-J-025567,j-bench-journal-of-symbolic-computation-2976,"Journal of Symbolic Computation",0747-7171,S18904315,3397,minted
POSI-J-025568,j-bench-journal-of-systems-architecture-2977,"Journal of Systems Architecture",1383-7621,S127660348,3390,minted
POSI-J-025569,j-bench-journal-of-systems-and-software-2978,"Journal of Systems and Software",0164-1212,S37879656,6967,minted
POSI-J-002291,j-bench-journal-of-taibah-university-medical-sciences-2979,"Journal of Taibah University Medical Sciences",1658-3612,S2764797630,1714,reused
POSI-J-025570,j-bench-journal-of-the-taiwan-institute-of-chemical-engineers-2980,"Journal of the Taiwan Institute of Chemical Engineers",1876-1070,S156280905,6558,minted
POSI-J-025571,j-bench-journal-of-terramechanics-2981,"Journal of Terramechanics",0022-4898,S143111890,3794,minted
POSI-J-025572,j-bench-journal-of-thermal-biology-2982,"Journal of Thermal Biology",0306-4565,S39195600,5508,minted
POSI-J-025573,j-bench-journal-of-thrombosis-and-haemostasis-2983,"Journal of Thrombosis and Haemostasis",1538-7836,S164469042,12166,minted
POSI-J-025574,j-bench-journal-of-tissue-viability-2984,"Journal of Tissue Viability",0965-206X,S103059793,1885,minted
POSI-J-025575,j-bench-journal-of-trace-elements-in-medicine-and-biology-2985,"Journal of Trace Elements in Medicine and Biology",0946-672X,S165809374,3545,minted
POSI-J-010467,j-bench-journal-of-trace-elements-and-minerals-2986,"Journal of Trace Elements and Minerals",2773-0506,S4220651556,312,reused
POSI-J-006159,j-bench-journal-of-traditional-chinese-medical-sciences-2987,"Journal of Traditional Chinese Medical Sciences",2095-7548,S2765057931,609,reused
POSI-J-003758,j-bench-journal-of-traditional-and-complementary-medicine-2988,"Journal of Traditional and Complementary Medicine",2225-4110,S2737354210,997,reused
POSI-J-005047,j-bench-journal-of-traffic-and-transportation-engineering-english-ed-2989,"Journal of Traffic and Transportation Engineering (English Edition)",2095-7564,S4210170470,768,reused
POSI-J-009181,j-bench-journal-of-translational-autoimmunity-2990,"Journal of Translational Autoimmunity",2589-9090,S4210217231,377,reused
POSI-J-025576,j-bench-journal-of-transport-geography-2991,"Journal of Transport Geography",0966-6923,S80150607,4661,minted
POSI-J-025577,j-bench-journal-of-transport-health-2992,"Journal of Transport & Health",2214-1405,S2764685396,2728,minted
POSI-J-025578,j-bench-journal-de-traumatologie-du-sport-2993,"Journal de Traumatologie du Sport",0762-915X,S15621435,1422,minted
POSI-J-025579,j-bench-journal-of-urban-economics-2994,"Journal of Urban Economics",0094-1190,S147692640,2837,minted
POSI-J-006675,j-bench-journal-of-urban-management-2995,"Journal of Urban Management",2226-5856,S2898527796,576,reused
POSI-J-012215,j-bench-journal-of-urban-mobility-2996,"Journal of Urban Mobility",2667-0917,S4210216941,259,reused
POSI-J-025580,j-bench-journal-of-vascular-and-endovascular-research-2997,"Journal of Vascular and Endovascular Research",3050-6093,,0,minted
POSI-J-025581,j-bench-journal-of-vascular-and-interventional-radiology-2998,"Journal of Vascular and Interventional Radiology",1051-0443,S3376858,25322,minted
POSI-J-025582,j-bench-journal-of-vascular-nursing-2999,"Journal of Vascular Nursing",1062-0303,S70092882,1746,minted
POSI-J-025583,j-bench-journal-of-vascular-surgery-3000,"Journal of Vascular Surgery",0741-5214,S104135014,40095,minted
POSI-J-025584,j-bench-journal-of-vascular-surgery-cases-and-innovative-techniques-3001,"Journal of Vascular Surgery Cases and Innovative Techniques",2468-4287,S2764731433,2577,minted
POSI-J-001292,j-bench-journal-of-vascular-surgery-venous-and-lymphatic-disorders-3002,"Journal of Vascular Surgery: Venous and Lymphatic Disorders",2213-333X,S2764537351,3398,reused
POSI-J-025585,j-bench-journal-of-veterinary-behavior-3003,"Journal of Veterinary Behavior",1558-7878,S2898579797,2407,minted
POSI-J-025586,j-bench-journal-of-veterinary-cardiology-3004,"Journal of Veterinary Cardiology",1760-2734,S176126597,1235,minted
POSI-J-025587,j-bench-journal-of-virological-methods-3005,"Journal of Virological Methods",0166-0934,S7140881,9600,minted
POSI-J-002102,j-bench-journal-of-virus-eradication-3006,"Journal of Virus Eradication",2055-6640,S2764990692,1869,reused
POSI-J-025588,j-bench-journal-of-visceral-surgery-3007,"Journal of Visceral Surgery",1878-7886,S3330943,1802,minted
POSI-J-025589,j-bench-journal-of-visual-communication-and-image-representation-3008,"Journal of Visual Communication and Image Representation",1047-3203,S105424869,4460,minted
POSI-J-025590,j-bench-journal-of-vocational-behavior-3009,"Journal of Vocational Behavior",0001-8791,S25746158,4048,minted
POSI-J-025591,j-bench-journal-of-voice-3010,"Journal of Voice",0892-1997,S15409311,11896,minted
POSI-J-025592,j-bench-journal-of-volcanology-and-geothermal-research-3011,"Journal of Volcanology and Geothermal Research",0377-0273,S187199247,8125,minted
POSI-J-025593,j-bench-journal-of-water-process-engineering-3012,"Journal of Water Process Engineering",2214-7144,S2764434589,10675,minted
POSI-J-004934,j-bench-journal-of-web-semantics-3013,"Journal of Web Semantics",1570-8268,S20211220,768,reused
POSI-J-025594,j-bench-journal-of-wind-engineering-and-industrial-aerodynamics-3014,"Journal of Wind Engineering and Industrial Aerodynamics",0167-6105,S22685659,8710,minted
POSI-J-025595,j-bench-journal-of-world-business-3015,"Journal of World Business",1090-9516,S143995394,1589,minted
POSI-J-025596,j-bench-journal-of-the-world-federation-of-orthodontists-3016,"Journal of the World Federation of Orthodontists",2212-4438,S2764635754,1234,minted
POSI-J-002863,j-bench-jpras-open-3017,"JPRAS Open",2352-5878,S2898172361,1401,reused
POSI-J-016284,j-bench-jsams-plus-3018,"JSAMS Plus",2772-6967,S4210212987,132,reused
POSI-J-002213,j-bench-jses-international-3019,"JSES International",2666-6383,S4210204847,1805,reused
POSI-J-004665,j-bench-jses-reviews-reports-and-techniques-3020,"JSES Reviews, Reports, and Techniques",2666-6391,S4210219462,846,reused
POSI-J-002110,j-bench-jtcvs-open-3021,"JTCVS Open",2666-2736,S4210197350,1904,reused
POSI-J-001726,j-bench-jtcvs-techniques-3023,"JTCVS Techniques",2666-2507,S4210202630,2398,reused
POSI-J-004394,j-bench-jto-clinical-and-research-reports-3024,"JTO Clinical and Research Reports",2666-3643,S4210220242,878,reused
POSI-J-007665,j-bench-jvs-vascular-insights-3025,"JVS-Vascular Insights",2949-9127,S4387286742,515,reused
POSI-J-006935,j-bench-jvs-vascular-science-3026,"JVS - Vascular Science",2666-3503,S4210220199,533,reused
POSI-J-025597,j-bench-kidney-international-case-reports-3027,"Kidney International Case Reports",3117-471X,S7407055849,111,minted
POSI-J-000625,j-bench-kidney-international-reports-3028,"Kidney International Reports",2468-0249,S2764478277,14165,reused
POSI-J-025598,j-bench-kidney-international-supplements-3029,"Kidney International Supplements",2157-1716,S4210177655,390,minted
POSI-J-002729,j-bench-kidney-medicine-3030,"Kidney Medicine",2590-0595,S4210206143,1466,reused
POSI-J-025599,j-bench-kin-sith-rapie-la-revue-3031,"Kinésithérapie, la Revue",1779-0123,S2898601235,5035,minted
POSI-J-025600,j-bench-the-knee-3032,"The Knee",0968-0160,S126670327,5317,minted
POSI-J-025601,j-bench-knowledge-based-systems-3033,"Knowledge-Based Systems",0950-7051,S10169007,14179,minted
POSI-J-016467,j-bench-jtcvs-structural-and-endovascular-3034,"JTCVS Structural and Endovascular",2950-6050,S4404676284,126,reused
POSI-J-004104,j-bench-kuwait-journal-of-science-3035,"Kuwait Journal of Science",2307-4108,S2764757238,955,reused
POSI-J-025602,j-bench-la-presse-m-dicale-formation-3036,"La Presse Médicale Formation",2666-4798,S4210202732,823,minted
POSI-J-025603,j-bench-la-presse-m-dicale-open-3037,"La Presse Médicale Open",2590-2504,S4210239372,47,minted
POSI-J-018543,j-bench-labmed-discovery-3038,"LabMed Discovery",3050-4740,S4404669645,72,reused
POSI-J-025604,j-bench-laboratory-investigation-3039,"Laboratory Investigation",0023-6837,S137146891,8459,minted
POSI-J-025605,j-bench-labour-economics-3040,"Labour Economics",0927-5371,S163774179,2568,minted
POSI-J-025606,j-bench-the-lancet-3041,"The Lancet",0140-6736,S49861241,475800,minted
POSI-J-025607,j-bench-the-lancet-child-adolescent-health-3042,"The Lancet Child & Adolescent Health",2352-4642,S2898345135,1980,minted
POSI-J-025608,j-bench-the-lancet-diabetes-endocrinology-3043,"The Lancet Diabetes & Endocrinology",2213-8587,S2529869117,3114,minted
POSI-J-003730,j-bench-the-lancet-digital-health-3044,"The Lancet Digital Health",2589-7500,S4210237014,1030,reused
POSI-J-025609,j-bench-the-lancet-gastroenterology-hepatology-3045,"The Lancet Gastroenterology & Hepatology",2468-1253,S2530914053,2497,minted
POSI-J-001007,j-bench-the-lancet-global-health-3046,"The Lancet Global Health",2214-109X,S4210176958,4857,reused
POSI-J-025610,j-bench-the-lancet-haematology-3047,"The Lancet Haematology",2352-3026,S2531671668,2012,minted
POSI-J-004432,j-bench-the-lancet-healthy-longevity-3048,"The Lancet Healthy Longevity",2666-7568,S4210210722,872,reused
POSI-J-025611,j-bench-the-lancet-hiv-3049,"The Lancet HIV",2352-3018,S2531945440,2050,minted
POSI-J-025612,j-bench-the-lancet-infectious-diseases-3050,"The Lancet Infectious Diseases",1473-3099,S23772524,10873,minted
POSI-J-025613,j-bench-the-lancet-medical-imaging-theranostics-3051,"The Lancet Medical Imaging & Theranostics",3117-4523,S7407058418,3,minted
POSI-J-002763,j-bench-the-lancet-microbe-3052,"The Lancet Microbe",2666-5247,S4210190705,1448,reused
POSI-J-025614,j-bench-the-lancet-neurology-3053,"The Lancet Neurology",1474-4422,S70053155,7310,minted
POSI-J-025615,j-bench-the-lancet-oncology-3054,"The Lancet Oncology",1470-2045,S116900674,12081,minted
POSI-J-002475,j-bench-the-lancet-planetary-health-3055,"The Lancet Planetary Health",2542-5196,S2898182138,1591,reused
POSI-J-014793,j-bench-the-lancet-primary-care-3056,"The Lancet Primary Care",3050-5143,S5407047385,184,reused
POSI-J-025616,j-bench-the-lancet-psychiatry-3057,"The Lancet Psychiatry",2215-0366,S2531556786,3853,minted
POSI-J-002406,j-bench-the-lancet-public-health-3058,"The Lancet Public Health",2468-2667,S2764808104,1640,reused
POSI-J-025617,j-bench-the-lancet-regional-health-africa-3059,"The Lancet Regional Health - Africa",3050-5011,S5407054332,122,minted
POSI-J-002645,j-bench-the-lancet-regional-health-americas-3060,"The Lancet Regional Health - Americas",2667-193X,S4210194528,1529,reused
POSI-J-025618,j-bench-the-lancet-regional-health-eastern-mediterranean-3061,"The Lancet Regional Health - Eastern Mediterranean",3050-5054,,0,minted
POSI-J-002338,j-bench-the-lancet-regional-health-europe-3062,"The Lancet Regional Health - Europe",2666-7762,S4210196034,1708,reused
POSI-J-005128,j-bench-the-lancet-regional-health-southeast-asia-3063,"The Lancet Regional Health - Southeast Asia",2772-3682,S4393919553,763,reused
POSI-J-002223,j-bench-the-lancet-regional-health-western-pacific-3064,"The Lancet Regional Health - Western Pacific",2666-6065,S4210225048,1805,reused
POSI-J-025619,j-bench-the-lancet-respiratory-medicine-3065,"The Lancet Respiratory Medicine",2213-2600,S4210192742,4099,minted
POSI-J-025620,j-bench-the-lancet-rheumatology-3066,"The Lancet Rheumatology",2665-9913,S4210233594,1418,minted
POSI-J-025621,j-bench-land-use-policy-3067,"Land Use Policy",0264-8377,S80485027,8620,minted
POSI-J-025622,j-bench-landscape-architecture-and-sustainability-3068,"Landscape Architecture and Sustainability",3050-7324,S5407047469,30,minted
POSI-J-025623,j-bench-landscape-and-urban-planning-3069,"Landscape and Urban Planning",0169-2046,S104597489,5969,minted
POSI-J-025624,j-bench-language-communication-3070,"Language & Communication",0271-5309,S195343931,1725,minted
POSI-J-018682,j-bench-language-and-health-3071,"Language and Health",2949-9038,S4387290537,72,reused
POSI-J-025625,j-bench-language-sciences-3072,"Language Sciences",0388-0001,S67473218,2165,minted
POSI-J-011528,j-bench-laparoscopic-endoscopic-and-robotic-surgery-3073,"Laparoscopic, Endoscopic and Robotic Surgery",2468-9009,S2898470685,266,reused
POSI-J-013421,j-bench-latin-american-journal-of-central-banking-3074,"Latin American Journal of Central Banking",2666-1438,S4210214005,200,reused
POSI-J-025626,j-bench-latin-american-transport-studies-3075,"Latin American Transport Studies",2950-0249,S4389157833,65,minted
POSI-J-025627,j-bench-le-pharmacien-clinicien-3076,"Le Pharmacien Clinicien",2772-9532,S4220651741,1822,minted
POSI-J-025628,j-bench-the-leadership-quarterly-3077,"The Leadership Quarterly",1048-9843,S152304618,2081,minted
POSI-J-025629,j-bench-learning-in-context-3078,"Learning in Context",3050-578X,S5407047408,30,minted
POSI-J-025630,j-bench-learning-culture-and-social-interaction-3079,"Learning, Culture and Social Interaction",2210-6561,S2764921156,814,minted
POSI-J-025631,j-bench-learning-and-individual-differences-3080,"Learning and Individual Differences",1041-6080,S9267903,2888,minted
POSI-J-025632,j-bench-learning-and-instruction-3081,"Learning and Instruction",0959-4752,S78398831,2408,minted
POSI-J-025633,j-bench-learning-and-motivation-3082,"Learning and Motivation",0023-9690,S10043949,2042,minted
POSI-J-025634,j-bench-legal-medicine-3083,"Legal Medicine",1344-6223,S79241581,2993,minted
POSI-J-025635,j-bench-letters-in-drug-design-discovery-3084,"Letters in Drug Design & Discovery",1570-1808,S106940122,3366,minted
POSI-J-025636,j-bench-leukemia-research-3085,"Leukemia Research",0145-2126,S136942575,13605,minted
POSI-J-006315,j-bench-leukemia-research-reports-3086,"Leukemia Research Reports",2213-0489,S2764795583,587,reused
POSI-J-025637,j-bench-library-information-science-research-3087,"Library & Information Science Research",0740-8188,S186163925,1852,minted
POSI-J-025638,j-bench-life-sciences-in-space-research-3088,"Life Sciences in Space Research",2214-5524,S2764866528,783,minted
POSI-J-025639,j-bench-the-lignin-journal-3089,"The Lignin Journal",3117-8715,S7407063199,1,minted
POSI-J-025640,j-bench-limnologica-3090,"Limnologica",0075-9511,S97400022,1458,minted
POSI-J-025641,j-bench-linear-algebra-and-its-applications-3091,"Linear Algebra and its Applications",0024-3795,S159544283,18307,minted
POSI-J-025642,j-bench-linguistics-and-education-3092,"Linguistics and Education",0898-5898,S16782977,1610,minted
POSI-J-025643,j-bench-lithos-3093,"Lithos",0024-4937,S107629180,9056,minted
POSI-J-025644,j-bench-liver-research-3094,"Liver Research",2542-5684,S2898283267,358,minted
POSI-J-025645,j-bench-livestock-science-3095,"Livestock Science",1871-1413,S14620535,5720,minted
POSI-J-025646,j-bench-longevity-science-and-medicine-3096,"Longevity Science and Medicine",3117-4043,S7407055718,3,minted
POSI-J-025647,j-bench-low-altitude-transportation-3097,"Low-altitude Transportation",3117-8197,,0,minted
POSI-J-005107,j-bench-machine-learning-with-applications-3098,"Machine Learning with Applications",2666-8270,S4210201048,782,reused
POSI-J-025648,j-bench-magnetic-medicine-3099,"Magnetic Medicine",2950-5844,S5407037111,28,minted
POSI-J-025649,j-bench-magnetic-resonance-imaging-3100,"Magnetic Resonance Imaging",0730-725X,S13619737,10165,minted
POSI-J-025650,j-bench-magnetic-resonance-imaging-clinics-of-north-america-3101,"Magnetic Resonance Imaging Clinics of North America",1064-9689,S40392560,2385,minted
POSI-J-025651,j-bench-magnetic-resonance-letters-3102,"Magnetic Resonance Letters",2772-5162,S4210187895,199,minted
POSI-J-025652,j-bench-management-accounting-research-3103,"Management Accounting Research",1044-5005,S114140714,1018,minted
POSI-J-025653,j-bench-manufacturing-letters-3104,"Manufacturing Letters",2213-8463,S2764828758,1436,minted
POSI-J-025654,j-bench-marine-chemistry-3105,"Marine Chemistry",0304-4203,S1650486,4916,minted
POSI-J-025655,j-bench-marine-environmental-research-3106,"Marine Environmental Research",0141-1136,S205788060,7715,minted
POSI-J-025656,j-bench-marine-genomics-3107,"Marine Genomics",1874-7787,S107001494,1019,minted
POSI-J-025657,j-bench-marine-geology-3108,"Marine Geology",0025-3227,S5042006,9315,minted
POSI-J-025658,j-bench-marine-geoscience-and-energy-resources-3109,"Marine Geoscience and Energy Resources ",3117-5775,S5407056726,156,minted
POSI-J-025659,j-bench-marine-geotechnics-3110,"Marine Geotechnics",3117-8189,,0,minted
POSI-J-025660,j-bench-marine-micropaleontology-3111,"Marine Micropaleontology",0377-8398,S49668954,2485,minted
POSI-J-025661,j-bench-marine-and-petroleum-geology-3112,"Marine and Petroleum Geology",0264-8172,S93565542,7882,minted
POSI-J-025662,j-bench-marine-policy-3113,"Marine Policy",0308-597X,S56205983,8134,minted
POSI-J-025663,j-bench-marine-structures-3114,"Marine Structures",0951-8339,S97691390,2574,minted
POSI-J-015665,j-bench-maritime-transport-research-3115,"Maritime Transport Research",2666-822X,S4210225847,140,reused
POSI-J-025664,j-bench-marketing-strategy-journal-3116,"Marketing Strategy Journal",2950-3086,S5407037022,16,minted
POSI-J-018468,j-bench-mass-gathering-medicine-3117,"Mass Gathering Medicine",3050-4562,S4404670258,74,reused
POSI-J-025665,j-bench-materialia-3118,"Materialia",2589-1529,S2898317371,2808,minted
POSI-J-025666,j-bench-materials-characterization-3119,"Materials Characterization",1044-5803,S53842986,12395,minted
POSI-J-025667,j-bench-materials-chemistry-and-physics-sustainability-and-energy-3120,"Materials Chemistry and Physics: Sustainability and Energy",3050-4716,S4404669724,73,minted
POSI-J-000621,j-bench-materials-design-3121,"Materials & Design",0264-1275,S8792693,14672,reused
POSI-J-012056,j-bench-materials-letters-x-3122,"Materials Letters: X",2590-1508,S4210180943,247,reused
POSI-J-011725,j-bench-materials-reports-energy-3123,"Materials Reports: Energy",2666-9358,S4210186566,256,reused
POSI-J-025668,j-bench-materials-research-bulletin-3124,"Materials Research Bulletin",0025-5408,S138530117,19877,minted
POSI-J-008164,j-bench-materials-science-for-energy-technologies-3125,"Materials Science for Energy Technologies",2589-2991,S2898569932,429,reused
POSI-J-025669,j-bench-materials-science-and-engineering-b-3126,"Materials Science and Engineering: B",0921-5107,S4210190818,16017,minted
POSI-J-025670,j-bench-materials-science-and-engineering-r-reports-3127,"Materials Science and Engineering: R: Reports",0927-796X,S1018252914,1104,minted
POSI-J-025671,j-bench-materials-science-in-semiconductor-processing-3128,"Materials Science in Semiconductor Processing",1369-8001,S82126420,10519,minted
POSI-J-025672,j-bench-materials-today-3129,"Materials Today",1369-7021,S63322718,9006,minted
POSI-J-004608,j-bench-materials-today-advances-3130,"Materials Today Advances",2590-0498,S4210206330,869,reused
POSI-J-001304,j-bench-materials-today-bio-3131,"Materials Today Bio",2590-0064,S4210219546,3475,reused
POSI-J-016258,j-bench-materials-today-catalysis-3132,"Materials Today Catalysis",2949-754X,S4387288101,134,reused
POSI-J-025673,j-bench-materials-today-chemistry-3133,"Materials Today Chemistry",2468-5194,S2898120712,3863,minted
POSI-J-025674,j-bench-materials-today-communications-3134,"Materials Today Communications",2352-4928,S2765035490,15852,minted
POSI-J-013542,j-bench-materials-today-electronics-3135,"Materials Today Electronics",2772-9494,S4220651274,199,reused
POSI-J-025675,j-bench-materials-today-energy-3136,"Materials Today Energy",2468-6069,S2898308537,2325,minted
POSI-J-025676,j-bench-materials-today-nano-3137,"Materials Today Nano",2588-8420,S2898515921,909,minted
POSI-J-025677,j-bench-materials-today-physics-3138,"Materials Today Physics",2542-5293,S2898609469,1964,minted
POSI-J-018470,j-bench-materials-today-quantum-3139,"Materials Today Quantum",2950-2578,S5407036999,72,reused
POSI-J-002781,j-bench-materials-today-sustainability-3140,"Materials Today Sustainability",2589-2347,S4210183045,1416,reused
POSI-J-025678,j-bench-mathematical-biosciences-3141,"Mathematical Biosciences",0025-5564,S4210190100,6283,minted
POSI-J-025679,j-bench-mathematical-social-sciences-3142,"Mathematical Social Sciences",0165-4896,S149064342,2933,minted
POSI-J-025680,j-bench-matrix-biology-3143,"Matrix Biology",0945-053X,S125651130,3243,minted
POSI-J-014132,j-bench-matrix-biology-plus-3144,"Matrix Biology Plus",2590-0285,S4210173719,178,reused
POSI-J-025681,j-bench-matter-3145,"Matter",2590-2385,S4210178557,2663,minted
POSI-J-025682,j-bench-matter-light-3146,"Matter & Light",3117-5848,S7407056167,40,minted
POSI-J-025683,j-bench-maturitas-3147,"Maturitas",0378-5122,S127492747,10767,minted
POSI-J-009286,j-bench-mayo-clinic-proceedings-digital-health-3148,"Mayo Clinic Proceedings: Digital Health",2949-7612,S4387287143,373,reused
POSI-J-004816,j-bench-mayo-clinic-proceedings-innovations-quality-outcomes-3149,"Mayo Clinic Proceedings: Innovations, Quality & Outcomes",2542-4548,S2898327595,795,reused
POSI-J-017231,j-bench-measurement-energy-3150,"Measurement: Energy",2950-3450,S5407037030,106,reused
POSI-J-025684,j-bench-measurement-and-evaluations-in-cancer-care-3151,"Measurement and Evaluations in Cancer Care",2949-8775,S4387997695,37,minted
POSI-J-011136,j-bench-measurement-food-3152,"Measurement: Food",2772-2759,S4210227713,284,reused
POSI-J-002098,j-bench-measurement-sensors-3153,"Measurement: Sensors",2665-9174,S4210238442,1879,reused
POSI-J-022873,j-bench-measurement-digitalization-3154,"Measurement: Digitalization",3050-6441,S5407047437,49,reused
POSI-J-025685,j-bench-meat-science-3155,"Meat Science",0309-1740,S9483105,10161,minted
POSI-J-025686,j-bench-mechanical-systems-and-signal-processing-3156,"Mechanical Systems and Signal Processing",0888-3270,S128368299,13375,minted
POSI-J-025687,j-bench-mechanics-of-materials-3157,"Mechanics of Materials",0167-6636,S176710131,5533,minted
POSI-J-025688,j-bench-mechanics-research-communications-3158,"Mechanics Research Communications",0093-6413,S98390232,5122,minted
POSI-J-025689,j-bench-mechanism-and-machine-theory-3159,"Mechanism and Machine Theory",0094-114X,S6785741,7828,minted
POSI-J-025690,j-bench-mechanisms-of-ageing-and-development-3160,"Mechanisms of Ageing and Development",0047-6374,S6761461,6147,minted
POSI-J-016418,j-bench-mechanobiology-in-medicine-3161,"Mechanobiology in Medicine",2949-9070,S4387290817,124,reused
POSI-J-025691,j-bench-mechatronics-3162,"Mechatronics",0957-4158,S47380182,3811,minted
POSI-J-025692,j-bench-med-3163,"Med",2666-6340,S4210167770,857,minted
POSI-J-025693,j-bench-m-decine-de-catastrophe-urgences-collectives-3164,"Médecine de Catastrophe - Urgences Collectives",1279-8479,S2898239488,642,minted
POSI-J-025694,j-bench-m-decine-droit-3165,"Médecine & Droit",1246-7391,S2898588307,1551,minted
POSI-J-025695,j-bench-m-decine-et-maladies-infectieuses-formation-3166,"Médecine et Maladies Infectieuses Formation",2772-7432,S4210197659,2300,minted
POSI-J-025696,j-bench-m-decine-des-maladies-m-taboliques-3167,"Médecine des Maladies Métaboliques",1957-2557,S2898507364,3399,minted
POSI-J-025697,j-bench-m-decine-nucl-aire-3168,"Médecine Nucléaire",0928-1258,S102011834,3999,minted
POSI-J-025698,j-bench-m-decine-palliative-3169,"Médecine Palliative",1636-6522,S2898398420,1929,minted
POSI-J-025699,j-bench-m-decine-du-sommeil-3170,"Médecine du Sommeil",1769-4493,S4210169930,3312,minted
POSI-J-025700,j-bench-medical-dosimetry-3171,"Medical Dosimetry",0958-3947,S137163093,2663,minted
POSI-J-025701,j-bench-medical-engineering-physics-3172,"Medical Engineering & Physics",1350-4533,S52939411,4915,minted
POSI-J-025702,j-bench-medical-hypotheses-3173,"Medical Hypotheses",0306-9877,S27514295,14632,minted
POSI-J-025703,j-bench-medical-image-analysis-3174,"Medical Image Analysis",1361-8415,S116571295,4068,minted
POSI-J-025704,j-bench-medical-journal-armed-forces-india-3175,"Medical Journal Armed Forces India",0377-1237,S2755570778,5390,minted
POSI-J-004668,j-bench-medical-mycology-case-reports-3176,"Medical Mycology Case Reports",2211-7539,S2764593025,810,reused
POSI-J-025705,j-bench-medical-reports-3177,"Medical Reports",2949-9186,S4387291799,483,minted
POSI-J-025706,j-bench-medicina-cl-nica-3178,"Medicina Clínica",0025-7753,S207544546,14294,minted
POSI-J-025707,j-bench-medicina-cl-nica-english-edition-3179,"Medicina Clínica (English Edition)",2387-0206,S4210240363,4376,minted
POSI-J-007250,j-bench-medicina-cl-nica-pr-ctica-3180,"Medicina Clínica Práctica",2603-9249,S4210212127,501,reused
POSI-J-025708,j-bench-medicina-de-familia-semergen-3181,"Medicina de Familia. SEMERGEN",1138-3593,S4210216587,3610,minted
POSI-J-025709,j-bench-medicina-intensiva-3182,"Medicina Intensiva",0210-5691,S7265121,4179,minted
POSI-J-025710,j-bench-medicina-intensiva-english-edition-3183,"Medicina Intensiva (English Edition)",2173-5727,S4210224821,1722,minted
POSI-J-025711,j-bench-medicina-reproductiva-y-embriolog-a-cl-nica-3184,"Medicina Reproductiva y Embriología Clínica",2340-9320,S2898588837,127,minted
POSI-J-025712,j-bench-medicine-3185,"Medicine",1357-3039,S4210172498,4771,minted
POSI-J-025713,j-bench-medicine-discovery-3186,"Medicine Discovery",3117-9282,,0,minted
POSI-J-011968,j-bench-medicine-in-drug-discovery-3187,"Medicine in Drug Discovery",2590-0986,S4210216844,247,reused
POSI-J-014490,j-bench-medicine-in-microecology-3188,"Medicine in Microecology",2590-0978,S4210211835,171,reused
POSI-J-008569,j-bench-medicine-in-novel-technology-and-devices-3189,"Medicine in Novel Technology and Devices",2590-0935,S4210239371,408,reused
POSI-J-018955,j-bench-medicine-in-omics-3190,"Medicine in Omics",2590-1249,S4210209107,57,reused
POSI-J-017415,j-bench-medicine-plus-3191,"Medicine Plus",2950-3477,S4390963361,101,reused
POSI-J-025714,j-bench-medicine-programa-de-formaci-n-m-dica-continuada-acreditado-3192,"Medicine - Programa de Formación Médica Continuada Acreditado",0304-5412,S4210187039,6275,minted
POSI-J-015891,j-bench-memories-materials-devices-circuits-and-systems-3193,"Memories - Materials, Devices, Circuits and Systems",2773-0646,S4387281168,138,reused
POSI-J-025715,j-bench-mendeleev-communications-3194,"Mendeleev Communications",0959-9436,S19676749,6097,minted
POSI-J-025716,j-bench-mental-health-and-physical-activity-3195,"Mental Health and Physical Activity",1755-2966,S112317789,738,minted
POSI-J-025717,j-bench-mental-health-prevention-3196,"Mental Health & Prevention",2212-6570,S2898104552,535,minted
POSI-J-025718,j-bench-meta-plants-3197,"Meta Plants",3117-8235,,0,minted
POSI-J-025719,j-bench-metabolic-engineering-3198,"Metabolic Engineering",1096-7176,S173328182,2664,minted
POSI-J-011011,j-bench-metabolic-engineering-communications-3199,"Metabolic Engineering Communications",2214-0301,S2898246255,280,reused
POSI-J-025720,j-bench-metabolism-and-diseases-3200,"Metabolism and Diseases",3051-3073,S5407054405,9,minted
POSI-J-007575,j-bench-metabolism-open-3201,"Metabolism Open",2589-9368,S4210236263,476,reused
POSI-J-025721,j-bench-metal-science-3202,"Metal Science",3117-9649,,0,minted
POSI-J-025722,j-bench-metals-advances-3203,"Metals Advances",3117-7220,S5407055709,89,minted
POSI-J-016820,j-bench-meta-radiology-3204,"Meta-Radiology",2950-1628,S4387290862,115,reused
POSI-J-025723,j-bench-methods-3205,"Methods",1046-2023,S73539393,6095,minted
POSI-J-013080,j-bench-methods-in-psychology-3206,"Methods in Psychology",2590-2601,S4210237878,217,reused
POSI-J-001125,j-bench-methodsx-3207,"MethodsX",2215-0161,S2898269294,4070,reused
POSI-J-009396,j-bench-micro-and-nano-engineering-3208,"Micro and Nano Engineering",2590-0072,S4210214524,376,reused
POSI-J-025724,j-bench-micro-and-nanostructures-3209,"Micro and Nanostructures",2773-0123,S4210180586,1366,minted
POSI-J-005037,j-bench-the-microbe-3210,"The Microbe",2950-1946,S4387290354,767,reused
POSI-J-025725,j-bench-microbes-and-infection-3211,"Microbes and Infection",1286-4579,S56361996,4171,minted
POSI-J-025726,j-bench-microbial-pathogenesis-3212,"Microbial Pathogenesis",0882-4010,S113190374,9298,minted
POSI-J-025727,j-bench-microbial-risk-analysis-3213,"Microbial Risk Analysis",2352-3522,S2898539291,281,minted
POSI-J-025728,j-bench-microbiological-research-3214,"Microbiological Research",0944-5013,S106450229,3912,minted
POSI-J-025729,j-bench-microbiome-and-one-health-3215,"MicroBiome and One Health",3117-633X,S5407056727,4,minted
POSI-J-025730,j-bench-microelectronic-engineering-3216,"Microelectronic Engineering",0167-9317,S158028765,14101,minted
POSI-J-025731,j-bench-microelectronics-journal-3217,"Microelectronics Journal",1879-2391,S98831239,9549,minted
POSI-J-025732,j-bench-micron-3218,"Micron",0968-4328,S141109035,3803,minted
POSI-J-025733,j-bench-microporous-and-mesoporous-materials-3219,"Microporous and Mesoporous Materials",1387-1811,S52195378,14561,minted
POSI-J-025734,j-bench-microprocessors-and-microsystems-3220,"Microprocessors and Microsystems",0141-9331,S195663827,9987,minted
POSI-J-025735,j-bench-microvascular-research-3221,"Microvascular Research",0026-2862,S174346720,4833,minted
POSI-J-025736,j-bench-midwifery-3222,"Midwifery",0266-6138,S183131812,5420,minted
POSI-J-025737,j-bench-minerals-engineering-3223,"Minerals Engineering",0892-6875,S181849944,10837,minted
POSI-J-019515,j-bench-mitochondrial-communications-3224,"Mitochondrial Communications",2590-2792,S4387284624,44,reused
POSI-J-025738,j-bench-mitochondrion-3225,"Mitochondrion",1567-7249,S140584875,3127,minted
POSI-J-025739,j-bench-model-organisms-research-3226,"Model Organisms Research",3117-8170,S7407058901,14,minted
POSI-J-025740,j-bench-modern-pathology-3227,"Modern Pathology",0893-3952,S33606366,6296,minted
POSI-J-025741,j-bench-molecular-aspects-of-medicine-3228,"Molecular Aspects of Medicine",0098-2997,S61794117,1587,minted
POSI-J-025742,j-bench-molecular-and-biochemical-parasitology-3229,"Molecular and Biochemical Parasitology",0166-6851,S144099348,6928,minted
POSI-J-025743,j-bench-molecular-catalysis-3230,"Molecular Catalysis",2468-8231,S2764968843,6159,minted
POSI-J-025744,j-bench-molecular-cell-3231,"Molecular Cell",1097-2765,S156208185,10604,minted
POSI-J-025745,j-bench-molecular-and-cellular-neuroscience-3232,"Molecular and Cellular Neuroscience",1044-7431,S47891569,3859,minted
POSI-J-001626,j-bench-molecular-and-cellular-probes-3233,"Molecular and Cellular Probes",0890-8508,S118384808,2512,reused
POSI-J-000869,j-bench-molecular-cellular-proteomics-3234,"Molecular & Cellular Proteomics",1535-9476,S104550190,6115,reused
POSI-J-025746,j-bench-molecular-chemistry-engineering-3235,"Molecular Chemistry & Engineering",3050-7960,S5407047484,39,minted
POSI-J-025747,j-bench-molecular-and-digital-medicine-3236,"Molecular and Digital Medicine",3117-7026,S7407057972,11,minted
POSI-J-025748,j-bench-molecular-genetics-and-metabolism-3237,"Molecular Genetics and Metabolism",1096-7192,S42433034,12675,minted
POSI-J-002881,j-bench-molecular-genetics-and-metabolism-reports-3238,"Molecular Genetics and Metabolism Reports",2214-4269,S2764617610,1348,reused
POSI-J-001730,j-bench-molecular-metabolism-3239,"Molecular Metabolism",2212-8778,S2764545133,2374,reused
POSI-J-025749,j-bench-molecular-phylogenetics-and-evolution-3240,"Molecular Phylogenetics and Evolution",1055-7903,S96989847,8254,minted
POSI-J-025750,j-bench-molecular-plant-3241,"Molecular Plant",1674-2052,S150334665,3129,minted
POSI-J-025751,j-bench-molecular-therapy-advances-3242,"Molecular Therapy Advances",3117-387X,S5407055139,171,minted
POSI-J-002132,j-bench-molecular-therapy-methods-clinical-development-3243,"Molecular Therapy - Methods & Clinical Development",2329-0501,S2764588101,1834,reused
POSI-J-001297,j-bench-molecular-therapy-nucleic-acids-3244,"Molecular Therapy - Nucleic Acids",2162-2531,S2764969478,3374,reused
POSI-J-004563,j-bench-molecular-therapy-oncolytics-3245,"Molecular Therapy - Oncolytics",2372-7705,S2898235705,820,reused
POSI-J-007708,j-bench-molecular-therapy-oncology-3246,"Molecular Therapy: Oncology",2950-3299,S5407037028,500,reused
POSI-J-025752,j-bench-molecules-and-cells-3247,"Molecules and Cells",1016-8478,S171170158,3996,minted
POSI-J-025753,j-bench-morphologie-3248,"Morphologie",1286-0115,S188233609,3119,minted
POSI-J-025754,j-bench-motricit-c-r-brale-3249,"Motricité Cérébrale",0245-5919,S2898125181,794,minted
POSI-J-025755,j-bench-mucosal-immunology-3250,"Mucosal Immunology",1933-0219,S68384121,2428,minted
POSI-J-013054,j-bench-multimodal-transportation-3251,"Multimodal Transportation",2772-5863,S4220651863,218,reused
POSI-J-025756,j-bench-multiple-sclerosis-and-related-disorders-3252,"Multiple Sclerosis and Related Disorders",2211-0348,S2764622253,6465,minted
POSI-J-025757,j-bench-musculoskeletal-science-and-practice-3253,"Musculoskeletal Science and Practice",2468-7812,S4210206556,1569,minted
POSI-J-025758,j-bench-mutation-research-3254,"Mutation Research",0027-5107,S4394735698,11745,minted
POSI-J-025759,j-bench-mutation-research-fundamental-and-molecular-mechanisms-of-mu-3255,"Mutation Research - Fundamental and Molecular Mechanisms of Mutagenesis",1386-1964,S4394735698,11745,minted
POSI-J-025760,j-bench-mutation-research-genetic-toxicology-and-environmental-mutag-3256,"Mutation Research/Genetic Toxicology and Environmental Mutagenesis",1383-5718,S29775604,4809,minted
POSI-J-025761,j-bench-mutation-research-reviews-in-mutation-research-3257,"Mutation Research/Reviews in Mutation Research",1383-5742,S155491289,1088,minted
POSI-J-017192,j-bench-nam-journal-3258,"NAM Journal",3050-6204,S4404675443,123,reused
POSI-J-005894,j-bench-nano-biomedicine-and-engineering-3259,"Nano Biomedicine and Engineering",2150-5578,S100777229,639,reused
POSI-J-025762,j-bench-nano-communication-networks-3260,"Nano Communication Networks",1878-7789,S95203059,469,minted
POSI-J-025763,j-bench-nano-energy-3261,"Nano Energy",2211-2855,S2497301991,11542,minted
POSI-J-025764,j-bench-nano-materials-science-3262,"Nano Materials Science",2589-9651,S4210230927,585,minted
POSI-J-025765,j-bench-nano-structures-nano-objects-3263,"Nano-Structures & Nano-Objects",2352-507X,S2764574320,1441,minted
POSI-J-025766,j-bench-nano-today-3264,"Nano Today",1748-0132,S183222223,3390,minted
POSI-J-016867,j-bench-nano-transmed-3265,"Nano TransMed",2790-6760,S4387997735,111,reused
POSI-J-012935,j-bench-nano-trends-3266,"Nano Trends",2666-9781,S4387287985,219,reused
POSI-J-025767,j-bench-nanoimpact-3267,"NanoImpact",2452-0748,S2898242488,634,minted
POSI-J-025768,j-bench-nanomedicine-nanotechnology-biology-and-medicine-3268,"Nanomedicine: Nanotechnology, Biology and Medicine",1549-9634,S80729884,4105,minted
POSI-J-004516,j-bench-natural-gas-industry-b-3269,"Natural Gas Industry B",2352-8540,S2738169147,850,reused
POSI-J-009694,j-bench-natural-hazards-research-3270,"Natural Hazards Research",2666-5921,S4210213427,356,reused
POSI-J-013119,j-bench-natural-language-processing-journal-3271,"Natural Language Processing Journal",2949-7191,S4387285670,218,reused
POSI-J-009649,j-bench-nature-based-solutions-3272,"Nature-Based Solutions",2772-4115,S4210179217,360,reused
POSI-J-025769,j-bench-ndt-e-international-3273,"NDT & E International",0963-8695,S4210233251,10162,minted
POSI-J-001527,j-bench-nefrolog-a-3274,"Nefrología",0211-6995,S172832105,2747,reused
POSI-J-002710,j-bench-nefrolog-a-english-edition-3275,"Nefrología (English Edition)",2013-2514,S4210218938,1437,reused
POSI-J-025770,j-bench-nefroplus-3276,"NefroPlus",1888-9700,S4306520707,452,minted
POSI-J-001454,j-bench-neoplasia-3277,"Neoplasia",1476-5586,S20008548,2909,reused
POSI-J-025771,j-bench-neural-networks-3278,"Neural Networks",0893-6080,S123019304,10363,minted
POSI-J-000805,j-bench-neurobiology-of-disease-3279,"Neurobiology of Disease",0969-9961,S35878148,7324,reused
POSI-J-025772,j-bench-neurobiology-of-learning-and-memory-3280,"Neurobiology of Learning and Memory",1074-7427,S78120914,3651,minted
POSI-J-012872,j-bench-neurobiology-of-pain-3281,"Neurobiology of Pain",2452-073X,S2898382964,223,reused
POSI-J-015518,j-bench-neurobiology-of-sleep-and-circadian-rhythms-3282,"Neurobiology of Sleep and Circadian Rhythms",2451-9944,S2898384152,142,reused
POSI-J-004781,j-bench-neurobiology-of-stress-3283,"Neurobiology of Stress",2352-2895,S2898353726,800,reused
POSI-J-025773,j-bench-neurochemistry-international-3284,"Neurochemistry International",0197-0186,S53315755,8864,minted
POSI-J-025774,j-bench-neurochirurgie-3285,"Neurochirurgie",0028-3770,S193119689,4368,minted
POSI-J-025775,j-bench-neurocirug-a-3286,"Neurocirugía",1130-1473,S4210192732,3464,minted
POSI-J-025776,j-bench-neurocirug-a-english-edition-3287,"Neurocirugía (English Edition)",2529-8496,S4210211227,371,minted
POSI-J-001115,j-bench-neuroimage-clinical-3288,"NeuroImage: Clinical",2213-1582,S2898194095,4060,reused
POSI-J-009581,j-bench-neuroimage-reports-3289,"Neuroimage: Reports",2666-9560,S4210233596,370,reused
POSI-J-025777,j-bench-neuroimage-stroke-3290,"NeuroImage Stroke",3117-5740,S7407057930,4,minted
POSI-J-025778,j-bench-neuroimaging-clinics-of-north-america-3291,"Neuroimaging Clinics of North America",1052-5149,S40536870,2566,minted
POSI-J-025779,j-bench-neuroimmunology-reports-3292,"Neuroimmunology Reports",2667-257X,S4210218560,281,minted
POSI-J-001793,j-bench-neurolog-a-3293,"Neurología",0213-4853,S26718882,2288,reused
POSI-J-025780,j-bench-neurolog-a-argentina-3294,"Neurología Argentina",1853-0028,S2898453876,838,minted
POSI-J-002000,j-bench-neurolog-a-english-edition-3295,"Neurología (English Edition)",2173-5808,S4210230888,1995,reused
POSI-J-025781,j-bench-neurologic-clinics-3296,"Neurologic Clinics",0733-8619,S62844684,3025,minted
POSI-J-001578,j-bench-neurology-perspectives-3297,"Neurology Perspectives",2667-0496,S4210203361,2632,reused
POSI-J-025782,j-bench-neuromarkers-3298,"NeuroMarkers",2950-5887,S4404677811,54,minted
POSI-J-025783,j-bench-neuromodulation-technology-at-the-neural-interface-3299,"Neuromodulation: Technology at the Neural Interface",1094-7159,S121762105,6646,minted
POSI-J-025784,j-bench-neuromuscular-disorders-3300,"Neuromuscular Disorders",0960-8966,S50004817,16006,minted
POSI-J-025785,j-bench-neuron-communications-3301,"Neuron Communications",3117-8731,,0,minted
POSI-J-025786,j-bench-neuropeptides-3302,"Neuropeptides",0143-4179,S86238769,4384,minted
POSI-J-025787,j-bench-neurophysiologie-clinique-3303,"Neurophysiologie Clinique",0987-7053,S49614445,4473,minted
POSI-J-025788,j-bench-neuropsychiatrie-de-l-enfance-et-de-l-adolescence-3304,"Neuropsychiatrie de l'Enfance et de l'Adolescence",0222-9617,S99404374,3870,minted
POSI-J-000938,j-bench-neuroscience-applied-3305,"Neuroscience Applied",2772-4085,S4210236820,5437,reused
POSI-J-025789,j-bench-neuroscience-biobehavioral-reviews-3306,"Neuroscience & Biobehavioral Reviews",0149-7634,S170052170,7493,minted
POSI-J-011711,j-bench-neuroscience-informatics-3307,"Neuroscience Informatics",2772-5286,S4210237490,256,reused
POSI-J-025790,j-bench-neurosurgery-clinics-of-north-america-3308,"Neurosurgery Clinics of North America",1042-3680,S15020371,2659,minted
POSI-J-025791,j-bench-neurotoxicology-3309,"NeuroToxicology",0161-813X,S115834843,3931,minted
POSI-J-025792,j-bench-neurotoxicology-and-teratology-3310,"Neurotoxicology and Teratology",0892-0362,S149459226,4254,minted
POSI-J-025793,j-bench-new-astronomy-3311,"New Astronomy",1384-1076,S102436923,2825,minted
POSI-J-025794,j-bench-new-astronomy-reviews-3312,"New Astronomy Reviews",1387-6473,S108771763,1734,minted
POSI-J-000903,j-bench-new-biotechnology-3313,"New Biotechnology",1871-6784,S139345353,5772,reused
POSI-J-025795,j-bench-new-carbon-materials-3314,"New Carbon Materials",1872-5805,S131385101,1386,minted
POSI-J-025796,j-bench-new-crops-3315,"New Crops",2949-9526,S4387291341,92,minted
POSI-J-025797,j-bench-new-ideas-in-psychology-3316,"New Ideas in Psychology",0732-118X,S158706580,1757,minted
POSI-J-002116,j-bench-new-microbes-and-new-infections-3317,"New Microbes and New Infections",2052-2975,S2765012804,1861,reused
POSI-J-025798,j-bench-new-scientist-3318,"New Scientist",0262-4079,S104920066,56746,minted
POSI-J-018599,j-bench-new-techno-humanities-3319,"New Techno-Humanities",2664-3294,S4210216510,67,reused
POSI-J-025799,j-bench-newton-3320,"Newton",2950-6360,S5407037126,341,minted
POSI-J-025800,j-bench-next-bioengineering-3321,"Next Bioengineering",3050-7235,S5407047467,42,minted
POSI-J-025801,j-bench-next-chemical-engineering-3322,"Next Chemical Engineering",3050-7243,S5407047468,90,minted
POSI-J-005293,j-bench-next-energy-3323,"Next Energy",2949-821X,S4387287365,870,reused
POSI-J-001613,j-bench-next-materials-3324,"Next Materials",2949-8228,S4387287712,3079,reused
POSI-J-006550,j-bench-next-nanotechnology-3325,"Next Nanotechnology",2949-8295,S4387288079,660,reused
POSI-J-025802,j-bench-next-research-3326,"Next Research",3050-4759,S4404663819,2269,minted
POSI-J-009134,j-bench-next-sustainability-3327,"Next Sustainability",2949-8236,S4387292877,441,reused
POSI-J-017910,j-bench-nexus-3328,"Nexus",2950-1601,S5407036958,91,reused
POSI-J-011416,j-bench-nfs-journal-3329,"NFS Journal",2352-3646,S2898411350,267,reused
POSI-J-025803,j-bench-nitric-oxide-3330,"Nitric Oxide",1089-8603,S152998702,4246,minted
POSI-J-006878,j-bench-non-coding-rna-research-3331,"Non-coding RNA Research",2468-0540,S2898601998,531,reused
POSI-J-025804,j-bench-nonlinear-analysis-3332,"Nonlinear Analysis",0362-546X,S70695507,15537,minted
POSI-J-025805,j-bench-nonlinear-analysis-hybrid-systems-3333,"Nonlinear Analysis: Hybrid Systems",1751-570X,S49302835,1582,minted
POSI-J-025806,j-bench-nonlinear-analysis-real-world-applications-3334,"Nonlinear Analysis: Real World Applications",1468-1218,S114104845,4373,minted
POSI-J-025807,j-bench-nonlinear-science-3335,"Nonlinear Science",3050-5178,S4404674446,204,minted
POSI-J-025808,j-bench-the-north-american-journal-of-economics-and-finance-3336,"The North American Journal of Economics and Finance",1062-9408,S155526628,2510,minted
POSI-J-004449,j-bench-north-american-spine-society-journal-nassj-3337,"North American Spine Society Journal (NASSJ)",2666-5484,S4210180920,866,reused
POSI-J-025809,j-bench-npg-neurologie-psychiatrie-g-riatrie-3338,"NPG Neurologie - Psychiatrie – Gériatrie",1627-4830,S2898186560,1776,minted
POSI-J-016103,j-bench-nuclear-analysis-3339,"Nuclear Analysis",2773-1839,S4387280054,133,reused
POSI-J-025810,j-bench-nuclear-data-sheets-3340,"Nuclear Data Sheets",0090-3752,S123665906,2825,minted
POSI-J-025811,j-bench-nuclear-engineering-and-design-3341,"Nuclear Engineering and Design",0029-5493,S102681701,19411,minted
POSI-J-000841,j-bench-nuclear-engineering-and-technology-3342,"Nuclear Engineering and Technology",1738-5733,S82136278,6723,reused
POSI-J-001948,j-bench-nuclear-materials-and-energy-3343,"Nuclear Materials and Energy",2352-1791,S2764871868,2096,reused
POSI-J-025812,j-bench-nuclear-medicine-and-biology-3344,"Nuclear Medicine and Biology",0969-8051,S24354371,6214,minted
POSI-J-025813,j-bench-nuclear-and-particle-physics-proceedings-3345,"Nuclear and Particle Physics Proceedings",2405-6014,S2898370247,2044,minted
POSI-J-025814,j-bench-nurse-education-in-practice-3346,"Nurse Education in Practice",1471-5953,S139566883,3888,minted
POSI-J-025815,j-bench-nurse-education-today-3347,"Nurse Education Today",0260-6917,S62565178,8798,minted
POSI-J-025816,j-bench-nurse-leader-3348,"Nurse Leader",1541-4612,S173466246,2941,minted
POSI-J-025817,j-bench-nursing-clinics-of-north-america-3349,"Nursing Clinics of North America",0029-6465,S111525073,4926,minted
POSI-J-025818,j-bench-nursing-outlook-3350,"Nursing Outlook",0029-6554,S163228481,4094,minted
POSI-J-025819,j-bench-nursing-for-women-s-health-3351,"Nursing for Women's Health",1751-4851,S147236231,2020,minted
POSI-J-025820,j-bench-nutrition-3352,"Nutrition",0899-9007,S59739785,9127,minted
POSI-J-025821,j-bench-nutrition-clinique-et-m-tabolisme-3353,"Nutrition Clinique et Métabolisme",0985-0562,S4210172839,4970,minted
POSI-J-025822,j-bench-nutrition-metabolism-and-cardiovascular-diseases-3354,"Nutrition, Metabolism and Cardiovascular Diseases",0939-4753,S4455515,5711,minted
POSI-J-025823,j-bench-nutrition-research-3355,"Nutrition Research",0271-5317,S123713480,6574,minted
POSI-J-025824,j-bench-nutritional-psychiatry-3356,"Nutritional Psychiatry",3051-1569,S5407055068,42,minted
POSI-J-025825,j-bench-obesity-medicine-3357,"Obesity Medicine",2451-8476,S2898532908,705,minted
POSI-J-011135,j-bench-obesity-pillars-3358,"Obesity Pillars",2667-3681,S4210224575,302,reused
POSI-J-025826,j-bench-obesity-research-clinical-practice-3359,"Obesity Research & Clinical Practice",1871-403X,S67314508,2988,minted
POSI-J-025827,j-bench-obstetrics-gynaecology-reproductive-medicine-3360,"Obstetrics, Gynaecology & Reproductive Medicine",1751-7214,S53512003,1593,minted
POSI-J-025828,j-bench-obstetrics-and-gynecology-clinics-of-north-america-3361,"Obstetrics and Gynecology Clinics of North America",0889-8545,S102393136,2810,minted
POSI-J-025829,j-bench-ocean-coastal-management-3362,"Ocean & Coastal Management",0964-5691,S8178725,6234,minted
POSI-J-025830,j-bench-ocean-modelling-3363,"Ocean Modelling",1463-5003,S33756829,2328,minted
POSI-J-003178,j-bench-oceanologia-3364,"Oceanologia",0078-3234,S176690450,1210,reused
POSI-J-025831,j-bench-ocular-genetics-and-omics-3365,"Ocular Genetics and Omics",2949-7817,S4404676700,2,minted
POSI-J-025832,j-bench-the-ocular-surface-3366,"The Ocular Surface",1542-0124,S100849232,2013,minted
POSI-J-011616,j-bench-oil-crop-science-3367,"Oil Crop Science",2096-2428,S4210175926,256,reused
POSI-J-025833,j-bench-omega-3368,"Omega",0305-0483,S4210190151,5199,minted
POSI-J-025834,j-bench-one-earth-3369,"One Earth",2590-3322,S4210191196,1462,minted
POSI-J-002451,j-bench-one-health-3370,"One Health",2352-7714,S2898245483,1631,reused
POSI-J-025835,j-bench-online-social-networks-and-media-3371,"Online Social Networks and Media",2468-6964,S2898299116,244,minted
POSI-J-003928,j-bench-open-ceramics-3372,"Open Ceramics",2666-5395,S4210174163,991,reused
POSI-J-025836,j-bench-open-nuclear-energy-3373,"Open Nuclear Energy",3051-2808,S5407055639,5,minted
POSI-J-005782,j-bench-open-respiratory-archives-3374,"Open Respiratory Archives",2659-6636,S4210236377,678,reused
POSI-J-010624,j-bench-opennano-3375,"OpenNano",2352-9520,S2898377343,301,reused
POSI-J-025837,j-bench-operations-research-data-analytics-and-logistics-3376,"Operations Research, Data Analytics and Logistics",3050-7847,S5407047480,38,minted
POSI-J-025838,j-bench-operations-research-for-health-care-3377,"Operations Research for Health Care",2211-6923,S2764412446,337,minted
POSI-J-025839,j-bench-operations-research-letters-3378,"Operations Research Letters",0167-6377,S27769002,4378,minted
POSI-J-009234,j-bench-operations-research-perspectives-3379,"Operations Research Perspectives",2214-7160,S2898359650,379,reused
POSI-J-025840,j-bench-operative-techniques-in-orthopaedics-3380,"Operative Techniques in Orthopaedics",1048-6666,S59748391,1760,minted
POSI-J-025841,j-bench-operative-techniques-in-otolaryngology-head-and-neck-surgery-3381,"Operative Techniques in Otolaryngology-Head and Neck Surgery",1043-1810,S175287200,2397,minted
POSI-J-025842,j-bench-operative-techniques-in-sports-medicine-3382,"Operative Techniques in Sports Medicine",1060-1872,S152791072,1528,minted
POSI-J-025843,j-bench-operative-techniques-in-thoracic-and-cardiovascular-surgery-3383,"Operative Techniques in Thoracic and Cardiovascular Surgery",1522-2942,S93988828,1245,minted
POSI-J-025844,j-bench-ophthalmology-glaucoma-3384,"Ophthalmology Glaucoma",2589-4196,S2898297012,948,minted
POSI-J-025845,j-bench-ophthalmology-retina-3385,"Ophthalmology Retina",2468-6530,S2764728514,2532,minted
POSI-J-003192,j-bench-ophthalmology-science-3386,"Ophthalmology Science",2666-9145,S4210240620,1252,reused
POSI-J-025846,j-bench-optical-fiber-technology-3387,"Optical Fiber Technology",1068-5200,S71855865,4435,minted
POSI-J-025847,j-bench-optical-materials-3388,"Optical Materials",0925-3467,S199247034,17702,minted
POSI-J-008863,j-bench-optical-materials-x-3389,"Optical Materials: X",2590-1478,S4210223097,391,reused
POSI-J-025848,j-bench-optical-switching-and-networking-3390,"Optical Switching and Networking",1573-4277,S48659482,803,minted
POSI-J-025849,j-bench-optics-laser-technology-3391,"Optics & Laser Technology",0030-3992,S112574528,18914,minted
POSI-J-025850,j-bench-optics-and-lasers-in-engineering-3392,"Optics and Lasers in Engineering",0143-8166,S102728161,8602,minted
POSI-J-025851,j-bench-option-bio-3393,"Option/Bio",0992-5945,S115878092,5622,minted
POSI-J-007724,j-bench-oral-and-maxillofacial-surgery-cases-3394,"Oral and Maxillofacial Surgery Cases",2214-5419,S2898318470,471,reused
POSI-J-025852,j-bench-oral-and-maxillofacial-surgery-clinics-of-north-america-3395,"Oral and Maxillofacial Surgery Clinics of North America",1042-3699,S133005937,2612,minted
POSI-J-025853,j-bench-oral-oncology-3396,"Oral Oncology",1368-8375,S102916872,8671,minted
POSI-J-004847,j-bench-oral-oncology-reports-3397,"Oral Oncology Reports",2772-9060,S4220651467,786,reused
POSI-J-025854,j-bench-oral-surgery-oral-medicine-oral-pathology-and-oral-radiology-3398,"Oral Surgery, Oral Medicine, Oral Pathology and Oral Radiology",2212-4403,S985209115,14569,minted
POSI-J-025855,j-bench-orbis-3399,"Orbis",0030-4387,S21901927,2289,minted
POSI-J-025856,j-bench-ore-and-energy-resource-geology-3400,"Ore and Energy Resource Geology",2666-2612,S4210207485,131,minted
POSI-J-000818,j-bench-ore-geology-reviews-3401,"Ore Geology Reviews",0169-1368,S29724373,7103,reused
POSI-J-025857,j-bench-organic-electronics-3402,"Organic Electronics",1566-1199,S99846442,7708,minted
POSI-J-025858,j-bench-organic-geochemistry-3403,"Organic Geochemistry",0146-6380,S196384270,6878,minted
POSI-J-025859,j-bench-organizational-behavior-and-human-decision-processes-3404,"Organizational Behavior and Human Decision Processes",0749-5978,S64744539,2623,minted
POSI-J-025860,j-bench-organizational-dynamics-3405,"Organizational Dynamics",0090-2616,S195297104,1975,minted
POSI-J-025861,j-bench-organs-on-a-chip-3406,"Organs-on-a-Chip",2666-1020,S4210208567,33,minted
POSI-J-025862,j-bench-originality-3407,"Originality",3051-2700,S7407057285,2,minted
POSI-J-025863,j-bench-orthopaedics-and-trauma-3408,"Orthopaedics and Trauma",1877-1327,S26476035,1517,minted
POSI-J-025864,j-bench-orthopaedics-traumatology-surgery-research-3409,"Orthopaedics & Traumatology: Surgery & Research",1877-0568,S4210170289,4679,minted
POSI-J-025865,j-bench-orthopedic-clinics-of-north-america-3410,"Orthopedic Clinics of North America",0030-5898,S86906467,4454,minted
POSI-J-025866,j-bench-orthoplastic-surgery-3411,"Orthoplastic Surgery",2666-769X,S4210236680,141,minted
POSI-J-005186,j-bench-osteoarthritis-and-cartilage-open-3412,"Osteoarthritis and Cartilage Open",2665-9131,S4210208012,746,reused
POSI-J-025867,j-bench-osteoarthritis-imaging-3413,"Osteoarthritis Imaging",2772-6541,S4210221323,403,minted
POSI-J-025868,j-bench-osteopathische-medizin-3414,"Osteopathische Medizin",1615-9071,S2898401659,2034,minted
POSI-J-005298,j-bench-osteoporosis-and-sarcopenia-3415,"Osteoporosis and Sarcopenia",2405-5255,S2764664432,717,reused
POSI-J-025869,j-bench-otolaryngologic-clinics-of-north-america-3416,"Otolaryngologic Clinics of North America",0030-6665,S32858342,5639,minted
POSI-J-005132,j-bench-otolaryngology-case-reports-3417,"Otolaryngology Case Reports",2468-5488,S2898229552,742,reused
POSI-J-025870,j-bench-oxymag-3418,"Oxymag",0990-1310,S4210209756,959,minted
POSI-J-025871,j-bench-pacific-basin-finance-journal-3419,"Pacific-Basin Finance Journal",0927-538X,S29049940,3190,minted
POSI-J-025872,j-bench-paediatric-respiratory-reviews-3420,"Paediatric Respiratory Reviews",1526-0542,S98953465,2520,minted
POSI-J-025873,j-bench-paediatrics-and-child-health-3421,"Paediatrics and Child Health",1751-7222,S4210200059,2202,minted
POSI-J-025874,j-bench-pain-management-nursing-3422,"Pain Management Nursing",1524-9042,S70928947,3007,minted
POSI-J-025875,j-bench-palaeogeography-palaeoclimatology-palaeoecology-3423,"Palaeogeography, Palaeoclimatology, Palaeoecology",0031-0182,S159210951,15165,minted
POSI-J-025876,j-bench-palaeoworld-3424,"Palaeoworld",1871-174X,S136650500,1165,minted
POSI-J-025877,j-bench-pancreatology-3425,"Pancreatology",1424-3903,S193617204,10998,minted
POSI-J-025878,j-bench-papers-in-regional-science-3426,"Papers in Regional Science",1056-8190,S101788309,4006,minted
POSI-J-025879,j-bench-parallel-computing-3427,"Parallel Computing",0167-8191,S112708030,3500,minted
POSI-J-007121,j-bench-parasite-epidemiology-and-control-3428,"Parasite Epidemiology and Control",2405-6731,S2898382742,510,reused
POSI-J-025880,j-bench-parasitology-international-3429,"Parasitology International",1383-5769,S165236439,4459,minted
POSI-J-025881,j-bench-parkinsonism-related-disorders-3430,"Parkinsonism & Related Disorders",1353-8020,S147691530,12618,minted
POSI-J-003299,j-bench-partial-differential-equations-in-applied-mathematics-3431,"Partial Differential Equations in Applied Mathematics",2666-8181,S4210214501,1166,reused
POSI-J-025882,j-bench-particuology-3432,"Particuology",1674-2001,S62602987,2895,minted
POSI-J-025883,j-bench-pathology-3433,"Pathology",0031-3025,S159118581,16196,minted
POSI-J-025884,j-bench-pathology-research-and-practice-3434,"Pathology - Research and Practice",0344-0338,S73101346,11638,minted
POSI-J-025885,j-bench-patient-education-and-counseling-3435,"Patient Education and Counseling",0738-3991,S39041608,10926,minted
POSI-J-025886,j-bench-pattern-recognition-3436,"Pattern Recognition",0031-3203,S414566,16759,minted
POSI-J-025887,j-bench-pattern-recognition-letters-3437,"Pattern Recognition Letters",0167-8655,S151820558,9812,minted
POSI-J-003941,j-bench-patterns-3438,"Patterns",2666-3899,S4210198061,981,reused
POSI-J-025888,j-bench-peace-and-sustainability-3439,"Peace and Sustainability",2950-6425,S5407037128,31,minted
POSI-J-025889,j-bench-pec-global-3440,"PEC Global",3117-468X,S5407054838,12,minted
POSI-J-007453,j-bench-pec-innovation-3441,"PEC Innovation",2772-6282,S4210173023,495,reused
POSI-J-025890,j-bench-pediatric-clinics-of-north-america-3442,"Pediatric Clinics of North America",0031-3955,S68151621,7730,minted
POSI-J-025891,j-bench-pediatric-dental-journal-3443,"Pediatric Dental Journal",0917-2394,S2765008179,695,minted
POSI-J-025892,j-bench-pediatric-gastroenterology-hepatology-advances-3444,"Pediatric Gastroenterology & Hepatology Advances",3117-583X,,0,minted
POSI-J-001693,j-bench-pediatric-hematology-oncology-journal-3445,"Pediatric Hematology Oncology Journal",2468-1245,S2765074417,2432,reused
POSI-J-025893,j-bench-pediatric-neurology-3446,"Pediatric Neurology",0887-8994,S165686931,9369,minted
POSI-J-001870,j-bench-pediatrics-neonatology-3447,"Pediatrics & Neonatology",1875-9572,S183831342,2187,reused
POSI-J-025894,j-bench-pedobiologia-3448,"Pedobiologia",0031-4056,S133986316,3700,minted
POSI-J-025895,j-bench-pedosphere-3449,"Pedosphere",1002-0160,S205679754,2241,minted
POSI-J-025896,j-bench-perfectionnement-en-p-diatrie-3450,"Perfectionnement en Pédiatrie",2588-932X,S2898510238,905,minted
POSI-J-025897,j-bench-performance-enhancement-health-3451,"Performance Enhancement & Health",2211-2669,S2764777161,472,minted
POSI-J-025898,j-bench-performance-evaluation-3452,"Performance Evaluation",0166-5316,S45003570,3436,minted
POSI-J-025899,j-bench-periodontology-journal-3453,"Periodontology Journal",3117-3683,S7407053820,6,minted
POSI-J-025900,j-bench-perioperative-care-and-operating-room-management-3454,"Perioperative Care and Operating Room Management",2405-6030,S2898586641,712,minted
POSI-J-025901,j-bench-personalized-medicine-in-psychiatry-3455,"Personalized Medicine in Psychiatry",2468-1717,S2898175090,185,minted
POSI-J-025902,j-bench-perspective-of-higher-education-3456,"Perspective of Higher Education",3117-7638,S7407057039,9,minted
POSI-J-025903,j-bench-perspectives-in-architecture-and-urbanism-3457,"Perspectives in Architecture and Urbanism",2950-2675,S4404676278,39,minted
POSI-J-008177,j-bench-perspectives-in-ecology-and-conservation-3458,"Perspectives in Ecology and Conservation",2530-0644,S2898175082,434,reused
POSI-J-025904,j-bench-perspectives-in-plant-ecology-evolution-and-systematics-3459,"Perspectives in Plant Ecology, Evolution and Systematics",1433-8319,S176275101,842,minted
POSI-J-025905,j-bench-perspectives-in-vaccinology-3460,"Perspectives in Vaccinology",2210-7622,S4210188944,17,minted
POSI-J-025906,j-bench-pervasive-and-mobile-computing-3461,"Pervasive and Mobile Computing",1574-1192,S140982614,1671,minted
POSI-J-025907,j-bench-pesticide-biochemistry-and-physiology-3462,"Pesticide Biochemistry and Physiology",0048-3575,S9324707,7142,minted
POSI-J-025908,j-bench-pet-clinics-3463,"PET Clinics",1556-8598,S80625831,1372,minted
POSI-J-025909,j-bench-petroleum-3464,"Petroleum",2405-6561,S2898593550,673,minted
POSI-J-001310,j-bench-petroleum-exploration-and-development-3465,"Petroleum Exploration and Development",1876-3804,S142630227,3317,reused
POSI-J-006994,j-bench-petroleum-research-3466,"Petroleum Research",2096-2495,S2898411357,535,reused
POSI-J-001487,j-bench-petroleum-science-3467,"Petroleum Science",1995-8226,S177501576,2928,reused
POSI-J-016957,j-bench-pharmaceutical-science-advances-3468,"Pharmaceutical Science Advances",2773-2169,S4387285665,118,reused
POSI-J-025910,j-bench-le-pharmacien-hospitalier-et-clinicien-3469,"Le Pharmacien Hospitalier et Clinicien",2211-1042,S2898268954,2064,minted
POSI-J-025911,j-bench-pharmacoeconomics-and-policy-3470,"Pharmacoeconomics and Policy",2950-2667,S5407037004,39,minted
POSI-J-004797,j-bench-pharmacological-research-modern-chinese-medicine-3471,"Pharmacological Research - Modern Chinese Medicine",2667-1425,S4210232177,810,reused
POSI-J-025912,j-bench-pharmacological-research-natural-products-3472,"Pharmacological Research - Natural Products",2950-1997,S4389157795,838,minted
POSI-J-025913,j-bench-pharmacological-research-reports-3473,"Pharmacological Research - Reports",2950-2004,S5407036979,99,minted
POSI-J-025914,j-bench-pharmacological-reviews-3474,"Pharmacological Reviews",0031-6997,S161680845,2349,minted
POSI-J-025915,j-bench-pharmacology-therapeutics-3475,"Pharmacology & Therapeutics",0163-7258,S83493678,4956,minted
POSI-J-025916,j-bench-pharmanutrition-3476,"PharmaNutrition",2213-4344,S2898452260,628,minted
POSI-J-025917,j-bench-pharma-x-3477,"Pharma-X",3117-9770,,0,minted
POSI-J-004472,j-bench-photoacoustics-3478,"Photoacoustics",2213-5979,S2898295080,862,reused
POSI-J-000845,j-bench-photodiagnosis-and-photodynamic-therapy-3479,"Photodiagnosis and Photodynamic Therapy",1572-1000,S92638099,6573,reused
POSI-J-025918,j-bench-photonics-and-nanostructures-fundamentals-and-applications-3480,"Photonics and Nanostructures - Fundamentals and Applications",1569-4410,S83542139,1394,minted
POSI-J-025919,j-bench-physica-d-nonlinear-phenomena-3481,"Physica D: Nonlinear Phenomena",0167-2789,S4210235043,11367,minted
POSI-J-025920,j-bench-physica-e-low-dimensional-systems-and-nanostructures-3482,"Physica E: Low-dimensional Systems and Nanostructures",1386-9477,S23074404,12054,minted
POSI-J-025921,j-bench-physica-medica-3483,"Physica Medica",1120-1797,S138998826,11037,minted
POSI-J-025922,j-bench-physical-communication-3484,"Physical Communication",1874-4907,S148523156,2749,minted
POSI-J-025923,j-bench-physical-medicine-and-rehabilitation-clinics-of-north-americ-3485,"Physical Medicine and Rehabilitation Clinics of North America",1047-9651,S98107870,2638,minted
POSI-J-025924,j-bench-physical-therapy-in-sport-3486,"Physical Therapy in Sport",1466-853X,S27861859,2325,minted
POSI-J-025925,j-bench-physician-assistant-clinics-3487,"Physician Assistant Clinics",2405-7991,S2898566061,916,minted
POSI-J-025926,j-bench-physics-and-chemistry-of-the-earth-parts-a-b-c-3488,"Physics and Chemistry of the Earth, Parts A/B/C",1474-7065,S4210168340,4010,minted
POSI-J-025927,j-bench-physics-of-the-dark-universe-3489,"Physics of the Dark Universe",2212-6864,S2898356015,2082,minted
POSI-J-025928,j-bench-physics-of-the-earth-and-planetary-interiors-3490,"Physics of The Earth and Planetary Interiors",0031-9201,S106840945,7746,minted
POSI-J-003678,j-bench-physics-and-imaging-in-radiation-oncology-3491,"Physics and Imaging in Radiation Oncology",2405-6316,S2898405426,1055,reused
POSI-J-025929,j-bench-physics-of-life-reviews-3492,"Physics of Life Reviews",1571-0645,S78119372,1961,minted
POSI-J-008864,j-bench-physics-open-3493,"Physics Open",2666-0326,S4210236702,406,reused
POSI-J-025930,j-bench-physiological-and-molecular-plant-pathology-3494,"Physiological and Molecular Plant Pathology",0885-5765,S54634327,4089,minted
POSI-J-025931,j-bench-physiotherapy-3495,"Physiotherapy",0031-9406,S111121700,13355,minted
POSI-J-025932,j-bench-phytochemistry-letters-3496,"Phytochemistry Letters",1874-3900,S127984601,4696,minted
POSI-J-025933,j-bench-phytomedicine-3497,"Phytomedicine",0944-7113,S180051340,9910,minted
POSI-J-003771,j-bench-phytomedicine-plus-3498,"Phytomedicine Plus",2667-0313,S4210212705,1012,reused
POSI-J-025934,j-bench-piel-3499,"Piel",0213-9251,S191012840,4485,minted
POSI-J-025935,j-bench-placenta-3500,"Placenta",0143-4004,S171513543,13348,minted
POSI-J-025936,j-bench-planetary-and-space-science-3501,"Planetary and Space Science",0032-0633,S105500771,11796,minted
POSI-J-003579,j-bench-plant-communications-3502,"Plant Communications",2590-3462,S4210223803,1102,reused
POSI-J-025937,j-bench-plant-diversity-3503,"Plant Diversity",2468-2659,S123216674,2732,minted
POSI-J-025938,j-bench-plant-gene-3504,"Plant Gene",2352-4073,S2898280453,609,minted
POSI-J-010357,j-bench-plant-nano-biology-3505,"Plant Nano Biology",2773-1111,S4220651807,322,reused
POSI-J-025939,j-bench-plant-phenomics-3506,"Plant Phenomics",2643-6515,S4210217755,518,minted
POSI-J-025940,j-bench-plant-physiology-and-biochemistry-3507,"Plant Physiology and Biochemistry",0981-9428,S115455909,10805,minted
POSI-J-025941,j-bench-plant-research-3508,"Plant Research",3117-5821,S7407055944,16,minted
POSI-J-025942,j-bench-plant-science-3509,"Plant Science",0168-9452,S167743172,11430,minted
POSI-J-002725,j-bench-plant-stress-3510,"Plant Stress",2667-064X,S4210194692,1494,reused
POSI-J-025943,j-bench-plasmid-3511,"Plasmid",0147-619X,S160206373,2681,minted
POSI-J-025944,j-bench-poetics-3512,"Poetics",0304-422X,S98355519,1971,minted
POSI-J-025945,j-bench-polar-science-3513,"Polar Science",1873-9652,S14279969,1000,minted
POSI-J-025946,j-bench-political-geography-3514,"Political Geography",0962-6298,S202534398,3585,minted
POSI-J-025947,j-bench-political-geography-open-research-3515,"Political Geography Open Research",2772-9990,S4220651282,8,minted
POSI-J-025948,j-bench-polymer-degradation-and-stability-3516,"Polymer Degradation and Stability",0141-3910,S10124807,12035,minted
POSI-J-000776,j-bench-polymer-testing-3517,"Polymer Testing",0142-9418,S157859649,7973,reused
POSI-J-025949,j-bench-postharvest-biology-and-technology-3518,"Postharvest Biology and Technology",0925-5214,S70397842,7666,minted
POSI-J-015463,j-bench-power-electronic-devices-and-components-3519,"Power Electronic Devices and Components",2772-3704,S4210224393,145,reused
POSI-J-025950,j-bench-power-grid-engineering-science-3520,"Power Grid Engineering Science",3117-762X,,0,minted
POSI-J-025951,j-bench-power-to-x-3521,"Power-to-X",3117-5872,S7407058647,1,minted
POSI-J-006683,j-bench-practical-laboratory-medicine-3522,"Practical Laboratory Medicine",2352-5517,S2898124548,556,reused
POSI-J-025952,j-bench-practical-radiation-oncology-3523,"Practical Radiation Oncology",1879-8500,S2764989788,2570,minted
POSI-J-025953,j-bench-le-praticien-en-anesth-sie-r-animation-3524,"Le Praticien en Anesthésie Réanimation",1279-7960,S197436009,2093,minted
POSI-J-025954,j-bench-pratique-neurologique-fmc-3525,"Pratique Neurologique - FMC",1878-7762,S138927772,956,minted
POSI-J-025955,j-bench-pratiques-psychologiques-3526,"Pratiques Psychologiques",1269-1763,S207775623,823,minted
POSI-J-025956,j-bench-precambrian-research-3527,"Precambrian Research",0301-9268,S1025118869,8288,minted
POSI-J-025957,j-bench-precision-engineering-3528,"Precision Engineering",0141-6359,S140928716,6589,minted
POSI-J-025958,j-bench-precision-measurement-3529,"Precision Measurement",3050-6557,,0,minted
POSI-J-019397,j-bench-precision-medication-3530,"Precision Medication",2950-5232,S4404662269,52,reused
POSI-J-025959,j-bench-precision-medicine-and-engineering-3531,"Precision Medicine and Engineering",2950-4821,S4404677678,80,minted
POSI-J-025960,j-bench-precision-pathology-3532,"Precision Pathology",3117-678X,S7407057489,5,minted
POSI-J-025961,j-bench-pregnancy-hypertension-3533,"Pregnancy Hypertension",2210-7789,S2898367572,4247,minted
POSI-J-025962,j-bench-la-presse-m-dicale-3534,"La Presse Médicale",0755-4982,S196942124,8602,minted
POSI-J-025963,j-bench-preventive-medicine-3535,"Preventive Medicine",0091-7435,S8081180,10838,minted
POSI-J-001250,j-bench-preventive-medicine-reports-3536,"Preventive Medicine Reports",2211-3355,S2736416831,3529,reused
POSI-J-025964,j-bench-preventive-veterinary-medicine-3537,"Preventive Veterinary Medicine",0167-5877,S178566096,6776,minted
POSI-J-025965,j-bench-preventive-veterinary-medicine-regional-studies-and-reports-3538,"Preventive Veterinary Medicine: Regional Studies and Reports",3051-3081,S7407054061,42,minted
POSI-J-025966,j-bench-primary-care-clinics-in-office-practice-3539,"Primary Care: Clinics in Office Practice",0095-4543,S69718200,3693,minted
POSI-J-025967,j-bench-primary-care-diabetes-3540,"Primary Care Diabetes",1751-9918,S67695068,1956,minted
POSI-J-025968,j-bench-probabilistic-engineering-mechanics-3541,"Probabilistic Engineering Mechanics",0266-8920,S189810516,2150,minted
POSI-J-025969,j-bench-procedia-cirp-3542,"Procedia CIRP",2212-8271,S2898565713,15238,minted
POSI-J-025970,j-bench-procedia-structural-integrity-3543,"Procedia Structural Integrity",2452-3216,S2764766352,6867,minted
POSI-J-025971,j-bench-proceedings-of-the-combustion-institute-3544,"Proceedings of the Combustion Institute",1540-7489,S4210174958,7055,minted
POSI-J-025972,j-bench-proceedings-of-the-geologists-association-3545,"Proceedings of the Geologists’ Association",0016-7878,S4210171952,6904,minted
POSI-J-025973,j-bench-process-biochemistry-3546,"Process Biochemistry",1359-5113,S173499201,9694,minted
POSI-J-025974,j-bench-process-safety-and-environmental-protection-3547,"Process Safety and Environmental Protection",0957-5820,S166351637,20930,minted
POSI-J-025975,j-bench-progr-s-en-urologie-3548,"Progrès en Urologie",1166-7087,S73435037,6397,minted
POSI-J-025976,j-bench-progr-s-en-urologie-fmc-3549,"Progrès en Urologie - FMC",1761-676X,S2898272304,1527,minted
POSI-J-025977,j-bench-progress-in-aerospace-sciences-3550,"Progress in Aerospace Sciences",0376-0421,S166193747,1277,minted
POSI-J-025978,j-bench-progress-in-biophysics-and-molecular-biology-3551,"Progress in Biophysics and Molecular Biology",0079-6107,S181418318,3467,minted
POSI-J-025979,j-bench-progress-in-cardiovascular-diseases-3552,"Progress in Cardiovascular Diseases",0033-0620,S192202259,3659,minted
POSI-J-025980,j-bench-progress-in-crystal-growth-and-characterization-of-materials-3553,"Progress in Crystal Growth and Characterization of Materials",0960-8974,S118960844,664,minted
POSI-J-006230,j-bench-progress-in-disaster-science-3554,"Progress in Disaster Science",2590-0617,S4210185972,645,reused
POSI-J-025981,j-bench-progress-in-economic-geography-3555,"Progress in Economic Geography",2949-6942,S4387285873,73,minted
POSI-J-025982,j-bench-progress-in-energy-and-combustion-science-3556,"Progress in Energy and Combustion Science",0360-1285,S65236890,1233,minted
POSI-J-025983,j-bench-progress-in-engineering-science-3557,"Progress in Engineering Science",2950-4252,S5407037059,356,minted
POSI-J-025984,j-bench-progress-in-lipid-research-3558,"Progress in Lipid Research",0163-7827,S108758393,1440,minted
POSI-J-025985,j-bench-progress-in-materials-science-3559,"Progress in Materials Science",0079-6425,S88404446,1666,minted
POSI-J-025986,j-bench-progress-in-natural-science-materials-international-3560,"Progress in Natural Science: Materials International",1002-0071,S2898338117,3244,minted
POSI-J-025987,j-bench-progress-in-neuro-psychopharmacology-and-biological-psychiat-3561,"Progress in Neuro-Psychopharmacology and Biological Psychiatry",0278-5846,S142279999,8333,minted
POSI-J-025988,j-bench-progress-in-neurobiology-3562,"Progress in Neurobiology",0301-0082,S69289175,3194,minted
POSI-J-025989,j-bench-progress-in-nuclear-energy-3563,"Progress in Nuclear Energy",0149-1970,S201829030,6849,minted
POSI-J-025990,j-bench-progress-in-nuclear-magnetic-resonance-spectroscopy-3564,"Progress in Nuclear Magnetic Resonance Spectroscopy",0079-6565,S11006672,963,minted
POSI-J-025991,j-bench-progress-in-oceanography-3565,"Progress in Oceanography",0079-6611,S9314624,3929,minted
POSI-J-025992,j-bench-progress-in-optoelectronics-and-communications-3566,"Progress in Optoelectronics and Communications",3104-8498,,0,minted
POSI-J-025993,j-bench-progress-in-organic-coatings-3567,"Progress in Organic Coatings",0300-9440,S41155759,10600,minted
POSI-J-025994,j-bench-progress-in-particle-and-nuclear-physics-3568,"Progress in Particle and Nuclear Physics",0146-6410,S37308595,2251,minted
POSI-J-025995,j-bench-progress-in-pediatric-cardiology-3569,"Progress in Pediatric Cardiology",1058-9813,S187747600,2081,minted
POSI-J-025996,j-bench-progress-in-planning-3570,"Progress in Planning",0305-9006,S47767497,932,minted
POSI-J-025997,j-bench-progress-in-polymer-science-3571,"Progress in Polymer Science",0079-6700,S119685760,2112,minted
POSI-J-025998,j-bench-progress-in-quantum-electronics-3572,"Progress in Quantum Electronics",0079-6727,S83014014,525,minted
POSI-J-025999,j-bench-progress-in-retinal-and-eye-research-3573,"Progress in Retinal and Eye Research",1350-9462,S138587161,1281,minted
POSI-J-026000,j-bench-progress-in-solid-state-chemistry-3574,"Progress in Solid State Chemistry",0079-6786,S185988428,645,minted
POSI-J-026001,j-bench-progress-in-surface-science-3575,"Progress in Surface Science",0079-6816,S98443392,1287,minted
POSI-J-012829,j-bench-project-leadership-and-society-3576,"Project Leadership and Society",2666-7215,S4210237622,221,reused
POSI-J-007858,j-bench-propulsion-and-power-research-3577,"Propulsion and Power Research",2212-540X,S2764907551,463,reused
POSI-J-026002,j-bench-prostaglandins-leukotrienes-and-essential-fatty-acids-3578,"Prostaglandins, Leukotrienes and Essential Fatty Acids",0952-3278,S9307485,4718,minted
POSI-J-026003,j-bench-prostaglandins-other-lipid-mediators-3579,"Prostaglandins & Other Lipid Mediators",1098-8823,S49907878,2028,minted
POSI-J-007255,j-bench-prostate-international-3580,"Prostate International",2287-8882,S2764768438,496,reused
POSI-J-026004,j-bench-protein-expression-and-purification-3581,"Protein Expression and Purification",1046-5928,S9184782,6688,minted
POSI-J-026005,j-bench-protist-3582,"Protist",1434-4610,S103897674,1509,minted
POSI-J-026006,j-bench-psiquiatr-a-biol-gica-3583,"Psiquiatría Biológica",1134-5934,S2898250847,1197,minted
POSI-J-026007,j-bench-psychedelics-3584,"Psychedelics",2950-4848,S5407037080,33,minted
POSI-J-026008,j-bench-psychiatric-clinics-of-north-america-3585,"Psychiatric Clinics of North America",0193-953X,S121233926,3237,minted
POSI-J-026009,j-bench-psychiatry-research-case-reports-3586,"Psychiatry Research Case Reports",2773-0212,S4220651674,333,minted
POSI-J-011459,j-bench-psychiatry-research-communications-3587,"Psychiatry Research Communications",2772-5987,S4210233205,273,reused
POSI-J-026010,j-bench-psychiatry-research-neuroimaging-3588,"Psychiatry Research: Neuroimaging",0925-4927,S4210222969,3788,minted
POSI-J-026011,j-bench-psychologie-fran-aise-3589,"Psychologie Française",0033-2984,S188131352,767,minted
POSI-J-026012,j-bench-psychologie-du-travail-et-des-organisations-3590,"Psychologie du Travail et des Organisations",1420-2530,S8788103,874,minted
POSI-J-026013,j-bench-psychology-of-sport-and-exercise-3591,"Psychology of Sport and Exercise",1469-0292,S131954271,3017,minted
POSI-J-026014,j-bench-psychoneuroendocrinology-3592,"Psychoneuroendocrinology",0306-4530,S81924583,9613,minted
POSI-J-004606,j-bench-public-health-in-practice-3593,"Public Health in Practice",2666-5352,S4210186739,840,reused
POSI-J-026015,j-bench-public-relations-review-3594,"Public Relations Review",0363-8111,S193575162,4813,minted
POSI-J-026016,j-bench-pulmonary-function-diagnostics-3595,"Pulmonary Function Diagnostics",3051-276X,S5407055131,9,minted
POSI-J-026017,j-bench-pulmonary-pharmacology-therapeutics-3596,"Pulmonary Pharmacology & Therapeutics",1094-5539,S102131606,2248,minted
POSI-J-026018,j-bench-pulmonology-3597,"Pulmonology",2531-0437,S2898275119,997,minted
POSI-J-026019,j-bench-pulsed-power-3598,"Pulsed Power",3117-5716,S7407057234,38,minted
POSI-J-014769,j-bench-qualitative-research-in-medicine-healthcare-3599,"Qualitative Research in Medicine & Healthcare",2532-2044,S4210185850,161,reused
POSI-J-026020,j-bench-quantum-computing-and-engineering-applications-3600,"Quantum Computing and Engineering Applications",3117-9045,,0,minted
POSI-J-026021,j-bench-quantum-review-letters-3601,"Quantum Review Letters",3050-4910,S5407047377,21,minted
POSI-J-026022,j-bench-the-quarterly-review-of-economics-and-finance-3602,"The Quarterly Review of Economics and Finance",1062-9769,S125273398,2507,minted
POSI-J-017229,j-bench-quaternary-environments-and-humans-3603,"Quaternary Environments and Humans",2950-2365,S4389158291,107,reused
POSI-J-026023,j-bench-quaternary-geochronology-3604,"Quaternary Geochronology",1871-1014,S128829286,1499,minted
POSI-J-026024,j-bench-quaternary-international-3605,"Quaternary International",1040-6182,S68052730,13682,minted
POSI-J-010436,j-bench-quaternary-science-advances-3606,"Quaternary Science Advances",2666-0334,S4210225047,310,reused
POSI-J-026025,j-bench-quaternary-science-reviews-3607,"Quaternary Science Reviews",0277-3791,S81424476,9968,minted
POSI-J-026026,j-bench-radiation-measurements-3608,"Radiation Measurements",1350-4487,S143190592,7167,minted
POSI-J-000462,j-bench-radiation-medicine-and-protection-3609,"Radiation Medicine and Protection",2666-5557,S4210177782,266,reused
POSI-J-026027,j-bench-radiography-3610,"Radiography",1078-8174,S127482523,3780,minted
POSI-J-026028,j-bench-radiolog-a-3611,"Radiología",0033-8338,S2898257771,3064,minted
POSI-J-026029,j-bench-radiolog-a-english-edition-3612,"Radiología (English Edition)",2173-5107,S4210226732,929,minted
POSI-J-026030,j-bench-radiologic-clinics-of-north-america-3613,"Radiologic Clinics of North America",0033-8389,S183459243,5346,minted
POSI-J-000759,j-bench-radiology-case-reports-3614,"Radiology Case Reports",1930-0433,S190549722,8540,reused
POSI-J-026031,j-bench-radiotherapy-and-oncology-3615,"Radiotherapy and Oncology",0167-8140,S144507673,57858,minted
POSI-J-026032,j-bench-rangeland-ecology-management-3616,"Rangeland Ecology & Management",1550-7424,S2797048,2261,minted
POSI-J-026033,j-bench-rangelands-3617,"Rangelands",0190-0528,S4210171466,2398,minted
POSI-J-015856,j-bench-rare-3618,"Rare",2950-0087,S4387287498,156,reused
POSI-J-026034,j-bench-reactive-and-functional-polymers-3619,"Reactive and Functional Polymers",1381-5148,S205957783,5955,minted
POSI-J-026035,j-bench-rec-cardioclinics-3620,"REC: CardioClinics",2605-1532,S4210182158,796,minted
POSI-J-000387,j-bench-redox-biochemistry-and-chemistry-3621,"Redox Biochemistry and Chemistry",2773-1766,S4387283632,81,reused
POSI-J-001083,j-bench-redox-biology-3622,"Redox Biology",2213-2317,S2764928002,4304,reused
POSI-J-026036,j-bench-redox-in-muscle-physiology-exercise-and-sport-3623,"Redox in Muscle Physiology, Exercise, and Sport",2772-6231,S4220651267,2,minted
POSI-J-003326,j-bench-regenerative-therapy-3624,"Regenerative Therapy",2352-3204,S2898509233,1154,reused
POSI-J-018507,j-bench-regenesis-repair-rehabilitation-3625,"Regenesis Repair Rehabilitation",2950-5755,S4404677754,77,reused
POSI-J-003236,j-bench-regional-science-policy-practice-3626,"Regional Science Policy & Practice",1757-7802,S96871935,1194,reused
POSI-J-026037,j-bench-regional-science-and-urban-economics-3627,"Regional Science and Urban Economics",0166-0462,S107631327,2789,minted
POSI-J-026038,j-bench-regional-studies-in-marine-science-3628,"Regional Studies in Marine Science",2352-4855,S2764732502,4579,minted
POSI-J-026039,j-bench-regional-sustainability-3629,"Regional Sustainability",2666-660X,S4210184424,225,minted
POSI-J-026040,j-bench-regulatory-toxicology-and-pharmacology-3630,"Regulatory Toxicology and Pharmacology",0273-2300,S87719511,5991,minted
POSI-J-026041,j-bench-rehabilitaci-n-3631,"Rehabilitación",0048-7120,S2898231981,1982,minted
POSI-J-026042,j-bench-reliability-engineering-system-safety-3632,"Reliability Engineering & System Safety",0951-8320,S202403813,11679,minted
POSI-J-026043,j-bench-remote-sensing-applications-society-and-environment-3633,"Remote Sensing Applications: Society and Environment",2352-9385,S2898601686,2173,minted
POSI-J-026044,j-bench-remote-sensing-of-environment-3634,"Remote Sensing of Environment",0034-4257,S141808269,11979,minted
POSI-J-026045,j-bench-renewable-energy-focus-3635,"Renewable Energy Focus",1755-0084,S148110886,2255,minted
POSI-J-026046,j-bench-renewable-energy-system-and-equipment-3636,"Renewable Energy System and Equipment",2950-208X,S5407036981,17,minted
POSI-J-026047,j-bench-renewable-and-sustainable-energy-reviews-3637,"Renewable and Sustainable Energy Reviews",1364-0321,S68497187,17005,minted
POSI-J-015376,j-bench-renewable-and-sustainable-energy-transition-3638,"Renewable and Sustainable Energy Transition",2667-095X,S4210219573,155,reused
POSI-J-026048,j-bench-reports-on-mathematical-physics-3639,"Reports on Mathematical Physics",0034-4877,S157748989,2973,minted
POSI-J-014470,j-bench-reproduction-and-breeding-3640,"Reproduction and Breeding",2667-0712,S4210171572,174,reused
POSI-J-026049,j-bench-reproductive-biology-3641,"Reproductive Biology",1642-431X,S2493898138,1381,minted
POSI-J-026050,j-bench-reproductive-biomedicine-online-3642,"Reproductive BioMedicine Online",1472-6483,S206719219,9256,minted
POSI-J-026051,j-bench-reproductive-toxicology-3643,"Reproductive Toxicology",0890-6238,S1879512,6638,minted
POSI-J-026052,j-bench-research-in-autism-3644,"Research in Autism",3050-6565,S87781914,2596,minted
POSI-J-026053,j-bench-research-in-autism-spectrum-disorders-3645,"Research in Autism Spectrum Disorders",1750-9467,S87781914,2596,minted
POSI-J-026054,j-bench-research-in-cold-and-arid-regions-3646,"Research in Cold and Arid Regions",2097-1583,S4306547685,208,minted
POSI-J-026055,j-bench-research-in-developmental-disabilities-3647,"Research in Developmental Disabilities",0891-4222,S132320204,5270,minted
POSI-J-019041,j-bench-research-in-diagnostic-and-interventional-imaging-3648,"Research in Diagnostic and Interventional Imaging",2772-6525,S4220650954,55,reused
POSI-J-026056,j-bench-research-in-economics-3649,"Research in Economics",1090-9443,S156260212,1131,minted
POSI-J-009220,j-bench-research-in-globalization-3650,"Research in Globalization",2590-051X,S4210234539,379,reused
POSI-J-026057,j-bench-research-in-neurodiversity-3651,"Research in Neurodiversity",3050-5798,S5407047409,58,minted
POSI-J-026058,j-bench-research-in-inclusive-education-3652,"Research in Inclusive Education",3117-8944,,0,minted
POSI-J-026059,j-bench-research-in-international-business-and-finance-3653,"Research in International Business and Finance",0275-5319,S8133038,3276,minted
POSI-J-026060,j-bench-research-methods-in-applied-linguistics-3654,"Research Methods in Applied Linguistics",2772-7661,S4210233502,338,minted
POSI-J-026061,j-bench-research-in-microbiology-3655,"Research in Microbiology",0923-2508,S37853641,4579,minted
POSI-J-026062,j-bench-research-in-organizational-behavior-3656,"Research in Organizational Behavior",0191-3085,S55099511,296,minted
POSI-J-026063,j-bench-research-policy-3657,"Research Policy",0048-7333,S9731383,5269,minted
POSI-J-001102,j-bench-research-and-practice-in-thrombosis-and-haemostasis-3658,"Research and Practice in Thrombosis and Haemostasis",2475-0379,S4210185368,4308,reused
POSI-J-026064,j-bench-research-in-social-and-administrative-pharmacy-3659,"Research in Social and Administrative Pharmacy",1551-7411,S50431791,4104,minted
POSI-J-026065,j-bench-research-in-social-stratification-and-mobility-3660,"Research in Social Stratification and Mobility",0276-5624,S159612214,983,minted
POSI-J-026066,j-bench-research-in-transportation-business-management-3661,"Research in Transportation Business & Management",2210-5395,S2764779785,1548,minted
POSI-J-026067,j-bench-research-in-transportation-economics-3662,"Research in Transportation Economics",0739-8859,S39263009,1860,minted
POSI-J-026068,j-bench-research-in-veterinary-science-3663,"Research in Veterinary Science",0034-5288,S196403249,11305,minted
POSI-J-014819,j-bench-resilient-cities-and-structures-3664,"Resilient Cities and Structures",2772-7416,S4220651866,164,reused
POSI-J-026069,j-bench-resource-and-energy-economics-3665,"Resource and Energy Economics",0928-7655,S165058066,1185,minted
POSI-J-013244,j-bench-resources-chemicals-and-materials-3666,"Resources Chemicals and Materials",2772-4433,S4210229900,212,reused
POSI-J-026070,j-bench-resources-conservation-and-recycling-3667,"Resources, Conservation and Recycling",0921-3449,S18051569,8129,minted
POSI-J-010543,j-bench-resources-conservation-recycling-advances-3668,"Resources, Conservation & Recycling Advances",2667-3789,S4210240235,314,reused
POSI-J-019589,j-bench-resources-conservation-recycling-x-3669,"Resources, Conservation & Recycling: X",2590-289X,S4210237720,40,reused
POSI-J-009859,j-bench-resources-environment-and-sustainability-3670,"Resources, Environment and Sustainability",2666-9161,S4210199161,349,reused
POSI-J-026071,j-bench-respiratory-investigation-3671,"Respiratory Investigation",2212-5345,S2764712545,1531,minted
POSI-J-026072,j-bench-respiratory-medicine-3672,"Respiratory Medicine",0954-6111,S71995303,10416,minted
POSI-J-001658,j-bench-respiratory-medicine-case-reports-3673,"Respiratory Medicine Case Reports",2213-0071,S2764604413,2490,reused
POSI-J-026073,j-bench-respiratory-medicine-and-research-3674,"Respiratory Medicine and Research",2590-0412,S4210196504,551,minted
POSI-J-026074,j-bench-respiratory-physiology-neurobiology-3675,"Respiratory Physiology & Neurobiology",1569-9048,S72042703,4323,minted
POSI-J-006632,j-bench-results-in-applied-mathematics-3676,"Results in Applied Mathematics",2590-0374,S4210180942,574,reused
POSI-J-001243,j-bench-results-in-chemistry-3677,"Results in Chemistry",2211-7156,S4210212333,3710,reused
POSI-J-005617,j-bench-results-in-control-and-optimization-3678,"Results in Control and Optimization",2666-7207,S4210182769,700,reused
POSI-J-014825,j-bench-results-in-earth-sciences-3679,"Results in Earth Sciences",2211-7148,S4387291273,167,reused
POSI-J-000659,j-bench-results-in-engineering-3680,"Results in Engineering",2590-1230,S4210226253,12287,reused
POSI-J-026075,j-bench-results-in-geochemistry-3681,"Results in Geochemistry",2666-2779,S4210200693,21,minted
POSI-J-026076,j-bench-results-in-geophysical-sciences-3682,"Results in Geophysical Sciences",2666-8289,S4210193186,61,minted
POSI-J-003918,j-bench-results-in-materials-3683,"Results in Materials",2590-048X,S4210203200,995,reused
POSI-J-003709,j-bench-results-in-optics-3684,"Results in Optics",2666-9501,S4210204098,1079,reused
POSI-J-000769,j-bench-results-in-physics-3685,"Results in Physics",2211-3797,S2764941219,8135,reused
POSI-J-004546,j-bench-results-in-surfaces-and-interfaces-3686,"Results in Surfaces and Interfaces",2666-8459,S4210207554,888,reused
POSI-J-002849,j-bench-resuscitation-plus-3687,"Resuscitation Plus",2666-5204,S4210231896,1405,reused
POSI-J-026077,j-bench-reumatolog-a-cl-nica-3688,"Reumatología Clínica",1699-258X,S2756385725,2419,minted
POSI-J-026078,j-bench-reumatolog-a-cl-nica-english-edition-3689,"Reumatología Clínica (English Edition)",2173-5743,S4210171731,2126,minted
POSI-J-026079,j-bench-review-of-economic-dynamics-3690,"Review of Economic Dynamics",1094-2025,S163499366,1405,minted
POSI-J-015590,j-bench-review-of-materials-research-3691,"Review of Materials Research",3050-9130,S5407047510,158,reused
POSI-J-026080,j-bench-review-of-palaeobotany-and-palynology-3692,"Review of Palaeobotany and Palynology",0034-6667,S43762691,5429,minted
POSI-J-026081,j-bench-reviews-in-physics-3693,"Reviews in Physics",2405-4283,S2898398052,102,minted
POSI-J-004013,j-bench-revista-argentina-de-microbiolog-a-3694,"Revista Argentina de Microbiología",0325-7541,S18481763,953,reused
POSI-J-026082,j-bench-revista-cient-fica-de-la-sociedad-de-enfermer-a-neurol-gica--3695,"Revista Científica de la Sociedad de Enfermería Neurológica (English ed.)",2530-299X,S4210236300,143,minted
POSI-J-026083,j-bench-revista-cient-fica-de-la-sociedad-espa-ola-de-enfermer-a-neu-3696,"Revista Científica de la Sociedad Española de Enfermería Neurológica",2013-5246,S2898111411,302,minted
POSI-J-026084,j-bench-revista-cl-nica-espa-ola-3697,"Revista Clínica Española",0014-2565,S196623810,9773,minted
POSI-J-026085,j-bench-revista-cl-nica-espa-ola-english-edition-3698,"Revista Clínica Española (English Edition)",2254-8874,S4210222904,1231,minted
POSI-J-007207,j-bench-revista-colombiana-de-ortopedia-y-traumatolog-a-3699,"Revista Colombiana de Ortopedia y Traumatología",0120-8845,S2898597390,510,reused
POSI-J-026086,j-bench-revista-colombiana-de-psiquiatr-a-3700,"Revista Colombiana de Psiquiatría",0034-7450,S2898237934,1505,minted
POSI-J-026087,j-bench-revista-colombiana-de-psiquiatr-a-english-ed-3701,"Revista Colombiana de Psiquiatría (English ed.)",2530-3120,S4210204152,416,minted
POSI-J-026088,j-bench-revista-colombiana-de-reumatolog-a-3702,"Revista Colombiana de Reumatología",0121-8123,S2898246069,1084,minted
POSI-J-026089,j-bench-revista-colombiana-de-reumatolog-a-english-edition-3703,"Revista Colombiana de Reumatología (English Edition)",2444-4405,S4210206491,624,minted
POSI-J-004179,j-bench-revista-de-investigaci-n-cl-nica-3704,"Revista de Investigación Clínica",0034-8376,S836864,912,reused
POSI-J-026090,j-bench-revista-espa-ola-de-anestesiolog-a-y-reanimaci-n-3705,"Revista Española de Anestesiología y Reanimación",0034-9356,S2752030260,2813,minted
POSI-J-026091,j-bench-revista-espa-ola-de-anestesiolog-a-y-reanimaci-n-english-edi-3706,"Revista Española de Anestesiología y Reanimación (English Edition)",2341-1929,S4210180527,1124,minted
POSI-J-026092,j-bench-revista-espa-ola-de-cardiolog-a-3707,"Revista Española de Cardiología",0300-8932,S69770752,11916,minted
POSI-J-026093,j-bench-revista-espa-ola-de-cardiolog-a-english-edition-3708,"Revista Española de Cardiología (English Edition)",1885-5857,S4210221393,6043,minted
POSI-J-026094,j-bench-revista-espa-ola-de-cardiolog-a-suplementos-3709,"Revista Española de Cardiología Suplementos",1131-3587,S2898582427,584,minted
POSI-J-001233,j-bench-revista-espa-ola-de-cirug-a-ortop-dica-y-traumatolog-a-3710,"Revista Española de Cirugía Ortopédica y Traumatología",1888-4415,S2898498976,3616,reused
POSI-J-026095,j-bench-revista-espa-ola-de-geriatr-a-y-gerontolog-a-3711,"Revista Española de Geriatría y Gerontología",0211-139X,S2898598607,3039,minted
POSI-J-026096,j-bench-revista-espa-ola-de-medicina-legal-3712,"Revista Española de Medicina Legal",0377-4732,S2898316745,808,minted
POSI-J-026097,j-bench-revista-espa-ola-de-medicina-nuclear-e-imagen-molecular-3713,"Revista Española de Medicina Nuclear e Imagen Molecular",2253-654X,S4210170870,1969,minted
POSI-J-026098,j-bench-revista-espa-ola-de-medicina-nuclear-e-imagen-molecular-engl-3714,"Revista Española de Medicina Nuclear e Imagen Molecular (English Edition)",2253-8089,S4210170477,1375,minted
POSI-J-026099,j-bench-revista-espa-ola-de-patolog-a-3715,"Revista Española de Patología",1699-8855,S2898217697,1058,minted
POSI-J-002989,j-bench-revista-de-gastroenterolog-a-de-m-xico-3716,"Revista de Gastroenterología de México",0375-0906,S4210200243,1303,reused
POSI-J-003780,j-bench-revista-de-gastroenterolog-a-de-m-xico-english-edition-3717,"Revista de Gastroenterología de México (English Edition)",2255-534X,S4210189440,1000,reused
POSI-J-026100,j-bench-revista-iberoamericana-de-micolog-a-3718,"Revista Iberoamericana de Micología",1130-1406,S178257273,985,minted
POSI-J-026101,j-bench-revista-internacional-de-androlog-a-3719,"Revista Internacional de Andrología",1698-031X,S2487249032,794,minted
POSI-J-026102,j-bench-revista-de-logopedia-foniatr-a-y-audiolog-a-3720,"Revista de Logopedia, Foniatría y Audiología",0214-4603,S2898305168,1482,minted
POSI-J-001976,j-bench-revista-m-dica-cl-nica-las-condes-3721,"Revista Médica Clínica Las Condes",0716-8640,S2738624211,2036,reused
POSI-J-001572,j-bench-revista-portuguesa-de-cardiologia-3722,"Revista Portuguesa de Cardiologia",0870-2551,S4210203548,2659,reused
POSI-J-001165,j-bench-revista-portuguesa-de-pneumologia-3723,"Revista Portuguesa de Pneumologia",0873-2159,S144246672,3832,reused
POSI-J-026103,j-bench-revista-de-psicodid-ctica-3724,"Revista de Psicodidáctica",1136-1034,S965846755,580,minted
POSI-J-026104,j-bench-revista-de-psicodid-ctica-english-ed-3725,"Revista de Psicodidáctica (English ed.)",2530-3805,S4210232860,199,minted
POSI-J-026105,j-bench-revista-de-psiquiatr-a-y-salud-mental-3726,"Revista de Psiquiatría y Salud Mental",1888-9891,S2898614270,746,minted
POSI-J-026106,j-bench-revista-de-senolog-a-y-patolog-a-mamaria-3727,"Revista de Senología y Patología Mamaria",0214-1582,S2898459094,811,minted
POSI-J-026107,j-bench-revue-de-chirurgie-orthop-dique-et-traumatologique-3728,"Revue de Chirurgie Orthopédique et Traumatologique",1877-0517,S2898336668,7426,minted
POSI-J-026108,j-bench-revue-d-pid-miologie-et-de-sant-publique-3729,"Revue d'Épidémiologie et de Santé Publique",0398-7620,S92747870,9417,minted
POSI-J-026109,j-bench-revue-europ-enne-de-psychologie-appliqu-e-3730,"Revue Européenne de Psychologie Appliquée",1162-9088,S2898155583,846,minted
POSI-J-026110,j-bench-revue-fran-aise-d-allergologie-3731,"Revue Française d’Allergologie",1877-0320,S107063406,5195,minted
POSI-J-026111,j-bench-revue-francophone-internationale-de-recherche-infirmi-re-3732,"Revue Francophone Internationale de Recherche Infirmière",2352-8028,S2898183315,425,minted
POSI-J-026112,j-bench-revue-francophone-des-laboratoires-3733,"Revue Francophone des Laboratoires",1773-035X,S119421911,8271,minted
POSI-J-026113,j-bench-revue-francophone-d-orthoptie-3734,"Revue Francophone d'Orthoptie",1876-2204,S2898222027,1077,minted
POSI-J-026114,j-bench-revue-des-maladies-respiratoires-3735,"Revue des Maladies Respiratoires",0761-8425,S6672359,13476,minted
POSI-J-026115,j-bench-revue-des-maladies-respiratoires-actualit-s-3736,"Revue des Maladies Respiratoires Actualités",1877-1203,S2898247517,5791,minted
POSI-J-026116,j-bench-la-revue-de-m-decine-interne-3737,"La Revue de Médecine Interne",0248-8663,S86692366,30115,minted
POSI-J-026117,j-bench-la-revue-de-m-decine-l-gale-3738,"La Revue de Médecine Légale",1878-6529,S2898472452,530,minted
POSI-J-026118,j-bench-revue-de-micropal-ontologie-3739,"Revue de Micropaléontologie",0035-1598,S2898090153,820,minted
POSI-J-026119,j-bench-revue-neurologique-3740,"Revue Neurologique",0035-3787,S124451323,12468,minted
POSI-J-026120,j-bench-revue-du-rhumatisme-3741,"Revue du Rhumatisme",1169-8330,S2898446404,9985,minted
POSI-J-026121,j-bench-revue-du-rhumatisme-monographies-3742,"Revue du Rhumatisme Monographies",1878-6227,S42593272,749,minted
POSI-J-026122,j-bench-revue-v-t-rinaire-clinique-3743,"Revue Vétérinaire Clinique",2214-5672,S2898155253,432,minted
POSI-J-026123,j-bench-rheumatic-disease-clinics-of-north-america-3744,"Rheumatic Disease Clinics of North America",0889-857X,S28431432,2828,minted
POSI-J-026124,j-bench-rhizosphere-3745,"Rhizosphere",2452-2198,S2898510056,1422,minted
POSI-J-003576,j-bench-rice-science-3746,"Rice Science",1672-6308,S154879107,1071,reused
POSI-J-019490,j-bench-risk-sciences-3747,"Risk Sciences",2950-6298,S4404673874,43,reused
POSI-J-026125,j-bench-robotics-and-autonomous-systems-3748,"Robotics and Autonomous Systems",0921-8890,S133768115,5481,minted
POSI-J-026126,j-bench-robotics-and-computer-integrated-manufacturing-3749,"Robotics and Computer-Integrated Manufacturing",0736-5845,S118216261,3913,minted
POSI-J-012968,j-bench-rock-mechanics-bulletin-3750,"Rock Mechanics Bulletin",2773-2304,S4387283898,223,reused
POSI-J-026127,j-bench-russian-literature-3751,"Russian Literature",0304-3479,S47189229,2596,minted
POSI-J-001940,j-bench-safety-and-health-at-work-3752,"Safety and Health at Work",2093-7911,S2765035337,2084,reused
POSI-J-026128,j-bench-safety-science-3753,"Safety Science",0925-7535,S123149298,6499,minted
POSI-J-026129,j-bench-safety-science-reports-3754,"Safety Science Reports",3117-7018,,0,minted
POSI-J-026130,j-bench-sages-femmes-3755,"Sages-Femmes",1637-4088,S21140273,1536,minted
POSI-J-026131,j-bench-sant-mentale-et-droit-3756,"Santé mentale et Droit",2772-9710,S4210238884,821,minted
POSI-J-002642,j-bench-the-saudi-dental-journal-3757,"The Saudi Dental Journal",1013-9052,S89869488,1482,reused
POSI-J-026132,j-bench-saudi-journal-of-biological-sciences-3758,"Saudi Journal of Biological Sciences",1319-562X,S32679471,3939,minted
POSI-J-001782,j-bench-saudi-pharmaceutical-journal-3759,"Saudi Pharmaceutical Journal",1319-0164,S34003737,2317,reused
POSI-J-026133,j-bench-scandinavian-journal-of-management-3760,"Scandinavian Journal of Management",0956-5221,S171971387,1632,minted
POSI-J-000382,j-bench-schizophrenia-research-cognition-3761,"Schizophrenia Research: Cognition",2215-0013,S2898356475,443,reused
POSI-J-026134,j-bench-science-bulletin-3762,"Science Bulletin",2095-9273,S4306542128,17619,minted
POSI-J-026135,j-bench-science-of-computer-programming-3763,"Science of Computer Programming",0167-6423,S21029587,3345,minted
POSI-J-026136,j-bench-science-justice-3764,"Science & Justice",1355-0306,S23089685,2639,minted
POSI-J-016053,j-bench-science-in-one-health-3765,"Science in One Health",2949-7043,S4387282860,131,reused
POSI-J-007893,j-bench-science-of-remote-sensing-3766,"Science of Remote Sensing",2666-0172,S4210173871,481,reused
POSI-J-026137,j-bench-science-sports-3767,"Science & Sports",0765-1597,S24023935,3584,minted
POSI-J-026138,j-bench-science-talks-3768,"Science Talks",2772-5693,S4210196418,484,minted
POSI-J-000302,j-bench-scientific-african-3769,"Scientific African",2468-2276,S4210198261,3407,reused
POSI-J-026139,j-bench-scripta-materialia-3770,"Scripta Materialia",1359-6462,S105962883,16626,minted
POSI-J-026140,j-bench-sedimentary-geology-3771,"Sedimentary Geology",0037-0738,S85417211,7142,minted
POSI-J-026141,j-bench-seizure-3772,"Seizure",1059-1311,S45493217,6062,minted
POSI-J-026142,j-bench-seminars-in-arthritis-and-rheumatism-3773,"Seminars in Arthritis and Rheumatism",0049-0172,S140349950,4603,minted
POSI-J-026143,j-bench-seminars-in-cancer-biology-3774,"Seminars in Cancer Biology",1044-579X,S154149207,2659,minted
POSI-J-026144,j-bench-seminars-in-cell-developmental-biology-3775,"Seminars in Cell & Developmental Biology",1084-9521,S105347553,4147,minted
POSI-J-026145,j-bench-seminars-in-colon-and-rectal-surgery-3776,"Seminars in Colon and Rectal Surgery",1043-1489,S185743309,1106,minted
POSI-J-026146,j-bench-seminars-in-diagnostic-pathology-3777,"Seminars in Diagnostic Pathology",0740-2570,S60735155,1442,minted
POSI-J-026147,j-bench-seminars-in-fetal-and-neonatal-medicine-3778,"Seminars in Fetal and Neonatal Medicine",1744-165X,S4210205002,1553,minted
POSI-J-026148,j-bench-seminars-in-hematology-3779,"Seminars in Hematology",0037-1963,S56632351,2195,minted
POSI-J-026149,j-bench-seminars-in-immunology-3780,"Seminars in Immunology",1044-5323,S161731549,1830,minted
POSI-J-026150,j-bench-seminars-in-arthroplasty-jses-3781,"Seminars in Arthroplasty: JSES",1045-4527,S28165575,1815,minted
POSI-J-026151,j-bench-seminars-in-nephrology-3782,"Seminars in Nephrology",0270-9295,S67786158,2158,minted
POSI-J-026152,j-bench-seminars-in-nuclear-medicine-3783,"Seminars in Nuclear Medicine",0001-2998,S6997661,2745,minted
POSI-J-026153,j-bench-seminars-in-oncology-3784,"Seminars in Oncology",0093-7754,S77180905,4225,minted
POSI-J-026154,j-bench-seminars-in-oncology-nursing-3785,"Seminars in Oncology Nursing",0749-2081,S195969795,2768,minted
POSI-J-026155,j-bench-seminars-in-orthodontics-3786,"Seminars in Orthodontics",1073-8746,S173474783,1635,minted
POSI-J-026156,j-bench-seminars-in-pediatric-neurology-3787,"Seminars in Pediatric Neurology",1071-9091,S8713311,1369,minted
POSI-J-026157,j-bench-seminars-in-pediatric-surgery-3788,"Seminars in Pediatric Surgery",1055-8586,S138032547,1686,minted
POSI-J-026158,j-bench-seminars-in-perinatology-3789,"Seminars in Perinatology",0146-0005,S44429022,2768,minted
POSI-J-026159,j-bench-seminars-in-radiation-oncology-3790,"Seminars in Radiation Oncology",1053-4296,S104833954,1615,minted
POSI-J-026160,j-bench-seminars-in-roentgenology-3791,"Seminars in Roentgenology",0037-198X,S18300030,2744,minted
POSI-J-026161,j-bench-seminars-in-spine-surgery-3792,"Seminars in Spine Surgery",1040-7383,S4583965,1256,minted
POSI-J-026162,j-bench-seminars-in-thoracic-and-cardiovascular-surgery-3793,"Seminars in Thoracic and Cardiovascular Surgery",1043-0679,S164883225,3094,minted
POSI-J-026163,j-bench-seminars-in-thoracic-and-cardiovascular-surgery-pediatric-ca-3794,"Seminars in Thoracic and Cardiovascular Surgery: Pediatric Cardiac Surgery Annual",1092-9126,S4210211209,604,minted
POSI-J-026164,j-bench-seminars-in-ultrasound-ct-and-mri-3795,"Seminars in Ultrasound, CT and MRI",0887-2171,S183103325,1734,minted
POSI-J-026165,j-bench-seminars-in-vascular-surgery-3796,"Seminars in Vascular Surgery",0895-7967,S154269213,1191,minted
POSI-J-003713,j-bench-sensing-and-bio-sensing-research-3797,"Sensing and Bio-Sensing Research",2214-1804,S2764350490,1050,reused
POSI-J-026166,j-bench-sensors-and-actuators-a-physical-3798,"Sensors and Actuators A: Physical",0924-4247,S16945967,18736,minted
POSI-J-007582,j-bench-sensors-and-actuators-reports-3799,"Sensors and Actuators Reports",2666-0539,S4210203583,485,reused
POSI-J-009933,j-bench-sensors-international-3800,"Sensors International",2666-3511,S4210227652,336,reused
POSI-J-003551,j-bench-sexual-medicine-3801,"Sexual Medicine",2050-1161,S2739331564,1084,reused
POSI-J-026167,j-bench-sexual-medicine-reviews-3802,"Sexual Medicine Reviews",2050-0521,S2764906504,878,minted
POSI-J-003523,j-bench-sexual-reproductive-healthcare-3803,"Sexual & Reproductive Healthcare",1877-5756,S163327032,1091,reused
POSI-J-026168,j-bench-she-ji-the-journal-of-design-economics-and-innovation-3804,"She Ji: The Journal of Design, Economics, and Innovation",2405-8726,S2898472644,410,minted
POSI-J-026169,j-bench-signal-processing-3805,"Signal Processing",0165-1684,S154637859,13569,minted
POSI-J-026170,j-bench-signal-processing-image-communication-3806,"Signal Processing: Image Communication",0923-5965,S38090728,3606,minted
POSI-J-007784,j-bench-in-silico-research-in-biomedicine-3807,"In Silico Research in Biomedicine",3050-7871,S5407047481,534,reused
POSI-J-026171,j-bench-simulation-modelling-practice-and-theory-3808,"Simulation Modelling Practice and Theory",1569-190X,S114739668,2833,minted
POSI-J-001383,j-bench-slas-discovery-3809,"SLAS Discovery",2472-5552,S4387277810,3101,reused
POSI-J-003340,j-bench-slas-technology-3810,"SLAS Technology",2472-6303,S4387277866,1145,reused
POSI-J-026172,j-bench-slavic-literatures-3811,"Slavic Literatures",2950-3965,S5407037052,111,minted
POSI-J-015570,j-bench-sleep-epidemiology-3812,"Sleep Epidemiology",2667-3436,S4210204680,154,reused
POSI-J-026173,j-bench-sleep-health-3813,"Sleep Health",2352-7218,S2898486062,1428,minted
POSI-J-026174,j-bench-sleep-medicine-clinics-3814,"Sleep Medicine Clinics",1556-407X,S144226423,1548,minted
POSI-J-026175,j-bench-sleep-medicine-reviews-3815,"Sleep Medicine Reviews",1087-0792,S28482811,2212,minted
POSI-J-014108,j-bench-sleep-medicine-x-3816,"Sleep Medicine: X",2590-1427,S4210218443,186,reused
POSI-J-026176,j-bench-small-ruminant-research-3817,"Small Ruminant Research",0921-4488,S127169255,7171,minted
POSI-J-001779,j-bench-smart-agricultural-technology-3818,"Smart Agricultural Technology",2772-3755,S4210238883,2436,reused
POSI-J-026177,j-bench-smart-civil-infrastructures-3819,"Smart Civil Infrastructures",3117-5260,,0,minted
POSI-J-009827,j-bench-smart-energy-3820,"Smart Energy",2666-9552,S4210228472,341,reused
POSI-J-026178,j-bench-smart-health-3821,"Smart Health",2352-6483,S2898605202,481,minted
POSI-J-017097,j-bench-smart-materials-in-manufacturing-3822,"Smart Materials in Manufacturing",2772-8102,S4387280615,114,reused
POSI-J-012603,j-bench-smart-materials-in-medicine-3823,"Smart Materials in Medicine",2590-1834,S4210221327,227,reused
POSI-J-026179,j-bench-smart-power-energy-security-3824,"Smart Power & Energy Security",2949-8414,S4404677088,24,minted
POSI-J-026180,j-bench-smart-underground-engineering-3825,"Smart Underground Engineering",3050-614X,S5407047425,24,minted
POSI-J-013156,j-bench-social-and-emotional-learning-research-practice-and-policy-3826,"Social and Emotional Learning: Research, Practice, and Policy",2773-2339,S4387292195,215,reused
POSI-J-026181,j-bench-social-networks-3827,"Social Networks",0378-8733,S26186134,1889,minted
POSI-J-026182,j-bench-social-science-research-3828,"Social Science Research",0049-089X,S59311786,3098,minted
POSI-J-001381,j-bench-social-sciences-humanities-open-3829,"Social Sciences & Humanities Open",2590-2911,S4210179183,3358,reused
POSI-J-013546,j-bench-societal-impacts-3830,"Societal Impacts",2949-6977,S4387288709,196,reused
POSI-J-026183,j-bench-socio-economic-planning-sciences-3831,"Socio-Economic Planning Sciences",0038-0121,S153485742,3441,minted
POSI-J-020082,j-bench-soft-computing-letters-3832,"Soft Computing Letters",2666-2221,S4210214128,25,reused
POSI-J-026184,j-bench-software-engineering-nexus-3833,"Software Engineering Nexus",3117-9002,,0,minted
POSI-J-026185,j-bench-software-impacts-3834,"Software Impacts",2665-9638,S4210180398,672,minted
POSI-J-001717,j-bench-softwarex-3835,"SoftwareX",2352-7110,S2506067282,2492,reused
POSI-J-016264,j-bench-soil-advances-3836,"Soil Advances",2950-2896,S4394906726,132,reused
POSI-J-026186,j-bench-soil-dynamics-and-earthquake-engineering-3837,"Soil Dynamics and Earthquake Engineering",0267-7261,S99356198,8354,minted
POSI-J-016298,j-bench-soil-environmental-health-3838,"Soil & Environmental Health",2949-9194,S4387286966,128,reused
POSI-J-012400,j-bench-soil-security-3839,"Soil Security",2667-0062,S4210212997,233,reused
POSI-J-026187,j-bench-soil-and-tillage-research-3840,"Soil and Tillage Research",0167-1987,S1666925,7528,minted
POSI-J-022075,j-bench-soils-and-foundations-3841,"Soils and Foundations",0038-0806,S164417264,4171,reused
POSI-J-015111,j-bench-solar-compass-3842,"Solar Compass",2772-9400,S4210208928,166,reused
POSI-J-026188,j-bench-solar-energy-3843,"Solar Energy",0038-092X,S5745031,20372,minted
POSI-J-015666,j-bench-solar-energy-advances-3844,"Solar Energy Advances",2667-1131,S4210225881,143,reused
POSI-J-026189,j-bench-solar-energy-materials-and-solar-cells-3845,"Solar Energy Materials and Solar Cells",0927-0248,S166040772,14024,minted
POSI-J-010766,j-bench-solid-earth-sciences-3846,"Solid Earth Sciences",2451-912X,S2898290686,296,reused
POSI-J-026190,j-bench-solid-state-electronics-3847,"Solid-State Electronics",0038-1101,S77418581,15659,minted
POSI-J-026191,j-bench-solid-state-electronics-letters-3848,"Solid State Electronics Letters",2589-2088,S2898347957,58,minted
POSI-J-026192,j-bench-solid-state-ionics-3849,"Solid State Ionics",0167-2738,S101472891,18123,minted
POSI-J-026193,j-bench-solid-state-nuclear-magnetic-resonance-3850,"Solid State Nuclear Magnetic Resonance",0926-2040,S13909153,1976,minted
POSI-J-026194,j-bench-solid-state-sciences-3851,"Solid State Sciences",1293-2558,S40206742,6949,minted
POSI-J-026195,j-bench-the-solutions-3852,"The Solutions",3117-8243,S7407058387,1,minted
POSI-J-026196,j-bench-south-african-journal-of-botany-3853,"South African Journal of Botany",0254-6299,S31493525,10145,minted
POSI-J-003895,j-bench-south-african-journal-of-chemical-engineering-3854,"South African Journal of Chemical Engineering",1026-9185,S2764476899,1009,reused
POSI-J-026197,j-bench-space-habitation-3855,"Space Habitation",2950-6166,S4404661869,34,minted
POSI-J-026198,j-bench-space-policy-3856,"Space Policy",0265-9646,S134585236,2556,minted
POSI-J-026199,j-bench-space-solar-power-and-wireless-transmission-3857,"Space Solar Power and Wireless Transmission",2950-1040,S4387997736,56,minted
POSI-J-026200,j-bench-spanish-journal-of-legal-medicine-3858,"Spanish Journal of Legal Medicine",2445-4249,S2898316745,808,minted
POSI-J-026201,j-bench-spanish-journal-of-psychiatry-and-mental-health-3859,"Spanish Journal of Psychiatry and Mental Health",2950-2853,S2898614270,746,minted
POSI-J-026202,j-bench-spatial-and-spatio-temporal-epidemiology-3860,"Spatial and Spatio-temporal Epidemiology",1877-5845,S98349058,696,minted
POSI-J-026203,j-bench-spatial-statistics-3861,"Spatial Statistics",2211-6753,S2765037494,946,minted
POSI-J-026204,j-bench-spectrochimica-acta-part-b-atomic-spectroscopy-3862,"Spectrochimica Acta Part B: Atomic Spectroscopy",0584-8547,S103398315,9251,minted
POSI-J-026205,j-bench-speech-communication-3863,"Speech Communication",0167-6393,S128025751,3629,minted
POSI-J-026206,j-bench-sports-economics-review-3864,"Sports Economics Review",2773-1618,S4387281774,66,minted
POSI-J-009326,j-bench-sports-medicine-and-health-science-3865,"Sports Medicine and Health Science",2666-3376,S4210193185,372,reused
POSI-J-026207,j-bench-sports-orthopaedics-and-traumatology-3866,"Sports Orthopaedics and Traumatology",0949-328X,S2764976862,3090,minted
POSI-J-011490,j-bench-ssm-health-systems-3867,"SSM - Health Systems",2949-8562,S4387292479,294,reused
POSI-J-005786,j-bench-ssm-mental-health-3868,"SSM - Mental Health",2666-5603,S4210190706,669,reused
POSI-J-002055,j-bench-ssm-population-health-3869,"SSM - Population Health",2352-8273,S2764672113,1936,reused
POSI-J-004671,j-bench-ssm-qualitative-research-in-health-3870,"SSM - Qualitative Research in Health",2667-3215,S4210202501,839,reused
POSI-J-001047,j-bench-star-protocols-3871,"STAR Protocols",2666-1667,S4210212477,4648,reused
POSI-J-026208,j-bench-statistical-learning-and-data-science-3872,"Statistical Learning and Data Science",3051-3901,S7407057473,31,minted
POSI-J-026209,j-bench-statistics-probability-letters-3873,"Statistics & Probability Letters",0167-7152,S9424914,10484,minted
POSI-J-001543,j-bench-stem-cell-reports-3874,"Stem Cell Reports",2213-6711,S2764425922,2722,reused
POSI-J-001113,j-bench-stem-cell-research-3875,"Stem Cell Research",1873-5061,S81007815,4115,reused
POSI-J-026210,j-bench-steroids-3876,"Steroids",0039-128X,S70286497,9175,minted
POSI-J-026211,j-bench-stochastic-processes-and-their-applications-3877,"Stochastic Processes and their Applications",0304-4149,S182850260,6590,minted
POSI-J-026212,j-bench-strategic-business-research-3878,"Strategic Business Research",3051-0643,S5407050789,258,minted
POSI-J-026213,j-bench-structural-change-and-economic-dynamics-3879,"Structural Change and Economic Dynamics",0954-349X,S67638930,2204,minted
POSI-J-002523,j-bench-structural-heart-3880,"Structural Heart",2474-8706,S4210176433,1753,reused
POSI-J-026214,j-bench-structural-safety-3881,"Structural Safety",0167-4730,S1507157,2143,minted
POSI-J-026215,j-bench-structure-3882,"Structure",0969-2126,S7112016,6741,minted
POSI-J-026216,j-bench-structures-3883,"Structures",2352-0124,S2898442875,12887,minted
POSI-J-026217,j-bench-studies-in-educational-evaluation-3884,"Studies in Educational Evaluation",0191-491X,S126127421,2182,minted
POSI-J-026218,j-bench-studies-in-history-and-philosophy-of-science-3885,"Studies in History and Philosophy of Science",0039-3681,S21220828,2906,minted
POSI-J-007478,j-bench-superconductivity-3886,"Superconductivity",2772-8307,S4220651294,487,reused
POSI-J-012342,j-bench-supply-chain-analytics-3887,"Supply Chain Analytics",2949-8635,S4387286203,241,reused
POSI-J-017011,j-bench-supramolecular-materials-3888,"Supramolecular Materials",2667-2405,S4210202122,108,reused
POSI-J-026219,j-bench-surface-science-reports-3889,"Surface Science Reports",0167-5729,S120139636,640,minted
POSI-J-026220,j-bench-surfaces-and-interfaces-3890,"Surfaces and Interfaces",2468-0230,S2764987357,9785,minted
POSI-J-026221,j-bench-the-surgeon-3891,"The Surgeon",1479-666X,S174951568,2593,minted
POSI-J-026222,j-bench-surgery-case-reports-3892,"Surgery Case Reports",2950-1032,S5407036944,215,minted
POSI-J-026223,j-bench-surgery-for-obesity-and-related-diseases-3893,"Surgery for Obesity and Related Diseases",1550-7289,S197961893,11717,minted
POSI-J-013070,j-bench-surgery-open-digestive-advance-3894,"Surgery Open Digestive Advance",2667-0089,S4210201361,210,reused
POSI-J-006337,j-bench-surgery-open-science-3895,"Surgery Open Science",2589-8450,S4210192315,594,reused
POSI-J-026224,j-bench-surgery-oxford-3896,"Surgery (Oxford)",0263-9319,S95587881,3418,minted
POSI-J-009993,j-bench-surgery-in-practice-and-science-3897,"Surgery in Practice and Science",2666-2620,S4210212132,334,reused
POSI-J-026225,j-bench-surgical-clinics-of-north-america-3898,"Surgical Clinics of North America",0039-6109,S38766774,11008,minted
POSI-J-026226,j-bench-surgical-oncology-3899,"Surgical Oncology",0960-7404,S30308013,2893,minted
POSI-J-026227,j-bench-surgical-oncology-clinics-of-north-america-3900,"Surgical Oncology Clinics of North America",1055-3207,S83884447,2481,minted
POSI-J-026228,j-bench-surgical-oncology-insight-3901,"Surgical Oncology Insight",2950-2470,S4389158015,234,minted
POSI-J-026229,j-bench-surgical-pathology-clinics-3902,"Surgical Pathology Clinics",1875-9181,S24214405,1236,minted
POSI-J-026230,j-bench-survey-of-ophthalmology-3903,"Survey of Ophthalmology",0039-6257,S88857351,4894,minted
POSI-J-018758,j-bench-sustainability-analytics-and-modeling-3904,"Sustainability Analytics and Modeling",2667-2596,S4210241066,68,reused
POSI-J-019293,j-bench-sustainable-chemistry-for-energy-materials-3905,"Sustainable Chemistry for Energy Materials",2950-4775,S5407037078,52,reused
POSI-J-010020,j-bench-sustainable-chemistry-for-the-environment-3906,"Sustainable Chemistry for the Environment",2949-8392,S4387289503,328,reused
POSI-J-026231,j-bench-sustainable-chemistry-for-biodiversity-3907,"Sustainable Chemistry for Biodiversity",3050-6212,S7407062362,1,minted
POSI-J-012612,j-bench-sustainable-chemistry-for-climate-action-3908,"Sustainable Chemistry for Climate Action",2772-8269,S4220651145,230,reused
POSI-J-026232,j-bench-sustainable-chemistry-one-world-3909,"Sustainable Chemistry One World",2950-3574,S5407037036,288,minted
POSI-J-026233,j-bench-sustainable-chemistry-and-pharmacy-3910,"Sustainable Chemistry and Pharmacy",2352-5541,S2898513339,2256,minted
POSI-J-026234,j-bench-sustainable-cities-and-society-3911,"Sustainable Cities and Society",2210-6707,S163634330,7664,minted
POSI-J-026235,j-bench-sustainable-cities-and-society-advances-3912,"Sustainable Cities and Society: Advances",3051-052X,S5407047535,94,minted
POSI-J-026236,j-bench-sustainable-computing-informatics-and-systems-3913,"Sustainable Computing: Informatics and Systems",2210-5379,S2764953436,1231,minted
POSI-J-026237,j-bench-sustainable-energy-grids-and-networks-3914,"Sustainable Energy, Grids and Networks",2352-4677,S2493549543,2203,minted
POSI-J-026238,j-bench-sustainable-energy-technologies-and-assessments-3915,"Sustainable Energy Technologies and Assessments",2213-1388,S2764877105,4848,minted
POSI-J-001995,j-bench-sustainable-futures-3916,"Sustainable Futures",2666-1888,S4210222494,2088,reused
POSI-J-022957,j-bench-sustainable-geosciences-people-planet-and-prosperity-3917,"Sustainable Geosciences: People, Planet and Prosperity",2950-4929,S5407037085,21,reused
POSI-J-026239,j-bench-sustainable-horizons-3918,"Sustainable Horizons",2772-7378,S4210184025,189,minted
POSI-J-026240,j-bench-sustainable-manufacturing-and-service-economics-3919,"Sustainable Manufacturing and Service Economics",2667-3444,S4210239437,32,minted
POSI-J-026241,j-bench-sustainable-materials-and-technologies-3920,"Sustainable Materials and Technologies",2214-9937,S2898501196,2159,minted
POSI-J-015523,j-bench-sustainable-operations-and-computers-3921,"Sustainable Operations and Computers",2666-4127,S4210180919,144,reused
POSI-J-026242,j-bench-sustainable-production-and-consumption-3922,"Sustainable Production and Consumption",2352-5509,S2764749963,2239,minted
POSI-J-015816,j-bench-sustainable-technology-and-entrepreneurship-3923,"Sustainable Technology and Entrepreneurship",2773-0328,S4220650898,135,reused
POSI-J-026243,j-bench-swarm-and-evolutionary-computation-3924,"Swarm and Evolutionary Computation",2210-6502,S2764346689,2260,minted
POSI-J-026244,j-bench-the-swine-journal-3925,"The Swine Journal",3117-4132,,0,minted
POSI-J-026245,j-bench-synthetic-and-systems-biotechnology-3926,"Synthetic and Systems Biotechnology",2405-805X,S2898462621,901,minted
POSI-J-026246,j-bench-systematic-and-applied-microbiology-3927,"Systematic and Applied Microbiology",0723-2020,S111458355,3364,minted
POSI-J-026247,j-bench-systems-control-letters-3928,"Systems & Control Letters",0167-6911,S56603566,6193,minted
POSI-J-026248,j-bench-systems-ethnopharmacology-and-sustainable-bioresources-3929,"Systems Ethnopharmacology and Sustainable Bioresources",3117-5767,S7407056135,36,minted
POSI-J-007389,j-bench-systems-and-soft-computing-3930,"Systems and Soft Computing",2772-9419,S4220651922,551,reused
POSI-J-001154,j-bench-taiwanese-journal-of-obstetrics-and-gynecology-3931,"Taiwanese Journal of Obstetrics and Gynecology",1028-4559,S180931821,3925,reused
POSI-J-005761,j-bench-talanta-open-3932,"Talanta Open",2666-8319,S4210239167,658,reused
POSI-J-026249,j-bench-tao-3933,"TAO",3050-5283,S4404662719,23,minted
POSI-J-026250,j-bench-teaching-and-learning-in-nursing-3934,"Teaching and Learning in Nursing",1557-3087,S167068830,2028,minted
POSI-J-026251,j-bench-teaching-and-teacher-education-leadership-and-professional-d-3935,"Teaching and Teacher Education: Leadership and Professional Development",2667-3207,S4210193370,11,minted
POSI-J-026252,j-bench-team-sports-studies-3936,"Team Sports Studies",3117-8790,S7407055805,12,minted
POSI-J-008349,j-bench-technical-innovations-patient-support-in-radiation-oncology-3937,"Technical Innovations & Patient Support in Radiation Oncology",2405-6324,S2898444622,418,reused
POSI-J-026253,j-bench-techniques-and-innovations-in-gastrointestinal-endoscopy-3938,"Techniques and Innovations in Gastrointestinal Endoscopy",2590-0307,S4210212980,380,minted
POSI-J-026254,j-bench-techniques-in-vascular-and-interventional-radiology-3939,"Techniques in Vascular and Interventional Radiology",1089-2516,S201866370,1351,minted
POSI-J-026255,j-bench-technology-in-society-3940,"Technology in Society",0160-791X,S149100181,3915,minted
POSI-J-026256,j-bench-technovation-3941,"Technovation",0166-4972,S70698675,4022,minted
POSI-J-026257,j-bench-tectonophysics-3942,"Tectonophysics",0040-1951,S195250905,17842,minted
POSI-J-026258,j-bench-telecommunications-policy-3943,"Telecommunications Policy",0308-5961,S120991925,4164,minted
POSI-J-026259,j-bench-telematics-and-informatics-3944,"Telematics and Informatics",0736-5853,S25720340,2886,minted
POSI-J-009946,j-bench-telematics-and-informatics-reports-3945,"Telematics and Informatics Reports",2772-5030,S4210186116,340,reused
POSI-J-015079,j-bench-tetrahedron-chem-3946,"Tetrahedron Chem",2666-951X,S4210215647,157,reused
POSI-J-017448,j-bench-tetrahedron-green-chem-3947,"Tetrahedron Green Chem",2773-2231,S4387285664,98,reused
POSI-J-001425,j-bench-the-journal-of-physiological-sciences-3948,"The Journal of Physiological Sciences",1880-6546,S114270954,2957,reused
POSI-J-026260,j-bench-the-lancet-obstetrics-gynaecology-women-s-health-3949,"The Lancet Obstetrics, Gynaecology, & Women’s Health",3050-5038,S5407047382,273,minted
POSI-J-026261,j-bench-theoretical-and-applied-fracture-mechanics-3950,"Theoretical and Applied Fracture Mechanics",0167-8442,S179906512,5661,minted
POSI-J-003351,j-bench-theoretical-and-applied-mechanics-letters-3951,"Theoretical and Applied Mechanics Letters",2095-0349,S2764471977,1157,reused
POSI-J-026262,j-bench-theoretical-computer-science-3952,"Theoretical Computer Science",0304-3975,S90727058,17731,minted
POSI-J-026263,j-bench-theoretical-population-biology-3953,"Theoretical Population Biology",0040-5809,S17807283,3081,minted
POSI-J-026264,j-bench-th-rapie-3954,"Thérapie",0040-5957,S102552068,2743,minted
POSI-J-014916,j-bench-theriogenology-wild-3955,"Theriogenology Wild",2773-093X,S4220651481,166,reused
POSI-J-026265,j-bench-thermal-advances-3956,"Thermal Advances",3050-4635,S4404670294,201,minted
POSI-J-026266,j-bench-thermal-science-and-engineering-progress-3957,"Thermal Science and Engineering Progress",2451-9049,S4210220034,4600,minted
POSI-J-026267,j-bench-thin-walled-structures-3958,"Thin-Walled Structures",0263-8231,S205118121,12060,minted
POSI-J-026268,j-bench-thinking-skills-and-creativity-3959,"Thinking Skills and Creativity",1871-1871,S42886211,2133,minted
POSI-J-026269,j-bench-thoracic-radiology-3960,"Thoracic Radiology",3117-5724,S5407056577,47,minted
POSI-J-026270,j-bench-thoracic-surgery-clinics-3961,"Thoracic Surgery Clinics",1547-4127,S4210230859,1687,minted
POSI-J-012478,j-bench-thrombosis-update-3962,"Thrombosis Update",2666-5727,S4210200595,230,reused
POSI-J-026271,j-bench-thyroid-science-3963,"Thyroid Science",2950-3000,S4389157712,41,minted
POSI-J-001668,j-bench-ticks-and-tick-borne-diseases-3964,"Ticks and Tick-borne Diseases",1877-959X,S107919129,2464,reused
POSI-J-026272,j-bench-tissue-and-cell-3965,"Tissue and Cell",0040-8166,S165572755,5754,minted
POSI-J-026273,j-bench-tomography-of-materials-and-structures-3966,"Tomography of Materials and Structures",2949-673X,S4387285668,86,minted
POSI-J-026274,j-bench-topics-in-companion-animal-medicine-3967,"Topics in Companion Animal Medicine",1938-9736,S183288208,883,minted
POSI-J-026275,j-bench-topology-and-its-applications-3968,"Topology and its Applications",0166-8641,S20133105,10192,minted
POSI-J-026276,j-bench-total-chemistry-3969,"Total Chemistry",3050-581X,S5407047410,45,minted
POSI-J-026277,j-bench-total-environment-advances-3970,"Total Environment Advances",2950-3957,S4390296948,78,minted
POSI-J-026278,j-bench-total-environment-engineering-3971,"Total Environment Engineering",2950-631X,S4404677226,95,minted
POSI-J-026279,j-bench-total-environment-microbiology-3972,"Total Environment Microbiology",3050-6417,S5407047435,97,minted
POSI-J-026280,j-bench-total-environment-research-themes-3973,"Total Environment Research Themes",2772-8099,S4220651458,80,minted
POSI-J-026281,j-bench-tourism-management-perspectives-3974,"Tourism Management Perspectives",2211-9736,S2764590662,1341,minted
POSI-J-026282,j-bench-toxicologie-analytique-et-clinique-3975,"Toxicologie Analytique et Clinique",2352-0078,S2898414893,3198,minted
POSI-J-026283,j-bench-toxicology-letters-3976,"Toxicology Letters",0378-4274,S205878144,31808,minted
POSI-J-001768,j-bench-toxicology-reports-3977,"Toxicology Reports",2214-7500,S2764757124,2334,reused
POSI-J-026284,j-bench-toxicology-in-vitro-3978,"Toxicology in Vitro",0887-2333,S39580544,6825,minted
POSI-J-013365,j-bench-toxicon-x-3979,"Toxicon: X",2590-1710,S4210214588,199,reused
POSI-J-026285,j-bench-trac-trends-in-analytical-chemistry-3980,"TrAC Trends in Analytical Chemistry",0165-9936,S64920681,9235,minted
POSI-J-026286,j-bench-transactions-of-materials-research-3981,"Transactions of Materials Research",3050-9149,S5407047511,251,minted
POSI-J-026287,j-bench-transactions-of-nonferrous-metals-society-of-china-3982,"Transactions of Nonferrous Metals Society of China",1003-6326,S4210194876,8323,minted
POSI-J-026288,j-bench-transcranial-magnetic-stimulation-3983,"Transcranial Magnetic Stimulation",3050-5291,S4404676408,315,minted
POSI-J-026289,j-bench-transformative-energy-3984,"Transformative Energy",3117-4639,S7407053952,21,minted
POSI-J-026290,j-bench-transfusion-and-apheresis-science-3985,"Transfusion and Apheresis Science",1473-0502,S46670945,4507,minted
POSI-J-026291,j-bench-transfusion-clinique-et-biologique-3986,"Transfusion Clinique et Biologique",1246-7820,S103961758,6283,minted
POSI-J-026292,j-bench-transfusion-medicine-reviews-3987,"Transfusion Medicine Reviews",0887-7963,S162247841,2418,minted
POSI-J-026293,j-bench-translational-dental-research-3988,"Translational Dental Research",2950-3485,S4404674417,53,minted
POSI-J-016515,j-bench-translational-medicine-of-aging-3989,"Translational Medicine of Aging",2468-5011,S2898398589,117,reused
POSI-J-026294,j-bench-translational-metabolic-syndrome-research-3990,"Translational Metabolic Syndrome Research",2588-9303,S2898463066,24,minted
POSI-J-001345,j-bench-translational-oncology-3991,"Translational Oncology",1936-5233,S106638657,3260,reused
POSI-J-026295,j-bench-translational-research-3992,"Translational Research",1931-5244,S122935314,3483,minted
POSI-J-007267,j-bench-translational-research-in-anatomy-3993,"Translational Research in Anatomy",2214-854X,S2898267469,499,reused
POSI-J-026296,j-bench-transmed-3994,"TransMed",3117-3977,S5407056442,34,minted
POSI-J-026297,j-bench-transnational-corporations-review-3995,"Transnational Corporations Review",1925-2099,S2764639155,873,minted
POSI-J-026298,j-bench-transnational-mobilities-3996,"Transnational Mobilities",3117-5511,S7407058671,10,minted
POSI-J-026299,j-bench-transplant-immunology-3997,"Transplant Immunology",0966-3274,S155393248,2735,minted
POSI-J-026300,j-bench-transplantation-and-cellular-therapy-3998,"Transplantation and Cellular Therapy",2666-6367,S59987174,22246,minted
POSI-J-026301,j-bench-transplantation-proceedings-3999,"Transplantation Proceedings",0041-1345,S146061289,28888,minted
POSI-J-013713,j-bench-transplantation-reports-4000,"Transplantation Reports",2451-9596,S2898434079,193,reused
POSI-J-026302,j-bench-transplantation-reviews-4001,"Transplantation Reviews",0955-470X,S188185022,1464,minted
POSI-J-017602,j-bench-transport-economics-and-management-4002,"Transport Economics and Management",2949-8996,S4387289447,98,reused
POSI-J-026303,j-bench-transport-policy-4003,"Transport Policy",0967-070X,S186558940,4130,minted
POSI-J-007032,j-bench-transportation-engineering-4004,"Transportation Engineering",2666-691X,S4210215861,518,reused
POSI-J-026304,j-bench-transportation-geotechnics-4005,"Transportation Geotechnics",2214-3912,S2764755947,2305,minted
POSI-J-001971,j-bench-transportation-research-interdisciplinary-perspectives-4006,"Transportation Research Interdisciplinary Perspectives",2590-1982,S4210230100,2095,reused
POSI-J-026305,j-bench-transportation-research-part-b-methodological-4007,"Transportation Research Part B: Methodological",0191-2615,S96305778,4217,minted
POSI-J-026306,j-bench-transportation-research-part-c-emerging-technologies-4008,"Transportation Research Part C: Emerging Technologies",0968-090X,S64511102,5366,minted
POSI-J-026307,j-bench-transportation-research-part-d-transport-and-environment-4009,"Transportation Research Part D: Transport and Environment",1361-9209,S45181156,5108,minted
POSI-J-026308,j-bench-transportation-research-part-e-logistics-and-transportation--4010,"Transportation Research Part E: Logistics and Transportation Review",1366-5545,S173966628,4535,minted
POSI-J-026309,j-bench-transportation-research-part-f-traffic-psychology-and-behavi-4011,"Transportation Research Part F: Traffic Psychology and Behaviour",1369-8478,S51141438,3788,minted
POSI-J-026310,j-bench-transportation-research-procedia-4012,"Transportation Research Procedia",2352-1465,S2764743394,8756,minted
POSI-J-026311,j-bench-transportation-research-today-4013,"Transportation Research Today",3051-360X,S7407053802,19,minted
POSI-J-002857,j-bench-trauma-case-reports-4014,"Trauma Case Reports",2352-6440,S2898480919,1370,reused
POSI-J-026312,j-bench-travel-behaviour-and-society-4015,"Travel Behaviour and Society",2214-367X,S2764874763,1315,minted
POSI-J-001426,j-bench-travel-medicine-and-infectious-disease-4016,"Travel Medicine and Infectious Disease",1477-8939,S121550340,2927,reused
POSI-J-002914,j-bench-trees-forests-and-people-4017,"Trees, Forests and People",2666-7193,S4210201025,1419,reused
POSI-J-026313,j-bench-trends-in-anaesthesia-and-critical-care-4018,"Trends in Anaesthesia and Critical Care",2210-8440,S2764716574,1850,minted
POSI-J-026314,j-bench-trends-in-biochemical-sciences-4019,"Trends in Biochemical Sciences",0968-0004,S136233269,9353,minted
POSI-J-026315,j-bench-trends-in-biotechnology-4020,"Trends in Biotechnology",0167-7799,S147849156,6378,minted
POSI-J-026316,j-bench-trends-in-cancer-4021,"Trends in Cancer",2405-8033,S2765069123,1404,minted
POSI-J-026317,j-bench-trends-in-cardiovascular-medicine-4022,"Trends in Cardiovascular Medicine",1050-1738,S37062379,2923,minted
POSI-J-026318,j-bench-trends-in-cell-biology-4023,"Trends in Cell Biology",0962-8924,S118628157,5233,minted
POSI-J-026319,j-bench-trends-in-chemistry-4024,"Trends in Chemistry",2589-5974,S4210210487,969,minted
POSI-J-026320,j-bench-trends-in-cognitive-sciences-4025,"Trends in Cognitive Sciences",1364-6613,S192051125,4337,minted
POSI-J-026321,j-bench-trends-in-ecology-evolution-4026,"Trends in Ecology & Evolution",0169-5347,S79131028,8236,minted
POSI-J-026322,j-bench-trends-in-endocrinology-metabolism-4027,"Trends in Endocrinology & Metabolism",1043-2760,S93802863,4107,minted
POSI-J-026323,j-bench-trends-in-environmental-analytical-chemistry-4028,"Trends in Environmental Analytical Chemistry",2214-1588,S2898140573,305,minted
POSI-J-026324,j-bench-trends-in-food-science-technology-4029,"Trends in Food Science & Technology",0924-2244,S89023782,8091,minted
POSI-J-026325,j-bench-trends-in-genetics-4030,"Trends in Genetics",0168-9525,S139283865,7199,minted
POSI-J-026326,j-bench-trends-in-immunology-4031,"Trends in Immunology",1471-4906,S84926904,3328,minted
POSI-J-026327,j-bench-trends-in-microbiology-4032,"Trends in Microbiology",0966-842X,S587692,5300,minted
POSI-J-026328,j-bench-trends-in-molecular-medicine-4033,"Trends in Molecular Medicine",1471-4914,S64855341,3212,minted
POSI-J-026329,j-bench-trends-in-neuroscience-and-education-4034,"Trends in Neuroscience and Education",2211-9493,S2898253115,278,minted
POSI-J-026330,j-bench-trends-in-neurosciences-4035,"Trends in Neurosciences",0166-2236,S114966740,7489,minted
POSI-J-026331,j-bench-trends-open-4036,"Trends Open",3117-3470,S7407053819,66,minted
POSI-J-026332,j-bench-trends-in-parasitology-4037,"Trends in Parasitology",1471-4922,S182404557,3859,minted
POSI-J-026333,j-bench-trends-in-pharmacological-sciences-4038,"Trends in Pharmacological Sciences",0165-6147,S31167473,7568,minted
POSI-J-026334,j-bench-trends-in-plant-science-4039,"Trends in Plant Science",1360-1385,S201780205,5165,minted
POSI-J-026335,j-bench-tribology-and-interfaces-4040,"Tribology and Interfaces",3117-3136,S7407053882,15,minted
POSI-J-026336,j-bench-tribology-international-4041,"Tribology International",0301-679X,S24284137,14956,minted
POSI-J-026337,j-bench-tropical-agriculture-science-4042,"Tropical Agriculture Science",2950-5100,S5407054325,16,minted
POSI-J-013274,j-bench-tropical-cyclone-research-and-review-4043,"Tropical Cyclone Research and Review",2225-6032,S4306533343,215,reused
POSI-J-026338,j-bench-tuberculosis-4044,"Tuberculosis",1472-9792,S29633479,3641,minted
POSI-J-016542,j-bench-tumour-virus-research-4045,"Tumour Virus Research",2666-6790,S4210224416,121,reused
POSI-J-026339,j-bench-tunnelling-and-underground-space-technology-4046,"Tunnelling and Underground Space Technology",0886-7798,S139192911,9968,minted
POSI-J-026340,j-bench-ultramicroscopy-4047,"Ultramicroscopy",0304-3991,S27731274,9766,minted
POSI-J-026341,j-bench-ultrasonics-4048,"Ultrasonics",0041-624X,S168745376,12437,minted
POSI-J-000778,j-bench-ultrasonics-sonochemistry-4049,"Ultrasonics Sonochemistry",1350-4177,S130447213,7893,reused
POSI-J-026342,j-bench-ultrasound-in-medicine-biology-4050,"Ultrasound in Medicine & Biology",0301-5629,S109113098,18716,minted
POSI-J-009147,j-bench-unconventional-resources-4051,"Unconventional Resources",2666-5190,S4210206900,406,reused
POSI-J-026343,j-bench-underground-space-4052,"Underground Space",2467-9674,S2764981141,1176,minted
POSI-J-026344,j-bench-urban-climate-4053,"Urban Climate",2212-0955,S2764899123,3041,minted
POSI-J-026345,j-bench-urban-forestry-urban-greening-4054,"Urban Forestry & Urban Greening",1618-8667,S99909709,4099,minted
POSI-J-012563,j-bench-urban-governance-4055,"Urban Governance",2664-3286,S4210204874,225,reused
POSI-J-026346,j-bench-urban-transitions-4056,"Urban Transitions",3050-6972,S5407047457,44,minted
POSI-J-026347,j-bench-urine-4057,"URINE",2590-2806,S4210180965,82,minted
POSI-J-026348,j-bench-urologic-clinics-of-north-america-4058,"Urologic Clinics of North America",0094-0143,S179675478,4251,minted
POSI-J-026349,j-bench-urologic-oncology-seminars-and-original-investigations-4059,"Urologic Oncology: Seminars and Original Investigations",1078-1439,S4802544,7529,minted
POSI-J-001260,j-bench-urology-case-reports-4060,"Urology Case Reports",2214-4420,S2764378604,3512,reused
POSI-J-026350,j-bench-urology-horizons-4061,"Urology Horizons",3117-3500,S7407057969,11,minted
POSI-J-008926,j-bench-urology-video-journal-4062,"Urology Video Journal",2590-0897,S4210217686,399,reused
POSI-J-026351,j-bench-utilities-policy-4063,"Utilities Policy",0957-1787,S114076160,2343,minted
POSI-J-004673,j-bench-vaccine-x-4064,"Vaccine: X",2590-1362,S4210231534,832,reused
POSI-J-026352,j-bench-vacunas-4065,"Vacunas",1576-9887,S147453370,1258,minted
POSI-J-026353,j-bench-vacunas-english-edition-4066,"Vacunas (English Edition)",2445-1460,S4210223524,355,minted
POSI-J-026354,j-bench-value-in-health-4067,"Value in Health",1098-3015,S678965,79949,minted
POSI-J-026355,j-bench-value-in-health-regional-issues-4068,"Value in Health Regional Issues",2212-1099,S2764833115,2483,minted
POSI-J-026356,j-bench-vascular-diseases-4069,"Vascular Diseases",3050-6581,S5407047443,317,minted
POSI-J-026357,j-bench-vascular-pharmacology-4070,"Vascular Pharmacology",1537-1891,S189127420,3221,minted
POSI-J-026358,j-bench-vehicular-communications-4071,"Vehicular Communications",2214-2096,S2480748589,874,minted
POSI-J-026359,j-bench-veterinary-anaesthesia-and-analgesia-4072,"Veterinary Anaesthesia and Analgesia",1467-2987,S148373282,3343,minted
POSI-J-005249,j-bench-veterinary-and-animal-science-4073,"Veterinary and Animal Science",2451-943X,S2898580889,783,reused
POSI-J-026360,j-bench-veterinary-clinics-of-north-america-equine-practice-4074,"Veterinary Clinics of North America: Equine Practice",0749-0739,S68828419,2099,minted
POSI-J-026361,j-bench-veterinary-clinics-of-north-america-exotic-animal-practice-4075,"Veterinary Clinics of North America: Exotic Animal Practice",1094-9194,S187317825,1442,minted
POSI-J-026362,j-bench-veterinary-clinics-of-north-america-food-animal-practice-4076,"Veterinary Clinics of North America: Food Animal Practice",0749-0720,S131790363,2337,minted
POSI-J-026363,j-bench-veterinary-clinics-of-north-america-small-animal-practice-4077,"Veterinary Clinics of North America: Small Animal Practice",0195-5616,S201045011,5165,minted
POSI-J-026364,j-bench-veterinary-immunology-and-immunopathology-4078,"Veterinary Immunology and Immunopathology",0165-2427,S194416120,7830,minted
POSI-J-026365,j-bench-the-veterinary-journal-4079,"The Veterinary Journal",1090-0233,S86367086,6503,minted
POSI-J-026366,j-bench-the-veterinary-journal-pharmacology-toxicology-4080,"The Veterinary Journal: Pharmacology & Toxicology",3117-5252,S7407057971,8,minted
POSI-J-026367,j-bench-veterinary-parasitology-4081,"Veterinary Parasitology",0304-4017,S11852655,12782,minted
POSI-J-026368,j-bench-veterinary-parasitology-regional-studies-and-reports-4082,"Veterinary Parasitology: Regional Studies and Reports",2405-9390,S2898096985,1508,minted
POSI-J-019721,j-bench-veterinary-vaccine-4083,"Veterinary Vaccine",2772-5359,S4220651718,38,reused
POSI-J-026369,j-bench-vibrational-spectroscopy-4084,"Vibrational Spectroscopy",0924-2031,S169472558,3896,minted
POSI-J-002216,j-bench-videogie-4085,"VideoGIE",2468-4481,S2898416378,1795,reused
POSI-J-026370,j-bench-virologica-sinica-4086,"Virologica Sinica",1995-820X,S199072659,3122,minted
POSI-J-011029,j-bench-virtual-reality-intelligent-hardware-4087,"Virtual Reality & Intelligent Hardware",2096-5796,S4210224695,286,reused
POSI-J-000739,j-bench-virus-research-4088,"Virus Research",0168-1702,S114911520,8909,reused
POSI-J-010318,j-bench-visual-informatics-4089,"Visual Informatics",2468-502X,S2898150413,318,reused
POSI-J-026371,j-bench-visual-journal-of-emergency-medicine-4090,"Visual Journal of Emergency Medicine",2405-4690,S2765030506,2512,minted
POSI-J-026372,j-bench-waste-management-4091,"Waste Management",0956-053X,S19266977,12203,minted
POSI-J-009997,j-bench-waste-management-bulletin-4092,"Waste Management Bulletin",2949-7507,S4387289639,349,reused
POSI-J-008259,j-bench-water-biology-and-security-4093,"Water Biology and Security",2772-7351,S4210177841,443,reused
POSI-J-013144,j-bench-water-cycle-4094,"Water Cycle",2666-4453,S4210221648,214,reused
POSI-J-026373,j-bench-water-ecology-4095,"Water & Ecology",3050-4724,S5407047369,36,minted
POSI-J-014637,j-bench-water-energy-nexus-4096,"Water-Energy Nexus",2588-9125,S2898604365,168,reused
POSI-J-006802,j-bench-water-research-x-4097,"Water Research X",2589-9147,S4210208646,560,reused
POSI-J-026374,j-bench-water-resources-and-economics-4098,"Water Resources and Economics",2212-4284,S2898304895,288,minted
POSI-J-008803,j-bench-water-resources-and-industry-4099,"Water Resources and Industry",2212-3717,S2898124245,399,reused
POSI-J-005577,j-bench-water-science-and-engineering-4100,"Water Science and Engineering",1674-2370,S2764536960,691,reused
POSI-J-026375,j-bench-water-security-4101,"Water Security",2468-3124,S2898592633,224,minted
POSI-J-015456,j-bench-watershed-ecology-and-the-environment-4102,"Watershed Ecology and the Environment",2589-4714,S4210210443,144,reused
POSI-J-026376,j-bench-wave-motion-4103,"Wave Motion",0165-2125,S10729136,3498,minted
POSI-J-026377,j-bench-wearable-electronics-4104,"Wearable Electronics",2950-2357,S4404664773,61,minted
POSI-J-004217,j-bench-weather-and-climate-extremes-4105,"Weather and Climate Extremes",2212-0947,S2764450071,914,reused
POSI-J-008479,j-bench-wellbeing-space-and-society-4106,"Wellbeing, Space and Society",2666-5581,S4210197372,435,reused
POSI-J-016865,j-bench-wfumb-ultrasound-open-4107,"WFUMB Ultrasound Open",2949-6683,S4387287922,116,reused
POSI-J-019805,j-bench-wind-energy-and-engineering-research-4108,"Wind Energy and Engineering Research",2950-3604,S4404661756,37,reused
POSI-J-026378,j-bench-women-and-birth-4109,"Women and Birth",1871-5192,S162983661,3432,minted
POSI-J-019322,j-bench-women-and-children-nursing-4110,"Women and Children Nursing",2949-7515,S4387288679,49,reused
POSI-J-026379,j-bench-women-s-health-issues-4111,"Women's Health Issues",1049-3867,S81455456,2822,minted
POSI-J-026380,j-bench-women-s-studies-international-forum-4112,"Women's Studies International Forum",0277-5395,S18053921,4744,minted
POSI-J-001146,j-bench-world-allergy-organization-journal-4113,"World Allergy Organization Journal",1939-4551,S49523212,3943,reused
POSI-J-026381,j-bench-world-development-perspectives-4114,"World Development Perspectives",2452-2929,S2898425895,664,minted
POSI-J-004049,j-bench-world-journal-of-acupuncture-moxibustion-4115,"World Journal of Acupuncture - Moxibustion",1003-5257,S4306541023,2252,reused
POSI-J-006536,j-bench-world-neurosurgery-x-4116,"World Neurosurgery: X",2590-1397,S4210218507,573,reused
POSI-J-026382,j-bench-world-patent-information-4117,"World Patent Information",0172-2190,S84022812,5325,minted
POSI-J-026383,j-bench-zeitschrift-f-r-evidenz-fortbildung-und-qualit-t-im-gesundhe-4118,"Zeitschrift für Evidenz, Fortbildung und Qualität im Gesundheitswesen",1865-9217,S124485727,3130,minted
POSI-J-001891,j-bench-zeitschrift-f-r-medizinische-physik-4119,"Zeitschrift für Medizinische Physik",0939-3889,S13941947,2164,reused
POSI-J-026384,j-bench-zoologischer-anzeiger-4120,"Zoologischer Anzeiger",0044-5231,S160317517,2044,minted
POSI-J-026385,j-bench-zoology-4121,"Zoology",0944-2006,S184280249,1233,minted