journal_id,category_code,pcs,pcs_eligible_items,rank,rank_mid,category_size,percentile,quartile_label,overall_rank,overall_size,overall_percentile,ranking_method,exclusion_reason
POSI-J-000001,P5.01,0.35135135135135137,37,,,,,,3924,4067,3.53,unavailable,psc_confidence_not_rank_eligible
POSI-J-000002,P1.02,1.4,5,,,,,,3701,4067,8.97,unavailable,psc_confidence_not_rank_eligible
POSI-J-000003,P5.02,0.23529411764705882,17,,,,,,3956,4067,2.74,unavailable,psc_confidence_not_rank_eligible
POSI-J-000004,P3.02,0.4,5,,,,,,3910,4067,3.86,unavailable,psc_confidence_not_rank_eligible
POSI-J-000005,P5.02,0.1,10,,,,,,4001,4067,1.6,unavailable,psc_confidence_not_rank_eligible
POSI-J-000006,P1.02,0,4,,,,,,,,,unavailable,too_few_items
POSI-J-000007,P5.04,0,13,,,,,,4057,4067,0.14,unavailable,psc_confidence_not_rank_eligible
POSI-J-000008,P5.04,0,3,,,,,,,,,unavailable,too_few_items
POSI-J-000009,P6.04,0,11,,,,,,4057,4067,0.14,unavailable,psc_confidence_not_rank_eligible
POSI-J-000010,P1.05,,0,,,,,,,,,unavailable,no_pcs
POSI-J-000011,P6.03,,0,,,,,,,,,unavailable,no_pcs
POSI-J-000012,P5.03,,0,,,,,,,,,unavailable,no_pcs
POSI-J-000013,P5.02,0.7659574468085106,47,254,254,257,1.36,PCS-Q4,3841,4067,5.57,pcs_midrank,
POSI-J-000014,P5.02,0.9636363636363636,55,253,253,257,1.75,PCS-Q4,3805,4067,6.45,pcs_midrank,
POSI-J-000015,P1.02,0.23076923076923078,13,,,,,,3959,4067,2.67,unavailable,psc_confidence_not_rank_eligible
POSI-J-000016,P5.04,0.07142857142857142,140,49,49,50,3,PCS-Q4,4016,4067,1.27,pcs_midrank,
POSI-J-000017,P5.04,0.2229299363057325,157,48,48,50,5,PCS-Q4,3962,4067,2.59,pcs_midrank,
POSI-J-000018,P5.04,0.34285714285714286,35,,,,,,3927,4067,3.45,unavailable,psc_confidence_not_rank_eligible
POSI-J-000019,P5.04,0.16666666666666666,12,,,,,,3976,4067,2.23,unavailable,psc_confidence_not_rank_eligible
POSI-J-000020,P5.04,0,16,,,,,,4057,4067,0.14,unavailable,psc_confidence_not_rank_eligible
POSI-J-000021,P1.02,0,3,,,,,,,,,unavailable,too_few_items
POSI-J-000022,P3.02,2.5,4,,,,,,,,,unavailable,too_few_items
POSI-J-000023,P2.01,0.2222222222222222,9,,,,,,3963,4067,2.57,unavailable,psc_confidence_not_rank_eligible
POSI-J-000024,P5.04,1.4444444444444444,9,,,,,,3686,4067,9.37,unavailable,psc_confidence_not_rank_eligible
POSI-J-000025,P2.11,1.8571428571428572,7,,,,,,3575,4067,12.1,unavailable,psc_confidence_not_rank_eligible
POSI-J-000026,P2.01,0.15217391304347827,46,66,66,67,2.24,PCS-Q4,3981,4067,2.13,pcs_midrank,
POSI-J-000027,P2.01,0,6,67,67,67,0.75,PCS-Q4,4057,4067,0.14,pcs_midrank,
POSI-J-000028,P5.04,0.5263157894736842,38,46,46,50,9,PCS-Q4,3887,4067,4.44,pcs_midrank,
POSI-J-000029,P1.02,0.05555555555555555,18,,,,,,4031,4067,0.9,unavailable,psc_confidence_not_rank_eligible
POSI-J-000030,,,0,,,,,,,,,unavailable,no_pcs
POSI-J-000062,P1.05,12.074389200494343,21038,107,107,350,69.57,PCS-Q2,945,4067,76.78,pcs_midrank,
POSI-J-000063,P2.02,10.872781448374141,30876,41,41,93,56.45,PCS-Q2,1113,4067,72.65,pcs_midrank,
POSI-J-000064,P2.01,8.095160885594611,51807,45,45,67,33.58,PCS-Q3,1680,4067,58.7,pcs_midrank,
POSI-J-000065,P1.04,14.369156041287189,27999,17,17,91,81.87,PCS-Q1,690,4067,83.05,pcs_midrank,
POSI-J-000066,P1.06,7.3990055100120955,14882,225,225,401,44.01,PCS-Q3,1853,4067,54.45,pcs_midrank,
POSI-J-000067,P2.11,12.509653804241527,35789,106,106,242,56.4,PCS-Q2,902,4067,77.83,pcs_midrank,
POSI-J-000069,P1.06,7.183463023636789,68368,235,235,401,41.52,PCS-Q3,1915,4067,52.93,pcs_midrank,
POSI-J-000072,P1.06,,0,,,,,,,,,unavailable,no_pcs
POSI-J-000073,P3.02,,0,,,,,,,,,unavailable,no_pcs
POSI-J-000076,P3.02,,0,,,,,,,,,unavailable,no_pcs
POSI-J-000082,P1.05,7.095318158303156,7732,220,220,350,37.29,PCS-Q3,1943,4067,52.24,pcs_midrank,
POSI-J-000087,P2.11,13.877872716558633,6788,87,87,242,64.26,PCS-Q2,738,4067,81.87,pcs_midrank,
POSI-J-000088,P3.01,9.596638655462185,1190,40,40,108,63.43,PCS-Q2,1338,4067,67.11,pcs_midrank,
POSI-J-000089,P3.02,9.287892008417595,19483,189,189,1326,85.78,PCS-Q1,1411,4067,65.32,pcs_midrank,
POSI-J-000090,P3.02,7.9852484472049685,10304,258,258,1326,80.58,PCS-Q1,1704,4067,58.11,pcs_midrank,
POSI-J-000092,P3.01,10.27882037533512,373,33,33,108,69.91,PCS-Q2,1211,4067,70.24,pcs_midrank,
POSI-J-000094,P3.01,10.344510001439057,6949,32,32,108,70.83,PCS-Q2,1195,4067,70.63,pcs_midrank,
POSI-J-000095,P3.01,8.63765541740675,563,48,48,108,56.02,PCS-Q2,1541,4067,62.12,pcs_midrank,
POSI-J-000096,P3.01,8.71900826446281,2662,44,44,108,59.72,PCS-Q2,1524,4067,62.54,pcs_midrank,
POSI-J-000097,P1.05,8.790714544795067,8271,176,176,350,49.86,PCS-Q3,1514,4067,62.79,pcs_midrank,
POSI-J-000098,P3.02,13.879400945874934,3806,82,82,1326,93.85,PCS-Q1,736,4067,81.92,pcs_midrank,
POSI-J-000099,P1.06,15.083736618272473,27276,79,79,401,80.42,PCS-Q1,625,4067,84.64,pcs_midrank,
POSI-J-000101,P1.03,6.321150389454763,3338,44,44,91,52.2,PCS-Q2,2186,4067,46.26,pcs_midrank,
POSI-J-000102,P3.02,10.588743975049617,7054,147,147,1326,88.95,PCS-Q1,1159,4067,71.51,pcs_midrank,
POSI-J-000103,P5.01,10.035530381050464,21362,33,33,144,77.43,PCS-Q1,1255,4067,69.15,pcs_midrank,
POSI-J-000104,P3.02,12.111329887603578,12189,113,113,1326,91.52,PCS-Q1,942,4067,76.85,pcs_midrank,
POSI-J-000105,P1.06,11.779885126241474,16714,127,127,401,68.45,PCS-Q2,980,4067,75.92,pcs_midrank,
POSI-J-000107,P3.01,12.138157894736842,304,22,22,108,80.09,PCS-Q1,938,4067,76.95,pcs_midrank,
POSI-J-000109,P3.01,9.86241610738255,298,37,37,108,66.2,PCS-Q2,1286,4067,68.39,pcs_midrank,
POSI-J-000110,P3.02,8.27575815555343,20906,238,238,1326,82.09,PCS-Q1,1641,4067,59.66,pcs_midrank,
POSI-J-000111,P3.01,12.197175732217573,1912,21,21,108,81.02,PCS-Q1,931,4067,77.12,pcs_midrank,
POSI-J-000112,P3.02,,0,,,,,,,,,unavailable,no_pcs
POSI-J-000113,P1.01,4.909090909090909,528,13,13,44,71.59,PCS-Q2,2661,4067,34.58,pcs_midrank,
POSI-J-000115,P3.02,8.26250512505125,9756,239,239,1326,82.01,PCS-Q1,1642,4067,59.64,pcs_midrank,
POSI-J-000116,P1.06,7.18275999468721,7529,236,236,401,41.27,PCS-Q3,1916,4067,52.9,pcs_midrank,
POSI-J-000117,P2.05,12.59673401605314,3613,70,70,145,52.07,PCS-Q2,889,4067,78.15,pcs_midrank,
POSI-J-000118,P1.06,13.278280682308024,16239,103,103,401,74.44,PCS-Q2,796,4067,80.44,pcs_midrank,
POSI-J-000119,P1.06,8.383642172523961,7825,192,192,401,52.24,PCS-Q2,1610,4067,60.43,pcs_midrank,
POSI-J-000120,P2.11,10.36158940397351,755,138,138,242,43.18,PCS-Q3,1193,4067,70.68,pcs_midrank,
POSI-J-000121,P4.01,14.008437771435663,16118,40,40,115,65.65,PCS-Q2,726,4067,82.16,pcs_midrank,
POSI-J-000122,P5.04,6.098591549295775,1207,23,23,50,55,PCS-Q2,2263,4067,44.37,pcs_midrank,
POSI-J-000123,P3.01,7.899721448467966,359,57,57,108,47.69,PCS-Q3,1725,4067,57.6,pcs_midrank,
POSI-J-000124,P5.01,9.156542762163795,9927,37,37,144,74.65,PCS-Q2,1435,4067,64.73,pcs_midrank,
POSI-J-000125,P2.02,7.6002968617472435,4716,64,64,93,31.72,PCS-Q3,1790,4067,56,pcs_midrank,
POSI-J-000126,P3.01,10.066298342541437,362,35,35,108,68.06,PCS-Q2,1246,4067,69.38,pcs_midrank,
POSI-J-000127,P1.05,8.7126213592233,3090,178,178,350,49.29,PCS-Q3,1527,4067,62.47,pcs_midrank,
POSI-J-000128,P3.02,7.516060833390165,14663,286,286,1326,78.47,PCS-Q1,1816,4067,55.36,pcs_midrank,
POSI-J-000129,P2.01,8.857344632768362,2124,41,41,67,39.55,PCS-Q3,1496,4067,63.23,pcs_midrank,
POSI-J-000130,P3.02,5.919859154929577,7100,444,444,1326,66.55,PCS-Q2,2327,4067,42.8,pcs_midrank,
POSI-J-000131,P3.02,7.49016641452345,661,288,288,1326,78.32,PCS-Q1,1825,4067,55.14,pcs_midrank,
POSI-J-000132,P1.06,12.959055876685934,6228,111,111,401,72.44,PCS-Q2,845,4067,79.24,pcs_midrank,
POSI-J-000133,P2.01,7.780748663101604,1122,47,47,67,30.6,PCS-Q3,1754,4067,56.88,pcs_midrank,
POSI-J-000135,P3.02,5.426020408163265,392,496,496,1326,62.63,PCS-Q2,2490,4067,38.79,pcs_midrank,
POSI-J-000136,P3.01,5.335664335664336,143,87,87,108,19.91,PCS-Q4,2521,4067,38.03,pcs_midrank,
POSI-J-000137,P3.02,12.8951160928743,1249,101,101,1326,92.42,PCS-Q1,852,4067,79.06,pcs_midrank,
POSI-J-000138,P5.03,7.263623567263221,4973,14,14,29,53.45,PCS-Q2,1893,4067,53.47,pcs_midrank,
POSI-J-000139,P1.05,5.692269076305221,5976,271,271,350,22.71,PCS-Q4,2394,4067,41.15,pcs_midrank,
POSI-J-000140,P1.02,9.519621109607577,739,77,77,133,42.48,PCS-Q3,1351,4067,66.79,pcs_midrank,
POSI-J-000141,P3.02,12.890903358032476,6343,102,102,1326,92.35,PCS-Q1,855,4067,78.99,pcs_midrank,
POSI-J-000142,P1.05,10.969135802469136,810,125,125,350,64.43,PCS-Q2,1102,4067,72.92,pcs_midrank,
POSI-J-000143,P1.05,11.429066886870356,6055,117,117,350,66.71,PCS-Q2,1036,4067,74.54,pcs_midrank,
POSI-J-000144,P1.02,10.275268817204301,465,70,70,133,47.74,PCS-Q3,1212,4067,70.21,pcs_midrank,
POSI-J-000145,P3.02,7.528178243774574,763,285,285,1326,78.54,PCS-Q1,1810,4067,55.51,pcs_midrank,
POSI-J-000146,P3.01,12.630167597765363,1790,20,20,108,81.94,PCS-Q1,885,4067,78.25,pcs_midrank,
POSI-J-000147,P3.02,4.319306930693069,404,634,634,1326,52.22,PCS-Q2,2833,4067,30.35,pcs_midrank,
POSI-J-000148,P3.02,12.56484235574063,10086,109,109,1326,91.82,PCS-Q1,893,4067,78.06,pcs_midrank,
POSI-J-000149,P4.01,10.647457627118644,590,61,61,115,47.39,PCS-Q3,1152,4067,71.69,pcs_midrank,
POSI-J-000150,P3.01,2.879120879120879,91,103,103,108,5.09,PCS-Q4,3289,4067,19.14,pcs_midrank,
POSI-J-000151,P1.02,14.129834254143647,1448,44,44,133,67.29,PCS-Q2,717,4067,82.38,pcs_midrank,
POSI-J-000152,P1.06,11.658823529411764,3400,129,129,401,67.96,PCS-Q2,994,4067,75.57,pcs_midrank,
POSI-J-000153,P5.01,2.9310344827586206,145,127,127,144,12.15,PCS-Q4,3271,4067,19.58,pcs_midrank,
POSI-J-000154,P3.02,6.2601156069364166,173,403,403,1326,69.65,PCS-Q2,2208,4067,45.72,pcs_midrank,
POSI-J-000155,P3.01,13.879194630872483,149,15,15,108,86.57,PCS-Q1,737,4067,81.89,pcs_midrank,
POSI-J-000156,P3.02,6.014388489208633,417,433,433,1326,67.38,PCS-Q2,2291,4067,43.68,pcs_midrank,
POSI-J-000157,P4.01,8.921259842519685,254,78,78,115,32.61,PCS-Q3,1485,4067,63.5,pcs_midrank,
POSI-J-000158,P3.02,6.367197062423501,817,386,386,1326,70.93,PCS-Q2,2164,4067,46.8,pcs_midrank,
POSI-J-000159,P5.04,5.677740863787376,301,25,25,50,51,PCS-Q2,2401,4067,40.98,pcs_midrank,
POSI-J-000160,P2.05,4.040462427745664,173,138,138,145,5.17,PCS-Q4,2924,4067,28.12,pcs_midrank,
POSI-J-000161,P3.02,4.99236641221374,262,556,556,1326,58.11,PCS-Q2,2636,4067,35.2,pcs_midrank,
POSI-J-000162,P3.02,1.6875,64,1024,1024,1326,22.81,PCS-Q4,3621,4067,10.97,pcs_midrank,
POSI-J-000163,P1.06,15.282296650717702,209,76,76,401,81.17,PCS-Q1,611,4067,84.99,pcs_midrank,
POSI-J-000164,P2.02,6.475247524752476,101,77,77,93,17.74,PCS-Q4,2133,4067,47.57,pcs_midrank,
POSI-J-000165,P1.05,5.712890625,512,269,269,350,23.29,PCS-Q4,2388,4067,41.3,pcs_midrank,
POSI-J-000166,P5.04,4.7578125,1280,34,34,50,33,PCS-Q3,2705,4067,33.5,pcs_midrank,
POSI-J-000167,P2.11,9.577085088458299,1187,154,154,242,36.57,PCS-Q3,1340,4067,67.06,pcs_midrank,
POSI-J-000168,P1.05,8.971604938271605,810,172,172,350,51,PCS-Q2,1471,4067,63.84,pcs_midrank,
POSI-J-000169,P3.02,5.360508757297748,4796,506,506,1326,61.88,PCS-Q2,2509,4067,38.32,pcs_midrank,
POSI-J-000170,P2.11,7.354775828460039,513,192,192,242,20.87,PCS-Q4,1865,4067,54.16,pcs_midrank,
POSI-J-000171,P4.01,11.041666666666666,216,58,58,115,50,PCS-Q2,1088,4067,73.26,pcs_midrank,
POSI-J-000172,P1.05,9.859245630174794,1087,146,146,350,58.43,PCS-Q2,1288,4067,68.34,pcs_midrank,
POSI-J-000173,P1.05,8.414634146341463,41,187,187,350,46.71,PCS-Q3,1599,4067,60.7,pcs_midrank,
POSI-J-000174,P1.06,9.366675653815044,3709,168,168,401,58.23,PCS-Q2,1383,4067,66.01,pcs_midrank,
POSI-J-000175,P3.02,6.233668341708543,2388,407,407,1326,69.34,PCS-Q2,2219,4067,45.45,pcs_midrank,
POSI-J-000176,P1.03,6.742833742833743,1221,39,39,91,57.69,PCS-Q2,2055,4067,49.48,pcs_midrank,
POSI-J-000177,P3.02,2.723529411764706,170,870,870,1326,34.43,PCS-Q3,3340,4067,17.89,pcs_midrank,
POSI-J-000179,P5.06,4.2064056939501775,843,,,14,,,2869,4067,29.47,unavailable,category_below_min_size
POSI-J-000180,P5.01,4.131067961165049,206,111,111,144,23.26,PCS-Q4,2893,4067,28.88,pcs_midrank,
POSI-J-000181,P3.02,4.105839416058394,274,662,662,1326,50.11,PCS-Q2,2899,4067,28.73,pcs_midrank,
POSI-J-000182,P5.04,3.702127659574468,94,38,38,50,25,PCS-Q3,3030,4067,25.51,pcs_midrank,
POSI-J-000183,P1.03,5.178294573643411,129,56,56,91,39.01,PCS-Q3,2564,4067,36.97,pcs_midrank,
POSI-J-000184,P3.02,2.938775510204082,49,832,832,1326,37.29,PCS-Q3,3263,4067,19.78,pcs_midrank,
POSI-J-000185,P2.05,13.988235294117647,340,57,57,145,61.03,PCS-Q2,728,4067,82.11,pcs_midrank,
POSI-J-000187,P3.02,6.139442231075697,251,415,415,1326,68.74,PCS-Q2,2249,4067,44.71,pcs_midrank,
POSI-J-000302,P1.05,5.672745694022289,1974,272,272,350,22.43,PCS-Q4,2402,4067,40.95,pcs_midrank,
POSI-J-000322,P3.02,0.7590132827324478,527,1170,1170,1326,11.8,PCS-Q4,3845,4067,5.47,pcs_midrank,
POSI-J-000378,P2.03,5.2631578947368425,19,,,,,,2544,4067,37.46,unavailable,psc_confidence_not_rank_eligible
POSI-J-000382,P3.02,5.430232558139535,172,495,495,1326,62.71,PCS-Q2,2488,4067,38.84,pcs_midrank,
POSI-J-000387,P1.06,5.032786885245901,61,312,312,401,22.32,PCS-Q4,2623,4067,35.52,pcs_midrank,
POSI-J-000405,P1.03,3.230769230769231,26,,,,,,3164,4067,22.22,unavailable,psc_confidence_not_rank_eligible
POSI-J-000406,P3.02,8.706106870229007,262,212,212,1326,84.05,PCS-Q1,1529,4067,62.42,pcs_midrank,
POSI-J-000408,P5.02,10.833333333333334,90,120,120,257,53.5,PCS-Q2,1120,4067,72.47,pcs_midrank,
POSI-J-000409,P3.02,2.705761316872428,972,878,878,1326,33.82,PCS-Q3,3349,4067,17.67,pcs_midrank,
POSI-J-000427,P1.02,39.2183908045977,87,5,5,133,96.62,PCS-Q1,52,4067,98.73,pcs_midrank,
POSI-J-000462,P3.02,3.2771084337349397,166,772,772,1326,41.82,PCS-Q3,3153,4067,22.49,pcs_midrank,
POSI-J-000496,P1.06,7.462962962962963,54,220,220,401,45.26,PCS-Q3,1837,4067,54.84,pcs_midrank,
POSI-J-000497,P1.06,21.246315789473684,1425,43,43,401,89.4,PCS-Q1,288,4067,92.93,pcs_midrank,
POSI-J-000499,P3.02,13.831908831908832,702,83,83,1326,93.78,PCS-Q1,744,4067,81.72,pcs_midrank,
POSI-J-000503,P3.02,1.4446854663774404,461,1055,1055,1326,20.48,PCS-Q4,3685,4067,9.4,pcs_midrank,
POSI-J-000504,P2.05,16.965753424657535,146,34,34,145,76.9,PCS-Q1,492,4067,87.91,pcs_midrank,
POSI-J-000505,P1.06,9.910940893118017,126635,155,155,401,61.47,PCS-Q2,1277,4067,68.61,pcs_midrank,
POSI-J-000506,P1.06,5.993015387973371,9163,273,273,401,32.04,PCS-Q3,2298,4067,43.51,pcs_midrank,
POSI-J-000508,P1.03,12.516349061247452,14221,17,17,91,81.87,PCS-Q1,900,4067,77.88,pcs_midrank,
POSI-J-000509,P1.02,12.708054187712662,47317,52,52,133,61.28,PCS-Q2,878,4067,78.42,pcs_midrank,
POSI-J-000510,P3.02,,0,,,,,,,,,unavailable,no_pcs
POSI-J-000511,P1.03,12.776903494561443,12963,15,15,91,84.07,PCS-Q1,869,4067,78.65,pcs_midrank,
POSI-J-000512,P1.06,37.666974515138655,40063,11,11,401,97.38,PCS-Q1,64,4067,98.44,pcs_midrank,
POSI-J-000514,P2.05,13.850595783684692,14183,58,58,145,60.34,PCS-Q2,741,4067,81.79,pcs_midrank,
POSI-J-000516,P1.03,10.337750484809309,3094,24,24,91,74.18,PCS-Q2,1197,4067,70.58,pcs_midrank,
POSI-J-000517,P2.02,8.301807228915663,14940,60,60,93,36.02,PCS-Q3,1635,4067,59.81,pcs_midrank,
POSI-J-000521,P1.06,40.95549242424242,5280,10,10,401,97.63,PCS-Q1,40,4067,99.03,pcs_midrank,
POSI-J-000522,P1.06,9.45760743321719,861,165,165,401,58.98,PCS-Q2,1365,4067,66.45,pcs_midrank,
POSI-J-000523,P1.03,13.022044088176353,11976,13,13,91,86.26,PCS-Q1,837,4067,79.43,pcs_midrank,
POSI-J-000524,P2.02,2.3893294881038214,1387,93,93,93,0.54,PCS-Q4,3444,4067,15.33,pcs_midrank,
POSI-J-000525,P1.05,10.895885460105644,7194,128,128,350,63.57,PCS-Q2,1110,4067,72.72,pcs_midrank,
POSI-J-000526,P3.02,9.909732540861812,2692,171,171,1326,87.14,PCS-Q1,1278,4067,68.59,pcs_midrank,
POSI-J-000527,P3.02,4.290950181782451,10177,641,641,1326,51.7,PCS-Q2,2844,4067,30.08,pcs_midrank,
POSI-J-000528,P1.03,11.71935577201273,10369,20,20,91,78.57,PCS-Q1,985,4067,75.79,pcs_midrank,
POSI-J-000530,P3.02,11.534292565947242,35445,124,124,1326,90.69,PCS-Q1,1022,4067,74.88,pcs_midrank,
POSI-J-000531,P3.02,6.397943387881468,18088,383,383,1326,71.15,PCS-Q2,2150,4067,47.15,pcs_midrank,
POSI-J-000532,P1.06,10.799412628487518,3405,141,141,401,64.96,PCS-Q2,1126,4067,72.33,pcs_midrank,
POSI-J-000534,P1.06,10.08636562911004,2281,153,153,401,61.97,PCS-Q2,1244,4067,69.42,pcs_midrank,
POSI-J-000535,P1.06,0,1,,,,,,,,,unavailable,too_few_items
POSI-J-000538,P2.11,11.553243766009723,19129,118,118,242,51.45,PCS-Q2,1013,4067,75.1,pcs_midrank,
POSI-J-000539,P4.02,9.399955535793685,4498,,,6,,,1379,4067,66.11,unavailable,category_below_min_size
POSI-J-000540,P3.02,9.542033923413081,13501,182,182,1326,86.31,PCS-Q1,1348,4067,66.87,pcs_midrank,
POSI-J-000541,P1.06,8.523056653491436,759,190,190,401,52.74,PCS-Q2,1566,4067,61.51,pcs_midrank,
POSI-J-000543,P3.02,10.629016553067187,1027,145,145,1326,89.1,PCS-Q1,1154,4067,71.64,pcs_midrank,
POSI-J-000544,P1.03,12.038413878562578,2421,18,18,91,80.77,PCS-Q1,950,4067,76.65,pcs_midrank,
POSI-J-000545,P4.01,2.8818342151675487,1134,112,112,115,3.04,PCS-Q4,3287,4067,19.19,pcs_midrank,
POSI-J-000546,P1.03,6.646110721793973,1427,41,41,91,55.49,PCS-Q2,2079,4067,48.89,pcs_midrank,
POSI-J-000547,P3.02,2.6096132485105525,9903,889,889,1326,32.99,PCS-Q3,3378,4067,16.95,pcs_midrank,
POSI-J-000550,P1.06,13.230955642187336,9491,104,104,401,74.19,PCS-Q2,806,4067,80.19,pcs_midrank,
POSI-J-000552,P1.05,8.316516931582585,1447,192,192,350,45.29,PCS-Q3,1633,4067,59.86,pcs_midrank,
POSI-J-000553,P3.01,16.605568445475637,2586,11,11,108,90.28,PCS-Q1,524,4067,87.13,pcs_midrank,
POSI-J-000554,P1.01,6.6765720645520314,17970,5,5,44,89.77,PCS-Q1,2069,4067,49.14,pcs_midrank,
POSI-J-000556,P1.05,17.52085561497326,935,53,53,350,85,PCS-Q1,467,4067,88.53,pcs_midrank,
POSI-J-000557,P4.01,14.858862526168876,17196,34,34,115,70.87,PCS-Q2,644,4067,84.18,pcs_midrank,
POSI-J-000560,P1.03,16.670250896057347,279,8,8,91,91.76,PCS-Q1,516,4067,87.32,pcs_midrank,
POSI-J-000561,P1.05,14.237065637065637,2590,81,81,350,77,PCS-Q1,704,4067,82.7,pcs_midrank,
POSI-J-000562,P3.02,,0,,,,,,,,,unavailable,no_pcs
POSI-J-000563,P4.01,11.63873040855138,15249,52,52,115,55.22,PCS-Q2,1002,4067,75.37,pcs_midrank,
POSI-J-000564,P2.05,14.102988306626244,11545,55,55,145,62.41,PCS-Q2,720,4067,82.31,pcs_midrank,
POSI-J-000565,P1.06,29.892961876832846,682,20,20,401,95.14,PCS-Q1,128,4067,96.87,pcs_midrank,
POSI-J-000566,P1.06,14.829133374308544,1627,82,82,401,79.68,PCS-Q1,647,4067,84.1,pcs_midrank,
POSI-J-000567,P1.06,16.42373186773583,11099,69,69,401,82.92,PCS-Q1,536,4067,86.83,pcs_midrank,
POSI-J-000570,P3.02,8.25528224534847,6342,241,241,1326,81.86,PCS-Q1,1645,4067,59.56,pcs_midrank,
POSI-J-000572,P2.02,20.693758961587804,13251,20,20,93,79.03,PCS-Q1,307,4067,92.46,pcs_midrank,
POSI-J-000574,P3.02,18.952455590386624,1914,41,41,1326,96.95,PCS-Q1,382,4067,90.62,pcs_midrank,
POSI-J-000575,P1.05,15.43334896077512,6399,72,72,350,79.57,PCS-Q1,602,4067,85.21,pcs_midrank,
POSI-J-000576,P4.01,16.86303295330314,6403,25,25,115,78.7,PCS-Q1,501,4067,87.69,pcs_midrank,
POSI-J-000577,P3.02,7.554177545691906,3064,281,281,1326,78.85,PCS-Q1,1804,4067,55.66,pcs_midrank,
POSI-J-000578,P1.05,6.845238095238095,3528,227,227,350,35.29,PCS-Q3,2033,4067,50.02,pcs_midrank,
POSI-J-000579,P2.11,14.538531870428422,7656,80,80,242,67.15,PCS-Q2,668,4067,83.59,pcs_midrank,
POSI-J-000580,P4.01,10.325184764070494,12313,65,65,115,43.91,PCS-Q3,1201,4067,70.48,pcs_midrank,
POSI-J-000581,P1.06,9.069567296198901,4183,176,176,401,56.23,PCS-Q2,1451,4067,64.33,pcs_midrank,
POSI-J-000582,P1.06,23.72481203007519,1330,33,33,401,91.9,PCS-Q1,215,4067,94.73,pcs_midrank,
POSI-J-000586,P3.02,9.641694060087149,13081,179,179,1326,86.54,PCS-Q1,1326,4067,67.41,pcs_midrank,
POSI-J-000588,P1.06,12.112284502211391,11079,121,121,401,69.95,PCS-Q2,941,4067,76.87,pcs_midrank,
POSI-J-000592,P3.03,9.054659910947336,6513,8,8,71,89.44,PCS-Q1,1455,4067,64.24,pcs_midrank,
POSI-J-000593,P1.06,1.9973196881091617,8208,389,389,401,3.12,PCS-Q4,3540,4067,12.97,pcs_midrank,
POSI-J-000594,P3.02,10.371566861773976,8884,154,154,1326,88.42,PCS-Q1,1190,4067,70.75,pcs_midrank,
POSI-J-000595,P1.06,2.2407221664994985,997,385,385,401,4.11,PCS-Q4,3486,4067,14.3,pcs_midrank,
POSI-J-000598,P3.02,7.085798816568047,5408,322,322,1326,75.75,PCS-Q1,1947,4067,52.14,pcs_midrank,
POSI-J-000599,P3.01,7.539614561027837,467,61,61,108,43.98,PCS-Q3,1808,4067,55.56,pcs_midrank,
POSI-J-000600,P3.02,7.072800808897877,989,324,324,1326,75.6,PCS-Q1,1954,4067,51.97,pcs_midrank,
POSI-J-000601,P3.02,11.040406427221171,12696,134,134,1326,89.93,PCS-Q1,1089,4067,73.24,pcs_midrank,
POSI-J-000602,P3.02,,0,,,,,,,,,unavailable,no_pcs
POSI-J-000604,P1.06,21.255959230642777,6083,42,42,401,89.65,PCS-Q1,287,4067,92.96,pcs_midrank,
POSI-J-000606,P3.02,19.44471470558427,9867,38,38,1326,97.17,PCS-Q1,360,4067,91.16,pcs_midrank,
POSI-J-000607,P1.06,11.753550863723609,10420,128,128,401,68.2,PCS-Q2,981,4067,75.89,pcs_midrank,
POSI-J-000608,P3.03,3.979776476849388,1879,32,32,71,55.63,PCS-Q2,2942,4067,27.67,pcs_midrank,
POSI-J-000609,P1.05,5.63302752293578,5995,275,275,350,21.57,PCS-Q4,2421,4067,40.48,pcs_midrank,
POSI-J-000611,P3.02,,0,,,,,,,,,unavailable,no_pcs
POSI-J-000612,P3.02,12.731719128329297,2065,106,106,1326,92.04,PCS-Q1,876,4067,78.47,pcs_midrank,
POSI-J-000614,P1.05,19.71707317073171,5945,39,39,350,89,PCS-Q1,347,4067,91.48,pcs_midrank,
POSI-J-000616,P1.05,26.965540092776674,3018,18,18,350,95,PCS-Q1,157,4067,96.15,pcs_midrank,
POSI-J-000620,P3.01,17.919016467403566,8866,8,8,108,93.06,PCS-Q1,447,4067,89.02,pcs_midrank,
POSI-J-000621,P2.03,17.350728155339805,4944,14,14,75,82,PCS-Q1,474,4067,88.36,pcs_midrank,
POSI-J-000625,P3.02,2.4628554414172994,6717,912,912,1326,31.26,PCS-Q3,3422,4067,15.87,pcs_midrank,
POSI-J-000631,P1.06,10.326810176125244,511,149,149,401,62.97,PCS-Q2,1199,4067,70.53,pcs_midrank,
POSI-J-000633,P4.01,10.476200483345592,9517,63,63,115,45.65,PCS-Q3,1175,4067,71.12,pcs_midrank,
POSI-J-000634,P1.06,13.895660721808735,7121,96,96,401,76.18,PCS-Q1,735,4067,81.94,pcs_midrank,
POSI-J-000635,P3.02,10.117403314917127,724,159,159,1326,88.05,PCS-Q1,1235,4067,69.65,pcs_midrank,
POSI-J-000637,P1.06,12.620253164556962,1817,116,116,401,71.2,PCS-Q2,886,4067,78.23,pcs_midrank,
POSI-J-000640,P1.06,4.647546493390096,4463,329,329,401,18.08,PCS-Q4,2734,4067,32.79,pcs_midrank,
POSI-J-000641,P1.06,8.082159624413146,852,198,198,401,50.75,PCS-Q2,1685,4067,58.58,pcs_midrank,
POSI-J-000645,P3.02,0.8616105151835625,6619,1154,1154,1326,13.01,PCS-Q4,3824,4067,5.99,pcs_midrank,
POSI-J-000646,P2.05,7.354363827549947,1902,112,112,145,23.1,PCS-Q4,1867,4067,54.11,pcs_midrank,
POSI-J-000648,P2.02,15.050539615688338,3799,29,29,93,69.35,PCS-Q2,629,4067,84.55,pcs_midrank,
POSI-J-000651,P3.02,24.67408173823073,1933,24,24,1326,98.23,PCS-Q1,189,4067,95.37,pcs_midrank,
POSI-J-000652,P3.01,8.791118421052632,1216,43,43,108,60.65,PCS-Q2,1513,4067,62.81,pcs_midrank,
POSI-J-000653,P4.01,8.619347227683837,2543,82,82,115,29.13,PCS-Q3,1546,4067,62,pcs_midrank,
POSI-J-000655,P1.06,23.814163866632203,3869,32,32,401,92.14,PCS-Q1,213,4067,94.78,pcs_midrank,
POSI-J-000657,P1.05,19.15020366598778,1964,43,43,350,87.86,PCS-Q1,371,4067,90.89,pcs_midrank,
POSI-J-000659,P2.11,13.122265283160395,7999,96,96,242,60.54,PCS-Q2,820,4067,79.85,pcs_midrank,
POSI-J-000663,P1.06,8.714117647058824,850,184,184,401,54.24,PCS-Q2,1526,4067,62.49,pcs_midrank,
POSI-J-000666,P3.02,0.2670747809386628,8331,1241,1241,1326,6.45,PCS-Q4,3945,4067,3.01,pcs_midrank,
POSI-J-000674,P3.02,11.219061166429588,1406,129,129,1326,90.31,PCS-Q1,1063,4067,73.88,pcs_midrank,
POSI-J-000681,P3.02,6.500282645562464,1769,375,375,1326,71.76,PCS-Q2,2129,4067,47.66,pcs_midrank,
POSI-J-000691,P1.05,17.67228177641654,2612,51,51,350,85.57,PCS-Q1,458,4067,88.75,pcs_midrank,
POSI-J-000703,P5.02,5.920788397173671,5378,192,192,257,25.49,PCS-Q3,2326,4067,42.82,pcs_midrank,
POSI-J-000704,P3.02,1.7951653944020356,786,1009,1009,1326,23.94,PCS-Q4,3595,4067,11.62,pcs_midrank,
POSI-J-000706,P3.01,6.816716164616038,2357,70,70,108,35.65,PCS-Q3,2040,4067,49.85,pcs_midrank,
POSI-J-000710,P3.02,5.184461152882205,1995,532,532,1326,59.92,PCS-Q2,2560,4067,37.07,pcs_midrank,
POSI-J-000714,P3.01,11.34026622296173,1202,23,23,108,79.17,PCS-Q1,1047,4067,74.27,pcs_midrank,
POSI-J-000723,P3.02,2.315227934044617,2062,931,931,1326,29.83,PCS-Q3,3462,4067,14.89,pcs_midrank,
POSI-J-000725,P2.02,19.383333333333333,6360,23,23,93,75.81,PCS-Q1,362,4067,91.11,pcs_midrank,
POSI-J-000735,P2.11,21.978821362799263,1086,32,32,242,86.98,PCS-Q1,263,4067,93.55,pcs_midrank,
POSI-J-000739,P3.02,8.001118568232663,894,257,257,1326,80.66,PCS-Q1,1700,4067,58.21,pcs_midrank,
POSI-J-000747,P3.02,1.4005905511811023,5080,1065,1065,1326,19.72,PCS-Q4,3700,4067,9.04,pcs_midrank,
POSI-J-000748,P5.03,9.736822429906542,5350,9,9,29,70.69,PCS-Q2,1314,4067,67.7,pcs_midrank,
POSI-J-000750,P3.02,5.659229208924949,493,468,468,1326,64.74,PCS-Q2,2409,4067,40.78,pcs_midrank,
POSI-J-000759,P3.02,1.859228590106777,4589,999,999,1326,24.7,PCS-Q4,3574,4067,12.13,pcs_midrank,
POSI-J-000761,P3.02,10.74736842105263,1140,143,143,1326,89.25,PCS-Q1,1132,4067,72.18,pcs_midrank,
POSI-J-000763,P2.02,10.259780907668231,639,47,47,93,50,PCS-Q2,1216,4067,70.11,pcs_midrank,
POSI-J-000766,P2.03,13.695682451253482,5744,26,26,75,66,PCS-Q2,756,4067,81.42,pcs_midrank,
POSI-J-000769,P1.03,10.367456556082148,3165,23,23,91,75.27,PCS-Q1,1192,4067,70.7,pcs_midrank,
POSI-J-000775,P3.02,4.404008908685968,4490,622,622,1326,53.13,PCS-Q2,2800,4067,31.17,pcs_midrank,
POSI-J-000776,P2.05,15.553823311061619,1347,44,44,145,70,PCS-Q2,591,4067,85.48,pcs_midrank,
POSI-J-000778,P2.11,23.63918096292197,1807,22,22,242,91.12,PCS-Q1,219,4067,94.63,pcs_midrank,
POSI-J-000781,P5.09,3.473684210526316,19,24,24,32,26.56,PCS-Q3,3091,4067,24.01,pcs_midrank,
POSI-J-000784,P3.02,4.760729613733906,932,580,580,1326,56.3,PCS-Q2,2704,4067,33.53,pcs_midrank,
POSI-J-000804,P5.02,,0,,,,,,,,,unavailable,no_pcs
POSI-J-000805,P3.01,14.717436250861475,1451,13,13,108,88.43,PCS-Q1,657,4067,83.86,pcs_midrank,
POSI-J-000808,,9.700951517897598,2207,,,,,,1320,4067,67.56,unavailable,no_psc_category
POSI-J-000810,P2.11,18.24310002207993,4529,49,49,242,79.96,PCS-Q1,429,4067,89.46,pcs_midrank,
POSI-J-000811,P3.02,0.5784996133023975,2586,1194,1194,1326,9.99,PCS-Q4,3877,4067,4.68,pcs_midrank,
POSI-J-000813,P3.02,9.193844740468535,2177,193,193,1326,85.48,PCS-Q1,1429,4067,64.88,pcs_midrank,
POSI-J-000815,P3.02,4.862903225806452,1364,569,569,1326,57.13,PCS-Q2,2675,4067,34.24,pcs_midrank,
POSI-J-000818,P1.05,8.93092257765415,2157,174,174,350,50.43,PCS-Q2,1483,4067,63.55,pcs_midrank,
POSI-J-000825,P3.02,2.0609424558223832,4414,971,971,1326,26.81,PCS-Q3,3528,4067,13.27,pcs_midrank,
POSI-J-000830,P5.01,12.874285714285714,350,17,17,144,88.54,PCS-Q1,857,4067,78.94,pcs_midrank,
POSI-J-000841,P2.03,6.960597826086956,2208,55,55,75,27.33,PCS-Q3,1997,4067,50.91,pcs_midrank,
POSI-J-000844,P3.03,2.735820895522388,670,39,39,71,45.77,PCS-Q3,3335,4067,18.01,pcs_midrank,
POSI-J-000845,P3.02,5.216510903426792,2568,525,525,1326,60.44,PCS-Q2,2551,4067,37.29,pcs_midrank,
POSI-J-000847,P3.02,3.908752327746741,1074,688,688,1326,48.15,PCS-Q3,2960,4067,27.23,pcs_midrank,
POSI-J-000849,P5.01,7.516804888694893,4582,55,55,144,62.15,PCS-Q2,1815,4067,55.38,pcs_midrank,
POSI-J-000857,P1.06,25.28014184397163,2256,27,27,401,93.39,PCS-Q1,177,4067,95.66,pcs_midrank,
POSI-J-000858,P4.01,14.065315315315315,1332,39,39,115,66.52,PCS-Q2,723,4067,82.24,pcs_midrank,
POSI-J-000860,P1.06,3.624087591240876,822,356,356,401,11.35,PCS-Q4,3053,4067,24.94,pcs_midrank,
POSI-J-000862,P2.01,5.127033148033766,4857,56,56,67,17.16,PCS-Q4,2584,4067,36.48,pcs_midrank,
POSI-J-000868,P3.02,14.839838492597577,2972,70,70,1326,94.76,PCS-Q1,645,4067,84.15,pcs_midrank,
POSI-J-000869,P1.06,10.268527430221367,1039,151,151,401,62.47,PCS-Q2,1215,4067,70.14,pcs_midrank,
POSI-J-000877,P2.01,6.580191693290735,1565,51,51,67,24.63,PCS-Q4,2105,4067,48.25,pcs_midrank,
POSI-J-000878,P1.05,8.69492337164751,2088,179,179,350,49,PCS-Q3,1530,4067,62.39,pcs_midrank,
POSI-J-000881,P3.02,4.37516254876463,1538,626,626,1326,52.83,PCS-Q2,2811,4067,30.9,pcs_midrank,
POSI-J-000882,P3.02,0.717373572593801,4904,1177,1177,1326,11.27,PCS-Q4,3856,4067,5.2,pcs_midrank,
POSI-J-000886,P3.02,0.9059233449477352,3157,1150,1150,1326,13.31,PCS-Q4,3818,4067,6.13,pcs_midrank,
POSI-J-000887,P3.02,7.316890881913303,669,303,303,1326,77.19,PCS-Q1,1877,4067,53.86,pcs_midrank,
POSI-J-000892,P1.06,9.639316239316239,1170,160,160,401,60.22,PCS-Q2,1327,4067,67.38,pcs_midrank,
POSI-J-000900,P5.02,14.961007311129164,2462,78,78,257,69.84,PCS-Q2,636,4067,84.37,pcs_midrank,
POSI-J-000903,P1.06,5.701708278580814,761,286,286,401,28.8,PCS-Q3,2391,4067,41.22,pcs_midrank,
POSI-J-000913,P3.02,4.708171206225681,771,586,586,1326,55.84,PCS-Q2,2720,4067,33.13,pcs_midrank,
POSI-J-000938,P3.02,0.2745839636913767,3966,1239,1239,1326,6.6,PCS-Q4,3943,4067,3.06,pcs_midrank,
POSI-J-000947,P3.02,7.2923728813559325,472,304,304,1326,77.11,PCS-Q1,1884,4067,53.69,pcs_midrank,
POSI-J-000950,P3.03,1.082324455205811,1239,52,52,71,27.46,PCS-Q3,3792,4067,6.77,pcs_midrank,
POSI-J-000964,P3.02,1.447806354009077,1322,1053,1053,1326,20.63,PCS-Q4,3683,4067,9.45,pcs_midrank,
POSI-J-000976,P2.11,11.483300589390963,1527,121,121,242,50.21,PCS-Q2,1027,4067,74.76,pcs_midrank,
POSI-J-000977,P1.06,7.302222222222222,225,230,230,401,42.77,PCS-Q3,1880,4067,53.79,pcs_midrank,
POSI-J-000979,P2.11,16.77777777777778,180,57,57,242,76.65,PCS-Q1,507,4067,87.55,pcs_midrank,
POSI-J-000999,P3.02,2.541726275631855,2097,896,896,1326,32.47,PCS-Q3,3392,4067,16.61,pcs_midrank,
POSI-J-001007,P3.02,22.37437185929648,1592,29,29,1326,97.85,PCS-Q1,254,4067,93.77,pcs_midrank,
POSI-J-001015,P3.02,6.224137931034483,406,408,408.5,1326,69.23,PCS-Q2,2221,4067,45.39,pcs_midrank,
POSI-J-001047,P1.06,4.375949367088608,3160,334,334,401,16.83,PCS-Q4,2810,4067,30.92,pcs_midrank,
POSI-J-001077,P1.05,17.077100646352722,2166,57,57,350,83.86,PCS-Q1,485,4067,88.09,pcs_midrank,
POSI-J-001079,P1.05,4.944773175542406,2028,294,294,350,16.14,PCS-Q4,2652,4067,34.8,pcs_midrank,
POSI-J-001083,P1.06,31.948387096774194,1705,18,18,401,95.64,PCS-Q1,106,4067,97.41,pcs_midrank,
POSI-J-001085,P3.02,4.494558645707376,827,609,609,1326,54.11,PCS-Q2,2769,4067,31.93,pcs_midrank,
POSI-J-001089,P3.02,2.8124280782508633,1738,855,855,1326,35.56,PCS-Q3,3310,4067,18.63,pcs_midrank,
POSI-J-001102,P3.02,2.430798004987531,3208,915,915,1326,31.03,PCS-Q3,3430,4067,15.67,pcs_midrank,
POSI-J-001113,P1.06,1.7608695652173914,1242,392,392,401,2.37,PCS-Q4,3605,4067,11.37,pcs_midrank,
POSI-J-001115,P3.02,12.019723865877712,1014,115,115,1326,91.37,PCS-Q1,953,4067,76.58,pcs_midrank,
POSI-J-001116,P4.01,11.618101545253863,3171,53,53,115,54.35,PCS-Q2,1007,4067,75.25,pcs_midrank,
POSI-J-001125,P1.05,6.7711984841307435,2111,229,229,350,34.71,PCS-Q3,2049,4067,49.63,pcs_midrank,
POSI-J-001141,P3.02,24.88431453272952,2429,23,23,1326,98.3,PCS-Q1,184,4067,95.49,pcs_midrank,
POSI-J-001143,P2.11,15.21332670313277,2011,73,73,242,70.04,PCS-Q2,620,4067,84.77,pcs_midrank,
POSI-J-001146,P3.02,10.001930501930502,518,166,166,1326,87.52,PCS-Q1,1259,4067,69.06,pcs_midrank,
POSI-J-001153,P3.02,0.7679144385026738,2805,1167,1167,1326,12.03,PCS-Q4,3840,4067,5.59,pcs_midrank,
POSI-J-001154,P3.02,4.561855670103093,970,600,600,1326,54.79,PCS-Q2,2754,4067,32.3,pcs_midrank,
POSI-J-001159,P3.02,8.427685950413224,484,226,226,1326,82.99,PCS-Q1,1594,4067,60.82,pcs_midrank,
POSI-J-001164,P3.01,8.017994858611825,389,56,56,108,48.61,PCS-Q3,1694,4067,58.36,pcs_midrank,
POSI-J-001165,P3.02,,0,,,,,,,,,unavailable,no_pcs
POSI-J-001166,P1.06,12.918805412972468,2143,114,114,401,71.7,PCS-Q2,851,4067,79.09,pcs_midrank,
POSI-J-001170,P1.05,16.494813278008298,1928,62,62,350,82.43,PCS-Q1,530,4067,86.98,pcs_midrank,
POSI-J-001183,P1.06,0.3934654153632256,2877,401,401,401,0.12,PCS-Q4,3914,4067,3.77,pcs_midrank,
POSI-J-001197,P3.02,3.680089485458613,1341,724,724,1326,45.44,PCS-Q3,3038,4067,25.31,pcs_midrank,
POSI-J-001199,P1.06,5.4416089965397925,2312,296,296,401,26.31,PCS-Q3,2484,4067,38.94,pcs_midrank,
POSI-J-001214,P1.05,5.9259624876604144,2026,264,264,350,24.71,PCS-Q4,2322,4067,42.92,pcs_midrank,
POSI-J-001233,P3.02,0.6313291139240507,632,1191,1191,1326,10.22,PCS-Q4,3872,4067,4.81,pcs_midrank,
POSI-J-001243,P1.04,10.097375427919362,2629,27,27,91,70.88,PCS-Q2,1240,4067,69.52,pcs_midrank,
POSI-J-001250,P3.02,6.097515527950311,1610,419,419,1326,68.44,PCS-Q2,2264,4067,44.34,pcs_midrank,
POSI-J-001255,P3.02,9.144661308840414,871,197,197,1326,85.18,PCS-Q1,1436,4067,64.7,pcs_midrank,
POSI-J-001260,P3.02,0.9256854256854257,1386,1148,1148,1326,13.46,PCS-Q4,3814,4067,6.23,pcs_midrank,
POSI-J-001261,P3.02,10.31711409395973,1192,155,155,1326,88.35,PCS-Q1,1203,4067,70.43,pcs_midrank,
POSI-J-001292,P3.02,4.369426751592357,1099,628,628,1326,52.68,PCS-Q2,2815,4067,30.8,pcs_midrank,
POSI-J-001297,P1.06,12.944996180290298,1309,112,112,401,72.19,PCS-Q2,846,4067,79.21,pcs_midrank,
POSI-J-001304,P2.11,13.786098469176665,2417,90,90,242,63.02,PCS-Q2,749,4067,81.6,pcs_midrank,
POSI-J-001310,P2.11,23.370526315789473,475,24,24,242,90.29,PCS-Q1,229,4067,94.38,pcs_midrank,
POSI-J-001333,P1.06,5.90962962962963,1350,277,277,401,31.05,PCS-Q3,2329,4067,42.75,pcs_midrank,
POSI-J-001335,P3.02,0.6405940594059406,1010,1189,1189,1326,10.37,PCS-Q4,3869,4067,4.88,pcs_midrank,
POSI-J-001338,P2.04,20.785491419656786,1282,,,6,,,305,4067,92.51,unavailable,category_below_min_size
POSI-J-001345,P3.02,10.74364896073903,1299,144,144,1326,89.18,PCS-Q1,1133,4067,72.15,pcs_midrank,
POSI-J-001364,P1.06,31.19750656167979,1524,19,19,401,95.39,PCS-Q1,114,4067,97.21,pcs_midrank,
POSI-J-001381,P5.03,5.544655929721816,2049,18,18,29,39.66,PCS-Q3,2451,4067,39.75,pcs_midrank,
POSI-J-001383,P1.06,7.586466165413534,266,216,216,401,46.26,PCS-Q3,1797,4067,55.83,pcs_midrank,
POSI-J-001387,P1.02,19.913491246138,1942,22,22,133,83.83,PCS-Q1,341,4067,91.63,pcs_midrank,
POSI-J-001389,P4.01,9.039397963700752,2259,75,75,115,35.22,PCS-Q3,1458,4067,64.16,pcs_midrank,
POSI-J-001400,P3.02,1.4153005464480874,366,1062,1062,1326,19.95,PCS-Q4,3696,4067,9.13,pcs_midrank,
POSI-J-001425,P3.02,7.867469879518072,166,263,263,1326,80.2,PCS-Q1,1730,4067,57.47,pcs_midrank,
POSI-J-001426,P3.02,9.245877061469265,667,190,190,1326,85.71,PCS-Q1,1417,4067,65.17,pcs_midrank,
POSI-J-001438,P4.02,4.751243781094527,402,,,6,,,2707,4067,33.45,unavailable,category_below_min_size
POSI-J-001454,P1.06,16.24400871459695,459,70,70,401,82.67,PCS-Q1,548,4067,86.54,pcs_midrank,
POSI-J-001457,P3.01,1.4713445995591476,2722,106,106,108,2.31,PCS-Q4,3677,4067,9.6,pcs_midrank,
POSI-J-001469,P2.11,22.220062208398133,1286,30,30,242,87.81,PCS-Q1,257,4067,93.69,pcs_midrank,
POSI-J-001487,P2.11,15.626115166261151,1233,65,65,242,73.35,PCS-Q2,582,4067,85.7,pcs_midrank,
POSI-J-001499,P3.02,5.893360160965795,1491,447,447,1326,66.33,PCS-Q2,2337,4067,42.55,pcs_midrank,
POSI-J-001525,P3.02,9.216417910447761,536,192,192,1326,85.56,PCS-Q1,1424,4067,65,pcs_midrank,
POSI-J-001527,P3.02,2.054924242424242,528,973,973,1326,26.66,PCS-Q3,3530,4067,13.22,pcs_midrank,
POSI-J-001543,P1.06,14.635077793493634,707,85,85,401,78.93,PCS-Q1,663,4067,83.71,pcs_midrank,
POSI-J-001554,P3.02,2.530499075785582,1082,897,897,1326,32.39,PCS-Q3,3394,4067,16.56,pcs_midrank,
POSI-J-001555,P2.05,6.861607142857143,224,124,124,145,14.83,PCS-Q4,2028,4067,50.15,pcs_midrank,
POSI-J-001558,P1.06,3.344559585492228,1158,363,363,401,9.6,PCS-Q4,3133,4067,22.98,pcs_midrank,
POSI-J-001561,P3.02,2.41699604743083,506,918,918,1326,30.81,PCS-Q3,3435,4067,15.55,pcs_midrank,
POSI-J-001567,P2.11,21.58702290076336,1310,33,33,242,86.57,PCS-Q1,277,4067,93.2,pcs_midrank,
POSI-J-001572,P3.02,2.3342736248236955,709,928,928,1326,30.05,PCS-Q3,3456,4067,15.04,pcs_midrank,
POSI-J-001578,P3.02,0.14391865467344545,2557,1266,1266,1326,4.56,PCS-Q4,3986,4067,2,pcs_midrank,
POSI-J-001586,P3.02,2.547427652733119,1244,894,894,1326,32.62,PCS-Q3,3390,4067,16.66,pcs_midrank,
POSI-J-001589,P3.02,6.084967320261438,153,421,421,1326,68.29,PCS-Q2,2267,4067,44.27,pcs_midrank,
POSI-J-001594,P1.05,8.101781170483461,393,195,195,350,44.43,PCS-Q3,1679,4067,58.73,pcs_midrank,
POSI-J-001595,P2.02,12.566998892580289,1806,34,34,93,63.98,PCS-Q2,892,4067,78.08,pcs_midrank,
POSI-J-001613,P2.05,4.400743494423792,1345,136,136,145,6.55,PCS-Q4,2803,4067,31.09,pcs_midrank,
POSI-J-001626,P1.06,6.97196261682243,214,243,243,401,39.53,PCS-Q3,1994,4067,50.98,pcs_midrank,
POSI-J-001658,P3.02,1.1267787839586028,773,1120,1120,1326,15.57,PCS-Q4,3777,4067,7.14,pcs_midrank,
POSI-J-001661,P3.02,1.564922480620155,1032,1039,1039,1326,21.68,PCS-Q4,3650,4067,10.27,pcs_midrank,
POSI-J-001668,P1.06,8.990033222591363,602,179,179,401,55.49,PCS-Q2,1467,4067,63.94,pcs_midrank,
POSI-J-001693,P3.02,0.344800625488663,1279,1227,1227,1326,7.5,PCS-Q4,3926,4067,3.48,pcs_midrank,
POSI-J-001717,P1.02,5.815028901734104,1384,109,109,133,18.42,PCS-Q4,2359,4067,42.01,pcs_midrank,
POSI-J-001721,P1.06,13.333333333333334,297,101,101,401,74.94,PCS-Q2,789,4067,80.61,pcs_midrank,
POSI-J-001723,P1.06,16.985422740524783,343,64,64,401,84.16,PCS-Q1,490,4067,87.96,pcs_midrank,
POSI-J-001726,P3.02,1.9108658743633278,1178,992,992,1326,25.23,PCS-Q3,3560,4067,12.48,pcs_midrank,
POSI-J-001730,P3.02,17.94601226993865,815,46,46,1326,96.57,PCS-Q1,443,4067,89.12,pcs_midrank,
POSI-J-001741,P3.02,5.115263157894737,1900,542,542,1326,59.16,PCS-Q2,2592,4067,36.28,pcs_midrank,
POSI-J-001761,P3.02,0.3474088291746641,2084,1226,1226,1326,7.58,PCS-Q4,3925,4067,3.5,pcs_midrank,
POSI-J-001768,P1.05,9.846808510638297,940,147,147,350,58.14,PCS-Q2,1289,4067,68.32,pcs_midrank,
POSI-J-001779,P4.01,10.708695652173914,1610,60,60,115,48.26,PCS-Q3,1139,4067,72.01,pcs_midrank,
POSI-J-001782,P3.01,10.390720390720391,819,31,31,108,71.76,PCS-Q2,1188,4067,70.8,pcs_midrank,
POSI-J-001792,P4.01,10.596433289299869,1514,62,62,115,46.52,PCS-Q3,1158,4067,71.54,pcs_midrank,
POSI-J-001793,P3.02,4.0227272727272725,440,676,676,1326,49.06,PCS-Q3,2928,4067,28.02,pcs_midrank,
POSI-J-001795,P3.02,1.6615776081424936,786,1025,1025,1326,22.74,PCS-Q4,3627,4067,10.83,pcs_midrank,
POSI-J-001805,P1.06,6.546153846153846,130,257,257,401,36.03,PCS-Q3,2115,4067,48.01,pcs_midrank,
POSI-J-001816,P1.05,9.46900269541779,371,161,161,350,54.14,PCS-Q2,1363,4067,66.5,pcs_midrank,
POSI-J-001823,P3.02,13.35,340,92,92,1326,93.1,PCS-Q1,787,4067,80.66,pcs_midrank,
POSI-J-001836,P2.03,14.805443548387096,992,23,23,75,70,PCS-Q2,649,4067,84.05,pcs_midrank,
POSI-J-001847,P1.06,14.384876805437553,1177,88,88,401,78.18,PCS-Q1,688,4067,83.1,pcs_midrank,
POSI-J-001850,P2.05,32.805664830841856,1271,6,6,145,96.21,PCS-Q1,98,4067,97.6,pcs_midrank,
POSI-J-001853,P3.02,4.6716814159292035,1130,590,590,1326,55.54,PCS-Q2,2729,4067,32.91,pcs_midrank,
POSI-J-001863,P3.02,1.9640287769784173,1112,985,985,1326,25.75,PCS-Q3,3547,4067,12.8,pcs_midrank,
POSI-J-001870,P3.02,3.3937397034596377,607,753,753,1326,43.25,PCS-Q3,3114,4067,23.44,pcs_midrank,
POSI-J-001876,P3.02,0.19683257918552036,442,1254,1254,1326,5.47,PCS-Q4,3969,4067,2.42,pcs_midrank,
POSI-J-001879,P2.11,6.55023923444976,1045,204,204,242,15.91,PCS-Q4,2114,4067,48.03,pcs_midrank,
POSI-J-001884,P1.06,8.910034602076125,289,181,181,401,54.99,PCS-Q2,1487,4067,63.45,pcs_midrank,
POSI-J-001888,P3.02,13.562264150943395,795,87,87,1326,93.48,PCS-Q1,767,4067,81.15,pcs_midrank,
POSI-J-001891,P3.02,6.326315789473684,285,393,393,1326,70.4,PCS-Q2,2184,4067,46.31,pcs_midrank,
POSI-J-001902,P3.02,20.36328125,1536,35,35,1326,97.4,PCS-Q1,319,4067,92.17,pcs_midrank,
POSI-J-001916,P2.11,24.584380610412925,1114,18,18,242,92.77,PCS-Q1,194,4067,95.24,pcs_midrank,
POSI-J-001940,P3.03,1.8453373768006065,1319,45,45,71,37.32,PCS-Q3,3577,4067,12.06,pcs_midrank,
POSI-J-001948,P2.05,3.821309655937847,901,140,140,145,3.79,PCS-Q4,2985,4067,26.62,pcs_midrank,
POSI-J-001957,P2.11,5.426059152677857,1251,221,221,242,8.88,PCS-Q4,2489,4067,38.81,pcs_midrank,
POSI-J-001971,P2.01,5.562448304383788,1209,54,54,67,20.15,PCS-Q4,2442,4067,39.97,pcs_midrank,
POSI-J-001976,P3.02,1.308724832214765,298,1086,1086,1326,18.14,PCS-Q4,3731,4067,8.27,pcs_midrank,
POSI-J-001981,P2.11,33.06425702811245,498,7,7,242,97.31,PCS-Q1,96,4067,97.65,pcs_midrank,
POSI-J-001995,P5.02,7.740992522093814,1471,166,166,257,35.6,PCS-Q3,1761,4067,56.71,pcs_midrank,
POSI-J-002000,P3.02,2.5635103926097,433,893,893,1326,32.69,PCS-Q3,3386,4067,16.76,pcs_midrank,
POSI-J-002016,P2.03,7.8871733966745845,842,49,49,75,35.33,PCS-Q3,1726,4067,57.57,pcs_midrank,
POSI-J-002017,P3.02,5.068897637795276,1016,545,545,1326,58.94,PCS-Q2,2605,4067,35.96,pcs_midrank,
POSI-J-002018,P3.02,2.609039548022599,885,890,890,1326,32.92,PCS-Q3,3379,4067,16.93,pcs_midrank,
POSI-J-002024,P3.02,1.0533854166666667,768,1133,1133,1326,14.59,PCS-Q4,3796,4067,6.68,pcs_midrank,
POSI-J-002032,P3.01,,0,,,,,,,,,unavailable,no_pcs
POSI-J-002055,P5.09,9.337091319052988,887,8,8,32,76.56,PCS-Q1,1394,4067,65.74,pcs_midrank,
POSI-J-002068,P1.04,14.461052631578948,475,16,16,91,82.97,PCS-Q1,677,4067,83.37,pcs_midrank,
POSI-J-002098,P1.02,8.417553191489361,1504,90,90,133,32.71,PCS-Q3,1596,4067,60.77,pcs_midrank,
POSI-J-002102,P3.02,1.2015810276679841,506,1111,1111,1326,16.25,PCS-Q4,3765,4067,7.44,pcs_midrank,
POSI-J-002104,P3.02,3.960342979635584,933,682,682,1326,48.6,PCS-Q3,2946,4067,27.58,pcs_midrank,
POSI-J-002110,P3.02,3.112534309240622,1093,805,805,1326,39.33,PCS-Q3,3207,4067,21.16,pcs_midrank,
POSI-J-002116,P1.06,3.596368715083799,716,357,357,401,11.1,PCS-Q4,3062,4067,24.72,pcs_midrank,
POSI-J-002120,P3.02,3.056686046511628,688,815,815,1326,38.57,PCS-Q3,3226,4067,20.69,pcs_midrank,
POSI-J-002132,P1.06,11.160146699266503,818,136,136,401,66.21,PCS-Q2,1071,4067,73.68,pcs_midrank,
POSI-J-002172,P3.02,4.940199335548173,301,562,562,1326,57.65,PCS-Q2,2655,4067,34.73,pcs_midrank,
POSI-J-002213,P3.02,4.13403041825095,1052,657,657,1326,50.49,PCS-Q2,2891,4067,28.93,pcs_midrank,
POSI-J-002216,P3.02,1.8846153846153846,650,997,997,1326,24.85,PCS-Q4,3568,4067,12.28,pcs_midrank,
POSI-J-002223,P3.02,8.024626865671642,1340,254,254,1326,80.88,PCS-Q1,1693,4067,58.38,pcs_midrank,
POSI-J-002234,P3.01,14.3584229390681,558,14,14,108,87.5,PCS-Q1,691,4067,83.02,pcs_midrank,
POSI-J-002276,P3.02,2.6209048361934477,1282,887,887,1326,33.14,PCS-Q3,3373,4067,17.08,pcs_midrank,
POSI-J-002289,P5.02,21.2960088691796,902,41,41,257,84.24,PCS-Q1,285,4067,93,pcs_midrank,
POSI-J-002291,P3.02,2.8496835443037973,632,850,850,1326,35.94,PCS-Q3,3302,4067,18.82,pcs_midrank,
POSI-J-002300,P3.02,13.410611303344867,867,90,90,1326,93.25,PCS-Q1,783,4067,80.76,pcs_midrank,
POSI-J-002330,P3.02,7.901699029126213,824,261,261,1326,80.35,PCS-Q1,1724,4067,57.62,pcs_midrank,
POSI-J-002338,P3.02,16.07010135135135,1184,62,62,1326,95.36,PCS-Q1,556,4067,86.34,pcs_midrank,
POSI-J-002357,P1.04,17.181818181818183,671,10,10,91,89.56,PCS-Q1,482,4067,88.16,pcs_midrank,
POSI-J-002385,P3.03,3.153179190751445,692,35,35,71,51.41,PCS-Q2,3195,4067,21.45,pcs_midrank,
POSI-J-002406,P3.02,37.215406562054206,701,10,10,1326,99.28,PCS-Q1,67,4067,98.36,pcs_midrank,
POSI-J-002411,P3.02,0.5262738853503185,1256,1201,1201,1326,9.46,PCS-Q4,3888,4067,4.41,pcs_midrank,
POSI-J-002414,P3.02,3.8651851851851853,675,694,694,1326,47.7,PCS-Q3,2975,4067,26.86,pcs_midrank,
POSI-J-002437,P2.11,15.45780433159074,1339,69,69,242,71.69,PCS-Q2,599,4067,85.28,pcs_midrank,
POSI-J-002451,P3.02,9.932754880694143,922,169,169,1326,87.29,PCS-Q1,1270,4067,68.79,pcs_midrank,
POSI-J-002466,P1.05,13.194791666666667,960,93,93,350,73.57,PCS-Q2,809,4067,80.12,pcs_midrank,
POSI-J-002468,P3.02,11.656912209889,991,119,119,1326,91.06,PCS-Q1,996,4067,75.52,pcs_midrank,
POSI-J-002475,P1.05,30.458970792767733,719,9,9,350,97.57,PCS-Q1,122,4067,97.01,pcs_midrank,
POSI-J-002492,P1.06,7.947368421052632,171,204,204,401,49.25,PCS-Q3,1715,4067,57.84,pcs_midrank,
POSI-J-002510,P3.02,5.8647342995169085,621,450,450,1326,66.1,PCS-Q2,2344,4067,42.38,pcs_midrank,
POSI-J-002518,P3.02,2.497872340425532,470,905,905,1326,31.79,PCS-Q3,3406,4067,16.27,pcs_midrank,
POSI-J-002523,P3.02,2.673870333988212,509,883,883,1326,33.45,PCS-Q3,3359,4067,17.42,pcs_midrank,
POSI-J-002545,P3.02,5.995689655172414,696,436,436,1326,67.16,PCS-Q2,2297,4067,43.53,pcs_midrank,
POSI-J-002595,P3.02,5.990314769975787,413,437,437,1326,67.08,PCS-Q2,2299,4067,43.48,pcs_midrank,
POSI-J-002610,P1.05,4.900343642611684,291,295,295,350,15.86,PCS-Q4,2663,4067,34.53,pcs_midrank,
POSI-J-002614,P4.01,18.938868613138688,1096,18,18,115,84.78,PCS-Q1,384,4067,90.57,pcs_midrank,
POSI-J-002642,P3.02,6.28830313014827,607,397,397,1326,70.1,PCS-Q2,2201,4067,45.89,pcs_midrank,
POSI-J-002645,P3.02,7.5756013745704465,1164,278,278,1326,79.07,PCS-Q1,1800,4067,55.75,pcs_midrank,
POSI-J-002652,P3.02,5.166846071044134,929,535,535,1326,59.69,PCS-Q2,2569,4067,36.85,pcs_midrank,
POSI-J-002710,P3.02,1.9068441064638784,526,995,995,1326,25,PCS-Q3,3565,4067,12.36,pcs_midrank,
POSI-J-002713,P3.02,15.8375,480,64,64,1326,95.21,PCS-Q1,565,4067,86.12,pcs_midrank,
POSI-J-002725,P4.01,15.698412698412698,1071,31,31,115,73.48,PCS-Q2,575,4067,85.87,pcs_midrank,
POSI-J-002729,P3.02,7.045515394912985,747,328,328,1326,75.3,PCS-Q1,1966,4067,51.67,pcs_midrank,
POSI-J-002740,P1.05,15.470327723649246,1129,71,71,350,79.86,PCS-Q1,598,4067,85.31,pcs_midrank,
POSI-J-002763,P3.02,24.988082340195017,923,22,22,1326,98.38,PCS-Q1,182,4067,95.54,pcs_midrank,
POSI-J-002781,P2.05,9.336464560204954,1171,95,95,145,34.83,PCS-Q3,1395,4067,65.71,pcs_midrank,
POSI-J-002820,P3.02,3.822077922077922,770,699,699,1326,47.32,PCS-Q3,2984,4067,26.64,pcs_midrank,
POSI-J-002834,P1.05,6.191609977324263,882,248,248,350,29.29,PCS-Q3,2235,4067,45.06,pcs_midrank,
POSI-J-002849,P3.02,5.219768664563618,951,523,523,1326,60.6,PCS-Q2,2549,4067,37.34,pcs_midrank,
POSI-J-002857,P3.02,1.0219941348973607,682,1136,1136,1326,14.37,PCS-Q4,3799,4067,6.6,pcs_midrank,
POSI-J-002863,P3.02,3.7803738317757007,642,705,705,1326,46.87,PCS-Q3,3000,4067,26.25,pcs_midrank,
POSI-J-002881,P1.06,2.491031390134529,446,379,379,401,5.61,PCS-Q4,3408,4067,16.22,pcs_midrank,
POSI-J-002897,P2.01,8.812765957446809,235,42,42,67,38.06,PCS-Q3,1506,4067,62.98,pcs_midrank,
POSI-J-002914,P1.05,6.541713014460512,899,237,237,350,32.43,PCS-Q3,2116,4067,47.98,pcs_midrank,
POSI-J-002916,P4.01,14.19277108433735,1162,38,38,115,67.39,PCS-Q2,707,4067,82.63,pcs_midrank,
POSI-J-002941,P1.05,10.546770601336302,898,133,133,350,62.14,PCS-Q2,1166,4067,71.34,pcs_midrank,
POSI-J-002972,P2.11,17.945478723404257,752,52,52,242,78.72,PCS-Q1,444,4067,89.1,pcs_midrank,
POSI-J-002984,P3.02,6.366624525916562,791,387,387,1326,70.85,PCS-Q2,2165,4067,46.78,pcs_midrank,
POSI-J-002989,P3.02,0.39285714285714285,476,1218,1218.5,1326,8.14,PCS-Q4,3915,4067,3.74,pcs_midrank,
POSI-J-003004,P3.02,9.7828418230563,373,175,175,1326,86.84,PCS-Q1,1302,4067,68,pcs_midrank,
POSI-J-003043,P2.01,8.375776397515528,322,44,44,67,35.07,PCS-Q3,1614,4067,60.33,pcs_midrank,
POSI-J-003054,P1.06,4.730538922155689,501,326,326,401,18.83,PCS-Q4,2713,4067,33.3,pcs_midrank,
POSI-J-003083,P1.06,1.6139954853273137,443,394,394,401,1.87,PCS-Q4,3636,4067,10.61,pcs_midrank,
POSI-J-003113,P2.11,14.486702127659575,752,81,81,242,66.74,PCS-Q2,672,4067,83.49,pcs_midrank,
POSI-J-003114,P3.02,1,1157,1138,1138,1326,14.22,PCS-Q4,3801,4067,6.54,pcs_midrank,
POSI-J-003121,P2.11,9.057251908396946,262,169,169,242,30.37,PCS-Q3,1453,4067,64.29,pcs_midrank,
POSI-J-003122,P2.05,17.347334410339258,619,33,33,145,77.59,PCS-Q1,476,4067,88.31,pcs_midrank,
POSI-J-003129,P3.02,4.698863636363637,528,587,587,1326,55.77,PCS-Q2,2724,4067,33.03,pcs_midrank,
POSI-J-003154,P3.02,3.3617021276595747,611,759,759,1326,42.8,PCS-Q3,3125,4067,23.17,pcs_midrank,
POSI-J-003178,P1.05,7.226744186046512,172,215,215,350,38.71,PCS-Q3,1904,4067,53.2,pcs_midrank,
POSI-J-003192,P3.02,10.254304635761589,755,157,157,1326,88.2,PCS-Q1,1219,4067,70.04,pcs_midrank,
POSI-J-003202,P3.02,4.291287386215865,769,640,640,1326,51.77,PCS-Q2,2843,4067,30.11,pcs_midrank,
POSI-J-003236,P5.02,6.642578125,512,181,181,257,29.77,PCS-Q3,2081,4067,48.84,pcs_midrank,
POSI-J-003275,P1.02,8.507109004739336,422,89,89,133,33.46,PCS-Q3,1570,4067,61.41,pcs_midrank,
POSI-J-003286,P2.05,7.043073341094296,859,118,118,145,18.97,PCS-Q4,1968,4067,51.62,pcs_midrank,
POSI-J-003299,P1.01,5.693856998992951,993,11,11,44,76.14,PCS-Q1,2393,4067,41.17,pcs_midrank,
POSI-J-003300,P1.06,12.552845528455284,369,117,117,401,70.95,PCS-Q2,895,4067,78.01,pcs_midrank,
POSI-J-003302,P3.01,7.110283159463488,671,65,65,108,40.28,PCS-Q3,1940,4067,52.31,pcs_midrank,
POSI-J-003326,P3.02,8.407854984894259,662,228,228,1326,82.84,PCS-Q1,1601,4067,60.65,pcs_midrank,
POSI-J-003331,P4.01,13.936572199730094,741,41,41,115,64.78,PCS-Q2,732,4067,82.01,pcs_midrank,
POSI-J-003337,P3.02,6.064441887226697,869,424,424,1326,68.06,PCS-Q2,2277,4067,44.03,pcs_midrank,
POSI-J-003340,P2.11,7.525568181818182,352,189,189,242,22.11,PCS-Q4,1811,4067,55.48,pcs_midrank,
POSI-J-003349,P1.05,12.409756097560976,410,100,100,350,71.57,PCS-Q2,910,4067,77.64,pcs_midrank,
POSI-J-003351,P2.11,8.523076923076923,260,174,174,242,28.31,PCS-Q3,1565,4067,61.53,pcs_midrank,
POSI-J-003363,P3.02,7.363867684478372,786,293,293,1326,77.94,PCS-Q1,1857,4067,54.35,pcs_midrank,
POSI-J-003369,P3.02,0.30526315789473685,760,1233,1233,1326,7.05,PCS-Q4,3935,4067,3.26,pcs_midrank,
POSI-J-003383,P3.02,4.3040201005025125,398,636,636,1326,52.07,PCS-Q2,2837,4067,30.26,pcs_midrank,
POSI-J-003393,P3.02,1.446236559139785,372,1054,1054,1326,20.55,PCS-Q4,3684,4067,9.43,pcs_midrank,
POSI-J-003410,P3.02,2.8609022556390977,532,848,848,1326,36.09,PCS-Q3,3297,4067,18.95,pcs_midrank,
POSI-J-003458,P2.05,7.081850533807829,562,116,116,145,20.34,PCS-Q4,1949,4067,52.09,pcs_midrank,
POSI-J-003461,P1.05,9.511111111111111,315,158,158,350,55,PCS-Q2,1352,4067,66.77,pcs_midrank,
POSI-J-003478,P5.01,4.445887445887446,693,103,103,144,28.82,PCS-Q3,2783,4067,31.58,pcs_midrank,
POSI-J-003496,P2.05,11.870718232044199,905,73,73,145,50,PCS-Q2,967,4067,76.24,pcs_midrank,
POSI-J-003503,P3.02,3.2671641791044777,670,774,774,1326,41.67,PCS-Q3,3156,4067,22.41,pcs_midrank,
POSI-J-003512,P2.02,14.324742268041238,582,30,30,93,68.28,PCS-Q2,694,4067,82.95,pcs_midrank,
POSI-J-003513,P5.01,12.89409984871407,661,15,15,144,89.93,PCS-Q1,853,4067,79.04,pcs_midrank,
POSI-J-003523,P3.02,4.717948717948718,390,583,583,1326,56.07,PCS-Q2,2716,4067,33.23,pcs_midrank,
POSI-J-003551,P3.02,4.064102564102564,390,669,669,1326,49.59,PCS-Q3,2915,4067,28.34,pcs_midrank,
POSI-J-003571,P3.02,3.765492102065614,823,710,710,1326,46.49,PCS-Q3,3009,4067,26.03,pcs_midrank,
POSI-J-003576,P4.01,12.281481481481482,270,47,47,115,59.57,PCS-Q2,924,4067,77.29,pcs_midrank,
POSI-J-003579,P4.01,24.882697947214076,682,5,5,115,96.09,PCS-Q1,185,4067,95.46,pcs_midrank,
POSI-J-003587,P1.05,14.373313343328336,667,80,80,350,77.29,PCS-Q1,689,4067,83.07,pcs_midrank,
POSI-J-003612,P5.02,38.10846953937593,673,10,10,257,96.3,PCS-Q1,60,4067,98.54,pcs_midrank,
POSI-J-003615,P1.06,5.338461538461538,130,299,299,401,25.56,PCS-Q3,2517,4067,38.12,pcs_midrank,
POSI-J-003641,P3.02,3.5034965034965033,286,742,742,1326,44.08,PCS-Q3,3083,4067,24.21,pcs_midrank,
POSI-J-003642,P3.02,5.218453188602442,737,524,524,1326,60.52,PCS-Q2,2550,4067,37.31,pcs_midrank,
POSI-J-003663,P1.02,18.01779935275081,618,28,28,133,79.32,PCS-Q1,440,4067,89.19,pcs_midrank,
POSI-J-003678,P3.02,4.543739279588336,583,603,603,1326,54.56,PCS-Q2,2759,4067,32.17,pcs_midrank,
POSI-J-003705,P1.05,7.469953775038521,649,209,209,350,40.43,PCS-Q3,1830,4067,55.02,pcs_midrank,
POSI-J-003706,P3.02,0.8008415147265077,713,1165,1165,1326,12.18,PCS-Q4,3838,4067,5.64,pcs_midrank,
POSI-J-003709,P2.02,8.10548523206751,711,62,62,93,33.87,PCS-Q3,1677,4067,58.78,pcs_midrank,
POSI-J-003713,P2.02,7.450892857142857,448,67,67,93,28.49,PCS-Q3,1841,4067,54.75,pcs_midrank,
POSI-J-003730,P3.02,41.56617647058823,544,5,5,1326,99.66,PCS-Q1,39,4067,99.05,pcs_midrank,
POSI-J-003742,P2.01,11.631123919308358,347,31,31,67,54.48,PCS-Q2,1003,4067,75.35,pcs_midrank,
POSI-J-003758,P3.02,8.343434343434344,297,232,232,1326,82.54,PCS-Q1,1626,4067,60.03,pcs_midrank,
POSI-J-003771,P3.02,7.3598937583001325,753,295,295,1326,77.79,PCS-Q1,1859,4067,54.3,pcs_midrank,
POSI-J-003773,P3.02,9.321917808219178,292,188,188,1326,85.86,PCS-Q1,1399,4067,65.61,pcs_midrank,
POSI-J-003780,P3.02,0.9868073878627969,379,1139,1139,1326,14.14,PCS-Q4,3803,4067,6.5,pcs_midrank,
POSI-J-003794,P3.02,1.3034682080924855,692,1088,1088,1326,17.99,PCS-Q4,3733,4067,8.22,pcs_midrank,
POSI-J-003807,P3.02,5.4179331306990886,658,497,497,1326,62.56,PCS-Q2,2491,4067,38.76,pcs_midrank,
POSI-J-003824,P3.01,15.737051792828685,251,12,12,108,89.35,PCS-Q1,572,4067,85.95,pcs_midrank,
POSI-J-003837,P3.03,6.336375488917862,767,17,17,71,76.76,PCS-Q1,2182,4067,46.36,pcs_midrank,
POSI-J-003895,P2.11,8.468045112781954,532,176,176,242,27.48,PCS-Q3,1580,4067,61.16,pcs_midrank,
POSI-J-003918,P2.03,6.373287671232877,584,57,57,75,24.67,PCS-Q4,2159,4067,46.93,pcs_midrank,
POSI-J-003927,P2.01,11.411451398135819,751,32,32,67,52.99,PCS-Q2,1039,4067,74.47,pcs_midrank,
POSI-J-003928,P2.05,4.940275650842266,653,134,134,145,7.93,PCS-Q4,2654,4067,34.76,pcs_midrank,
POSI-J-003934,P1.05,7.468164794007491,267,210,210,350,40.14,PCS-Q3,1832,4067,54.97,pcs_midrank,
POSI-J-003941,P1.02,24.85146804835924,579,11,11,133,92.11,PCS-Q1,186,4067,95.44,pcs_midrank,
POSI-J-003970,P3.02,11.664335664335665,572,118,118,1326,91.14,PCS-Q1,993,4067,75.6,pcs_midrank,
POSI-J-003975,P1.06,14.25,232,91,91,401,77.43,PCS-Q1,702,4067,82.75,pcs_midrank,
POSI-J-003980,P1.02,11.561622464898596,641,60,60,133,55.26,PCS-Q2,1010,4067,75.18,pcs_midrank,
POSI-J-003982,P1.02,14.390728476821192,453,42,42,133,68.8,PCS-Q2,686,4067,83.14,pcs_midrank,
POSI-J-003983,P5.01,12.543424317617866,403,19,19,144,87.15,PCS-Q1,897,4067,77.96,pcs_midrank,
POSI-J-003998,P2.05,20.111764705882354,680,20,20,145,86.55,PCS-Q1,331,4067,91.87,pcs_midrank,
POSI-J-004009,P1.02,4.3478260869565215,138,113,113,133,15.41,PCS-Q4,2822,4067,30.62,pcs_midrank,
POSI-J-004013,P1.06,2.5045045045045047,222,378,378,401,5.86,PCS-Q4,3401,4067,16.39,pcs_midrank,
POSI-J-004036,P3.02,8.957095709570957,303,203,203,1326,84.73,PCS-Q1,1474,4067,63.77,pcs_midrank,
POSI-J-004049,P3.02,2.4095238095238094,210,920,920,1326,30.66,PCS-Q3,3438,4067,15.48,pcs_midrank,
POSI-J-004072,P1.02,9.775933609958507,482,72,72,133,46.24,PCS-Q3,1304,4067,67.95,pcs_midrank,
POSI-J-004104,P1.05,5.133333333333334,555,288,288,350,17.86,PCS-Q4,2581,4067,36.55,pcs_midrank,
POSI-J-004129,P1.06,11.871014492753623,690,124,124,401,69.2,PCS-Q2,966,4067,76.26,pcs_midrank,
POSI-J-004157,P3.02,4.5495376486129455,757,601,601,1326,54.71,PCS-Q2,2756,4067,32.25,pcs_midrank,
POSI-J-004179,P3.02,2.13768115942029,138,962,962,1326,27.49,PCS-Q3,3513,4067,13.63,pcs_midrank,
POSI-J-004201,P1.06,6.35625,640,263,263,401,34.54,PCS-Q3,2168,4067,46.71,pcs_midrank,
POSI-J-004217,P1.05,13.201456310679612,412,92,92,350,73.86,PCS-Q2,808,4067,80.15,pcs_midrank,
POSI-J-004240,P4.01,8.532051282051283,312,83,83,115,28.26,PCS-Q3,1563,4067,61.58,pcs_midrank,
POSI-J-004246,P5.02,10.12914485165794,573,129,129,257,50,PCS-Q2,1233,4067,69.7,pcs_midrank,
POSI-J-004262,P2.05,15.082781456953642,302,47,47,145,67.93,PCS-Q2,626,4067,84.62,pcs_midrank,
POSI-J-004266,P3.02,2.209090909090909,110,950,950,1326,28.39,PCS-Q3,3493,4067,14.13,pcs_midrank,
POSI-J-004277,P3.02,7.010309278350515,582,332,332,1326,75,PCS-Q1,1977,4067,51.4,pcs_midrank,
POSI-J-004394,P3.02,3.1353790613718413,554,801,801,1326,39.63,PCS-Q3,3200,4067,21.33,pcs_midrank,
POSI-J-004429,P1.06,4.818339100346021,578,322,322,401,19.83,PCS-Q4,2690,4067,33.87,pcs_midrank,
POSI-J-004432,P3.02,20.569747899159665,595,34,34,1326,97.47,PCS-Q1,310,4067,92.39,pcs_midrank,
POSI-J-004446,P5.02,19.230019493177387,513,52,52,257,79.96,PCS-Q1,369,4067,90.94,pcs_midrank,
POSI-J-004449,P3.02,1.5894736842105264,665,1035,1035,1326,21.98,PCS-Q4,3643,4067,10.44,pcs_midrank,
POSI-J-004472,P2.11,18.62528216704289,443,42,42,242,82.85,PCS-Q1,397,4067,90.25,pcs_midrank,
POSI-J-004516,P2.11,13.731092436974789,238,91,91,242,62.6,PCS-Q2,754,4067,81.47,pcs_midrank,
POSI-J-004519,P1.05,6.220238095238095,168,247,247,350,29.57,PCS-Q3,2225,4067,45.3,pcs_midrank,
POSI-J-004530,P3.02,,0,,,,,,,,,unavailable,no_pcs
POSI-J-004541,P3.02,1.733502538071066,394,1017,1017,1326,23.34,PCS-Q4,3610,4067,11.25,pcs_midrank,
POSI-J-004546,P2.05,7.252019386106624,619,114,114,145,21.72,PCS-Q4,1898,4067,53.34,pcs_midrank,
POSI-J-004547,P3.02,1.907843137254902,510,994,994,1326,25.08,PCS-Q3,3564,4067,12.38,pcs_midrank,
POSI-J-004549,P1.05,13.57967032967033,364,87,87,350,75.29,PCS-Q1,765,4067,81.2,pcs_midrank,
POSI-J-004563,P1.06,19.05,260,59,59,401,85.41,PCS-Q1,378,4067,90.72,pcs_midrank,
POSI-J-004606,P3.02,4.843956043956044,455,571,571,1326,56.98,PCS-Q2,2680,4067,34.12,pcs_midrank,
POSI-J-004608,P2.11,12.703296703296703,455,103,103,242,57.64,PCS-Q2,879,4067,78.4,pcs_midrank,
POSI-J-004612,P3.02,8.117647058823529,85,251,251,1326,81.11,PCS-Q1,1675,4067,58.83,pcs_midrank,
POSI-J-004634,P5.02,3.611764705882353,170,225,225,257,12.65,PCS-Q4,3056,4067,24.87,pcs_midrank,
POSI-J-004665,P3.02,1.3092369477911647,498,1085,1085,1326,18.21,PCS-Q4,3730,4067,8.3,pcs_midrank,
POSI-J-004668,P3.02,3.4541666666666666,240,749,749,1326,43.55,PCS-Q3,3099,4067,23.81,pcs_midrank,
POSI-J-004671,P3.03,6.970266040688576,639,14,14,71,80.99,PCS-Q1,1995,4067,50.96,pcs_midrank,
POSI-J-004673,P3.02,5.21,600,528,528,1326,60.22,PCS-Q2,2554,4067,37.21,pcs_midrank,
POSI-J-004751,P1.05,6.612698412698412,315,234,234,350,33.29,PCS-Q3,2091,4067,48.6,pcs_midrank,
POSI-J-004758,P2.11,6.315450643776824,466,209,209,242,13.84,PCS-Q4,2189,4067,46.19,pcs_midrank,
POSI-J-004769,P3.03,5.075376884422111,199,28,28,71,61.27,PCS-Q2,2601,4067,36.06,pcs_midrank,
POSI-J-004781,P3.01,10.76923076923077,312,29,29,108,73.61,PCS-Q2,1129,4067,72.25,pcs_midrank,
POSI-J-004786,P3.01,7.062937062937063,572,66,66,108,39.35,PCS-Q3,1959,4067,51.84,pcs_midrank,
POSI-J-004797,P3.02,6.635555555555555,675,359,359,1326,72.96,PCS-Q2,2084,4067,48.77,pcs_midrank,
POSI-J-004806,P3.02,2.4834205933682374,573,908,908,1326,31.56,PCS-Q3,3413,4067,16.09,pcs_midrank,
POSI-J-004816,P3.02,7.04516129032258,310,329,329,1326,75.23,PCS-Q1,1967,4067,51.65,pcs_midrank,
POSI-J-004837,P3.02,11.033271719038817,541,136,136,1326,89.78,PCS-Q1,1091,4067,73.19,pcs_midrank,
POSI-J-004843,P2.11,12.53448275862069,58,105,105,242,56.82,PCS-Q2,898,4067,77.93,pcs_midrank,
POSI-J-004847,P3.02,2.7217847769028873,762,871,871,1326,34.35,PCS-Q3,3341,4067,17.86,pcs_midrank,
POSI-J-004851,P1.06,3.153658536585366,410,369,369,401,8.1,PCS-Q4,3194,4067,21.48,pcs_midrank,
POSI-J-004890,P1.05,7.682170542635659,258,204,204,350,41.86,PCS-Q3,1770,4067,56.49,pcs_midrank,
POSI-J-004903,P2.01,8.940740740740742,135,39,39,67,42.54,PCS-Q3,1477,4067,63.7,pcs_midrank,
POSI-J-004934,P1.02,11.692307692307692,104,57,57,133,57.52,PCS-Q2,988,4067,75.72,pcs_midrank,
POSI-J-004960,P1.05,19.693950177935942,281,40,40,350,88.71,PCS-Q1,349,4067,91.43,pcs_midrank,
POSI-J-004980,P3.02,3.4629948364888126,581,746,746,1326,43.78,PCS-Q3,3092,4067,23.99,pcs_midrank,
POSI-J-004981,P2.02,23.992156862745098,510,15,15,93,84.41,PCS-Q1,208,4067,94.9,pcs_midrank,
POSI-J-004984,P3.02,7.650326797385621,306,272,272,1326,79.52,PCS-Q1,1775,4067,56.37,pcs_midrank,
POSI-J-004997,P4.01,11.470023980815348,417,55,55,115,52.61,PCS-Q2,1030,4067,74.69,pcs_midrank,
POSI-J-005037,P1.06,6.125396825396826,630,271,271,401,32.54,PCS-Q3,2256,4067,44.54,pcs_midrank,
POSI-J-005047,P2.01,11.670250896057349,279,30,30,67,55.97,PCS-Q2,990,4067,75.67,pcs_midrank,
POSI-J-005089,P3.02,6.895622895622895,297,342,342,1326,74.25,PCS-Q2,2016,4067,50.44,pcs_midrank,
POSI-J-005107,P1.02,11.93061224489796,490,55,55,133,59.02,PCS-Q2,961,4067,76.38,pcs_midrank,
POSI-J-005127,P2.11,11.033259423503326,451,127,127,242,47.73,PCS-Q3,1092,4067,73.16,pcs_midrank,
POSI-J-005128,P3.02,8.328149300155522,643,233,233,1326,82.47,PCS-Q1,1629,4067,59.96,pcs_midrank,
POSI-J-005132,P3.02,0.7038216560509554,314,1179,1179,1326,11.12,PCS-Q4,3858,4067,5.15,pcs_midrank,
POSI-J-005155,P3.02,0.9307692307692308,390,1147,1147,1326,13.54,PCS-Q4,3813,4067,6.26,pcs_midrank,
POSI-J-005186,P3.02,6.54047619047619,420,370,370,1326,72.13,PCS-Q2,2118,4067,47.93,pcs_midrank,
POSI-J-005194,P1.05,12.227611940298507,536,103,103,350,70.71,PCS-Q2,927,4067,77.22,pcs_midrank,
POSI-J-005238,P3.02,3.759856630824373,558,713,713,1326,46.27,PCS-Q3,3013,4067,25.93,pcs_midrank,
POSI-J-005249,P1.06,5.578778135048232,311,290,290,401,27.81,PCS-Q3,2439,4067,40.04,pcs_midrank,
POSI-J-005251,P2.01,,0,,,,,,,,,unavailable,no_pcs
POSI-J-005280,P1.06,10.987577639751553,483,137,137,401,65.96,PCS-Q2,1098,4067,73.01,pcs_midrank,
POSI-J-005288,P3.02,4.572254335260116,346,598,598,1326,54.94,PCS-Q2,2752,4067,32.35,pcs_midrank,
POSI-J-005293,P2.02,8.41594827586207,464,59,59,93,37.1,PCS-Q3,1598,4067,60.72,pcs_midrank,
POSI-J-005294,P3.02,6.767567567567568,185,353,353,1326,73.42,PCS-Q2,2051,4067,49.58,pcs_midrank,
POSI-J-005298,P3.02,2.955357142857143,224,829,829,1326,37.52,PCS-Q3,3257,4067,19.93,pcs_midrank,
POSI-J-005300,P2.01,12.55521472392638,326,26,26,67,61.94,PCS-Q2,894,4067,78.03,pcs_midrank,
POSI-J-005301,P3.02,6.02928870292887,239,430,430,1326,67.61,PCS-Q2,2286,4067,43.8,pcs_midrank,
POSI-J-005304,P1.05,23.304504504504504,555,26,26,350,92.71,PCS-Q1,230,4067,94.36,pcs_midrank,
POSI-J-005338,P1.05,19.31947069943289,529,42,42,350,88.14,PCS-Q1,364,4067,91.06,pcs_midrank,
POSI-J-005354,P5.01,10.202216066481995,361,30,30,144,79.51,PCS-Q1,1226,4067,69.87,pcs_midrank,
POSI-J-005381,P1.05,4.970394736842105,304,293,293,350,16.43,PCS-Q4,2643,4067,35.03,pcs_midrank,
POSI-J-005382,P3.02,,0,,,,,,,,,unavailable,no_pcs
POSI-J-005577,P1.05,11.486486486486486,185,116,116,350,67,PCS-Q2,1026,4067,74.78,pcs_midrank,
POSI-J-005608,P2.05,16.573214285714286,560,37,37,145,74.83,PCS-Q2,528,4067,87.03,pcs_midrank,
POSI-J-005617,P1.01,7.2345924453280315,503,3,3,44,94.32,PCS-Q1,1901,4067,53.27,pcs_midrank,
POSI-J-005635,P1.06,21.190036900369005,542,44,44,401,89.15,PCS-Q1,291,4067,92.86,pcs_midrank,
POSI-J-005670,P3.01,3.38953488372093,172,101,101,108,6.94,PCS-Q4,3118,4067,23.35,pcs_midrank,
POSI-J-005722,P3.02,8.441489361702128,188,225,225,1326,83.07,PCS-Q1,1590,4067,60.92,pcs_midrank,
POSI-J-005748,P3.02,4.837383177570094,535,573,573,1326,56.83,PCS-Q2,2683,4067,34.04,pcs_midrank,
POSI-J-005761,P1.04,11.019569471624266,511,24,24,91,74.18,PCS-Q2,1093,4067,73.14,pcs_midrank,
POSI-J-005773,P1.02,5.111111111111111,423,110,110,133,17.67,PCS-Q4,2593,4067,36.26,pcs_midrank,
POSI-J-005782,P3.02,1.922680412371134,388,990,990,1326,25.38,PCS-Q3,3557,4067,12.55,pcs_midrank,
POSI-J-005786,P5.01,7.3017751479289945,507,58,58,144,60.07,PCS-Q2,1881,4067,53.76,pcs_midrank,
POSI-J-005829,P2.05,11.108597285067873,442,85,85,145,41.72,PCS-Q3,1078,4067,73.51,pcs_midrank,
POSI-J-005859,P3.02,1.1027027027027028,370,1125,1125,1326,15.2,PCS-Q4,3786,4067,6.92,pcs_midrank,
POSI-J-005864,P5.02,21.330404217926187,569,40,40,257,84.63,PCS-Q1,284,4067,93.03,pcs_midrank,
POSI-J-005894,P2.05,10.77245508982036,167,87,87,145,40.34,PCS-Q3,1128,4067,72.28,pcs_midrank,
POSI-J-005899,P2.01,7.959349593495935,123,46,46,67,32.09,PCS-Q3,1711,4067,57.94,pcs_midrank,
POSI-J-005932,P1.05,9.95906432748538,342,144,144,350,59,PCS-Q2,1268,4067,68.83,pcs_midrank,
POSI-J-005940,P1.02,11.703358208955224,536,56,56,133,58.27,PCS-Q2,987,4067,75.74,pcs_midrank,
POSI-J-005957,P1.02,54.38818565400844,474,2,2,133,98.87,PCS-Q1,17,4067,99.59,pcs_midrank,
POSI-J-005992,P4.01,9.701863354037267,322,70,70,115,39.57,PCS-Q3,1319,4067,67.58,pcs_midrank,
POSI-J-006000,P3.02,4.924187725631769,277,564,564,1326,57.5,PCS-Q2,2659,4067,34.63,pcs_midrank,
POSI-J-006017,P3.02,1.202020202020202,396,1110,1110,1326,16.33,PCS-Q4,3764,4067,7.46,pcs_midrank,
POSI-J-006026,P4.01,14.650717703349283,209,35,35,115,70,PCS-Q2,661,4067,83.76,pcs_midrank,
POSI-J-006066,P1.06,6.992753623188406,414,242,242,401,39.78,PCS-Q3,1986,4067,51.18,pcs_midrank,
POSI-J-006085,P2.11,6.865877712031558,507,199,199,242,17.98,PCS-Q4,2027,4067,50.17,pcs_midrank,
POSI-J-006133,P3.02,2.309090909090909,385,932,932,1326,29.75,PCS-Q3,3464,4067,14.84,pcs_midrank,
POSI-J-006159,P3.02,1.2941176470588236,221,1093,1093.5,1326,17.57,PCS-Q4,3738,4067,8.09,pcs_midrank,
POSI-J-006180,P3.02,4.336683417085427,199,631,631,1326,52.45,PCS-Q2,2828,4067,30.48,pcs_midrank,
POSI-J-006181,P3.02,0.5756207674943566,443,1195,1195,1326,9.92,PCS-Q4,3878,4067,4.66,pcs_midrank,
POSI-J-006193,P2.03,10.256619144602851,491,36,36,75,52.67,PCS-Q2,1217,4067,70.09,pcs_midrank,
POSI-J-006230,P5.04,10.284172661870503,278,12,12,50,77,PCS-Q1,1209,4067,70.29,pcs_midrank,
POSI-J-006239,P3.02,9.863829787234042,235,172,172,1326,87.07,PCS-Q1,1285,4067,68.42,pcs_midrank,
POSI-J-006299,P3.03,8.48578811369509,387,9,9,71,88.03,PCS-Q1,1575,4067,61.29,pcs_midrank,
POSI-J-006300,P3.02,2.27735368956743,393,939,939,1326,29.22,PCS-Q3,3474,4067,14.59,pcs_midrank,
POSI-J-006315,P3.02,1.132295719844358,257,1118,1118,1326,15.72,PCS-Q4,3775,4067,7.19,pcs_midrank,
POSI-J-006325,P3.02,1.7184466019417475,309,1019,1019,1326,23.19,PCS-Q4,3614,4067,11.15,pcs_midrank,
POSI-J-006337,P3.02,4.219088937093275,461,648,648,1326,51.17,PCS-Q2,2862,4067,29.64,pcs_midrank,
POSI-J-006421,P3.01,5.301994301994302,351,88,88,108,18.98,PCS-Q4,2532,4067,37.76,pcs_midrank,
POSI-J-006436,P1.05,4.081632653061225,245,310,310,350,11.57,PCS-Q4,2904,4067,28.61,pcs_midrank,
POSI-J-006536,P3.02,4.047961630695443,417,673,673,1326,49.28,PCS-Q3,2921,4067,28.19,pcs_midrank,
POSI-J-006547,P1.05,15.271565495207668,313,74,74,350,79,PCS-Q1,613,4067,84.94,pcs_midrank,
POSI-J-006550,P2.05,7.038216560509555,314,119,119,145,18.28,PCS-Q4,1971,4067,51.55,pcs_midrank,
POSI-J-006601,P5.03,9.320843091334895,427,11,11,29,63.79,PCS-Q2,1400,4067,65.59,pcs_midrank,
POSI-J-006632,P1.01,2.707774798927614,373,25,25,44,44.32,PCS-Q3,3346,4067,17.74,pcs_midrank,
POSI-J-006634,P3.02,2.888888888888889,207,841,841,1326,36.61,PCS-Q3,3285,4067,19.24,pcs_midrank,
POSI-J-006675,P1.05,12.200873362445416,229,104,104,350,70.43,PCS-Q2,930,4067,77.15,pcs_midrank,
POSI-J-006683,P3.02,3.279352226720648,247,770,770,1326,41.97,PCS-Q3,3151,4067,22.54,pcs_midrank,
POSI-J-006685,P3.02,2.3801452784503634,413,926,926,1326,30.2,PCS-Q3,3447,4067,15.26,pcs_midrank,
POSI-J-006695,P3.02,2.9424920127795526,313,831,831,1326,37.37,PCS-Q3,3261,4067,19.83,pcs_midrank,
POSI-J-006722,P3.02,3.9310344827586206,406,685,685,1326,48.38,PCS-Q3,2956,4067,27.33,pcs_midrank,
POSI-J-006733,P1.05,8.17303370786517,445,194,194,350,44.71,PCS-Q3,1669,4067,58.97,pcs_midrank,
POSI-J-006735,P3.02,,0,,,,,,,,,unavailable,no_pcs
POSI-J-006759,P3.02,3.189873417721519,316,791,791,1326,40.38,PCS-Q3,3177,4067,21.9,pcs_midrank,
POSI-J-006769,P2.02,9.314176245210728,261,50,50,93,46.77,PCS-Q3,1404,4067,65.49,pcs_midrank,
POSI-J-006771,P1.05,9.91904761904762,420,145,145,350,58.71,PCS-Q2,1274,4067,68.69,pcs_midrank,
POSI-J-006782,P4.01,9.071428571428571,70,74,74,115,36.09,PCS-Q3,1450,4067,64.36,pcs_midrank,
POSI-J-006802,P1.05,6.754901960784314,306,230,230,350,34.43,PCS-Q3,2054,4067,49.51,pcs_midrank,
POSI-J-006869,P3.02,1.4585987261146496,471,1050,1050,1326,20.85,PCS-Q4,3680,4067,9.53,pcs_midrank,
POSI-J-006878,P1.06,11.846846846846846,333,125,125,401,68.95,PCS-Q2,972,4067,76.11,pcs_midrank,
POSI-J-006935,P3.02,2.010169491525424,295,980,980,1326,26.13,PCS-Q3,3538,4067,13.02,pcs_midrank,
POSI-J-006940,P2.02,7.298245614035087,114,69,69,93,26.34,PCS-Q3,1882,4067,53.74,pcs_midrank,
POSI-J-006994,P2.11,6.99203187250996,251,197,197,242,18.8,PCS-Q4,1987,4067,51.16,pcs_midrank,
POSI-J-007006,P3.02,1.6072289156626507,415,1031,1031,1326,22.29,PCS-Q4,3638,4067,10.56,pcs_midrank,
POSI-J-007023,P2.05,19.68421052631579,266,22,22,145,85.17,PCS-Q1,350,4067,91.41,pcs_midrank,
POSI-J-007032,P2.01,10.924342105263158,304,33,33,67,51.49,PCS-Q2,1105,4067,72.84,pcs_midrank,
POSI-J-007066,P2.11,4.797872340425532,376,225,225,242,7.23,PCS-Q4,2698,4067,33.67,pcs_midrank,
POSI-J-007083,P5.02,7.058620689655172,290,176,176,257,31.71,PCS-Q3,1960,4067,51.82,pcs_midrank,
POSI-J-007087,P3.02,4.487455197132617,279,611,611,1326,53.96,PCS-Q2,2771,4067,31.88,pcs_midrank,
POSI-J-007089,P1.06,5.329608938547486,358,300,300,401,25.31,PCS-Q3,2524,4067,37.95,pcs_midrank,
POSI-J-007110,P2.01,20.84565916398714,311,8,8,67,88.81,PCS-Q1,300,4067,92.64,pcs_midrank,
POSI-J-007121,P3.02,5.967441860465116,215,438,438,1326,67.01,PCS-Q2,2307,4067,43.29,pcs_midrank,
POSI-J-007177,P3.02,3.2261640798226163,451,781,781,1326,41.14,PCS-Q3,3165,4067,22.19,pcs_midrank,
POSI-J-007207,P3.02,0.39285714285714285,56,1218,1218.5,1326,8.14,PCS-Q4,3915,4067,3.74,pcs_midrank,
POSI-J-007228,P2.03,7.148760330578512,242,54,54,75,28.67,PCS-Q3,1931,4067,52.53,pcs_midrank,
POSI-J-007250,P3.02,0.8728070175438597,228,1153,1153,1326,13.08,PCS-Q4,3823,4067,6.01,pcs_midrank,
POSI-J-007255,P3.02,7.592105263157895,152,277,277,1326,79.15,PCS-Q1,1794,4067,55.9,pcs_midrank,
POSI-J-007267,P3.02,1.6357388316151202,291,1026,1026,1326,22.66,PCS-Q4,3629,4067,10.78,pcs_midrank,
POSI-J-007368,P3.02,4.565891472868217,387,599,599,1326,54.86,PCS-Q2,2753,4067,32.32,pcs_midrank,
POSI-J-007385,P1.05,8.451612903225806,341,185,185,350,47.29,PCS-Q3,1586,4067,61.02,pcs_midrank,
POSI-J-007389,P1.02,5.902313624678663,389,108,108,133,19.17,PCS-Q4,2334,4067,42.62,pcs_midrank,
POSI-J-007453,,5.548974943052392,439,,,,,,2447,4067,39.85,unavailable,no_psc_category
POSI-J-007478,P1.03,16.09933774834437,151,9,9,91,90.66,PCS-Q1,553,4067,86.42,pcs_midrank,
POSI-J-007484,P3.02,5.7969543147208125,197,457,457,1326,65.57,PCS-Q2,2362,4067,41.94,pcs_midrank,
POSI-J-007522,P1.06,2.3675675675675674,185,380,380,401,5.36,PCS-Q4,3451,4067,15.16,pcs_midrank,
POSI-J-007529,P3.02,2.2244897959183674,196,946,946,1326,28.7,PCS-Q3,3488,4067,14.25,pcs_midrank,
POSI-J-007551,P1.05,3.6135458167330676,251,317,317,350,9.57,PCS-Q4,3055,4067,24.9,pcs_midrank,
POSI-J-007566,P3.02,2.6262975778546713,289,886,886,1326,33.22,PCS-Q3,3371,4067,17.13,pcs_midrank,
POSI-J-007575,P3.02,9.157303370786517,267,196,196,1326,85.26,PCS-Q1,1433,4067,64.78,pcs_midrank,
POSI-J-007582,P2.11,10.918674698795181,332,129,129,242,46.9,PCS-Q3,1107,4067,72.79,pcs_midrank,
POSI-J-007604,P2.11,10.682634730538922,334,131,131,242,46.07,PCS-Q3,1145,4067,71.86,pcs_midrank,
POSI-J-007665,P3.02,1.24496644295302,298,1102,1102,1326,16.93,PCS-Q4,3753,4067,7.73,pcs_midrank,
POSI-J-007708,P1.06,3.99672131147541,305,349,349,401,13.09,PCS-Q4,2935,4067,27.85,pcs_midrank,
POSI-J-007724,P3.02,1.1297297297297297,185,1119,1119,1326,15.65,PCS-Q4,3776,4067,7.17,pcs_midrank,
POSI-J-007728,P1.05,9.365131578947368,304,162,162,350,53.86,PCS-Q2,1384,4067,65.98,pcs_midrank,
POSI-J-007760,P1.04,9.550335570469798,298,32,32,91,65.38,PCS-Q2,1346,4067,66.92,pcs_midrank,
POSI-J-007766,P3.02,0.5104712041884817,382,1203,1203,1326,9.31,PCS-Q4,3890,4067,4.36,pcs_midrank,
POSI-J-007783,P3.02,0.1423948220064725,309,1268,1268,1326,4.41,PCS-Q4,3989,4067,1.93,pcs_midrank,
POSI-J-007784,P3.02,2.1506849315068495,146,958,958,1326,27.79,PCS-Q3,3508,4067,13.76,pcs_midrank,
POSI-J-007800,P3.02,12.355704697986576,298,112,112,1326,91.59,PCS-Q1,917,4067,77.46,pcs_midrank,
POSI-J-007848,P3.02,7.619047619047619,315,274,274,1326,79.37,PCS-Q1,1783,4067,56.17,pcs_midrank,
POSI-J-007858,P2.11,15.533783783783784,148,67,67,242,72.52,PCS-Q2,593,4067,85.43,pcs_midrank,
POSI-J-007893,P1.05,8.443333333333333,300,186,186,350,47,PCS-Q3,1589,4067,60.94,pcs_midrank,
POSI-J-007924,P3.02,20.904255319148938,376,33,33,1326,97.55,PCS-Q1,298,4067,92.69,pcs_midrank,
POSI-J-007926,P3.02,6.833333333333333,372,348,348,1326,73.79,PCS-Q2,2037,4067,49.93,pcs_midrank,
POSI-J-007937,P5.02,11.704761904761904,315,107,107,257,58.56,PCS-Q2,986,4067,75.77,pcs_midrank,
POSI-J-007959,P3.02,4.402877697841727,139,623,623,1326,53.05,PCS-Q2,2801,4067,31.14,pcs_midrank,
POSI-J-008000,P3.02,1.5961538461538463,312,1033,1033,1326,22.13,PCS-Q4,3641,4067,10.49,pcs_midrank,
POSI-J-008030,P2.11,10.063758389261745,298,144,144,242,40.7,PCS-Q3,1247,4067,69.35,pcs_midrank,
POSI-J-008053,P3.02,3.0716723549488054,293,812,812,1326,38.8,PCS-Q3,3221,4067,20.81,pcs_midrank,
POSI-J-008072,P3.02,21.69918699186992,123,32,32,1326,97.62,PCS-Q1,273,4067,93.3,pcs_midrank,
POSI-J-008164,P2.11,9.699386503067485,163,150,150,242,38.22,PCS-Q3,1321,4067,67.53,pcs_midrank,
POSI-J-008173,P1.06,2.9356435643564356,404,372,372,401,7.36,PCS-Q4,3267,4067,19.68,pcs_midrank,
POSI-J-008177,P1.05,7.1085714285714285,175,219,219,350,37.57,PCS-Q3,1941,4067,52.29,pcs_midrank,
POSI-J-008256,P5.02,7.847222222222222,144,162,162,257,37.16,PCS-Q3,1741,4067,57.2,pcs_midrank,
POSI-J-008259,P1.05,7.903846153846154,208,202,202,350,42.43,PCS-Q3,1723,4067,57.65,pcs_midrank,
POSI-J-008264,P3.02,7.316981132075472,265,302,302,1326,77.26,PCS-Q1,1876,4067,53.88,pcs_midrank,
POSI-J-008280,P4.01,6.39622641509434,265,98,98,115,15.22,PCS-Q4,2151,4067,47.12,pcs_midrank,
POSI-J-008302,P5.02,25.02769230769231,325,22,22,257,91.63,PCS-Q1,181,4067,95.56,pcs_midrank,
POSI-J-008349,P3.02,4.3023255813953485,215,637,637,1326,52,PCS-Q2,2838,4067,30.23,pcs_midrank,
POSI-J-008388,P1.05,11.278443113772456,334,120,120,350,65.86,PCS-Q2,1059,4067,73.97,pcs_midrank,
POSI-J-008392,P3.02,0.3178294573643411,258,1232,1232,1326,7.13,PCS-Q4,3934,4067,3.28,pcs_midrank,
POSI-J-008395,P5.01,6.925675675675675,296,62,62,144,57.29,PCS-Q2,2003,4067,50.76,pcs_midrank,
POSI-J-008427,P2.01,21.46439628482972,323,7,7,67,90.3,PCS-Q1,280,4067,93.13,pcs_midrank,
POSI-J-008479,P5.04,6.306772908366534,251,22,22,50,57,PCS-Q2,2193,4067,46.09,pcs_midrank,
POSI-J-008529,P2.03,7.512455516014235,281,52,52,75,31.33,PCS-Q3,1818,4067,55.31,pcs_midrank,
POSI-J-008569,P3.02,7.780068728522337,291,268,268,1326,79.83,PCS-Q1,1755,4067,56.86,pcs_midrank,
POSI-J-008617,P1.02,11.46923076923077,260,61,61,133,54.51,PCS-Q2,1031,4067,74.66,pcs_midrank,
POSI-J-008645,P3.02,6.570422535211268,284,366,366,1326,72.44,PCS-Q2,2107,4067,48.21,pcs_midrank,
POSI-J-008705,P2.03,8.735294117647058,204,47,47,75,38,PCS-Q3,1522,4067,62.59,pcs_midrank,
POSI-J-008726,P1.06,12.939716312056738,282,113,113,401,71.95,PCS-Q2,847,4067,79.19,pcs_midrank,
POSI-J-008753,P2.05,14.103092783505154,291,54,54,145,63.1,PCS-Q2,719,4067,82.33,pcs_midrank,
POSI-J-008757,P2.02,95.79133858267717,254,1,1,93,99.46,PCS-Q1,3,4067,99.94,pcs_midrank,
POSI-J-008803,P1.05,16.53416149068323,161,61,61,350,82.71,PCS-Q1,529,4067,87.01,pcs_midrank,
POSI-J-008817,P1.05,10.538860103626943,193,134,134,350,61.86,PCS-Q2,1168,4067,71.29,pcs_midrank,
POSI-J-008855,P2.05,18.49418604651163,172,26,26,145,82.41,PCS-Q1,411,4067,89.91,pcs_midrank,
POSI-J-008863,P2.05,3.0964285714285715,280,141,141,145,3.1,PCS-Q4,3214,4067,20.99,pcs_midrank,
POSI-J-008864,P1.03,3.674107142857143,224,78,78,91,14.84,PCS-Q4,3041,4067,25.24,pcs_midrank,
POSI-J-008926,P3.02,0.9556451612903226,248,1142,1142,1326,13.91,PCS-Q4,3807,4067,6.41,pcs_midrank,
POSI-J-008938,P1.05,4.23448275862069,145,306,306,350,12.71,PCS-Q4,2856,4067,29.79,pcs_midrank,
POSI-J-008948,,9.226600985221674,203,,,,,,1422,4067,65.05,unavailable,no_psc_category
POSI-J-008959,P3.02,5.581132075471698,265,478,478,1326,63.99,PCS-Q2,2437,4067,40.09,pcs_midrank,
POSI-J-009015,P1.04,15.536423841059603,302,12,12,91,87.36,PCS-Q1,592,4067,85.46,pcs_midrank,
POSI-J-009032,P2.03,7.8283828382838285,303,50,50,75,34,PCS-Q3,1743,4067,57.16,pcs_midrank,
POSI-J-009134,P1.05,7.180995475113122,221,216,216,350,38.43,PCS-Q3,1919,4067,52.83,pcs_midrank,
POSI-J-009147,P2.11,6.776699029126213,206,200,200,242,17.56,PCS-Q4,2047,4067,49.68,pcs_midrank,
POSI-J-009169,P3.02,0.5625,80,1196,1196,1326,9.84,PCS-Q4,3879,4067,4.63,pcs_midrank,
POSI-J-009178,P1.02,8.296511627906977,172,93,93,133,30.45,PCS-Q3,1637,4067,59.76,pcs_midrank,
POSI-J-009181,P3.02,9.182291666666666,192,195,195,1326,85.33,PCS-Q1,1431,4067,64.83,pcs_midrank,
POSI-J-009220,P5.02,10.75098814229249,253,121,121,257,53.11,PCS-Q2,1130,4067,72.23,pcs_midrank,
POSI-J-009223,P1.06,13.073529411764707,272,107,107,401,73.44,PCS-Q2,829,4067,79.63,pcs_midrank,
POSI-J-009234,P5.02,6.755244755244755,143,179,179,257,30.54,PCS-Q3,2053,4067,49.53,pcs_midrank,
POSI-J-009283,P3.02,5.851851851851852,162,452,452,1326,65.95,PCS-Q2,2349,4067,42.25,pcs_midrank,
POSI-J-009286,P3.02,7.049019607843137,306,326,326,1326,75.45,PCS-Q1,1964,4067,51.72,pcs_midrank,
POSI-J-009326,P3.02,7.354368932038835,206,298,298,1326,77.56,PCS-Q1,1866,4067,54.13,pcs_midrank,
POSI-J-009351,P3.02,8.575609756097561,205,217,217,1326,83.67,PCS-Q1,1554,4067,61.8,pcs_midrank,
POSI-J-009396,P2.11,9.412765957446808,235,158,158,242,34.92,PCS-Q3,1378,4067,66.13,pcs_midrank,
POSI-J-009496,P1.02,27.429718875502008,249,10,10,133,92.86,PCS-Q1,150,4067,96.32,pcs_midrank,
POSI-J-009533,P1.05,13.432692307692308,208,90,90,350,74.43,PCS-Q2,780,4067,80.83,pcs_midrank,
POSI-J-009545,P2.11,8.175,200,185,185,242,23.76,PCS-Q4,1667,4067,59.02,pcs_midrank,
POSI-J-009581,P3.01,5.070754716981132,212,90,90,108,17.13,PCS-Q4,2603,4067,36.01,pcs_midrank,
POSI-J-009649,P1.05,10.456521739130435,276,136,136,350,61.29,PCS-Q2,1177,4067,71.07,pcs_midrank,
POSI-J-009671,P1.04,6.674509803921569,255,56,56,91,39.01,PCS-Q3,2070,4067,49.11,pcs_midrank,
POSI-J-009694,P1.05,14.838056680161943,247,77,77,350,78.14,PCS-Q1,646,4067,84.13,pcs_midrank,
POSI-J-009695,P1.04,6.566433566433567,286,57,57,91,37.91,PCS-Q3,2109,4067,48.16,pcs_midrank,
POSI-J-009777,P3.02,2.950354609929078,282,830,830,1326,37.44,PCS-Q3,3258,4067,19.9,pcs_midrank,
POSI-J-009779,P5.02,17.403041825095055,263,64,64,257,75.29,PCS-Q1,471,4067,88.43,pcs_midrank,
POSI-J-009789,P1.06,12.780082987551868,241,115,115,401,71.45,PCS-Q2,868,4067,78.67,pcs_midrank,
POSI-J-009827,P2.02,13.614864864864865,148,31,31,93,67.2,PCS-Q2,763,4067,81.25,pcs_midrank,
POSI-J-009846,P2.11,10.669230769230769,260,133,133,242,45.25,PCS-Q3,1148,4067,71.79,pcs_midrank,
POSI-J-009859,P1.05,9.31651376146789,218,164,164,350,53.29,PCS-Q2,1403,4067,65.52,pcs_midrank,
POSI-J-009933,P2.02,22.421965317919074,173,17,17,93,82.26,PCS-Q1,251,4067,93.84,pcs_midrank,
POSI-J-009946,P5.04,14.584615384615384,260,8,8,50,85,PCS-Q1,665,4067,83.66,pcs_midrank,
POSI-J-009957,P1.05,7.178403755868545,213,217,217,350,38.14,PCS-Q3,1920,4067,52.8,pcs_midrank,
POSI-J-009993,P3.02,2.7153846153846155,260,873,873,1326,34.2,PCS-Q3,3343,4067,17.81,pcs_midrank,
POSI-J-009997,P1.05,16.334586466165412,266,63,63,350,82.14,PCS-Q1,542,4067,86.69,pcs_midrank,
POSI-J-010017,P4.01,23.52777777777778,144,8,8,115,93.48,PCS-Q1,220,4067,94.6,pcs_midrank,
POSI-J-010020,P2.11,12.574324324324325,296,104,104,242,57.23,PCS-Q2,891,4067,78.1,pcs_midrank,
POSI-J-010057,P2.11,10.27461139896373,193,141,141,242,41.94,PCS-Q3,1213,4067,70.19,pcs_midrank,
POSI-J-010070,P5.01,5.719047619047619,210,82,82,144,43.4,PCS-Q3,2384,4067,41.39,pcs_midrank,
POSI-J-010081,P1.06,6.558620689655172,145,255,255,401,36.53,PCS-Q3,2111,4067,48.11,pcs_midrank,
POSI-J-010107,P2.11,3.0631578947368423,190,233,233,242,3.93,PCS-Q4,3224,4067,20.74,pcs_midrank,
POSI-J-010115,P2.04,4.173076923076923,208,,,6,,,2883,4067,29.12,unavailable,category_below_min_size
POSI-J-010143,P5.01,1.894941634241245,257,132,132,144,8.68,PCS-Q4,3567,4067,12.31,pcs_midrank,
POSI-J-010195,P3.02,5.654901960784314,255,469,469,1326,64.67,PCS-Q2,2410,4067,40.75,pcs_midrank,
POSI-J-010213,P2.05,23.1125,160,15,15,145,90,PCS-Q1,232,4067,94.31,pcs_midrank,
POSI-J-010223,P2.11,16.630573248407643,157,58,58,242,76.24,PCS-Q1,521,4067,87.2,pcs_midrank,
POSI-J-010258,P3.02,2.5,78,903,903,1326,31.94,PCS-Q3,3402,4067,16.34,pcs_midrank,
POSI-J-010297,P1.02,18.27705627705628,231,26,26,133,80.83,PCS-Q1,424,4067,89.59,pcs_midrank,
POSI-J-010318,P1.02,10.429530201342281,149,69,69,133,48.5,PCS-Q3,1181,4067,70.97,pcs_midrank,
POSI-J-010328,P1.05,8.407766990291263,206,188,188,350,46.43,PCS-Q3,1602,4067,60.62,pcs_midrank,
POSI-J-010331,P3.02,1.5627906976744186,215,1040,1040,1326,21.61,PCS-Q4,3652,4067,10.22,pcs_midrank,
POSI-J-010345,P2.11,9.8212927756654,263,148,148,242,39.05,PCS-Q3,1294,4067,68.2,pcs_midrank,
POSI-J-010354,P3.02,7.169724770642202,218,316,316,1326,76.21,PCS-Q1,1926,4067,52.66,pcs_midrank,
POSI-J-010357,P2.05,18.654028436018958,211,24,24,145,83.79,PCS-Q1,395,4067,90.3,pcs_midrank,
POSI-J-010399,P3.02,3.4923076923076923,260,743,743,1326,44,PCS-Q3,3085,4067,24.16,pcs_midrank,
POSI-J-010434,P1.05,8.485207100591715,169,183,183,350,47.86,PCS-Q3,1576,4067,61.26,pcs_midrank,
POSI-J-010436,P1.05,5.967479674796748,246,259,259,350,26.14,PCS-Q3,2306,4067,43.31,pcs_midrank,
POSI-J-010465,P5.02,3.302325581395349,86,230,230,257,10.7,PCS-Q4,3147,4067,22.63,pcs_midrank,
POSI-J-010467,P1.05,6.3076923076923075,260,244,244,350,30.43,PCS-Q3,2192,4067,46.12,pcs_midrank,
POSI-J-010473,P2.11,7.094736842105263,95,195,195,242,19.63,PCS-Q4,1944,4067,52.21,pcs_midrank,
POSI-J-010490,P1.05,5.177777777777778,225,287,287,350,18.14,PCS-Q4,2566,4067,36.92,pcs_midrank,
POSI-J-010520,P1.05,12.314606741573034,178,101,101,350,71.29,PCS-Q2,921,4067,77.37,pcs_midrank,
POSI-J-010543,P1.05,11.802631578947368,228,112,112,350,68.14,PCS-Q2,979,4067,75.94,pcs_midrank,
POSI-J-010624,P2.05,21.68807339449541,218,17,17,145,88.62,PCS-Q1,274,4067,93.28,pcs_midrank,
POSI-J-010704,P3.02,6.423076923076923,260,381,381,1326,71.3,PCS-Q2,2144,4067,47.3,pcs_midrank,
POSI-J-010754,P1.05,6.457746478873239,142,238,238,350,32.14,PCS-Q3,2140,4067,47.39,pcs_midrank,
POSI-J-010766,P1.05,2.6846153846153844,130,337,337,350,3.86,PCS-Q4,3355,4067,17.52,pcs_midrank,
POSI-J-010780,P3.02,3.507853403141361,191,741,741,1326,44.16,PCS-Q3,3082,4067,24.23,pcs_midrank,
POSI-J-010832,P3.02,2.827272727272727,220,853,853,1326,35.71,PCS-Q3,3308,4067,18.67,pcs_midrank,
POSI-J-010867,P3.02,3.1923076923076925,208,790,790,1326,40.46,PCS-Q3,3176,4067,21.92,pcs_midrank,
POSI-J-010912,P3.02,3.1594202898550723,207,798,798,1326,39.86,PCS-Q3,3191,4067,21.55,pcs_midrank,
POSI-J-010917,P5.02,21.99173553719008,121,34,34,257,86.96,PCS-Q1,261,4067,93.58,pcs_midrank,
POSI-J-010931,P3.02,7.804733727810651,169,266,266,1326,79.98,PCS-Q1,1744,4067,57.13,pcs_midrank,
POSI-J-010934,P3.02,3.0969162995594712,227,808,808,1326,39.1,PCS-Q3,3213,4067,21.01,pcs_midrank,
POSI-J-010937,P3.02,1.7129186602870814,209,1020,1020,1326,23.11,PCS-Q4,3615,4067,11.13,pcs_midrank,
POSI-J-010961,P3.02,1.506787330316742,221,1045,1045,1326,21.23,PCS-Q4,3667,4067,9.85,pcs_midrank,
POSI-J-010984,P4.01,12.765853658536585,205,45,45,115,61.3,PCS-Q2,872,4067,78.57,pcs_midrank,
POSI-J-011011,P1.06,14.11111111111111,72,93,93,401,76.93,PCS-Q1,718,4067,82.36,pcs_midrank,
POSI-J-011029,P1.02,13.253521126760564,142,48,48,133,64.29,PCS-Q2,802,4067,80.29,pcs_midrank,
POSI-J-011075,P3.02,1.8308457711442787,201,1003,1003,1326,24.4,PCS-Q4,3583,4067,11.91,pcs_midrank,
POSI-J-011095,P1.05,5.516483516483516,182,277,277,350,21,PCS-Q4,2460,4067,39.53,pcs_midrank,
POSI-J-011116,P3.01,8.243478260869566,230,53,53,108,51.39,PCS-Q2,1650,4067,59.44,pcs_midrank,
POSI-J-011119,P3.02,2.4854368932038833,206,907,907,1326,31.64,PCS-Q3,3411,4067,16.14,pcs_midrank,
POSI-J-011135,P3.02,9.119266055045872,218,199,199,1326,85.03,PCS-Q1,1442,4067,64.56,pcs_midrank,
POSI-J-011136,P4.01,7.92274678111588,233,88,88,115,23.91,PCS-Q4,1719,4067,57.75,pcs_midrank,
POSI-J-011163,P3.02,1.1415929203539823,226,1116,1116,1326,15.87,PCS-Q4,3773,4067,7.24,pcs_midrank,
POSI-J-011176,P2.02,37.96,175,9,9,93,90.86,PCS-Q1,63,4067,98.46,pcs_midrank,
POSI-J-011196,P6.02,4.386503067484663,163,,,17,,,2807,4067,30.99,unavailable,category_below_min_size
POSI-J-011222,P3.02,2.4730538922155687,167,909,909,1326,31.49,PCS-Q3,3418,4067,15.97,pcs_midrank,
POSI-J-011236,P5.01,3.9308755760368665,217,117,117,144,19.1,PCS-Q4,2957,4067,27.31,pcs_midrank,
POSI-J-011266,P3.02,4.96875,160,559,559,1326,57.88,PCS-Q2,2645,4067,34.98,pcs_midrank,
POSI-J-011321,P5.01,7.0636363636363635,220,61,61,144,57.99,PCS-Q2,1958,4067,51.87,pcs_midrank,
POSI-J-011335,P2.02,32.90384615384615,208,12,12,93,87.63,PCS-Q1,97,4067,97.63,pcs_midrank,
POSI-J-011381,P3.02,1.4935064935064934,231,1046,1046,1326,21.15,PCS-Q4,3671,4067,9.75,pcs_midrank,
POSI-J-011416,P4.01,7.325925925925926,135,92,92,115,20.43,PCS-Q4,1874,4067,53.93,pcs_midrank,
POSI-J-011429,P3.02,6.474137931034483,232,377,377,1326,71.61,PCS-Q2,2134,4067,47.54,pcs_midrank,
POSI-J-011459,P5.01,4.616071428571429,224,102,102,144,29.51,PCS-Q3,2745,4067,32.52,pcs_midrank,
POSI-J-011467,P5.02,6.150375939849624,133,189,189,257,26.65,PCS-Q3,2245,4067,44.81,pcs_midrank,
POSI-J-011490,P3.02,2.7643312101910826,157,862,862,1326,35.03,PCS-Q3,3324,4067,18.28,pcs_midrank,
POSI-J-011528,P3.02,4.837209302325581,129,574,574,1326,56.75,PCS-Q2,2684,4067,34.02,pcs_midrank,
POSI-J-011552,P2.11,5,96,223,223,242,8.06,PCS-Q4,2634,4067,35.23,pcs_midrank,
POSI-J-011568,P3.02,1.9839572192513368,187,983,983,1326,25.9,PCS-Q3,3544,4067,12.87,pcs_midrank,
POSI-J-011572,P3.02,3.60625,160,731,731,1326,44.91,PCS-Q3,3058,4067,24.82,pcs_midrank,
POSI-J-011580,P2.11,10.726851851851851,216,130,130,242,46.49,PCS-Q3,1135,4067,72.1,pcs_midrank,
POSI-J-011602,P5.01,4.201058201058201,189,108,108,144,25.35,PCS-Q3,2870,4067,29.44,pcs_midrank,
POSI-J-011606,P3.02,3.2366863905325443,169,780,780,1326,41.21,PCS-Q3,3163,4067,22.24,pcs_midrank,
POSI-J-011616,P4.01,8.838461538461539,130,80,80,115,30.87,PCS-Q3,1501,4067,63.11,pcs_midrank,
POSI-J-011673,P3.02,6.336585365853659,205,392,392,1326,70.48,PCS-Q2,2181,4067,46.39,pcs_midrank,
POSI-J-011711,P3.01,12.846938775510203,196,19,19,108,82.87,PCS-Q1,860,4067,78.87,pcs_midrank,
POSI-J-011713,P2.03,40.41988950276243,181,3,3,75,96.67,PCS-Q1,43,4067,98.96,pcs_midrank,
POSI-J-011725,P2.02,8.615819209039548,177,57,57,93,39.25,PCS-Q3,1548,4067,61.95,pcs_midrank,
POSI-J-011766,P3.02,0.3711340206185567,194,1222,1222,1326,7.88,PCS-Q4,3920,4067,3.63,pcs_midrank,
POSI-J-011794,P2.03,5.63677130044843,223,61,61,75,19.33,PCS-Q4,2420,4067,40.51,pcs_midrank,
POSI-J-011858,P3.02,0.5081967213114754,183,1204,1204,1326,9.24,PCS-Q4,3892,4067,4.32,pcs_midrank,
POSI-J-011868,P1.02,17.85207100591716,169,29,29,133,78.57,PCS-Q1,450,4067,88.95,pcs_midrank,
POSI-J-011875,P3.01,6.1066666666666665,225,81,81,108,25.46,PCS-Q3,2261,4067,44.42,pcs_midrank,
POSI-J-011879,P4.01,8.456410256410257,195,84,84,115,27.39,PCS-Q3,1582,4067,61.11,pcs_midrank,
POSI-J-011934,P3.02,14.474683544303797,158,73,73,1326,94.53,PCS-Q1,675,4067,83.42,pcs_midrank,
POSI-J-011939,P4.01,6.990384615384615,208,94,94,115,18.7,PCS-Q4,1988,4067,51.13,pcs_midrank,
POSI-J-011966,P3.02,3.88265306122449,196,692,692,1326,47.85,PCS-Q3,2968,4067,27.03,pcs_midrank,
POSI-J-011968,P1.06,17.18487394957983,119,63,63,401,84.41,PCS-Q1,481,4067,88.19,pcs_midrank,
POSI-J-011973,P3.02,2.706896551724138,174,877,877,1326,33.9,PCS-Q3,3348,4067,17.69,pcs_midrank,
POSI-J-011978,P1.06,5.856459330143541,209,282,282,401,29.8,PCS-Q3,2347,4067,42.3,pcs_midrank,
POSI-J-011993,P1.02,16.283333333333335,180,34,34,133,74.81,PCS-Q2,546,4067,86.59,pcs_midrank,
POSI-J-012035,P3.02,3.3465346534653464,202,763,763,1326,42.5,PCS-Q3,3131,4067,23.03,pcs_midrank,
POSI-J-012056,P2.03,2.366412213740458,131,73,73,75,3.33,PCS-Q4,3452,4067,15.13,pcs_midrank,
POSI-J-012162,P3.02,2,158,981,981,1326,26.06,PCS-Q3,3539,4067,12.99,pcs_midrank,
POSI-J-012215,P2.01,12.320512820512821,156,27,27,67,60.45,PCS-Q2,919,4067,77.42,pcs_midrank,
POSI-J-012246,P3.02,5.588571428571429,175,476,476,1326,64.14,PCS-Q2,2434,4067,40.16,pcs_midrank,
POSI-J-012342,P5.02,11.099378881987578,161,116,116,257,55.06,PCS-Q2,1079,4067,73.48,pcs_midrank,
POSI-J-012370,P3.02,5.638888888888889,180,470,470,1326,64.59,PCS-Q2,2419,4067,40.53,pcs_midrank,
POSI-J-012372,P1.05,30.26063829787234,188,10,10,350,97.29,PCS-Q1,124,4067,96.96,pcs_midrank,
POSI-J-012399,P1.02,16.682758620689654,145,32,32,133,76.32,PCS-Q1,515,4067,87.35,pcs_midrank,
POSI-J-012400,P1.06,9.570652173913043,184,162,162,401,59.73,PCS-Q2,1343,4067,66.99,pcs_midrank,
POSI-J-012472,P2.01,19.602409638554217,166,10,10,67,85.82,PCS-Q1,353,4067,91.33,pcs_midrank,
POSI-J-012478,P3.02,3.0703125,128,814,814,1326,38.65,PCS-Q3,3223,4067,20.76,pcs_midrank,
POSI-J-012529,P5.02,32.74742268041237,194,14,14,257,94.75,PCS-Q1,100,4067,97.55,pcs_midrank,
POSI-J-012557,P5.02,12.73404255319149,94,95,95,257,63.23,PCS-Q2,875,4067,78.5,pcs_midrank,
POSI-J-012563,P5.09,9.986577181208053,149,7,7,32,79.69,PCS-Q1,1263,4067,68.96,pcs_midrank,
POSI-J-012571,P1.04,9.914691943127963,211,28,28,91,69.78,PCS-Q2,1275,4067,68.66,pcs_midrank,
POSI-J-012603,P2.11,16.309677419354838,155,62,62,242,74.59,PCS-Q2,544,4067,86.64,pcs_midrank,
POSI-J-012612,P2.11,6.96875,160,198,198,242,18.39,PCS-Q4,1996,4067,50.93,pcs_midrank,
POSI-J-012629,P2.11,13.266666666666667,210,94,94,242,61.36,PCS-Q2,799,4067,80.37,pcs_midrank,
POSI-J-012641,P3.02,8.258823529411766,170,240,240,1326,81.94,PCS-Q1,1644,4067,59.59,pcs_midrank,
POSI-J-012659,P3.02,14.298850574712644,174,77,77,1326,94.23,PCS-Q1,697,4067,82.87,pcs_midrank,
POSI-J-012713,P1.02,9.243386243386244,189,84,84,133,37.22,PCS-Q3,1418,4067,65.15,pcs_midrank,
POSI-J-012726,P5.04,11.642857142857142,168,10,10,50,81,PCS-Q1,999,4067,75.45,pcs_midrank,
POSI-J-012734,P3.02,7.612903225806452,155,275,275,1326,79.3,PCS-Q1,1786,4067,56.1,pcs_midrank,
POSI-J-012749,P3.02,3.28,50,769,769,1326,42.04,PCS-Q3,3150,4067,22.56,pcs_midrank,
POSI-J-012750,P5.04,6.790322580645161,186,20,20,50,61,PCS-Q2,2043,4067,49.78,pcs_midrank,
POSI-J-012829,P5.02,12.050632911392405,158,103,103,257,60.12,PCS-Q2,948,4067,76.7,pcs_midrank,
POSI-J-012872,P3.02,9.745901639344263,122,176,176,1326,86.76,PCS-Q1,1311,4067,67.78,pcs_midrank,
POSI-J-012892,P1.04,4.71978021978022,182,73,73,91,20.33,PCS-Q4,2715,4067,33.26,pcs_midrank,
POSI-J-012919,P3.02,5.548387096774194,124,482,482,1326,63.69,PCS-Q2,2448,4067,39.82,pcs_midrank,
POSI-J-012927,P2.11,7.066666666666666,165,196,196,242,19.21,PCS-Q4,1957,4067,51.89,pcs_midrank,
POSI-J-012928,P2.03,2.676258992805755,139,72,72,75,4.67,PCS-Q4,3358,4067,17.45,pcs_midrank,
POSI-J-012935,P2.05,11.26086956521739,161,81,81,145,44.48,PCS-Q3,1060,4067,73.95,pcs_midrank,
POSI-J-012947,P3.02,2.783132530120482,83,859,859,1326,35.26,PCS-Q3,3318,4067,18.43,pcs_midrank,
POSI-J-012961,P3.02,1.0210526315789474,95,1137,1137,1326,14.29,PCS-Q4,3800,4067,6.58,pcs_midrank,
POSI-J-012968,P2.11,14.863636363636363,132,77,77,242,68.39,PCS-Q2,642,4067,84.23,pcs_midrank,
POSI-J-013038,P1.02,8.615853658536585,164,87,87,133,34.96,PCS-Q3,1547,4067,61.97,pcs_midrank,
POSI-J-013045,P2.02,7.598290598290598,117,65,65,93,30.65,PCS-Q3,1792,4067,55.95,pcs_midrank,
POSI-J-013054,P2.01,14.335443037974683,158,21,21,67,69.4,PCS-Q2,693,4067,82.97,pcs_midrank,
POSI-J-013070,P3.02,0.49404761904761907,168,1207,1207,1326,9.01,PCS-Q4,3895,4067,4.24,pcs_midrank,
POSI-J-013075,P1.05,8.584699453551913,183,181,181,350,48.43,PCS-Q3,1551,4067,61.88,pcs_midrank,
POSI-J-013080,P5.04,8.735849056603774,106,14,14,50,73,PCS-Q2,1521,4067,62.61,pcs_midrank,
POSI-J-013086,P3.02,3.1964285714285716,168,789,789,1326,40.54,PCS-Q3,3175,4067,21.94,pcs_midrank,
POSI-J-013114,P3.01,8.361702127659575,141,51,51,108,53.24,PCS-Q2,1620,4067,60.18,pcs_midrank,
POSI-J-013119,P1.02,16.36021505376344,186,33,33,133,75.56,PCS-Q1,541,4067,86.71,pcs_midrank,
POSI-J-013144,P1.05,16.258333333333333,120,64,64,350,81.86,PCS-Q1,547,4067,86.56,pcs_midrank,
POSI-J-013150,P2.04,5.660714285714286,168,,,6,,,2407,4067,40.83,unavailable,category_below_min_size
POSI-J-013156,P5.03,3.3636363636363638,165,24,24,29,18.97,PCS-Q4,3124,4067,23.2,pcs_midrank,
POSI-J-013197,P3.02,0.9367088607594937,79,1146,1146,1326,13.61,PCS-Q4,3812,4067,6.28,pcs_midrank,
POSI-J-013216,P3.02,8.323529411764707,102,234,234,1326,82.39,PCS-Q1,1630,4067,59.93,pcs_midrank,
POSI-J-013221,P4.01,21.21794871794872,156,12,12,115,90,PCS-Q1,290,4067,92.88,pcs_midrank,
POSI-J-013223,P3.02,8.552631578947368,152,219,219,1326,83.52,PCS-Q1,1559,4067,61.68,pcs_midrank,
POSI-J-013244,P2.03,6.2375,160,59,59,75,22,PCS-Q4,2217,4067,45.5,pcs_midrank,
POSI-J-013249,P2.11,22.266129032258064,124,29,29,242,88.22,PCS-Q1,255,4067,93.74,pcs_midrank,
POSI-J-013259,P5.01,6.591666666666667,120,69,69,144,52.43,PCS-Q2,2098,4067,48.43,pcs_midrank,
POSI-J-013274,P1.05,8.083333333333334,108,196,196,350,44.14,PCS-Q3,1683,4067,58.63,pcs_midrank,
POSI-J-013294,P1.05,5.056,125,290,290,350,17.29,PCS-Q4,2610,4067,35.84,pcs_midrank,
POSI-J-013335,P1.05,3.1550387596899223,129,325,325,350,7.29,PCS-Q4,3193,4067,21.5,pcs_midrank,
POSI-J-013338,P1.06,9.294117647058824,119,171,171,401,57.48,PCS-Q2,1409,4067,65.37,pcs_midrank,
POSI-J-013351,P5.02,19.445544554455445,101,51,51,257,80.35,PCS-Q1,359,4067,91.19,pcs_midrank,
POSI-J-013365,P1.06,7.454545454545454,99,221,221,401,45.01,PCS-Q3,1840,4067,54.77,pcs_midrank,
POSI-J-013398,P4.01,5.096969696969697,165,105,105,115,9.13,PCS-Q4,2596,4067,36.18,pcs_midrank,
POSI-J-013421,P5.02,3.9469026548672566,113,216,216,257,16.15,PCS-Q4,2952,4067,27.43,pcs_midrank,
POSI-J-013424,P2.03,10.890625,128,35,35,75,54,PCS-Q2,1111,4067,72.69,pcs_midrank,
POSI-J-013542,P2.05,12.36774193548387,155,72,72,145,50.69,PCS-Q2,915,4067,77.51,pcs_midrank,
POSI-J-013546,P1.05,3.1474358974358974,156,326,326,350,7,PCS-Q4,3198,4067,21.38,pcs_midrank,
POSI-J-013587,P3.02,2.71875,160,872,872,1326,34.28,PCS-Q3,3342,4067,17.84,pcs_midrank,
POSI-J-013647,P1.06,9.615942028985508,138,161,161,401,59.98,PCS-Q2,1330,4067,67.31,pcs_midrank,
POSI-J-013648,P2.11,12.371428571428572,140,108,108,242,55.58,PCS-Q2,914,4067,77.54,pcs_midrank,
POSI-J-013656,P1.06,7.447204968944099,161,222,222,401,44.76,PCS-Q3,1844,4067,54.67,pcs_midrank,
POSI-J-013657,P3.02,1.0632183908045978,174,1131,1131,1326,14.74,PCS-Q4,3794,4067,6.72,pcs_midrank,
POSI-J-013686,P3.02,10.433566433566433,143,152,152,1326,88.57,PCS-Q1,1180,4067,71,pcs_midrank,
POSI-J-013696,P1.05,9.207920792079207,101,167,167,350,52.43,PCS-Q2,1425,4067,64.97,pcs_midrank,
POSI-J-013708,P3.02,5.288888888888889,135,517,517,1326,61.05,PCS-Q2,2536,4067,37.66,pcs_midrank,
POSI-J-013713,P3.02,1.4090909090909092,88,1063,1063,1326,19.87,PCS-Q4,3698,4067,9.09,pcs_midrank,
POSI-J-013837,P3.02,5.9140625,128,445,445,1326,66.48,PCS-Q2,2328,4067,42.77,pcs_midrank,
POSI-J-013846,P2.01,5.290322580645161,124,55,55,67,18.66,PCS-Q4,2535,4067,37.68,pcs_midrank,
POSI-J-013876,P5.02,18.891472868217054,129,53,53,257,79.57,PCS-Q1,385,4067,90.55,pcs_midrank,
POSI-J-013923,P1.06,9.419117647058824,136,167,167,401,58.48,PCS-Q2,1376,4067,66.18,pcs_midrank,
POSI-J-013936,P2.02,6.80327868852459,122,73,73,93,22.04,PCS-Q4,2041,4067,49.83,pcs_midrank,
POSI-J-013958,P2.05,12.771186440677965,118,66,66,145,54.83,PCS-Q2,870,4067,78.62,pcs_midrank,
POSI-J-013961,P1.06,4.068181818181818,132,345,345,401,14.09,PCS-Q4,2913,4067,28.39,pcs_midrank,
POSI-J-013964,P3.02,2.6481481481481484,108,884,884,1326,33.37,PCS-Q3,3364,4067,17.3,pcs_midrank,
POSI-J-014022,P1.01,1.6666666666666667,141,39,39,44,12.5,PCS-Q4,3625,4067,10.88,pcs_midrank,
POSI-J-014034,,7.967320261437909,153,,,,,,1708,4067,58.02,unavailable,no_psc_category
POSI-J-014052,P5.02,3.4383561643835616,73,227,227,257,11.87,PCS-Q4,3103,4067,23.72,pcs_midrank,
POSI-J-014075,,2.4779874213836477,159,,,,,,3415,4067,16.04,unavailable,no_psc_category
POSI-J-014085,P2.02,18.944444444444443,126,24,24,93,74.73,PCS-Q2,383,4067,90.6,pcs_midrank,
POSI-J-014108,P5.01,4.864406779661017,118,99,99,144,31.6,PCS-Q3,2673,4067,34.29,pcs_midrank,
POSI-J-014115,P3.02,3.7531645569620253,158,715,715,1326,46.12,PCS-Q3,3017,4067,25.83,pcs_midrank,
POSI-J-014124,P3.02,2.3524590163934427,122,927,927,1326,30.13,PCS-Q3,3455,4067,15.06,pcs_midrank,
POSI-J-014132,P3.02,9.71951219512195,82,178,178,1326,86.61,PCS-Q1,1318,4067,67.61,pcs_midrank,
POSI-J-014179,P1.05,14.15702479338843,121,82,82,350,76.71,PCS-Q1,711,4067,82.53,pcs_midrank,
POSI-J-014180,P5.02,20.384615384615383,143,47,47,257,81.91,PCS-Q1,316,4067,92.24,pcs_midrank,
POSI-J-014206,P5.02,7.285714285714286,49,174,174,257,32.49,PCS-Q3,1886,4067,53.64,pcs_midrank,
POSI-J-014221,P1.05,5.903614457831325,83,267,267,350,23.86,PCS-Q4,2333,4067,42.65,pcs_midrank,
POSI-J-014234,P2.02,9.202127659574469,94,51,51,93,45.7,PCS-Q3,1427,4067,64.93,pcs_midrank,
POSI-J-014243,P1.02,23.4390243902439,123,13,13,133,90.6,PCS-Q1,226,4067,94.46,pcs_midrank,
POSI-J-014260,P1.02,8.3671875,128,91,91,133,31.95,PCS-Q3,1618,4067,60.23,pcs_midrank,
POSI-J-014297,P1.06,14.49645390070922,141,87,87,401,78.43,PCS-Q1,670,4067,83.54,pcs_midrank,
POSI-J-014308,P1.05,2.647482014388489,139,339,339,350,3.29,PCS-Q4,3365,4067,17.27,pcs_midrank,
POSI-J-014314,P5.02,8.842696629213483,89,149,149,257,42.22,PCS-Q3,1500,4067,63.13,pcs_midrank,
POSI-J-014323,P1.02,32.25,92,8,8,133,94.36,PCS-Q1,104,4067,97.46,pcs_midrank,
POSI-J-014373,P5.02,7.522222222222222,90,168,168,257,34.82,PCS-Q3,1812,4067,55.46,pcs_midrank,
POSI-J-014396,P5.04,8.775,120,13,13,50,75,PCS-Q1,1515,4067,62.76,pcs_midrank,
POSI-J-014461,P5.01,3.3421052631578947,114,125,125,144,13.54,PCS-Q4,3134,4067,22.95,pcs_midrank,
POSI-J-014468,P1.06,14.820224719101123,89,83,83,401,79.43,PCS-Q1,648,4067,84.08,pcs_midrank,
POSI-J-014470,P1.06,4.959677419354839,124,315,315,401,21.57,PCS-Q4,2649,4067,34.88,pcs_midrank,
POSI-J-014490,P1.06,13.285714285714286,105,102,102,401,74.69,PCS-Q2,795,4067,80.46,pcs_midrank,
POSI-J-014520,P5.09,13,115,4,4,32,89.06,PCS-Q1,841,4067,79.33,pcs_midrank,
POSI-J-014542,P3.01,2.411764705882353,136,104,104,108,4.17,PCS-Q4,3437,4067,15.5,pcs_midrank,
POSI-J-014572,P2.01,5.63963963963964,111,52,52,67,23.13,PCS-Q4,2417,4067,40.58,pcs_midrank,
POSI-J-014578,P1.02,9.826446280991735,121,71,71,133,46.99,PCS-Q3,1292,4067,68.24,pcs_midrank,
POSI-J-014582,P1.06,2.6363636363636362,132,376,376,401,6.36,PCS-Q4,3366,4067,17.25,pcs_midrank,
POSI-J-014637,P1.05,16.21794871794872,78,65,65,350,81.57,PCS-Q1,549,4067,86.51,pcs_midrank,
POSI-J-014741,P2.03,8.96078431372549,102,44,44,75,42,PCS-Q3,1472,4067,63.82,pcs_midrank,
POSI-J-014769,P3.03,2.283582089552239,67,42,42,71,41.55,PCS-Q3,3470,4067,14.69,pcs_midrank,
POSI-J-014793,P3.03,1.860759493670886,79,44,44,71,38.73,PCS-Q3,3573,4067,12.16,pcs_midrank,
POSI-J-014819,P2.01,12.813432835820896,134,25,25,67,63.43,PCS-Q2,864,4067,78.77,pcs_midrank,
POSI-J-014824,P2.05,3.984251968503937,127,139,139,145,4.48,PCS-Q4,2939,4067,27.75,pcs_midrank,
POSI-J-014825,P1.05,4.757142857142857,140,296,296,350,15.57,PCS-Q4,2706,4067,33.48,pcs_midrank,
POSI-J-014849,P1.06,7.776699029126213,103,210,210,401,47.76,PCS-Q3,1756,4067,56.84,pcs_midrank,
POSI-J-014894,P3.02,6.838383838383838,99,347,347,1326,73.87,PCS-Q2,2036,4067,49.95,pcs_midrank,
POSI-J-014916,P1.06,3.1555555555555554,135,368,368,401,8.35,PCS-Q4,3192,4067,21.53,pcs_midrank,
POSI-J-014926,P1.06,9.771428571428572,105,157,157,401,60.97,PCS-Q2,1306,4067,67.9,pcs_midrank,
POSI-J-014944,P4.01,6.15,120,99,99,115,14.35,PCS-Q4,2246,4067,44.79,pcs_midrank,
POSI-J-014945,P1.05,24.043478260869566,115,25,25,350,93,PCS-Q1,206,4067,94.95,pcs_midrank,
POSI-J-014976,P1.05,8.261682242990654,107,193,193,350,45,PCS-Q3,1643,4067,59.61,pcs_midrank,
POSI-J-015015,P3.01,8.104,125,55,55,108,49.54,PCS-Q3,1678,4067,58.75,pcs_midrank,
POSI-J-015079,P1.04,8.464788732394366,142,39,39,91,57.69,PCS-Q2,1581,4067,61.14,pcs_midrank,
POSI-J-015111,P2.11,9.320610687022901,131,161,161,242,33.68,PCS-Q3,1401,4067,65.56,pcs_midrank,
POSI-J-015200,P3.02,5.414414414414415,111,499,499,1326,62.41,PCS-Q2,2494,4067,38.69,pcs_midrank,
POSI-J-015219,P5.02,11.300884955752212,113,113,113,257,56.23,PCS-Q2,1054,4067,74.1,pcs_midrank,
POSI-J-015223,P3.01,5.906976744186046,86,83,83,108,23.61,PCS-Q4,2331,4067,42.7,pcs_midrank,
POSI-J-015232,P1.05,15.19,100,75,75,350,78.71,PCS-Q1,621,4067,84.74,pcs_midrank,
POSI-J-015239,P3.02,3.265486725663717,113,775,775,1326,41.59,PCS-Q3,3157,4067,22.39,pcs_midrank,
POSI-J-015277,P3.01,9.931034482758621,116,36,36,108,67.13,PCS-Q2,1272,4067,68.74,pcs_midrank,
POSI-J-015284,P1.06,15.239583333333334,96,77,77,401,80.92,PCS-Q1,615,4067,84.89,pcs_midrank,
POSI-J-015340,P2.11,25.55140186915888,107,15,15,242,94.01,PCS-Q1,171,4067,95.81,pcs_midrank,
POSI-J-015348,P1.05,2.905263157894737,95,334,334,350,4.71,PCS-Q4,3279,4067,19.39,pcs_midrank,
POSI-J-015376,P1.05,8.376146788990825,109,190,190,350,45.86,PCS-Q3,1613,4067,60.35,pcs_midrank,
POSI-J-015421,P2.11,6.138211382113822,123,212,212,242,12.6,PCS-Q4,2251,4067,44.66,pcs_midrank,
POSI-J-015426,P2.11,5.721153846153846,104,215,215,242,11.36,PCS-Q4,2383,4067,41.42,pcs_midrank,
POSI-J-015456,P1.05,11.077669902912621,103,122,122,350,65.29,PCS-Q2,1084,4067,73.36,pcs_midrank,
POSI-J-015463,P2.02,4.9765625,128,84,84,93,10.22,PCS-Q4,2641,4067,35.07,pcs_midrank,
POSI-J-015470,P5.02,2.9732142857142856,112,234,234,257,9.14,PCS-Q4,3252,4067,20.05,pcs_midrank,
POSI-J-015471,P2.11,6.53921568627451,102,205,205,242,15.5,PCS-Q4,2119,4067,47.91,pcs_midrank,
POSI-J-015474,P3.03,2.6115702479338845,121,40,40,71,44.37,PCS-Q3,3376,4067,17,pcs_midrank,
POSI-J-015482,P3.02,,0,,,,,,,,,unavailable,no_pcs
POSI-J-015505,P1.06,6.62962962962963,81,252,252,401,37.28,PCS-Q3,2088,4067,48.67,pcs_midrank,
POSI-J-015512,P5.01,4.688524590163935,122,101,101,144,30.21,PCS-Q3,2726,4067,32.99,pcs_midrank,
POSI-J-015518,P3.01,7,59,67,67,108,38.43,PCS-Q3,1981,4067,51.28,pcs_midrank,
POSI-J-015523,P5.02,52.69387755102041,98,3,3,257,99.03,PCS-Q1,19,4067,99.55,pcs_midrank,
POSI-J-015536,P1.06,15.647058823529411,102,73,73,401,81.92,PCS-Q1,578,4067,85.8,pcs_midrank,
POSI-J-015563,P3.02,2.688679245283019,106,881,881,1326,33.6,PCS-Q3,3353,4067,17.57,pcs_midrank,
POSI-J-015570,P5.01,5.631067961165049,103,85,85,144,41.32,PCS-Q3,2423,4067,40.44,pcs_midrank,
POSI-J-015590,P2.03,3.371794871794872,78,70,70,75,7.33,PCS-Q4,3120,4067,23.28,pcs_midrank,
POSI-J-015645,P3.02,11.08421052631579,95,133,133,1326,90.01,PCS-Q1,1081,4067,73.43,pcs_midrank,
POSI-J-015665,P2.11,9.88888888888889,90,147,147,242,39.46,PCS-Q3,1282,4067,68.49,pcs_midrank,
POSI-J-015666,P2.11,8.20353982300885,113,183,183,242,24.59,PCS-Q4,1660,4067,59.2,pcs_midrank,
POSI-J-015770,P4.01,21.453703703703702,108,11,11,115,90.87,PCS-Q1,281,4067,93.1,pcs_midrank,
POSI-J-015816,P5.02,24.714285714285715,105,23,23,257,91.25,PCS-Q1,188,4067,95.39,pcs_midrank,
POSI-J-015854,P1.05,3.1869158878504673,107,324,324,350,7.57,PCS-Q4,3180,4067,21.82,pcs_midrank,
POSI-J-015855,P3.02,3.3529411764705883,102,760,760,1326,42.72,PCS-Q3,3128,4067,23.1,pcs_midrank,
POSI-J-015856,P1.06,1.7757009345794392,107,391,391,401,2.62,PCS-Q4,3601,4067,11.47,pcs_midrank,
POSI-J-015879,P2.01,25.201834862385322,109,4,4,67,94.78,PCS-Q1,178,4067,95.64,pcs_midrank,
POSI-J-015891,P2.02,6.3700787401574805,127,78,78,93,16.67,PCS-Q4,2163,4067,46.83,pcs_midrank,
POSI-J-015967,P2.11,9.131313131313131,99,167,167,242,31.2,PCS-Q3,1439,4067,64.63,pcs_midrank,
POSI-J-015972,P3.02,3.7830188679245285,106,704,704,1326,46.95,PCS-Q3,2998,4067,26.3,pcs_midrank,
POSI-J-016008,P3.02,1.1682242990654206,107,1113,1113,1326,16.1,PCS-Q4,3768,4067,7.36,pcs_midrank,
POSI-J-016053,P3.02,14.79245283018868,106,71,71,1326,94.68,PCS-Q1,650,4067,84.03,pcs_midrank,
POSI-J-016103,P1.03,3.7473684210526317,95,76,76,91,17.03,PCS-Q4,3021,4067,25.73,pcs_midrank,
POSI-J-016110,P2.11,8.432835820895523,67,179,179,242,26.24,PCS-Q3,1593,4067,60.84,pcs_midrank,
POSI-J-016135,P2.05,7,54,121,121,145,16.9,PCS-Q4,1981,4067,51.28,pcs_midrank,
POSI-J-016145,P3.02,7.161904761904762,105,318,318,1326,76.06,PCS-Q1,1928,4067,52.61,pcs_midrank,
POSI-J-016184,P1.06,3.2714285714285714,70,365,365,401,9.1,PCS-Q4,3154,4067,22.46,pcs_midrank,
POSI-J-016198,P2.05,12.754901960784315,102,67,67,145,54.14,PCS-Q2,873,4067,78.55,pcs_midrank,
POSI-J-016222,P1.05,10.989247311827956,93,124,124,350,64.71,PCS-Q2,1097,4067,73.04,pcs_midrank,
POSI-J-016225,P5.02,4.854166666666667,96,206,206,257,20.04,PCS-Q4,2677,4067,34.19,pcs_midrank,
POSI-J-016257,P2.05,12.438775510204081,98,71,71,145,51.38,PCS-Q2,907,4067,77.71,pcs_midrank,
POSI-J-016258,P2.11,7.473684210526316,114,191,191,242,21.28,PCS-Q4,1829,4067,55.04,pcs_midrank,
POSI-J-016264,P1.05,3.6,90,318,318,350,9.29,PCS-Q4,3059,4067,24.78,pcs_midrank,
POSI-J-016284,P3.02,3.1272727272727274,110,804,804,1326,39.4,PCS-Q3,3204,4067,21.23,pcs_midrank,
POSI-J-016294,P3.02,7.357142857142857,84,297,297,1326,77.64,PCS-Q1,1861,4067,54.24,pcs_midrank,
POSI-J-016296,P3.02,11.553398058252426,103,121,121,1326,90.91,PCS-Q1,1012,4067,75.13,pcs_midrank,
POSI-J-016298,P1.05,17.801980198019802,101,49,49,350,86.14,PCS-Q1,453,4067,88.87,pcs_midrank,
POSI-J-016355,P1.04,7.028301886792453,106,53,53,91,42.31,PCS-Q3,1975,4067,51.45,pcs_midrank,
POSI-J-016368,P2.11,27.666666666666668,105,12,12,242,95.25,PCS-Q1,147,4067,96.4,pcs_midrank,
POSI-J-016418,P1.06,6.643564356435643,101,251,251,401,37.53,PCS-Q3,2080,4067,48.87,pcs_midrank,
POSI-J-016420,P5.01,5.168674698795181,83,91,91,144,37.15,PCS-Q3,2568,4067,36.87,pcs_midrank,
POSI-J-016449,P1.06,9.067415730337078,89,177,177,401,55.99,PCS-Q2,1452,4067,64.31,pcs_midrank,
POSI-J-016467,P3.02,0.6666666666666666,81,1184,1184,1326,10.75,PCS-Q4,3864,4067,5,pcs_midrank,
POSI-J-016503,P1.06,7.948453608247423,97,203,203,401,49.5,PCS-Q3,1714,4067,57.87,pcs_midrank,
POSI-J-016511,P3.02,5.3108108108108105,74,516,516,1326,61.12,PCS-Q2,2531,4067,37.78,pcs_midrank,
POSI-J-016514,P3.02,3.978494623655914,93,680,680,1326,48.76,PCS-Q3,2943,4067,27.65,pcs_midrank,
POSI-J-016515,P3.02,4.046511627906977,43,674,674,1326,49.21,PCS-Q3,2923,4067,28.14,pcs_midrank,
POSI-J-016532,P5.01,18.63736263736264,91,7,7,144,95.49,PCS-Q1,396,4067,90.28,pcs_midrank,
POSI-J-016542,P3.02,14.27659574468085,94,78,78,1326,94.16,PCS-Q1,700,4067,82.8,pcs_midrank,
POSI-J-016589,P5.02,7.8604651162790695,86,161,161,257,37.55,PCS-Q3,1735,4067,57.35,pcs_midrank,
POSI-J-016601,P1.06,7.95945945945946,74,201,201,401,50,PCS-Q2,1710,4067,57.97,pcs_midrank,
POSI-J-016637,P5.01,6.170212765957447,94,75,75,144,48.26,PCS-Q3,2240,4067,44.93,pcs_midrank,
POSI-J-016644,P4.01,10.849056603773585,53,59,59,115,49.13,PCS-Q3,1115,4067,72.6,pcs_midrank,
POSI-J-016645,P2.01,4.5,94,59,59,67,12.69,PCS-Q4,2767,4067,31.96,pcs_midrank,
POSI-J-016649,P3.02,1.25,88,1100,1100,1326,17.08,PCS-Q4,3749,4067,7.83,pcs_midrank,
POSI-J-016666,P1.05,7.26530612244898,98,213,213,350,39.29,PCS-Q3,1892,4067,53.49,pcs_midrank,
POSI-J-016699,P3.02,7.350515463917525,97,300,300,1326,77.41,PCS-Q1,1869,4067,54.06,pcs_midrank,
POSI-J-016733,P2.01,6.6421052631578945,95,50,50,67,26.12,PCS-Q3,2082,4067,48.82,pcs_midrank,
POSI-J-016737,P5.04,4.423913043478261,92,35,35,50,31,PCS-Q3,2791,4067,31.39,pcs_midrank,
POSI-J-016773,P2.05,7.03,100,120,120,145,17.59,PCS-Q4,1974,4067,51.48,pcs_midrank,
POSI-J-016820,P3.02,24.586206896551722,87,25,25,1326,98.15,PCS-Q1,193,4067,95.27,pcs_midrank,
POSI-J-016825,P3.02,0.5555555555555556,36,1197,1197,1326,9.77,PCS-Q4,3881,4067,4.57,pcs_midrank,
POSI-J-016863,P1.05,16.844444444444445,90,60,60,350,83,PCS-Q1,503,4067,87.64,pcs_midrank,
POSI-J-016865,P3.02,1.9157894736842105,95,991,991,1326,25.3,PCS-Q3,3559,4067,12.5,pcs_midrank,
POSI-J-016867,P2.05,22.573333333333334,75,16,16,145,89.31,PCS-Q1,247,4067,93.94,pcs_midrank,
POSI-J-016907,P2.11,10.1875,96,143,143,242,41.12,PCS-Q3,1230,4067,69.77,pcs_midrank,
POSI-J-016930,P1.05,7.6,55,208,208,350,40.71,PCS-Q3,1791,4067,55.97,pcs_midrank,
POSI-J-016957,P3.02,11.035294117647059,85,135,135,1326,89.86,PCS-Q1,1090,4067,73.21,pcs_midrank,
POSI-J-016990,P3.02,2.108433734939759,83,966,966,1326,27.19,PCS-Q3,3520,4067,13.46,pcs_midrank,
POSI-J-016992,P1.04,4.369565217391305,92,79,79,91,13.74,PCS-Q4,2814,4067,30.82,pcs_midrank,
POSI-J-017011,P2.05,10.585106382978724,94,88,88,145,39.66,PCS-Q3,1160,4067,71.49,pcs_midrank,
POSI-J-017030,P3.02,0.8505747126436781,87,1156,1156,1326,12.86,PCS-Q4,3827,4067,5.91,pcs_midrank,
POSI-J-017033,P5.02,5.141304347826087,92,201,201,257,21.98,PCS-Q4,2578,4067,36.62,pcs_midrank,
POSI-J-017068,P2.11,19.678571428571427,84,39,39,242,84.09,PCS-Q1,352,4067,91.36,pcs_midrank,
POSI-J-017097,P2.03,10.205479452054794,73,37,37,75,51.33,PCS-Q2,1225,4067,69.89,pcs_midrank,
POSI-J-017098,P1.02,20.928571428571427,98,16,16,133,88.35,PCS-Q1,297,4067,92.71,pcs_midrank,
POSI-J-017100,P1.05,6.024096385542169,83,256,256,350,27,PCS-Q3,2289,4067,43.73,pcs_midrank,
POSI-J-017136,P2.02,39.215053763440864,93,7,7,93,93.01,PCS-Q1,53,4067,98.71,pcs_midrank,
POSI-J-017144,P5.02,2.3655913978494625,93,244,244,257,5.25,PCS-Q4,3453,4067,15.11,pcs_midrank,
POSI-J-017187,P1.04,4.63013698630137,73,74,74,91,19.23,PCS-Q4,2740,4067,32.64,pcs_midrank,
POSI-J-017192,P1.05,2.5606060606060606,66,340,340,350,3,PCS-Q4,3387,4067,16.73,pcs_midrank,
POSI-J-017202,P1.02,81.16470588235295,85,1,1,133,99.62,PCS-Q1,7,4067,99.84,pcs_midrank,
POSI-J-017229,P1.05,1.9101123595505618,89,345,345,350,1.57,PCS-Q4,3561,4067,12.45,pcs_midrank,
POSI-J-017231,P2.02,7.068493150684931,73,71,71,93,24.19,PCS-Q4,1955,4067,51.94,pcs_midrank,
POSI-J-017253,P3.02,3.0434782608695654,92,817,817,1326,38.42,PCS-Q3,3231,4067,20.57,pcs_midrank,
POSI-J-017265,P4.01,8.077922077922079,77,87,87,115,24.78,PCS-Q4,1687,4067,58.53,pcs_midrank,
POSI-J-017314,P1.03,2.317073170731707,82,86,86,91,6.04,PCS-Q4,3461,4067,14.91,pcs_midrank,
POSI-J-017365,P3.02,6.954022988505747,87,335,335,1326,74.77,PCS-Q2,1998,4067,50.89,pcs_midrank,
POSI-J-017366,P1.05,2.6865671641791047,67,336,336,350,4.14,PCS-Q4,3354,4067,17.54,pcs_midrank,
POSI-J-017405,P1.06,16.651685393258425,89,65,65,401,83.92,PCS-Q1,518,4067,87.28,pcs_midrank,
POSI-J-017413,P3.02,0.8518518518518519,54,1155,1155,1326,12.93,PCS-Q4,3826,4067,5.94,pcs_midrank,
POSI-J-017415,P3.02,5.178082191780822,73,533,533,1326,59.84,PCS-Q2,2565,4067,36.94,pcs_midrank,
POSI-J-017448,P1.04,7.785714285714286,84,42,42,91,54.4,PCS-Q2,1751,4067,56.96,pcs_midrank,
POSI-J-017452,P5.09,1.9753086419753085,81,30,30,32,7.81,PCS-Q4,3545,4067,12.85,pcs_midrank,
POSI-J-017495,P2.02,21.75,76,19,19,93,80.11,PCS-Q1,270,4067,93.37,pcs_midrank,
POSI-J-017502,P3.02,1.2121212121212122,33,1107,1107,1326,16.55,PCS-Q4,3761,4067,7.54,pcs_midrank,
POSI-J-017543,P1.06,7.04,50,240,240,401,40.27,PCS-Q3,1970,4067,51.57,pcs_midrank,
POSI-J-017552,P1.06,8.626506024096386,83,186,186,401,53.74,PCS-Q2,1545,4067,62.02,pcs_midrank,
POSI-J-017565,P1.02,8.9375,80,85,85,133,36.47,PCS-Q3,1479,4067,63.65,pcs_midrank,
POSI-J-017602,P5.02,5.180722891566265,83,200,200,257,22.37,PCS-Q4,2562,4067,37.02,pcs_midrank,
POSI-J-017738,P4.01,7.8493150684931505,73,89,89,115,23.04,PCS-Q4,1739,4067,57.25,pcs_midrank,
POSI-J-017825,P3.02,6.121212121212121,66,418,418,1326,68.51,PCS-Q2,2257,4067,44.52,pcs_midrank,
POSI-J-017856,P1.03,6.308641975308642,81,45,45,91,51.1,PCS-Q2,2191,4067,46.14,pcs_midrank,
POSI-J-017860,P5.02,17.349206349206348,63,65,65,257,74.9,PCS-Q2,475,4067,88.33,pcs_midrank,
POSI-J-017910,P1.05,17.35483870967742,62,54,54,350,84.71,PCS-Q1,473,4067,88.38,pcs_midrank,
POSI-J-017925,P3.02,7.561643835616438,73,280,280,1326,78.92,PCS-Q1,1803,4067,55.68,pcs_midrank,
POSI-J-017987,P1.05,8.578947368421053,57,182,182,350,48.14,PCS-Q3,1552,4067,61.85,pcs_midrank,
POSI-J-018013,P3.02,,0,,,,,,,,,unavailable,no_pcs
POSI-J-018045,P1.06,10.830508474576272,59,139,139,401,65.46,PCS-Q2,1122,4067,72.42,pcs_midrank,
POSI-J-018109,P1.05,4.547169811320755,53,302,302,350,13.86,PCS-Q4,2758,4067,32.2,pcs_midrank,
POSI-J-018121,P2.11,5.475409836065574,61,219,219,242,9.71,PCS-Q4,2472,4067,39.23,pcs_midrank,
POSI-J-018150,P5.02,3.5245901639344264,61,226,226,257,12.26,PCS-Q4,3077,4067,24.35,pcs_midrank,
POSI-J-018155,P1.05,12.4375,48,99,99,350,71.86,PCS-Q2,909,4067,77.66,pcs_midrank,
POSI-J-018192,P1.05,3.305084745762712,59,322,322,350,8.14,PCS-Q4,3146,4067,22.66,pcs_midrank,
POSI-J-018196,P3.02,2.9365079365079363,63,833,833,1326,37.22,PCS-Q3,3265,4067,19.73,pcs_midrank,
POSI-J-018241,P3.02,2.2,60,953,953,1326,28.17,PCS-Q3,3496,4067,14.05,pcs_midrank,
POSI-J-018251,P1.06,7.985074626865671,67,200,200,401,50.25,PCS-Q2,1705,4067,58.09,pcs_midrank,
POSI-J-018264,P3.02,2.514705882352941,68,901,901,1326,32.09,PCS-Q3,3399,4067,16.44,pcs_midrank,
POSI-J-018338,P2.11,3.3958333333333335,48,232,232,242,4.34,PCS-Q4,3112,4067,23.49,pcs_midrank,
POSI-J-018368,P2.11,11.52112676056338,71,120,120,242,50.62,PCS-Q2,1024,4067,74.83,pcs_midrank,
POSI-J-018374,P1.06,3.0816326530612246,49,370,370,401,7.86,PCS-Q4,3218,4067,20.89,pcs_midrank,
POSI-J-018396,P1.06,9.48076923076923,52,164,164,401,59.23,PCS-Q2,1361,4067,66.55,pcs_midrank,
POSI-J-018468,P3.02,1.9565217391304348,46,986,986,1326,25.68,PCS-Q3,3549,4067,12.75,pcs_midrank,
POSI-J-018470,P1.03,3.517857142857143,56,80,80,91,12.64,PCS-Q4,3080,4067,24.28,pcs_midrank,
POSI-J-018507,P3.02,1.3333333333333333,42,1078,1078,1326,18.74,PCS-Q4,3721,4067,8.51,pcs_midrank,
POSI-J-018543,P3.02,3.389830508474576,59,756,756,1326,43.02,PCS-Q3,3117,4067,23.37,pcs_midrank,
POSI-J-018586,P3.02,1.4736842105263157,19,1048,1048,1326,21,PCS-Q4,3676,4067,9.63,pcs_midrank,
POSI-J-018599,P6.02,2.923076923076923,65,,,17,,,3274,4067,19.51,unavailable,category_below_min_size
POSI-J-018647,P1.05,7.636363636363637,44,205,205,350,41.57,PCS-Q3,1778,4067,56.29,pcs_midrank,
POSI-J-018670,P2.03,6.88135593220339,59,56,56,75,26,PCS-Q3,2022,4067,50.3,pcs_midrank,
POSI-J-018682,P5.01,3.543859649122807,57,122,122,144,15.63,PCS-Q4,3074,4067,24.43,pcs_midrank,
POSI-J-018689,P2.01,2.1739130434782608,46,63,63,67,6.72,PCS-Q4,3503,4067,13.88,pcs_midrank,
POSI-J-018690,P3.02,2.2666666666666666,45,942,942,1326,29,PCS-Q3,3477,4067,14.52,pcs_midrank,
POSI-J-018727,P3.02,0.14285714285714285,56,1267,1267,1326,4.49,PCS-Q4,3987,4067,1.97,pcs_midrank,
POSI-J-018758,P5.02,10.604651162790697,43,123,123,257,52.33,PCS-Q2,1156,4067,71.59,pcs_midrank,
POSI-J-018766,P1.06,5.468085106382978,47,295,295,401,26.56,PCS-Q3,2479,4067,39.06,pcs_midrank,
POSI-J-018800,P1.05,7.157894736842105,38,218,218,350,37.86,PCS-Q3,1930,4067,52.56,pcs_midrank,
POSI-J-018810,P3.02,3.0833333333333335,48,810,810,1326,38.95,PCS-Q3,3217,4067,20.91,pcs_midrank,
POSI-J-018834,P2.11,9.655172413793103,58,151,151,242,37.81,PCS-Q3,1325,4067,67.43,pcs_midrank,
POSI-J-018857,P1.05,9.307692307692308,52,165,165,350,53,PCS-Q2,1406,4067,65.44,pcs_midrank,
POSI-J-018900,P1.03,3.52,50,79,79,91,13.74,PCS-Q4,3079,4067,24.31,pcs_midrank,
POSI-J-018934,P1.06,5.863636363636363,44,280,280,401,30.3,PCS-Q3,2345,4067,42.35,pcs_midrank,
POSI-J-018955,P1.06,5.125,32,308,308,401,23.32,PCS-Q4,2585,4067,36.45,pcs_midrank,
POSI-J-018958,P5.02,1.1111111111111112,9,252,252,257,2.14,PCS-Q4,3783,4067,6.98,pcs_midrank,
POSI-J-018967,P1.05,9.085106382978724,47,170,170,350,51.57,PCS-Q2,1446,4067,64.46,pcs_midrank,
POSI-J-018970,P3.02,3.2777777777777777,54,771,771,1326,41.89,PCS-Q3,3152,4067,22.51,pcs_midrank,
POSI-J-018976,P2.05,5.333333333333333,42,133,133,145,8.62,PCS-Q4,2522,4067,38,pcs_midrank,
POSI-J-019041,P3.02,1.3272727272727274,55,1081,1081,1326,18.51,PCS-Q4,3725,4067,8.42,pcs_midrank,
POSI-J-019051,P3.01,1.8372093023255813,43,105,105,108,3.24,PCS-Q4,3580,4067,11.99,pcs_midrank,
POSI-J-019058,P1.06,7.111111111111111,45,238,238,401,40.77,PCS-Q3,1939,4067,52.34,pcs_midrank,
POSI-J-019098,P3.02,2.911111111111111,45,837,837,1326,36.92,PCS-Q3,3276,4067,19.46,pcs_midrank,
POSI-J-019111,P3.02,3.5806451612903225,31,734,734,1326,44.68,PCS-Q3,3067,4067,24.6,pcs_midrank,
POSI-J-019118,P2.11,1.4883720930232558,43,239,239,242,1.45,PCS-Q4,3673,4067,9.7,pcs_midrank,
POSI-J-019163,P2.11,10.395348837209303,43,137,137,242,43.6,PCS-Q3,1187,4067,70.83,pcs_midrank,
POSI-J-019164,P1.05,5.128205128205129,39,289,289,350,17.57,PCS-Q4,2583,4067,36.5,pcs_midrank,
POSI-J-019169,P3.03,17.548387096774192,31,3,3,71,96.48,PCS-Q1,465,4067,88.58,pcs_midrank,
POSI-J-019237,P1.05,5.666666666666667,33,273,273,350,22.14,PCS-Q4,2404,4067,40.89,pcs_midrank,
POSI-J-019252,P3.02,6.03125,32,428,428,1326,67.76,PCS-Q2,2284,4067,43.85,pcs_midrank,
POSI-J-019291,P2.11,7.5,36,190,190,242,21.69,PCS-Q4,1822,4067,55.21,pcs_midrank,
POSI-J-019293,P2.02,3.6538461538461537,26,90,90,93,3.76,PCS-Q4,3046,4067,25.12,pcs_midrank,
POSI-J-019322,P3.02,1.5,36,,,,,,3668,4067,9.8,unavailable,psc_confidence_not_rank_eligible
POSI-J-019397,P3.02,1.2941176470588236,34,1093,1093.5,1326,17.57,PCS-Q4,3738,4067,8.09,pcs_midrank,
POSI-J-019401,P1.06,7.266666666666667,30,,,,,,1890,4067,53.54,unavailable,psc_confidence_not_rank_eligible
POSI-J-019419,P2.03,5.095238095238095,42,,,,,,2597,4067,36.16,unavailable,psc_confidence_not_rank_eligible
POSI-J-019453,P6.05,1.5,30,,,,,,3668,4067,9.8,unavailable,psc_confidence_not_rank_eligible
POSI-J-019474,P1.01,1.7297297297297298,37,,,,,,3613,4067,11.18,unavailable,psc_confidence_not_rank_eligible
POSI-J-019483,P1.02,4.088235294117647,34,,,,,,2903,4067,28.63,unavailable,psc_confidence_not_rank_eligible
POSI-J-019486,P3.02,2.9565217391304346,23,,,,,,3256,4067,19.95,unavailable,psc_confidence_not_rank_eligible
POSI-J-019490,P5.02,3.5925925925925926,27,,,,,,3064,4067,24.67,unavailable,psc_confidence_not_rank_eligible
POSI-J-019515,P1.06,4.682926829268292,41,,,,,,2727,4067,32.96,unavailable,psc_confidence_not_rank_eligible
POSI-J-019589,P1.05,,0,,,,,,,,,unavailable,no_pcs
POSI-J-019593,P1.06,5.142857142857143,35,,,,,,2576,4067,36.67,unavailable,psc_confidence_not_rank_eligible
POSI-J-019599,P3.02,2.423076923076923,26,,,,,,3434,4067,15.58,unavailable,psc_confidence_not_rank_eligible
POSI-J-019626,P1.02,4.178571428571429,28,,,,,,2881,4067,29.17,unavailable,psc_confidence_not_rank_eligible
POSI-J-019637,P1.05,4.291666666666667,24,,,,,,2842,4067,30.13,unavailable,psc_confidence_not_rank_eligible
POSI-J-019661,P2.02,11.655172413793103,29,,,,,,997,4067,75.5,unavailable,psc_confidence_not_rank_eligible
POSI-J-019664,P4.01,9.76923076923077,26,,,,,,1308,4067,67.85,unavailable,psc_confidence_not_rank_eligible
POSI-J-019666,P4.01,5.967741935483871,31,,,,,,2305,4067,43.34,unavailable,psc_confidence_not_rank_eligible
POSI-J-019670,P1.05,1.8235294117647058,34,,,,,,3589,4067,11.75,unavailable,psc_confidence_not_rank_eligible
POSI-J-019721,P1.06,4.59375,32,,,,,,2749,4067,32.42,unavailable,psc_confidence_not_rank_eligible
POSI-J-019728,P3.02,3.8666666666666667,30,,,,,,2973,4067,26.91,unavailable,psc_confidence_not_rank_eligible
POSI-J-019732,P2.11,2.46875,32,,,,,,3421,4067,15.9,unavailable,psc_confidence_not_rank_eligible
POSI-J-019734,P1.05,5.416666666666667,24,,,,,,2492,4067,38.74,unavailable,psc_confidence_not_rank_eligible
POSI-J-019735,P3.02,1.2142857142857142,28,,,,,,3760,4067,7.56,unavailable,psc_confidence_not_rank_eligible
POSI-J-019798,P1.02,7.529411764705882,34,,,,,,1809,4067,55.53,unavailable,psc_confidence_not_rank_eligible
POSI-J-019805,P2.03,3.6363636363636362,22,,,,,,3050,4067,25.02,unavailable,psc_confidence_not_rank_eligible
POSI-J-019833,P1.05,3.4615384615384617,26,,,,,,3093,4067,23.96,unavailable,psc_confidence_not_rank_eligible
POSI-J-019861,P1.05,3.2903225806451615,31,,,,,,3148,4067,22.61,unavailable,psc_confidence_not_rank_eligible
POSI-J-019863,P1.06,4.346153846153846,26,,,,,,2823,4067,30.59,unavailable,psc_confidence_not_rank_eligible
POSI-J-019867,P1.05,6.111111111111111,27,,,,,,2259,4067,44.47,unavailable,psc_confidence_not_rank_eligible
POSI-J-019936,P1.06,5.758620689655173,29,,,,,,2373,4067,41.66,unavailable,psc_confidence_not_rank_eligible
POSI-J-019957,P3.02,3.875,16,,,,,,2971,4067,26.96,unavailable,psc_confidence_not_rank_eligible
POSI-J-019979,P3.02,1.2,25,,,,,,3766,4067,7.4,unavailable,psc_confidence_not_rank_eligible
POSI-J-020056,P1.06,5.473684210526316,19,,,,,,2473,4067,39.19,unavailable,psc_confidence_not_rank_eligible
POSI-J-020082,P1.02,,0,,,,,,,,,unavailable,no_pcs
POSI-J-020083,P2.05,13.954545454545455,22,,,,,,731,4067,82.04,unavailable,psc_confidence_not_rank_eligible
POSI-J-020085,P1.06,6.380952380952381,21,,,,,,2156,4067,47,unavailable,psc_confidence_not_rank_eligible
POSI-J-020113,P2.11,7.45,20,,,,,,1842,4067,54.72,unavailable,psc_confidence_not_rank_eligible
POSI-J-020168,P2.03,2.933333333333333,15,,,,,,3269,4067,19.63,unavailable,psc_confidence_not_rank_eligible
POSI-J-020169,P2.11,16.875,16,,,,,,500,4067,87.72,unavailable,psc_confidence_not_rank_eligible
POSI-J-020171,P2.01,3.9473684210526314,19,,,,,,2950,4067,27.46,unavailable,psc_confidence_not_rank_eligible
POSI-J-020192,P2.11,7,18,,,,,,1981,4067,51.28,unavailable,psc_confidence_not_rank_eligible
POSI-J-020321,P1.05,5.071428571428571,14,,,,,,2602,4067,36.03,unavailable,psc_confidence_not_rank_eligible
POSI-J-020371,P2.03,4.142857142857143,14,,,,,,2889,4067,28.98,unavailable,psc_confidence_not_rank_eligible
POSI-J-022075,P2.01,9.056470588235294,425,36,36,67,47.01,PCS-Q3,1454,4067,64.26,pcs_midrank,
POSI-J-022723,P5.02,1.917808219178082,73,249,249,257,3.31,PCS-Q4,3558,4067,12.53,pcs_midrank,
POSI-J-022740,P3.02,3.77,100,709,709,1326,46.57,PCS-Q3,3007,4067,26.08,pcs_midrank,
POSI-J-022759,P3.02,5.94,50,441,441,1326,66.78,PCS-Q2,2321,4067,42.94,pcs_midrank,
POSI-J-022765,P1.06,10.411764705882353,85,145,145,401,63.97,PCS-Q2,1183,4067,70.92,pcs_midrank,
POSI-J-022776,P3.02,0.75,44,1171,1171.5,1326,11.69,PCS-Q4,3846,4067,5.42,pcs_midrank,
POSI-J-022777,P2.11,,0,,,,,,,,,unavailable,no_pcs
POSI-J-022835,P2.11,,0,,,,,,,,,unavailable,no_pcs
POSI-J-022873,P1.02,1.6470588235294117,17,,,,,,3628,4067,10.81,unavailable,psc_confidence_not_rank_eligible
POSI-J-022929,P3.02,0.8571428571428571,14,,,,,,3825,4067,5.96,unavailable,psc_confidence_not_rank_eligible
POSI-J-022941,P1.05,5.25,8,,,,,,2546,4067,37.41,unavailable,psc_confidence_not_rank_eligible
POSI-J-022957,P1.05,1.6,10,,,,,,3639,4067,10.54,unavailable,psc_confidence_not_rank_eligible
POSI-J-023332,,,0,,,,,,,,,unavailable,no_pcs
POSI-J-023334,P1.04,35.54315527606938,14471,3,3,91,97.25,PCS-Q1,78,4067,98.09,pcs_midrank,
POSI-J-023335,P1.03,6.2439194856024605,7154,46,46,91,50,PCS-Q2,2214,4067,45.57,pcs_midrank,
POSI-J-023336,P1.03,7.923285731145993,8473,31,31,91,66.48,PCS-Q2,1718,4067,57.77,pcs_midrank,
POSI-J-023337,P2.11,,0,,,,,,,,,unavailable,no_pcs
POSI-J-023338,P1.03,19.98022312373225,9860,5,5,91,95.05,PCS-Q1,336,4067,91.75,pcs_midrank,
POSI-J-023339,P1.04,3.413183028025677,19161,83,83,91,9.34,PCS-Q4,3110,4067,23.54,pcs_midrank,
POSI-J-023340,P1.03,8.094221604447975,10072,30,30,91,67.58,PCS-Q2,1681,4067,58.68,pcs_midrank,
POSI-J-023341,P1.04,15.052277382229592,10253,15,15,91,84.07,PCS-Q1,628,4067,84.57,pcs_midrank,
POSI-J-023342,P2.11,,0,,,,,,,,,unavailable,no_pcs
POSI-J-023343,P1.04,3.177496038034865,1893,88,88,91,3.85,PCS-Q4,3183,4067,21.75,pcs_midrank,
POSI-J-023344,P1.04,7.7389331866923285,7274,43,43,91,53.3,PCS-Q2,1762,4067,56.69,pcs_midrank,
POSI-J-023345,P1.03,,0,,,,,,,,,unavailable,no_pcs
POSI-J-023346,P1.05,,0,,,,,,,,,unavailable,no_pcs
POSI-J-023347,P2.05,14.503306360393283,22986,50,50,145,65.86,PCS-Q2,669,4067,83.56,pcs_midrank,
POSI-J-023348,P2.02,3.7650257584430453,3494,87,87,93,6.99,PCS-Q4,3010,4067,26,pcs_midrank,
POSI-J-023349,P1.05,24.17984287170047,30421,24,24,350,93.29,PCS-Q1,203,4067,95.02,pcs_midrank,
POSI-J-023350,P1.04,30.33597911227154,19150,6,6,91,93.96,PCS-Q1,123,4067,96.99,pcs_midrank,
POSI-J-023351,P1.04,9.336259949126118,12187,35,35,91,62.09,PCS-Q2,1396,4067,65.69,pcs_midrank,
POSI-J-023352,P1.04,10.541105819010147,9658,25,25,91,73.08,PCS-Q2,1167,4067,71.32,pcs_midrank,
POSI-J-023353,P2.11,26.23195182069982,39353,14,14,242,94.42,PCS-Q1,166,4067,95.93,pcs_midrank,
POSI-J-023354,P1.06,6.295454545454546,1496,265,265,401,34.04,PCS-Q3,2195,4067,46.04,pcs_midrank,
POSI-J-023355,P1.05,26.72739726027397,8760,19,19,350,94.71,PCS-Q1,160,4067,96.08,pcs_midrank,
POSI-J-023356,P2.05,18.476152151812943,23608,28,28,145,81.03,PCS-Q1,413,4067,89.86,pcs_midrank,
POSI-J-023357,P2.05,17.37809539637693,12034,32,32,145,78.28,PCS-Q1,472,4067,88.41,pcs_midrank,
POSI-J-023358,P2.05,5.998133167392657,6428,127,127,145,12.76,PCS-Q4,2296,4067,43.56,pcs_midrank,
POSI-J-023359,P1.04,9.399285250162443,3078,34,34,91,63.19,PCS-Q2,1380,4067,66.08,pcs_midrank,
POSI-J-023360,P1.03,6.7401715511079345,2798,40,40,91,56.59,PCS-Q2,2056,4067,49.46,pcs_midrank,
POSI-J-023361,P2.05,8.936723768736616,9340,101,101,145,30.69,PCS-Q3,1480,4067,63.62,pcs_midrank,
POSI-J-023362,P2.11,20.98236012964242,18821,36,36,242,85.33,PCS-Q1,296,4067,92.73,pcs_midrank,
POSI-J-023363,P2.05,7.974163975414106,9599,107,107,145,26.55,PCS-Q3,1707,4067,58.04,pcs_midrank,
POSI-J-023364,P1.04,7.457459608112753,11636,47,47,91,48.9,PCS-Q3,1838,4067,54.82,pcs_midrank,
POSI-J-023365,P2.03,9.909176585570178,28649,40,40,75,47.33,PCS-Q3,1279,4067,68.56,pcs_midrank,
POSI-J-023366,P1.03,3.9825,3600,72,72,91,21.43,PCS-Q4,2940,4067,27.72,pcs_midrank,
POSI-J-023367,P1.04,4.440881763527054,1996,77,77,91,15.93,PCS-Q4,2785,4067,31.53,pcs_midrank,
POSI-J-023368,P2.05,13.249314651233627,19698,62,62,145,57.59,PCS-Q2,804,4067,80.24,pcs_midrank,
POSI-J-023369,P1.03,8.416794258373205,20900,28,28,91,69.78,PCS-Q2,1597,4067,60.75,pcs_midrank,
POSI-J-023370,P2.02,8.238713543747503,5006,61,61,93,34.95,PCS-Q3,1651,4067,59.42,pcs_midrank,
POSI-J-023371,P1.03,3.773888888888889,3600,74,74,91,19.23,PCS-Q4,3003,4067,26.17,pcs_midrank,
POSI-J-023372,P1.04,6.914207005116096,2541,55,55,91,40.11,PCS-Q3,2007,4067,50.66,pcs_midrank,
POSI-J-023373,,,0,,,,,,,,,unavailable,no_pcs
POSI-J-023374,P2.02,12.55207294486394,7019,35,35,93,62.9,PCS-Q2,896,4067,77.98,pcs_midrank,
POSI-J-023375,P1.03,5.531146179401993,2408,52,52,91,43.41,PCS-Q3,2457,4067,39.6,pcs_midrank,
POSI-J-023376,P2.02,10.049986490137801,3701,48,48,93,48.92,PCS-Q3,1252,4067,69.23,pcs_midrank,
POSI-J-023377,P1.04,7.174982754656243,8698,50,50,91,45.6,PCS-Q3,1922,4067,52.75,pcs_midrank,
POSI-J-023378,P2.05,12.684662299525638,4427,69,69,145,52.76,PCS-Q2,881,4067,78.35,pcs_midrank,
POSI-J-023379,P2.05,15.997289581149941,27671,39,39,145,73.45,PCS-Q2,562,4067,86.19,pcs_midrank,
POSI-J-023380,P1.01,1.419952210274791,1674,42,42,44,5.68,PCS-Q4,3692,4067,9.23,pcs_midrank,
POSI-J-023381,P1.04,7.255756067205974,4821,49,49,91,46.7,PCS-Q3,1895,4067,53.42,pcs_midrank,
POSI-J-023382,P1.05,6.72644376899696,329,231,231,350,34.14,PCS-Q3,2057,4067,49.43,pcs_midrank,
POSI-J-023383,P1.05,24.91417588452185,12747,23,23,350,93.57,PCS-Q1,183,4067,95.51,pcs_midrank,
POSI-J-023384,P1.04,25.38829939776312,10461,7,7,91,92.86,PCS-Q1,175,4067,95.71,pcs_midrank,
POSI-J-023385,P1.05,28.677941705649513,16674,11,11,350,97,PCS-Q1,136,4067,96.67,pcs_midrank,
POSI-J-023386,P2.05,7.515368120085776,4197,110,110,145,24.48,PCS-Q4,1817,4067,55.34,pcs_midrank,
POSI-J-023387,P1.04,7.133333333333334,870,51,51,91,44.51,PCS-Q3,1934,4067,52.46,pcs_midrank,
POSI-J-023388,P2.01,19.817227690467128,18389,9,9,67,87.31,PCS-Q1,343,4067,91.58,pcs_midrank,
POSI-J-023389,P2.05,9.610957387935805,5421,94,94,145,35.52,PCS-Q3,1331,4067,67.29,pcs_midrank,
POSI-J-023390,P1.03,,0,,,,,,,,,unavailable,no_pcs
POSI-J-023391,P1.04,9.607763849575415,2473,31,31,91,66.48,PCS-Q2,1336,4067,67.16,pcs_midrank,
POSI-J-023392,P2.05,5.694117647058824,1360,130,130,145,10.69,PCS-Q4,2392,4067,41.2,pcs_midrank,
POSI-J-023393,P1.04,13.935059138585137,4481,19,19,91,79.67,PCS-Q1,733,4067,81.99,pcs_midrank,
POSI-J-023394,P2.11,21.398687386843694,13256,34,34,242,86.16,PCS-Q1,282,4067,93.08,pcs_midrank,
POSI-J-023395,P2.11,9.284078947368421,7600,162,162,242,33.26,PCS-Q3,1413,4067,65.27,pcs_midrank,
POSI-J-023396,P2.03,17.75647339158062,6295,13,13,75,83.33,PCS-Q1,454,4067,88.85,pcs_midrank,
POSI-J-023397,P1.03,7.8001124543154345,7114,34,34,91,63.19,PCS-Q2,1746,4067,57.08,pcs_midrank,
POSI-J-023398,P1.04,10.406976744186046,8428,26,26,91,71.98,PCS-Q2,1185,4067,70.88,pcs_midrank,
POSI-J-023399,P2.02,46.49111061519006,13443,4,4,93,96.24,PCS-Q1,29,4067,99.3,pcs_midrank,
POSI-J-023400,P3.02,7.17386866281048,2939,315,315,1326,76.28,PCS-Q1,1925,4067,52.68,pcs_midrank,
POSI-J-023401,P1.04,4.963338533541342,1282,72,72,91,21.43,PCS-Q4,2646,4067,34.95,pcs_midrank,
POSI-J-023402,P1.03,5.341002465078061,1217,53,53,91,42.31,PCS-Q3,2516,4067,38.15,pcs_midrank,
POSI-J-023403,P1.03,6.6322478157267675,1259,42,42,91,54.4,PCS-Q2,2087,4067,48.7,pcs_midrank,
POSI-J-023404,P2.03,22.771747254642673,17393,9,9,75,88.67,PCS-Q1,240,4067,94.11,pcs_midrank,
POSI-J-023405,P1.03,11.805880736466062,18195,19,19,91,79.67,PCS-Q1,978,4067,75.97,pcs_midrank,
POSI-J-023406,P2.02,29.22350547214431,18183,14,14,93,85.48,PCS-Q1,133,4067,96.74,pcs_midrank,
POSI-J-023407,P1.05,27.923957179771133,13545,15,15,350,95.86,PCS-Q1,146,4067,96.42,pcs_midrank,
POSI-J-023408,P1.04,7.977264115195149,2639,41,41,91,55.49,PCS-Q2,1706,4067,58.06,pcs_midrank,
POSI-J-023409,P1.03,3.478661087866109,1195,81,81,91,11.54,PCS-Q4,3089,4067,24.06,pcs_midrank,
POSI-J-023410,P2.05,7.055888483585201,7676,117,117,145,19.66,PCS-Q4,1961,4067,51.79,pcs_midrank,
POSI-J-023411,P1.04,6.064523281596452,4510,62,62,91,32.42,PCS-Q3,2276,4067,44.05,pcs_midrank,
POSI-J-023412,P1.05,3.9473684210526314,665,312,312,350,11,PCS-Q4,2950,4067,27.46,pcs_midrank,
POSI-J-023413,P2.05,9.744149057032493,4401,92,92,145,36.9,PCS-Q3,1312,4067,67.75,pcs_midrank,
POSI-J-023414,P2.05,5.531914893617022,1363,132,132,145,9.31,PCS-Q4,2456,4067,39.62,pcs_midrank,
POSI-J-023415,P2.03,7.576522938079719,15956,51,51,75,32.67,PCS-Q3,1798,4067,55.8,pcs_midrank,
POSI-J-023416,P2.02,18.220266901305177,6819,27,27,93,71.51,PCS-Q2,430,4067,89.44,pcs_midrank,
POSI-J-023417,P1.03,7.291479820627803,3791,36,36,91,60.99,PCS-Q2,1885,4067,53.66,pcs_midrank,
POSI-J-023418,P1.03,5.12070916635232,2651,59,59,91,35.71,PCS-Q3,2587,4067,36.4,pcs_midrank,
POSI-J-023419,P2.02,6.110745058286873,3946,80,80,93,14.52,PCS-Q4,2260,4067,44.44,pcs_midrank,
POSI-J-023420,P1.04,7.629118094272681,7892,45,45,91,51.1,PCS-Q2,1782,4067,56.2,pcs_midrank,
POSI-J-023421,P2.02,20.041968032860076,11199,22,22,93,76.88,PCS-Q1,334,4067,91.8,pcs_midrank,
POSI-J-023422,P1.03,5.035958904109589,584,61,61,91,33.52,PCS-Q3,2621,4067,35.57,pcs_midrank,
POSI-J-023423,P1.03,5.134948096885813,578,58,58,91,36.81,PCS-Q3,2580,4067,36.57,pcs_midrank,
POSI-J-023424,P1.04,,0,,,,,,,,,unavailable,no_pcs
POSI-J-023425,P2.02,20.366013071895424,7038,21,21,93,77.96,PCS-Q1,318,4067,92.19,pcs_midrank,
POSI-J-023426,P1.04,8.118975903614459,664,40,40,91,56.59,PCS-Q2,1674,4067,58.85,pcs_midrank,
POSI-J-023427,P1.03,3.758859784283513,1298,75,75,91,18.13,PCS-Q4,3014,4067,25.9,pcs_midrank,
POSI-J-023428,P1.05,,0,,,,,,,,,unavailable,no_pcs
POSI-J-023429,P2.05,8.55647099210436,2913,103,103,145,29.31,PCS-Q3,1556,4067,61.75,pcs_midrank,
POSI-J-023430,P1.04,15.232887189292542,5230,14,14,91,85.16,PCS-Q1,618,4067,84.82,pcs_midrank,
POSI-J-023431,P2.02,6.873228346456693,3810,72,72,93,23.12,PCS-Q4,2024,4067,50.25,pcs_midrank,
POSI-J-023432,P2.05,,0,,,,,,,,,unavailable,no_pcs
POSI-J-023433,P2.11,16.408102175214527,5011,61,61,242,75,PCS-Q1,537,4067,86.81,pcs_midrank,
POSI-J-023434,P1.03,5.150252525252525,792,57,57,91,37.91,PCS-Q3,2575,4067,36.7,pcs_midrank,
POSI-J-023435,P1.01,3.0972411909314395,3661,23,23,44,48.86,PCS-Q3,3212,4067,21.04,pcs_midrank,
POSI-J-023436,P1.05,26.394372765428262,6433,20,20,350,94.43,PCS-Q1,163,4067,96,pcs_midrank,
POSI-J-023437,P2.11,7.131259852067418,16494,194,194,242,20.04,PCS-Q4,1935,4067,52.43,pcs_midrank,
POSI-J-023438,P1.02,5.940805723532919,11741,107,107,133,19.92,PCS-Q4,2320,4067,42.97,pcs_midrank,
POSI-J-023439,P2.05,13.18464499139066,9873,63,63,145,56.9,PCS-Q2,812,4067,80.05,pcs_midrank,
POSI-J-023440,P1.03,4.803016284233901,10808,62,62,91,32.42,PCS-Q3,2696,4067,33.72,pcs_midrank,
POSI-J-023441,P2.11,11.539747160917077,4667,119,119,242,51.03,PCS-Q2,1018,4067,74.98,pcs_midrank,
POSI-J-023442,P2.05,18.4355735219808,15832,29,29,145,80.34,PCS-Q1,417,4067,89.76,pcs_midrank,
POSI-J-023443,P2.05,8.508602601762485,2383,104,104,145,28.62,PCS-Q3,1569,4067,61.43,pcs_midrank,
POSI-J-023444,P2.05,11.691636544933317,8023,76,76,145,47.93,PCS-Q3,989,4067,75.69,pcs_midrank,
POSI-J-023445,P1.03,8.455517132977052,3181,27,27,91,70.88,PCS-Q2,1584,4067,61.06,pcs_midrank,
POSI-J-023446,P2.11,2.4841017488076313,1258,236,236,242,2.69,PCS-Q4,3412,4067,16.12,pcs_midrank,
POSI-J-023447,P2.03,15.63633680897108,10166,16,16,75,79.33,PCS-Q1,580,4067,85.75,pcs_midrank,
POSI-J-023448,P1.03,4.050799086757991,1752,71,71,91,22.53,PCS-Q4,2920,4067,28.21,pcs_midrank,
POSI-J-023449,P2.02,8.47085201793722,4683,58,58,93,38.17,PCS-Q3,1579,4067,61.19,pcs_midrank,
POSI-J-023450,P2.11,9.266933952310614,4739,164,164,242,32.44,PCS-Q3,1416,4067,65.2,pcs_midrank,
POSI-J-023451,P1.01,2.263573543928924,1013,31,31,44,30.68,PCS-Q3,3479,4067,14.47,pcs_midrank,
POSI-J-023452,P2.02,10.29206713527471,13942,46,46,93,51.08,PCS-Q2,1208,4067,70.31,pcs_midrank,
POSI-J-023453,P1.05,8.945340671854241,15807,173,173,350,50.71,PCS-Q2,1476,4067,63.72,pcs_midrank,
POSI-J-023454,P2.05,15.970106802879034,17228,40,40,145,72.76,PCS-Q2,563,4067,86.17,pcs_midrank,
POSI-J-023455,P2.05,14.753734827264239,4284,48,48,145,67.24,PCS-Q2,654,4067,83.93,pcs_midrank,
POSI-J-023456,P1.05,31.846768820786142,6004,3,3,350,99.29,PCS-Q1,108,4067,97.36,pcs_midrank,
POSI-J-023457,P1.04,5.651719901719901,1628,66,66,91,28.02,PCS-Q3,2411,4067,40.73,pcs_midrank,
POSI-J-023458,P2.05,9.137757667169431,1989,97,97,145,33.45,PCS-Q3,1437,4067,64.68,pcs_midrank,
POSI-J-023459,P1.05,19.940878734622146,14225,37,37,350,89.57,PCS-Q1,338,4067,91.7,pcs_midrank,
POSI-J-023460,P1.04,,0,,,,,,,,,unavailable,no_pcs
POSI-J-023461,P2.03,8.847451829893968,8771,46,46,75,39.33,PCS-Q3,1499,4067,63.15,pcs_midrank,
POSI-J-023462,P1.06,7.854417670682731,996,208,208,401,48.25,PCS-Q3,1737,4067,57.3,pcs_midrank,
POSI-J-023463,P2.02,5.883898305084746,1180,81,81,93,13.44,PCS-Q4,2341,4067,42.45,pcs_midrank,
POSI-J-023464,P2.05,5.754956560481176,8978,129,129,145,11.38,PCS-Q4,2376,4067,41.59,pcs_midrank,
POSI-J-023465,P2.02,8.80970553349492,19391,54,54,93,42.47,PCS-Q3,1507,4067,62.96,pcs_midrank,
POSI-J-023466,P2.05,26.617910447761194,4020,11,11,145,92.76,PCS-Q1,162,4067,96.03,pcs_midrank,
POSI-J-023467,P2.05,,0,,,,,,,,,unavailable,no_pcs
POSI-J-023468,P1.05,20.358635300993573,13688,33,33,350,90.71,PCS-Q1,320,4067,92.14,pcs_midrank,
POSI-J-023469,P1.04,2.433399602385686,1006,91,91,91,0.55,PCS-Q4,3429,4067,15.7,pcs_midrank,
POSI-J-023470,P1.05,17.05681994116736,6459,58,58,350,83.57,PCS-Q1,486,4067,88.06,pcs_midrank,
POSI-J-023471,P2.11,13.18539865513929,2082,95,95,242,60.95,PCS-Q2,811,4067,80.07,pcs_midrank,
POSI-J-023472,P2.11,2.488850607713657,10449,235,235,242,3.1,PCS-Q4,3410,4067,16.17,pcs_midrank,
POSI-J-023473,P2.02,10.478196463290436,10801,45,45,93,52.15,PCS-Q2,1174,4067,71.15,pcs_midrank,
POSI-J-023474,P2.05,34.550773502578345,10084,4,4,145,97.59,PCS-Q1,82,4067,98,pcs_midrank,
POSI-J-023475,P1.05,20.229351121892055,8245,35,35,350,90.14,PCS-Q1,325,4067,92.02,pcs_midrank,
POSI-J-023476,P1.03,2.986328125,512,83,83,91,9.34,PCS-Q4,3250,4067,20.1,pcs_midrank,
POSI-J-023477,P2.11,7.866438356164384,1752,187,187,242,22.93,PCS-Q4,1732,4067,57.43,pcs_midrank,
POSI-J-023478,P1.03,5.180140597539543,3414,55,55,91,40.11,PCS-Q3,2563,4067,36.99,pcs_midrank,
POSI-J-023479,P2.04,13.27682527451358,10382,,,6,,,797,4067,80.42,unavailable,category_below_min_size
POSI-J-023480,P2.05,16.370219885277248,4184,38,38,145,74.14,PCS-Q2,540,4067,86.73,pcs_midrank,
POSI-J-023481,P2.02,31.16786843769766,7905,13,13,93,86.56,PCS-Q1,115,4067,97.18,pcs_midrank,
POSI-J-023482,P2.11,25.47945024448262,7567,16,16,242,93.6,PCS-Q1,173,4067,95.76,pcs_midrank,
POSI-J-023483,P1.05,13.582617382617382,5005,86,86,350,75.57,PCS-Q1,764,4067,81.23,pcs_midrank,
POSI-J-023484,P1.01,7.265984654731458,782,2,2,44,96.59,PCS-Q1,1891,4067,53.52,pcs_midrank,
POSI-J-023485,P1.02,16.022052067381317,6530,35,35,133,74.06,PCS-Q2,561,4067,86.22,pcs_midrank,
POSI-J-023486,P1.03,7.874617737003058,3270,32,32,91,65.38,PCS-Q2,1727,4067,57.55,pcs_midrank,
POSI-J-023487,P1.04,9.072178477690288,1524,36,36,91,60.99,PCS-Q2,1449,4067,64.38,pcs_midrank,
POSI-J-023488,P2.05,18.843304463690874,7505,23,23,145,84.48,PCS-Q1,386,4067,90.52,pcs_midrank,
POSI-J-023489,P2.05,12.992588762495691,5802,65,65,145,55.52,PCS-Q2,843,4067,79.28,pcs_midrank,
POSI-J-023490,P1.05,16.990092532012337,10699,59,59,350,83.29,PCS-Q1,489,4067,87.99,pcs_midrank,
POSI-J-023491,P2.11,13.080680061823802,6470,98,98,242,59.71,PCS-Q2,827,4067,79.68,pcs_midrank,
POSI-J-023492,P2.11,18.0331976197933,3193,50,50,242,79.55,PCS-Q1,439,4067,89.22,pcs_midrank,
POSI-J-023493,P2.11,14.264313387860525,11615,83,83,242,65.91,PCS-Q2,701,4067,82.78,pcs_midrank,
POSI-J-023494,P2.11,22.13247652001977,4046,31,31,242,87.4,PCS-Q1,258,4067,93.67,pcs_midrank,
POSI-J-023495,P1.04,11.86890349360083,5782,21,21,91,77.47,PCS-Q1,968,4067,76.21,pcs_midrank,
POSI-J-023496,P3.03,7.5201005025125625,1592,12,12,71,83.8,PCS-Q1,1813,4067,55.43,pcs_midrank,
POSI-J-023497,P1.03,3.0272263187748156,1763,82,82,91,10.44,PCS-Q4,3237,4067,20.42,pcs_midrank,
POSI-J-023498,P2.02,11.860905044510385,2696,38,38,93,59.68,PCS-Q2,969,4067,76.19,pcs_midrank,
POSI-J-023499,P1.03,3.704191616766467,2505,77,77,91,15.93,PCS-Q4,3029,4067,25.53,pcs_midrank,
POSI-J-023500,P1.05,12.673469387755102,1666,97,97,350,72.43,PCS-Q2,883,4067,78.3,pcs_midrank,
POSI-J-023501,P2.05,7.4438301080673535,3979,111,111,145,23.79,PCS-Q4,1845,4067,54.65,pcs_midrank,
POSI-J-023502,P1.04,5.905750798722044,626,63,63,91,31.32,PCS-Q3,2332,4067,42.67,pcs_midrank,
POSI-J-023503,P1.05,9.732520325203252,1230,153,153,350,56.43,PCS-Q2,1315,4067,67.68,pcs_midrank,
POSI-J-023504,P3.02,6.5228187919463085,1490,373,373,1326,71.91,PCS-Q2,2124,4067,47.79,pcs_midrank,
POSI-J-023505,P1.05,7.080497925311203,1205,221,221,350,37,PCS-Q3,1950,4067,52.07,pcs_midrank,
POSI-J-023506,P1.04,6.172370877411326,4821,60,60,91,34.62,PCS-Q3,2239,4067,44.96,pcs_midrank,
POSI-J-023507,P2.02,18.49497187659792,5867,25,25,93,73.66,PCS-Q2,410,4067,89.93,pcs_midrank,
POSI-J-023508,P2.05,6.977106918238993,3975,122,122,145,16.21,PCS-Q4,1990,4067,51.08,pcs_midrank,
POSI-J-023509,P2.03,15.005099872503187,4706,20,20,75,74,PCS-Q2,633,4067,84.45,pcs_midrank,
POSI-J-023510,P1.01,4.651221566975568,2374,15,15,44,67.05,PCS-Q2,2733,4067,32.81,pcs_midrank,
POSI-J-023511,P2.05,11.44475138121547,7964,80,80,145,45.17,PCS-Q3,1035,4067,74.56,pcs_midrank,
POSI-J-023512,P2.02,10.531089815021172,4487,44,44,93,53.23,PCS-Q2,1170,4067,71.24,pcs_midrank,
POSI-J-023513,P1.03,4.226296958855098,3354,68,68,91,25.82,PCS-Q3,2860,4067,29.69,pcs_midrank,
POSI-J-023514,P2.05,6.920391061452514,2864,123,123,145,15.52,PCS-Q4,2005,4067,50.71,pcs_midrank,
POSI-J-023515,P1.03,10.827586206896552,58,21,21,91,77.47,PCS-Q1,1123,4067,72.4,pcs_midrank,
POSI-J-023516,P1.04,5.643326039387309,457,68,68,91,25.82,PCS-Q3,2415,4067,40.63,pcs_midrank,
POSI-J-023518,P3.02,6.689655172413793,1682,356,356,1326,73.19,PCS-Q2,2067,4067,49.18,pcs_midrank,
POSI-J-023519,P1.04,9.507997793712079,9065,33,33,91,64.29,PCS-Q2,1354,4067,66.72,pcs_midrank,
POSI-J-023520,P2.05,8.977664576802507,2552,99,99,145,32.07,PCS-Q3,1470,4067,63.87,pcs_midrank,
POSI-J-023521,P2.03,9.637044967880085,1868,42,42,75,44.67,PCS-Q3,1328,4067,67.36,pcs_midrank,
POSI-J-023522,P1.05,5.188528047237453,2371,285,285,350,18.71,PCS-Q4,2558,4067,37.12,pcs_midrank,
POSI-J-023523,P1.04,5.844776119402985,3015,64,64,91,30.22,PCS-Q3,2352,4067,42.18,pcs_midrank,
POSI-J-023524,P2.02,4.4644836272040305,1985,86,86,93,8.06,PCS-Q4,2776,4067,31.76,pcs_midrank,
POSI-J-023525,P2.05,14.571428571428571,2044,49,49,145,66.55,PCS-Q2,666,4067,83.64,pcs_midrank,
POSI-J-023526,P1.05,5.9541984732824424,1310,261,261,350,25.57,PCS-Q3,2314,4067,43.12,pcs_midrank,
POSI-J-023527,P2.11,12.108430913348947,4270,112,112,242,53.93,PCS-Q2,943,4067,76.83,pcs_midrank,
POSI-J-023528,P1.05,21.22686077902044,10372,31,31,350,91.29,PCS-Q1,289,4067,92.91,pcs_midrank,
POSI-J-023529,P1.04,4.50843222985634,1601,75,75,91,18.13,PCS-Q4,2766,4067,32,pcs_midrank,
POSI-J-023530,P1.05,2.6714285714285713,210,338,338,350,3.57,PCS-Q4,3360,4067,17.4,pcs_midrank,
POSI-J-023531,P1.04,4.379956598934701,10138,78,78,91,14.84,PCS-Q4,2808,4067,30.97,pcs_midrank,
POSI-J-023532,P2.02,18.252803430079155,6064,26,26,93,72.58,PCS-Q2,426,4067,89.54,pcs_midrank,
POSI-J-023533,P2.01,16.607593182762923,7217,14,14,67,79.85,PCS-Q1,523,4067,87.15,pcs_midrank,
POSI-J-023534,P2.11,34.21741452991453,1872,5,5,242,98.14,PCS-Q1,86,4067,97.9,pcs_midrank,
POSI-J-023535,P2.05,8.945736434108527,774,100,100,145,31.38,PCS-Q3,1475,4067,63.74,pcs_midrank,
POSI-J-023536,P2.03,29.78051787916153,4866,7,7,75,91.33,PCS-Q1,130,4067,96.82,pcs_midrank,
POSI-J-023537,P2.02,21.88749345892203,5733,18,18,93,81.18,PCS-Q1,265,4067,93.5,pcs_midrank,
POSI-J-023538,P2.02,9.57606490872211,3451,49,49,93,47.85,PCS-Q3,1341,4067,67.04,pcs_midrank,
POSI-J-023539,P2.05,13.63648013669372,2341,60,60,145,58.97,PCS-Q2,761,4067,81.3,pcs_midrank,
POSI-J-023540,P1.03,4.6587887740029545,1354,63,63,91,31.32,PCS-Q3,2731,4067,32.86,pcs_midrank,
POSI-J-023541,P1.05,9.782254413761883,2209,152,152,350,56.71,PCS-Q2,1303,4067,67.97,pcs_midrank,
POSI-J-023542,P2.02,22.542273448823245,14489,16,16,93,83.33,PCS-Q1,248,4067,93.91,pcs_midrank,
POSI-J-023543,P2.02,2.630384167636787,1718,92,92,93,1.61,PCS-Q4,3368,4067,17.2,pcs_midrank,
POSI-J-023544,P1.06,5.375,1008,298,298,401,25.81,PCS-Q3,2506,4067,38.39,pcs_midrank,
POSI-J-023545,P2.11,4.868098159509202,1304,224,224,242,7.64,PCS-Q4,2672,4067,34.31,pcs_midrank,
POSI-J-023546,P2.11,14.175998930910064,7483,85,85,242,65.08,PCS-Q2,709,4067,82.58,pcs_midrank,
POSI-J-023547,P1.02,14.766416283014296,4127,40,40,133,70.3,PCS-Q2,653,4067,83.96,pcs_midrank,
POSI-J-023548,P1.05,12.491657397107897,1798,98,98,350,72.14,PCS-Q2,904,4067,77.78,pcs_midrank,
POSI-J-023549,P2.03,24.53550808314088,3464,8,8,75,90,PCS-Q1,195,4067,95.22,pcs_midrank,
POSI-J-023550,P2.05,11.21536523929471,794,82,82,145,43.79,PCS-Q3,1064,4067,73.85,pcs_midrank,
POSI-J-023551,P2.11,4.217379607210115,3717,227,227,242,6.4,PCS-Q4,2863,4067,29.62,pcs_midrank,
POSI-J-023552,P2.11,11.122495894909688,3045,126,126,242,48.14,PCS-Q3,1075,4067,73.58,pcs_midrank,
POSI-J-023553,P3.02,6.5625,400,367,367,1326,72.36,PCS-Q2,2110,4067,48.13,pcs_midrank,
POSI-J-023554,P1.03,5.753172500348627,7171,50,50,91,45.6,PCS-Q3,2379,4067,41.52,pcs_midrank,
POSI-J-023555,P2.05,9.237472766884531,2754,96,96,145,34.14,PCS-Q3,1420,4067,65.1,pcs_midrank,
POSI-J-023556,P2.11,8.186424114861309,13303,184,184,242,24.17,PCS-Q4,1664,4067,59.1,pcs_midrank,
POSI-J-023557,P2.05,6.471103327495622,3997,126,126,145,13.45,PCS-Q4,2135,4067,47.52,pcs_midrank,
POSI-J-023558,P1.06,21.006295643414756,15884,45,45,401,88.9,PCS-Q1,295,4067,92.76,pcs_midrank,
POSI-J-023559,P1.06,14.300948461885884,59781,90,90,401,77.68,PCS-Q1,696,4067,82.9,pcs_midrank,
POSI-J-023560,P1.06,5.861280753795149,5731,281,281,401,30.05,PCS-Q3,2346,4067,42.33,pcs_midrank,
POSI-J-023561,P1.06,10.59929906542056,856,144,144,401,64.21,PCS-Q2,1157,4067,71.56,pcs_midrank,
POSI-J-023562,P3.01,6.667905824039653,1614,72,72,108,33.8,PCS-Q3,2071,4067,49.09,pcs_midrank,
POSI-J-023563,P1.06,7.463176574977817,1127,219,219,401,45.51,PCS-Q3,1836,4067,54.87,pcs_midrank,
POSI-J-023564,P3.01,7.71832229580574,2265,60,60,108,44.91,PCS-Q3,1764,4067,56.64,pcs_midrank,
POSI-J-023565,P3.01,10.646083847903803,3077,30,30,108,72.69,PCS-Q2,1153,4067,71.66,pcs_midrank,
POSI-J-023566,P3.01,10.948352021746517,2943,27,27,108,75.46,PCS-Q1,1104,4067,72.87,pcs_midrank,
POSI-J-023567,P3.02,7.688871266190854,3783,270,270,1326,79.68,PCS-Q1,1768,4067,56.54,pcs_midrank,
POSI-J-023568,P1.06,15.375026188979678,4773,75,75,401,81.42,PCS-Q1,606,4067,85.11,pcs_midrank,
POSI-J-023569,P3.01,5.953804347826087,1472,82,82,108,24.54,PCS-Q4,2315,4067,43.09,pcs_midrank,
POSI-J-023570,P3.02,9.549523414836303,2413,181,181,1326,86.39,PCS-Q1,1347,4067,66.89,pcs_midrank,
POSI-J-023571,P3.01,13.523205445544555,3232,16,16,108,85.65,PCS-Q1,771,4067,81.05,pcs_midrank,
POSI-J-023572,P1.06,12.003929273084479,509,123,123,401,69.45,PCS-Q2,955,4067,76.53,pcs_midrank,
POSI-J-023573,P4.01,15.0151171579743,2646,32,32,115,72.61,PCS-Q2,631,4067,84.5,pcs_midrank,
POSI-J-023574,P1.06,12.513581806696147,1583,118,118,401,70.7,PCS-Q2,901,4067,77.86,pcs_midrank,
POSI-J-023575,P4.01,5.63943161634103,1126,102,102,115,11.74,PCS-Q4,2418,4067,40.56,pcs_midrank,
POSI-J-023576,P1.06,8.548744460856721,1354,189,189,401,52.99,PCS-Q2,1560,4067,61.65,pcs_midrank,
POSI-J-023577,P1.06,7.2811387900355875,1124,231,231,401,42.52,PCS-Q3,1888,4067,53.59,pcs_midrank,
POSI-J-023578,P3.02,,0,,,,,,,,,unavailable,no_pcs
POSI-J-023579,P1.06,3.5555555555555554,9,358,358,401,10.85,PCS-Q4,3072,4067,24.48,pcs_midrank,
POSI-J-023580,P3.02,11.30491990846682,1748,128,128,1326,90.38,PCS-Q1,1053,4067,74.12,pcs_midrank,
POSI-J-023581,P1.06,13.356979405034325,2185,100,100,401,75.19,PCS-Q1,786,4067,80.69,pcs_midrank,
POSI-J-023582,P3.02,10.026422764227643,1968,165,165,1326,87.59,PCS-Q1,1257,4067,69.1,pcs_midrank,
POSI-J-023583,P3.01,8.639819004524886,1105,47,47,108,56.94,PCS-Q2,1539,4067,62.17,pcs_midrank,
POSI-J-023584,P1.06,4.976912928759894,1516,313,313,401,22.07,PCS-Q4,2640,4067,35.1,pcs_midrank,
POSI-J-023585,P1.06,,0,,,,,,,,,unavailable,no_pcs
POSI-J-023586,P3.01,4.541159772911597,4932,93,93,108,14.35,PCS-Q4,2760,4067,32.15,pcs_midrank,
POSI-J-023587,P1.06,13.926315789473684,665,95,95,401,76.43,PCS-Q1,734,4067,81.96,pcs_midrank,
POSI-J-023588,P3.02,2.6275491949910554,2795,885,885,1326,33.3,PCS-Q3,3370,4067,17.15,pcs_midrank,
POSI-J-023589,P3.02,3.130898743182357,4217,802,802,1326,39.56,PCS-Q3,3202,4067,21.28,pcs_midrank,
POSI-J-023590,P3.02,6.071142284569138,998,423,423,1326,68.14,PCS-Q2,2273,4067,44.12,pcs_midrank,
POSI-J-023591,P3.02,7.55234899328859,1490,282,282,1326,78.77,PCS-Q1,1805,4067,55.63,pcs_midrank,
POSI-J-023592,P3.01,6.313793103448276,2320,76,76,108,30.09,PCS-Q3,2190,4067,46.16,pcs_midrank,
POSI-J-023593,P1.04,3.339655172413793,580,85,85,91,7.14,PCS-Q4,3135,4067,22.93,pcs_midrank,
POSI-J-023594,P5.01,5.036821705426356,516,95,95,144,34.38,PCS-Q3,2619,4067,35.62,pcs_midrank,
POSI-J-023595,P1.06,16.02287893231649,1049,72,72,401,82.17,PCS-Q1,560,4067,86.24,pcs_midrank,
POSI-J-023596,P1.06,6.456366237482118,699,260,260,401,35.29,PCS-Q3,2141,4067,47.37,pcs_midrank,
POSI-J-023597,P1.06,6.653859116953151,2967,250,250,401,37.78,PCS-Q3,2076,4067,48.97,pcs_midrank,
POSI-J-023598,P4.01,7.519623875715454,2446,91,91,115,21.3,PCS-Q4,1814,4067,55.41,pcs_midrank,
POSI-J-023599,P3.01,13.436193863939529,4498,18,18,108,83.8,PCS-Q1,779,4067,80.86,pcs_midrank,
POSI-J-023600,P1.06,,0,,,,,,,,,unavailable,no_pcs
POSI-J-023601,P1.06,4.663865546218488,595,328,328,401,18.33,PCS-Q4,2730,4067,32.89,pcs_midrank,
POSI-J-023602,P1.06,12.012482383732635,4967,122,122,401,69.7,PCS-Q2,954,4067,76.56,pcs_midrank,
POSI-J-023603,P4.01,4.557464006062137,3959,107,107,115,7.39,PCS-Q4,2755,4067,32.27,pcs_midrank,
POSI-J-023604,P2.05,30.80730427764326,4956,8,8,145,94.83,PCS-Q1,120,4067,97.06,pcs_midrank,
POSI-J-023605,P1.06,93.04320987654322,1944,1,1,401,99.88,PCS-Q1,4,4067,99.91,pcs_midrank,
POSI-J-023606,P4.01,,0,,,,,,,,,unavailable,no_pcs
POSI-J-023607,P1.06,13.64034401876466,1279,97,97,401,75.94,PCS-Q1,760,4067,81.33,pcs_midrank,
POSI-J-023608,P1.04,3.6186666666666665,375,81,81,91,11.54,PCS-Q4,3054,4067,24.92,pcs_midrank,
POSI-J-023609,P1.06,24.165083135391924,842,29,29,401,92.89,PCS-Q1,204,4067,95,pcs_midrank,
POSI-J-023610,P1.06,14.86079390973355,3678,81,81,401,79.93,PCS-Q1,643,4067,84.2,pcs_midrank,
POSI-J-023611,P3.01,5.2846153846153845,520,89,89,108,18.06,PCS-Q4,2537,4067,37.63,pcs_midrank,
POSI-J-023612,P1.06,5.571976967370442,1042,291,291,401,27.56,PCS-Q3,2441,4067,39.99,pcs_midrank,
POSI-J-023613,P3.01,3.497105643994211,2764,100,100,108,7.87,PCS-Q4,3084,4067,24.18,pcs_midrank,
POSI-J-023614,P4.01,8.880535202293725,3139,79,79,115,31.74,PCS-Q3,1493,4067,63.3,pcs_midrank,
POSI-J-023615,P1.06,6.364849833147942,2697,262,262,401,34.79,PCS-Q3,2166,4067,46.75,pcs_midrank,
POSI-J-023616,P3.02,8.213849287169042,491,244,244,1326,81.64,PCS-Q1,1657,4067,59.27,pcs_midrank,
POSI-J-023617,P1.06,8.155709342560554,578,196,196,401,51.25,PCS-Q2,1672,4067,58.9,pcs_midrank,
POSI-J-023618,P4.01,5.37111334002006,997,104,104,115,10,PCS-Q4,2507,4067,38.37,pcs_midrank,
POSI-J-023619,P1.06,7.76761433868974,1618,211,211,401,47.51,PCS-Q3,1758,4067,56.79,pcs_midrank,
POSI-J-023620,P3.02,3.369917653113742,7772,758,758,1326,42.87,PCS-Q3,3122,4067,23.25,pcs_midrank,
POSI-J-023621,P4.01,19.563668224299064,3424,16,16,115,86.52,PCS-Q1,355,4067,91.28,pcs_midrank,
POSI-J-023622,P5.03,2.26578073089701,301,28,28,29,5.17,PCS-Q4,3478,4067,14.49,pcs_midrank,
POSI-J-023623,P1.06,5.055487053020962,811,311,311,401,22.57,PCS-Q4,2612,4067,35.79,pcs_midrank,
POSI-J-023624,P3.01,6.973935708079931,1151,68,68,108,37.5,PCS-Q3,1991,4067,51.06,pcs_midrank,
POSI-J-023625,P1.06,20.227473219911783,1587,50,50,401,87.66,PCS-Q1,326,4067,92,pcs_midrank,
POSI-J-023626,P3.02,8.797722342733188,1844,209,209,1326,84.28,PCS-Q1,1511,4067,62.86,pcs_midrank,
POSI-J-023627,P4.01,14.23620987891601,5203,37,37,115,68.26,PCS-Q2,705,4067,82.68,pcs_midrank,
POSI-J-023628,P1.06,,0,,,,,,,,,unavailable,no_pcs
POSI-J-023629,P1.06,6.5955734406438635,994,253,253,401,37.03,PCS-Q3,2096,4067,48.48,pcs_midrank,
POSI-J-023630,P1.05,6.148208469055374,614,250,250,350,28.71,PCS-Q3,2247,4067,44.76,pcs_midrank,
POSI-J-023631,P4.01,8.981775227809653,2963,76,76,115,34.35,PCS-Q3,1469,4067,63.89,pcs_midrank,
POSI-J-023632,P1.06,20.830073540916914,6391,47,47,401,88.4,PCS-Q1,302,4067,92.59,pcs_midrank,
POSI-J-023633,P1.06,7.511175898931001,1029,218,218,401,45.76,PCS-Q3,1819,4067,55.29,pcs_midrank,
POSI-J-023634,P1.06,9.450810185185185,1728,166,166,401,58.73,PCS-Q2,1367,4067,66.4,pcs_midrank,
POSI-J-023635,P1.06,4.89622641509434,424,318,318,401,20.82,PCS-Q4,2665,4067,34.48,pcs_midrank,
POSI-J-023636,P1.06,5.669172932330827,266,287,287,401,28.55,PCS-Q3,2403,4067,40.93,pcs_midrank,
POSI-J-023637,P1.06,26.339509536784742,3670,26,26,401,93.64,PCS-Q1,165,4067,95.96,pcs_midrank,
POSI-J-023638,P1.06,4.2510239906378,1709,341,341,401,15.09,PCS-Q4,2853,4067,29.86,pcs_midrank,
POSI-J-023639,P1.06,,0,,,,,,,,,unavailable,no_pcs
POSI-J-023640,P1.06,7.687366167023555,467,212,212,401,47.26,PCS-Q3,1769,4067,56.52,pcs_midrank,
POSI-J-023641,P3.02,6.5415102211097205,2397,369,369,1326,72.21,PCS-Q2,2117,4067,47.96,pcs_midrank,
POSI-J-023642,P1.06,8.367243133265514,983,193,193,401,52,PCS-Q2,1617,4067,60.25,pcs_midrank,
POSI-J-023643,P3.01,8.65236051502146,466,46,46,108,57.87,PCS-Q2,1537,4067,62.22,pcs_midrank,
POSI-J-023644,P1.06,9.728437233134073,1171,158,158,401,60.72,PCS-Q2,1316,4067,67.65,pcs_midrank,
POSI-J-023645,P4.01,15.01432664756447,2094,33,33,115,71.74,PCS-Q2,632,4067,84.47,pcs_midrank,
POSI-J-023646,P3.01,23.467379679144386,1870,5,5,108,95.83,PCS-Q1,224,4067,94.5,pcs_midrank,
POSI-J-023647,P3.02,2.713520980832326,5791,874,874,1326,34.13,PCS-Q3,3344,4067,17.79,pcs_midrank,
POSI-J-023648,P4.01,19.03942595805078,6341,17,17,115,85.65,PCS-Q1,379,4067,90.69,pcs_midrank,
POSI-J-023649,P1.06,20.15058110156645,1979,51,51,401,87.41,PCS-Q1,328,4067,91.95,pcs_midrank,
POSI-J-023650,P3.02,9.723374827109266,1446,177,177,1326,86.69,PCS-Q1,1317,4067,67.63,pcs_midrank,
POSI-J-023651,P4.01,8.251968503937007,1778,85,85,115,26.52,PCS-Q3,1646,4067,59.54,pcs_midrank,
POSI-J-023652,P1.05,8.082465972778223,1249,197,197,350,43.86,PCS-Q3,1684,4067,58.61,pcs_midrank,
POSI-J-023653,P3.01,8.42013888888889,576,50,50,108,54.17,PCS-Q2,1595,4067,60.79,pcs_midrank,
POSI-J-023654,P3.01,8.660397074190177,957,45,45,108,58.8,PCS-Q2,1535,4067,62.27,pcs_midrank,
POSI-J-023655,P1.06,26.71520845566647,3406,25,25,401,93.89,PCS-Q1,161,4067,96.05,pcs_midrank,
POSI-J-023656,P1.06,5.378712871287129,808,297,297,401,26.06,PCS-Q3,2503,4067,38.47,pcs_midrank,
POSI-J-023657,P1.06,,0,,,,,,,,,unavailable,no_pcs
POSI-J-023658,P3.02,9.459183673469388,490,183,183,1326,86.24,PCS-Q1,1364,4067,66.47,pcs_midrank,
POSI-J-023659,P1.06,34.71111111111111,675,15,15,401,96.38,PCS-Q1,80,4067,98.05,pcs_midrank,
POSI-J-023660,P1.06,5.553688141923436,1071,293,293,401,27.06,PCS-Q3,2445,4067,39.89,pcs_midrank,
POSI-J-023661,P4.01,15.733115468409586,918,30,30,115,74.35,PCS-Q2,574,4067,85.9,pcs_midrank,
POSI-J-023662,P1.04,11.121108580106302,2634,23,23,91,75.27,PCS-Q1,1076,4067,73.56,pcs_midrank,
POSI-J-023663,P4.01,10.208487084870848,1084,67,67,115,42.17,PCS-Q3,1224,4067,69.92,pcs_midrank,
POSI-J-023664,P3.01,6.258188824662813,519,77,77,108,29.17,PCS-Q3,2210,4067,45.67,pcs_midrank,
POSI-J-023665,P1.06,6.457851239669422,605,259,259,401,35.54,PCS-Q3,2139,4067,47.42,pcs_midrank,
POSI-J-023666,P3.01,7.30699260943718,1759,63,63,108,42.13,PCS-Q3,1879,4067,53.81,pcs_midrank,
POSI-J-023667,P1.05,11.41186440677966,590,118,118,350,66.43,PCS-Q2,1038,4067,74.49,pcs_midrank,
POSI-J-023668,P4.01,11.740615297770251,3543,50,50,115,56.96,PCS-Q2,983,4067,75.84,pcs_midrank,
POSI-J-023669,P3.01,4.8961456102783725,934,92,92,108,15.28,PCS-Q4,2666,4067,34.46,pcs_midrank,
POSI-J-023670,P3.01,11.285714285714286,1211,26,26,108,76.39,PCS-Q1,1057,4067,74.02,pcs_midrank,
POSI-J-023671,P1.06,11.37020583444395,6753,133,133,401,66.96,PCS-Q2,1043,4067,74.37,pcs_midrank,
POSI-J-023672,P1.06,6.720486111111111,576,247,247,401,38.53,PCS-Q3,2058,4067,49.41,pcs_midrank,
POSI-J-023673,P1.06,2.25719591457753,1077,383,383,401,4.61,PCS-Q4,3481,4067,14.42,pcs_midrank,
POSI-J-023674,P3.01,6.192715231788079,1510,80,80,108,26.39,PCS-Q3,2234,4067,45.08,pcs_midrank,
POSI-J-023675,P3.01,4.36,450,96,96,108,11.57,PCS-Q4,2820,4067,30.67,pcs_midrank,
POSI-J-023676,P1.06,8.685297691373025,823,185,185,401,53.99,PCS-Q2,1532,4067,62.34,pcs_midrank,
POSI-J-023677,P3.02,5.054095826893354,1294,548,548,1326,58.71,PCS-Q2,2613,4067,35.76,pcs_midrank,
POSI-J-023678,P3.02,6.6482260974143115,1663,358,358,1326,73.04,PCS-Q2,2078,4067,48.92,pcs_midrank,
POSI-J-023679,P1.06,9.658792650918635,762,159,159,401,60.47,PCS-Q2,1324,4067,67.46,pcs_midrank,
POSI-J-023680,P1.06,4.743691899070385,2259,324,324,401,19.33,PCS-Q4,2710,4067,33.38,pcs_midrank,
POSI-J-023681,P4.01,10.372230428360414,677,64,64,115,44.78,PCS-Q3,1189,4067,70.78,pcs_midrank,
POSI-J-023682,P1.06,7.384892086330935,556,226,226,401,43.77,PCS-Q3,1856,4067,54.38,pcs_midrank,
POSI-J-023683,P2.11,11.392217418159358,1619,123,123,242,49.38,PCS-Q3,1040,4067,74.44,pcs_midrank,
POSI-J-023684,P3.02,6.262323943661972,568,402,402,1326,69.72,PCS-Q2,2207,4067,45.75,pcs_midrank,
POSI-J-023685,P1.06,6.390993959362987,1821,261,261,401,35.04,PCS-Q3,2153,4067,47.07,pcs_midrank,
POSI-J-023686,P1.04,5.522171688459352,3518,69,69,91,24.73,PCS-Q4,2458,4067,39.57,pcs_midrank,
POSI-J-023687,P3.02,,0,,,,,,,,,unavailable,no_pcs
POSI-J-023688,P3.01,11.33002481389578,1209,24,24,108,78.24,PCS-Q1,1050,4067,74.19,pcs_midrank,
POSI-J-023689,P1.04,,0,,,,,,,,,unavailable,no_pcs
POSI-J-023690,P1.06,8.348765432098766,7776,195,195,401,51.5,PCS-Q2,1625,4067,60.06,pcs_midrank,
POSI-J-023691,P1.06,6.200564971751413,354,268,268,401,33.29,PCS-Q3,2231,4067,45.16,pcs_midrank,
POSI-J-023692,P1.06,7.356880733944954,4360,227,227,401,43.52,PCS-Q3,1863,4067,54.2,pcs_midrank,
POSI-J-023693,P1.06,6.188235294117647,340,269,269,401,33.04,PCS-Q3,2236,4067,45.03,pcs_midrank,
POSI-J-023694,P1.06,,0,,,,,,,,,unavailable,no_pcs
POSI-J-023695,P2.05,8.135527246992215,2826,105,105,145,27.93,PCS-Q3,1673,4067,58.88,pcs_midrank,
POSI-J-023696,P1.06,2.1686746987951806,830,387,387,401,3.62,PCS-Q4,3506,4067,13.81,pcs_midrank,
POSI-J-023697,P3.02,,0,,,,,,,,,unavailable,no_pcs
POSI-J-023698,P1.06,2.096424702058505,923,388,388,401,3.37,PCS-Q4,3523,4067,13.39,pcs_midrank,
POSI-J-023699,P4.01,33.77518656716418,4288,3,3,115,97.83,PCS-Q1,90,4067,97.8,pcs_midrank,
POSI-J-023700,P3.01,37.40676795580111,1448,1,1,108,99.54,PCS-Q1,65,4067,98.41,pcs_midrank,
POSI-J-023701,P4.01,9.96936936936937,1110,68,68,115,41.3,PCS-Q3,1266,4067,68.88,pcs_midrank,
POSI-J-023702,P3.02,7.187992988606486,2282,311,311,1326,76.58,PCS-Q1,1914,4067,52.95,pcs_midrank,
POSI-J-023703,P3.02,7.388849177984275,1399,291,291,1326,78.09,PCS-Q1,1854,4067,54.43,pcs_midrank,
POSI-J-023704,P1.06,9.15712682379349,891,174,174,401,56.73,PCS-Q2,1434,4067,64.75,pcs_midrank,
POSI-J-023705,P1.06,7.19280205655527,389,234,234,401,41.77,PCS-Q3,1911,4067,53.02,pcs_midrank,
POSI-J-023706,P1.06,8.083817427385892,1205,197,197,401,51,PCS-Q2,1682,4067,58.66,pcs_midrank,
POSI-J-023707,P1.06,3.9545454545454546,154,350,350,401,12.84,PCS-Q4,2947,4067,27.55,pcs_midrank,
POSI-J-023708,P1.06,4.74236641221374,524,325,325,401,19.08,PCS-Q4,2711,4067,33.35,pcs_midrank,
POSI-J-023709,P3.02,12.48314606741573,801,110,110,1326,91.74,PCS-Q1,905,4067,77.76,pcs_midrank,
POSI-J-023710,P4.01,13.415437987857763,2306,44,44,115,62.17,PCS-Q2,782,4067,80.78,pcs_midrank,
POSI-J-023711,P3.02,6.353615520282187,1134,389,389,1326,70.7,PCS-Q2,2170,4067,46.66,pcs_midrank,
POSI-J-023712,P1.06,7.254475703324808,782,232,232,401,42.27,PCS-Q3,1896,4067,53.39,pcs_midrank,
POSI-J-023713,P3.01,4.078512396694215,484,97,97,108,10.65,PCS-Q4,2906,4067,28.56,pcs_midrank,
POSI-J-023714,P4.01,18.76968143537166,2731,19,19,115,83.91,PCS-Q1,388,4067,90.47,pcs_midrank,
POSI-J-023715,P3.02,5.922803453529711,1969,442,442,1326,66.7,PCS-Q2,2324,4067,42.87,pcs_midrank,
POSI-J-023716,P1.06,6.034303534303534,1924,272,272,401,32.29,PCS-Q3,2283,4067,43.88,pcs_midrank,
POSI-J-023717,P5.02,7.864353312302839,317,160,160,257,37.94,PCS-Q3,1733,4067,57.4,pcs_midrank,
POSI-J-023718,P1.06,13.442684063373719,1073,99,99,401,75.44,PCS-Q1,778,4067,80.88,pcs_midrank,
POSI-J-023719,P1.06,3.8655756867329045,1711,353,353,401,12.09,PCS-Q4,2974,4067,26.89,pcs_midrank,
POSI-J-023720,P1.05,31.791736930860033,1186,4,4,350,99,PCS-Q1,109,4067,97.33,pcs_midrank,
POSI-J-023721,P1.06,3.8420523138832996,994,354,354,401,11.85,PCS-Q4,2981,4067,26.72,pcs_midrank,
POSI-J-023722,P3.02,7.8603896103896105,616,264,264,1326,80.13,PCS-Q1,1736,4067,57.33,pcs_midrank,
POSI-J-023723,P1.06,10.060491493383743,1058,154,154,401,61.72,PCS-Q2,1248,4067,69.33,pcs_midrank,
POSI-J-023724,P1.06,,0,,,,,,,,,unavailable,no_pcs
POSI-J-023725,P3.01,7.129666011787819,509,64,64,108,41.2,PCS-Q3,1936,4067,52.41,pcs_midrank,
POSI-J-023727,P1.06,10.69508009153318,1748,142,142,401,64.71,PCS-Q2,1143,4067,71.91,pcs_midrank,
POSI-J-023728,P3.02,,0,,,,,,,,,unavailable,no_pcs
POSI-J-023729,P1.06,7.435127978817299,1133,223,223,401,44.51,PCS-Q3,1847,4067,54.6,pcs_midrank,
POSI-J-023730,P3.02,9.192572214580467,727,194,194,1326,85.41,PCS-Q1,1430,4067,64.85,pcs_midrank,
POSI-J-023731,P4.01,2.3737373737373737,99,115,115,115,0.43,PCS-Q4,3450,4067,15.18,pcs_midrank,
POSI-J-023732,P1.06,4.226053639846743,261,342,342,401,14.84,PCS-Q4,2861,4067,29.67,pcs_midrank,
POSI-J-023733,P1.06,10.332432432432432,2960,148,148,401,63.22,PCS-Q2,1198,4067,70.56,pcs_midrank,
POSI-J-023734,P1.06,13.017441860465116,1376,109,109,401,72.94,PCS-Q2,838,4067,79.41,pcs_midrank,
POSI-J-023735,P1.06,6.839541547277937,349,246,246,401,38.78,PCS-Q3,2035,4067,49.98,pcs_midrank,
POSI-J-023736,P1.05,13.103938730853391,914,96,96,350,72.71,PCS-Q2,822,4067,79.8,pcs_midrank,
POSI-J-023737,P4.01,23.924471299093657,1324,7,7,115,94.35,PCS-Q1,210,4067,94.85,pcs_midrank,
POSI-J-023738,P1.06,5.094262295081967,244,310,310,401,22.82,PCS-Q4,2598,4067,36.13,pcs_midrank,
POSI-J-023739,P3.02,7.564971751412429,1416,279,279,1326,79,PCS-Q1,1802,4067,55.7,pcs_midrank,
POSI-J-023740,P1.06,5.966523605150215,1165,276,276,401,31.3,PCS-Q3,2308,4067,43.26,pcs_midrank,
POSI-J-023741,P3.01,7.761802575107296,466,59,59,108,45.83,PCS-Q3,1760,4067,56.74,pcs_midrank,
POSI-J-023742,P4.01,15.734303215926493,1306,29,29,115,75.22,PCS-Q1,573,4067,85.92,pcs_midrank,
POSI-J-023743,P3.01,6.34029484029484,814,75,75,108,31.02,PCS-Q3,2176,4067,46.51,pcs_midrank,
POSI-J-023744,P3.02,9.999056603773585,1060,167,167,1326,87.44,PCS-Q1,1260,4067,69.03,pcs_midrank,
POSI-J-023745,P1.06,9.484220018034264,1109,163,163,401,59.48,PCS-Q2,1360,4067,66.57,pcs_midrank,
POSI-J-023746,P1.06,48.473684210526315,1463,5,5,401,98.88,PCS-Q1,23,4067,99.45,pcs_midrank,
POSI-J-023747,P4.01,3.8917378917378915,702,109,109,115,5.65,PCS-Q4,2966,4067,27.08,pcs_midrank,
POSI-J-023748,P3.02,47.65464872206445,8099,4,4,1326,99.74,PCS-Q1,27,4067,99.35,pcs_midrank,
POSI-J-023749,P3.02,,0,,,,,,,,,unavailable,no_pcs
POSI-J-023750,P3.02,69.11954187544738,4191,2,2,1326,99.89,PCS-Q1,9,4067,99.79,pcs_midrank,
POSI-J-023751,P1.05,12.07387606747124,56676,108,108,350,69.29,PCS-Q2,946,4067,76.75,pcs_midrank,
POSI-J-023752,P3.02,13.105412380502344,27511,97,97,1326,92.72,PCS-Q1,821,4067,79.83,pcs_midrank,
POSI-J-023753,P3.02,9.842145889617909,2591,173,173,1326,86.99,PCS-Q1,1290,4067,68.29,pcs_midrank,
POSI-J-023754,P2.11,8.405543398978848,2742,180,180,242,25.83,PCS-Q3,1604,4067,60.57,pcs_midrank,
POSI-J-023755,P5.01,19.594074074074076,675,6,6,144,96.18,PCS-Q1,354,4067,91.31,pcs_midrank,
POSI-J-023756,P1.05,21.70904694741084,4963,30,30,350,91.57,PCS-Q1,272,4067,93.32,pcs_midrank,
POSI-J-023757,P5.01,4.362745098039215,408,104,104,144,28.13,PCS-Q3,2818,4067,30.72,pcs_midrank,
POSI-J-023758,P2.01,5.053439298437929,3649,57,57,67,15.67,PCS-Q4,2614,4067,35.74,pcs_midrank,
POSI-J-023759,P5.06,3.529968454258675,1268,,,14,,,3076,4067,24.38,unavailable,category_below_min_size
POSI-J-023760,P5.06,13.338345864661655,532,,,14,,,788,4067,80.64,unavailable,category_below_min_size
POSI-J-023761,P5.01,5.5199610516066215,1027,87,87,144,39.93,PCS-Q3,2459,4067,39.55,pcs_midrank,
POSI-J-023762,P3.02,8.513757225433526,4325,221,221,1326,83.37,PCS-Q1,1567,4067,61.48,pcs_midrank,
POSI-J-023763,P5.06,9.221374045801527,262,,,14,,,1423,4067,65.02,unavailable,category_below_min_size
POSI-J-023764,P3.02,11.110106820049301,1217,132,132,1326,90.08,PCS-Q1,1077,4067,73.53,pcs_midrank,
POSI-J-023765,P1.02,22.797941590429275,11368,14,14,133,89.85,PCS-Q1,238,4067,94.16,pcs_midrank,
POSI-J-023766,P5.01,4.257478632478633,936,106,106,144,26.74,PCS-Q3,2850,4067,29.94,pcs_midrank,
POSI-J-023767,P5.04,2.904672897196262,535,41,41,50,19,PCS-Q4,3280,4067,19.36,pcs_midrank,
POSI-J-023768,P5.01,,0,,,,,,,,,unavailable,no_pcs
POSI-J-023769,P5.02,20.292578125,2560,48,48,257,81.52,PCS-Q1,322,4067,92.09,pcs_midrank,
POSI-J-023770,P6.02,8.317073170731707,287,,,17,,,1631,4067,59.91,unavailable,category_below_min_size
POSI-J-023771,P5.09,6.689655172413793,261,14,14,32,57.81,PCS-Q2,2067,4067,49.18,pcs_midrank,
POSI-J-023772,P3.03,12.301601423487545,3372,6,6,71,92.25,PCS-Q1,922,4067,77.34,pcs_midrank,
POSI-J-023773,P5.04,2.5541666666666667,720,42,42,50,17,PCS-Q4,3389,4067,16.68,pcs_midrank,
POSI-J-023774,P3.02,8.174157303370787,1246,249,249,1326,81.26,PCS-Q1,1668,4067,59,pcs_midrank,
POSI-J-023775,P1.02,18.134104046242776,5190,27,27,133,80.08,PCS-Q1,432,4067,89.39,pcs_midrank,
POSI-J-023776,P5.01,7.95512082853855,869,51,51,144,64.93,PCS-Q2,1713,4067,57.89,pcs_midrank,
POSI-J-023777,P3.01,6.825688073394495,1090,69,69,108,36.57,PCS-Q3,2038,4067,49.9,pcs_midrank,
POSI-J-023778,P5.02,9.38034188034188,468,141,141,257,45.33,PCS-Q3,1382,4067,66.03,pcs_midrank,
POSI-J-023779,P5.03,5.756218905472637,201,17,17,29,43.1,PCS-Q3,2375,4067,41.62,pcs_midrank,
POSI-J-023780,P5.02,6.080996884735202,642,190,190,257,26.26,PCS-Q3,2268,4067,44.25,pcs_midrank,
POSI-J-023781,P1.02,2.5336986301369864,1825,126,126,133,5.64,PCS-Q4,3393,4067,16.58,pcs_midrank,
POSI-J-023782,P5.01,10.370838117106773,871,28,28,144,80.9,PCS-Q1,1191,4067,70.73,pcs_midrank,
POSI-J-023783,P5.01,11.727975270479135,647,21,21,144,85.76,PCS-Q1,984,4067,75.82,pcs_midrank,
POSI-J-023784,P5.01,7.915838996340826,1913,52,52,144,64.24,PCS-Q2,1721,4067,57.7,pcs_midrank,
POSI-J-023785,P5.01,2.622775800711744,1124,128,128,144,11.46,PCS-Q4,3372,4067,17.1,pcs_midrank,
POSI-J-023786,P3.02,8.08027640334414,11722,252,252,1326,81.03,PCS-Q1,1686,4067,58.56,pcs_midrank,
POSI-J-023787,P6.03,1.8741721854304636,302,,,9,,,3570,4067,12.23,unavailable,category_below_min_size
POSI-J-023788,P3.02,4.254033360678151,3657,644,644,1326,51.47,PCS-Q2,2851,4067,29.91,pcs_midrank,
POSI-J-023789,P5.02,39.851581508515814,411,8,8,257,97.08,PCS-Q1,47,4067,98.86,pcs_midrank,
POSI-J-023790,P5.02,19.538310412573672,509,50,50,257,80.74,PCS-Q1,356,4067,91.26,pcs_midrank,
POSI-J-023791,P5.06,,0,,,,,,,,,unavailable,no_pcs
POSI-J-023792,P5.02,5.194574856546687,1917,199,199,257,22.76,PCS-Q4,2557,4067,37.14,pcs_midrank,
POSI-J-023793,P6.02,2.6097560975609757,205,,,17,,,3377,4067,16.98,unavailable,category_below_min_size
POSI-J-023794,P5.03,,0,,,,,,,,,unavailable,no_pcs
POSI-J-023795,P5.02,27.58256880733945,218,20,20,257,92.41,PCS-Q1,148,4067,96.37,pcs_midrank,
POSI-J-023796,P3.02,5.7828220858895705,815,459,459,1326,65.42,PCS-Q2,2366,4067,41.84,pcs_midrank,
POSI-J-023797,P5.09,3.904382470119522,251,22,22,32,32.81,PCS-Q3,2963,4067,27.16,pcs_midrank,
POSI-J-023798,P5.02,22.64775160599572,1868,30,30,257,88.52,PCS-Q1,242,4067,94.06,pcs_midrank,
POSI-J-023799,P3.02,14.881703470031546,634,69,69,1326,94.83,PCS-Q1,641,4067,84.25,pcs_midrank,
POSI-J-023800,P5.02,4.1900452488687785,221,215,215,257,16.54,PCS-Q4,2874,4067,29.35,pcs_midrank,
POSI-J-023801,P5.02,4.972588109647561,2809,204,204,257,20.82,PCS-Q4,2642,4067,35.05,pcs_midrank,
POSI-J-023802,P5.01,18.452898550724637,552,8,8,144,94.79,PCS-Q1,414,4067,89.83,pcs_midrank,
POSI-J-023803,P5.04,14.91304347826087,161,7,7,50,87,PCS-Q1,639,4067,84.3,pcs_midrank,
POSI-J-023804,P5.02,34.50723208415516,3042,13,13,257,95.14,PCS-Q1,83,4067,97.97,pcs_midrank,
POSI-J-023805,P1.02,2.882668095365658,3733,122,122,133,8.65,PCS-Q4,3286,4067,19.22,pcs_midrank,
POSI-J-023806,P6.03,2.6566265060240966,166,,,9,,,3363,4067,17.32,unavailable,category_below_min_size
POSI-J-023807,P5.01,12.265895953757225,519,20,20,144,86.46,PCS-Q1,925,4067,77.27,pcs_midrank,
POSI-J-023808,P5.03,7.494252873563219,348,13,13,29,56.9,PCS-Q2,1823,4067,55.19,pcs_midrank,
POSI-J-023809,P5.06,9.509687034277198,671,,,14,,,1353,4067,66.74,unavailable,category_below_min_size
POSI-J-023810,P5.01,6.707717569786535,609,66,66,144,54.51,PCS-Q2,2060,4067,49.36,pcs_midrank,
POSI-J-023811,P5.01,4.791377983063895,1299,100,100,144,30.9,PCS-Q3,2699,4067,33.65,pcs_midrank,
POSI-J-023812,P5.01,8.392703862660944,466,44,44,144,69.79,PCS-Q2,1608,4067,60.47,pcs_midrank,
POSI-J-023813,P5.02,12.33481152993348,451,101,101,257,60.89,PCS-Q2,918,4067,77.44,pcs_midrank,
POSI-J-023814,P3.02,,0,,,,,,,,,unavailable,no_pcs
POSI-J-023815,P5.01,11.421487603305785,847,22,22,144,85.07,PCS-Q1,1037,4067,74.51,pcs_midrank,
POSI-J-023816,P5.01,22.496478873239436,284,3,3,144,98.26,PCS-Q1,249,4067,93.89,pcs_midrank,
POSI-J-023817,P1.02,7.096375617792422,1214,101,101,133,24.44,PCS-Q4,1942,4067,52.26,pcs_midrank,
POSI-J-023818,P5.01,6.60280759702725,6055,68,68,144,53.13,PCS-Q2,2093,4067,48.55,pcs_midrank,
POSI-J-023819,P1.02,7.765482233502538,3940,96,96,133,28.2,PCS-Q3,1759,4067,56.76,pcs_midrank,
POSI-J-023820,P6.03,5.775280898876405,178,,,9,,,2368,4067,41.79,unavailable,category_below_min_size
POSI-J-023821,P5.02,2.8022388059701493,268,236,236,257,8.37,PCS-Q4,3313,4067,18.55,pcs_midrank,
POSI-J-023822,P5.09,3.45578231292517,147,25,25,32,23.44,PCS-Q4,3096,4067,23.89,pcs_midrank,
POSI-J-023823,P5.02,8.25,780,157,157,257,39.11,PCS-Q3,1647,4067,59.52,pcs_midrank,
POSI-J-023824,P5.03,3.062992125984252,127,25,25,29,15.52,PCS-Q4,3225,4067,20.72,pcs_midrank,
POSI-J-023825,P5.02,2.4305555555555554,72,243,243,257,5.64,PCS-Q4,3431,4067,15.65,pcs_midrank,
POSI-J-023826,P5.02,16.879637262984335,1213,68,68,257,73.74,PCS-Q2,499,4067,87.74,pcs_midrank,
POSI-J-023827,P5.06,3.4210526315789473,190,,,14,,,3108,4067,23.59,unavailable,category_below_min_size
POSI-J-023828,P3.02,6.7678916827853,517,352,352,1326,73.49,PCS-Q2,2050,4067,49.61,pcs_midrank,
POSI-J-023829,P6.03,1.7914110429447854,163,,,9,,,3597,4067,11.57,unavailable,category_below_min_size
POSI-J-023830,P5.01,5.003012048192771,332,96,96,144,33.68,PCS-Q3,2633,4067,35.27,pcs_midrank,
POSI-J-023831,P5.07,3.097560975609756,82,,,2,,,3211,4067,21.06,unavailable,category_below_min_size
POSI-J-023832,P3.02,3.168141592920354,113,795,795,1326,40.08,PCS-Q3,3187,4067,21.65,pcs_midrank,
POSI-J-023833,P5.02,42.69719827586207,2784,6,6,257,97.86,PCS-Q1,35,4067,99.15,pcs_midrank,
POSI-J-023834,P1.01,12.043423536815608,1589,1,1,44,98.86,PCS-Q1,949,4067,76.68,pcs_midrank,
POSI-J-023835,P5.02,43.012170385395535,493,5,5,257,98.25,PCS-Q1,33,4067,99.2,pcs_midrank,
POSI-J-023836,P5.02,12.579156722354814,1257,97,97,257,62.45,PCS-Q2,890,4067,78.13,pcs_midrank,
POSI-J-023837,P3.03,,0,,,,,,,,,unavailable,no_pcs
POSI-J-023838,P5.02,2.577276908923643,2174,240,240,257,6.81,PCS-Q4,3384,4067,16.81,pcs_midrank,
POSI-J-023839,P5.02,14.294266441821248,1186,84,84,257,67.51,PCS-Q2,699,4067,82.83,pcs_midrank,
POSI-J-023840,P5.02,10.294305057745918,2511,124,124,257,51.95,PCS-Q2,1207,4067,70.33,pcs_midrank,
POSI-J-023841,P3.03,5.085365853658536,574,27,27,71,62.68,PCS-Q2,2599,4067,36.11,pcs_midrank,
POSI-J-023842,P5.09,2.7333333333333334,135,28,28,32,14.06,PCS-Q4,3336,4067,17.99,pcs_midrank,
POSI-J-023843,P5.02,14.716101694915254,6136,79,79,257,69.46,PCS-Q2,658,4067,83.83,pcs_midrank,
POSI-J-023844,P5.01,5.4656912209889,1982,89,89,144,38.54,PCS-Q3,2480,4067,39.03,pcs_midrank,
POSI-J-023845,P1.04,86.35220539828835,1519,1,1,91,99.45,PCS-Q1,6,4067,99.86,pcs_midrank,
POSI-J-023846,P5.02,28.17636684303351,1134,19,19,257,92.8,PCS-Q1,143,4067,96.5,pcs_midrank,
POSI-J-023847,P5.04,4.846625766871166,489,32,32,50,37,PCS-Q3,2679,4067,34.14,pcs_midrank,
POSI-J-023848,P5.02,20.787786259541985,655,44,44,257,83.07,PCS-Q1,304,4067,92.54,pcs_midrank,
POSI-J-023849,P5.04,33.14390896921017,1494,2,2,50,97,PCS-Q1,94,4067,97.7,pcs_midrank,
POSI-J-023850,P5.02,2.4465408805031448,159,242,242,257,6.03,PCS-Q4,3425,4067,15.8,pcs_midrank,
POSI-J-023851,P5.02,16.766990291262136,103,72,72,257,72.18,PCS-Q2,508,4067,87.52,pcs_midrank,
POSI-J-023852,P5.09,4.023923444976076,209,21,21,32,35.94,PCS-Q3,2927,4067,28.04,pcs_midrank,
POSI-J-023853,P5.01,6.1441441441441444,666,76,76,144,47.57,PCS-Q3,2248,4067,44.74,pcs_midrank,
POSI-J-023854,P5.02,31.677374784110537,2895,16,16,257,93.97,PCS-Q1,110,4067,97.31,pcs_midrank,
POSI-J-023855,P1.05,17.69031719532554,1198,50,50,350,85.86,PCS-Q1,457,4067,88.78,pcs_midrank,
POSI-J-023856,P5.01,7.448648648648649,185,57,57,144,60.76,PCS-Q2,1843,4067,54.7,pcs_midrank,
POSI-J-023857,P5.09,10.681208053691275,596,6,6,32,82.81,PCS-Q1,1146,4067,71.83,pcs_midrank,
POSI-J-023858,P5.06,1.6190135811293782,1399,,,14,,,3634,4067,10.66,unavailable,category_below_min_size
POSI-J-023859,P5.09,2.768729641693811,307,27,27,32,17.19,PCS-Q4,3323,4067,18.31,pcs_midrank,
POSI-J-023860,P5.01,10.834697217675942,611,26,26,144,82.29,PCS-Q1,1119,4067,72.5,pcs_midrank,
POSI-J-023862,P5.01,3.9423076923076925,156,116,116,144,19.79,PCS-Q4,2954,4067,27.38,pcs_midrank,
POSI-J-023863,P5.01,9.076009501187649,1684,38,38,144,73.96,PCS-Q2,1447,4067,64.43,pcs_midrank,
POSI-J-023864,P3.02,6.895180722891566,830,343,343,1326,74.17,PCS-Q2,2017,4067,50.42,pcs_midrank,
POSI-J-023865,P5.02,11.294117647058824,714,114,114,257,55.84,PCS-Q2,1055,4067,74.07,pcs_midrank,
POSI-J-023866,P5.02,9.42846034214619,1286,140,140,257,45.72,PCS-Q3,1373,4067,66.25,pcs_midrank,
POSI-J-023867,P6.03,2.75,368,,,9,,,3329,4067,18.16,unavailable,category_below_min_size
POSI-J-023868,P5.04,2.4757709251101323,227,43,43,50,15,PCS-Q4,3416,4067,16.02,pcs_midrank,
POSI-J-023869,P5.02,4.524929444967074,1063,211,211,257,18.09,PCS-Q4,2763,4067,32.08,pcs_midrank,
POSI-J-023870,P1.02,4.367088607594937,632,112,112,133,16.17,PCS-Q4,2816,4067,30.77,pcs_midrank,
POSI-J-023871,P5.02,5.4,210,198,198,257,23.15,PCS-Q4,2499,4067,38.57,pcs_midrank,
POSI-J-023872,P5.09,3.5877712031558184,1014,23,23,32,29.69,PCS-Q3,3066,4067,24.63,pcs_midrank,
POSI-J-023873,P5.01,4.889867841409692,227,98,98,144,32.29,PCS-Q3,2667,4067,34.44,pcs_midrank,
POSI-J-023874,P2.03,4.140712945590995,533,68,68,75,10,PCS-Q4,2890,4067,28.95,pcs_midrank,
POSI-J-023875,P5.09,17.25163022631377,2607,2,2,32,95.31,PCS-Q1,478,4067,88.26,pcs_midrank,
POSI-J-023876,P5.01,13.05655172413793,725,13,13,144,91.32,PCS-Q1,832,4067,79.55,pcs_midrank,
POSI-J-023877,P5.02,7.795482295482295,1638,164,164,257,36.38,PCS-Q3,1749,4067,57.01,pcs_midrank,
POSI-J-023878,P5.01,5.955613577023499,383,80,80,144,44.79,PCS-Q3,2312,4067,43.16,pcs_midrank,
POSI-J-023879,P5.04,5.9021739130434785,368,24,24,50,53,PCS-Q2,2335,4067,42.6,pcs_midrank,
POSI-J-023880,P5.02,17.483870967741936,248,63,63,257,75.68,PCS-Q1,469,4067,88.48,pcs_midrank,
POSI-J-023881,P5.03,2.8286713286713288,286,27,27,29,8.62,PCS-Q4,3307,4067,18.7,pcs_midrank,
POSI-J-023882,P5.02,15.455284552845528,615,75,75,257,71.01,PCS-Q2,600,4067,85.26,pcs_midrank,
POSI-J-023883,P3.02,4.44994499449945,909,614,614,1326,53.73,PCS-Q2,2782,4067,31.61,pcs_midrank,
POSI-J-023884,P5.06,6.9728682170542635,258,,,14,,,1992,4067,51.03,unavailable,category_below_min_size
POSI-J-023885,P5.02,17.72690763052209,249,62,62,257,76.07,PCS-Q1,455,4067,88.82,pcs_midrank,
POSI-J-023886,P5.09,5.515782404298187,1489,17,17,32,48.44,PCS-Q3,2461,4067,39.5,pcs_midrank,
POSI-J-023887,P5.02,11.64102564102564,390,109,109,257,57.78,PCS-Q2,1001,4067,75.4,pcs_midrank,
POSI-J-023888,P5.02,13.128472222222221,864,91,91,257,64.79,PCS-Q2,819,4067,79.87,pcs_midrank,
POSI-J-023889,P5.01,6.0859315589353615,1315,77,77,144,46.88,PCS-Q3,2266,4067,44.3,pcs_midrank,
POSI-J-023890,P2.03,2.773302646720368,869,71,71,75,6,PCS-Q4,3320,4067,18.38,pcs_midrank,
POSI-J-023891,P5.01,14.146268656716417,335,10,10,144,93.4,PCS-Q1,714,4067,82.46,pcs_midrank,
POSI-J-023892,P5.04,17.811965811965813,468,4,4,50,93,PCS-Q1,452,4067,88.9,pcs_midrank,
POSI-J-023893,P3.02,3.2241379310344827,116,782,782,1326,41.06,PCS-Q3,3166,4067,22.17,pcs_midrank,
POSI-J-023894,P5.02,22.85990338164251,414,29,29,257,88.91,PCS-Q1,237,4067,94.18,pcs_midrank,
POSI-J-023895,P5.06,3.3072289156626504,166,,,14,,,3143,4067,22.73,unavailable,category_below_min_size
POSI-J-023896,P1.02,33.989720998531574,681,7,7,133,95.11,PCS-Q1,89,4067,97.82,pcs_midrank,
POSI-J-023897,P5.04,4.341836734693878,392,36,36,50,29,PCS-Q3,2825,4067,30.55,pcs_midrank,
POSI-J-023898,P5.02,3.1661631419939575,662,231,231,257,10.31,PCS-Q4,3189,4067,21.6,pcs_midrank,
POSI-J-023899,P5.04,6.424418604651163,344,21,21,50,59,PCS-Q2,2143,4067,47.32,pcs_midrank,
POSI-J-023900,P5.09,7.206521739130435,368,12,12,32,64.06,PCS-Q2,1906,4067,53.15,pcs_midrank,
POSI-J-023901,P5.01,5.110711071107111,1111,94,94,144,35.07,PCS-Q3,2594,4067,36.23,pcs_midrank,
POSI-J-023902,P3.02,4.06043956043956,910,670,670,1326,49.51,PCS-Q3,2917,4067,28.29,pcs_midrank,
POSI-J-023903,P5.02,2.190954773869347,199,245,245,257,4.86,PCS-Q4,3497,4067,14.03,pcs_midrank,
POSI-J-023904,P5.02,31.58888888888889,270,17,17,257,93.58,PCS-Q1,111,4067,97.28,pcs_midrank,
POSI-J-023905,P5.04,5.11660777385159,283,29,29,50,43,PCS-Q3,2591,4067,36.3,pcs_midrank,
POSI-J-023906,P5.02,12.599702380952381,1344,96,96,257,62.84,PCS-Q2,887,4067,78.2,pcs_midrank,
POSI-J-023907,P6.02,4.2153652392947105,794,,,17,,,2865,4067,29.57,unavailable,category_below_min_size
POSI-J-023908,P5.04,7.4847715736040605,788,17,17,50,67,PCS-Q2,1827,4067,55.09,pcs_midrank,
POSI-J-023909,P6.03,2.8569321533923304,678,,,9,,,3301,4067,18.85,unavailable,category_below_min_size
POSI-J-023910,P5.02,53.114427860696516,201,2,2,257,99.42,PCS-Q1,18,4067,99.57,pcs_midrank,
POSI-J-023911,P3.02,7.361722488038278,1045,294,294,1326,77.87,PCS-Q1,1858,4067,54.33,pcs_midrank,
POSI-J-023912,P5.02,24.586671154493438,2971,24,24,257,90.86,PCS-Q1,192,4067,95.29,pcs_midrank,
POSI-J-023913,P5.01,8.553130929791271,1054,40,40,144,72.57,PCS-Q2,1558,4067,61.7,pcs_midrank,
POSI-J-023914,P5.01,9.756673511293634,974,35,35,144,76.04,PCS-Q1,1309,4067,67.83,pcs_midrank,
POSI-J-023915,P6.03,1.7326732673267327,202,,,9,,,3611,4067,11.22,unavailable,category_below_min_size
POSI-J-023916,P5.04,18.087412587412587,572,3,3,50,95,PCS-Q1,435,4067,89.32,pcs_midrank,
POSI-J-023917,P5.02,10.06966618287373,689,131,131,257,49.22,PCS-Q3,1245,4067,69.4,pcs_midrank,
POSI-J-023918,P5.04,7.614015572858732,899,16,16,50,69,PCS-Q2,1785,4067,56.12,pcs_midrank,
POSI-J-023919,P3.02,16.491803278688526,122,59,59,1326,95.59,PCS-Q1,531,4067,86.96,pcs_midrank,
POSI-J-023920,P5.04,34.28046989720998,681,1,1,50,99,PCS-Q1,85,4067,97.92,pcs_midrank,
POSI-J-023921,P5.02,13.175317185697809,867,90,90,257,65.18,PCS-Q2,813,4067,80.02,pcs_midrank,
POSI-J-023922,P5.01,7.469135802469136,162,56,56,144,61.46,PCS-Q2,1831,4067,54.99,pcs_midrank,
POSI-J-023923,P6.03,1.9079497907949792,478,,,9,,,3563,4067,12.4,unavailable,category_below_min_size
POSI-J-023924,P5.01,6.321180555555555,1152,73,73,144,49.65,PCS-Q3,2185,4067,46.29,pcs_midrank,
POSI-J-023925,P6.02,14.346544715447154,984,,,17,,,692,4067,83,unavailable,category_below_min_size
POSI-J-023926,P5.02,8.440269749518304,1038,153,153,257,40.66,PCS-Q3,1591,4067,60.89,pcs_midrank,
POSI-J-023927,P3.02,5.078260869565217,690,543,543,1326,59.09,PCS-Q2,2600,4067,36.08,pcs_midrank,
POSI-J-023928,P5.01,5.9830065359477125,765,79,79,144,45.49,PCS-Q3,2302,4067,43.41,pcs_midrank,
POSI-J-023929,P5.02,3.7944444444444443,540,219,219,257,14.98,PCS-Q4,2996,4067,26.35,pcs_midrank,
POSI-J-023930,P1.02,1.5138558986539985,5052,133,133,133,0.38,PCS-Q4,3665,4067,9.9,pcs_midrank,
POSI-J-023931,P5.03,11.61847389558233,249,6,6,29,81.03,PCS-Q1,1006,4067,75.28,pcs_midrank,
POSI-J-023932,P5.02,4.8,255,209,209,257,18.87,PCS-Q4,2697,4067,33.7,pcs_midrank,
POSI-J-023933,P6.02,6.50597609561753,251,,,17,,,2127,4067,47.71,unavailable,category_below_min_size
POSI-J-023934,P5.02,7.798982188295166,786,163,163,257,36.77,PCS-Q3,1748,4067,57.03,pcs_midrank,
POSI-J-023935,P5.04,3.596006144393241,1302,39,39,50,23,PCS-Q4,3063,4067,24.7,pcs_midrank,
POSI-J-023936,P5.04,4.92831541218638,558,30,30,50,41,PCS-Q3,2657,4067,34.68,pcs_midrank,
POSI-J-023937,P5.09,8.93348623853211,872,9,9,32,73.44,PCS-Q2,1482,4067,63.57,pcs_midrank,
POSI-J-023938,P5.02,21.677611940298508,335,38,38,257,85.41,PCS-Q1,276,4067,93.23,pcs_midrank,
POSI-J-023939,P5.02,16.981852913085003,2094,66,66,257,74.51,PCS-Q2,491,4067,87.94,pcs_midrank,
POSI-J-023940,P1.06,3.9523809523809526,231,351,351,401,12.59,PCS-Q4,2949,4067,27.5,pcs_midrank,
POSI-J-023941,P5.04,13.25643532095145,3069,9,9,50,83,PCS-Q1,800,4067,80.34,pcs_midrank,
POSI-J-023942,P5.03,2.9162995594713657,227,26,26,29,12.07,PCS-Q4,3275,4067,19.49,pcs_midrank,
POSI-J-023943,P1.03,41.96116504854369,412,2,2,91,98.35,PCS-Q1,36,4067,99.13,pcs_midrank,
POSI-J-023944,P5.07,4.63859649122807,285,,,2,,,2739,4067,32.67,unavailable,category_below_min_size
POSI-J-023945,P6.02,3.004830917874396,414,,,17,,,3244,4067,20.25,unavailable,category_below_min_size
POSI-J-023946,P5.09,7.781671159029649,371,10,10,32,70.31,PCS-Q2,1752,4067,56.93,pcs_midrank,
POSI-J-023947,P3.02,2.188622754491018,668,954,954,1326,28.09,PCS-Q3,3498,4067,14,pcs_midrank,
POSI-J-023948,P5.04,4.9037037037037035,405,31,31,50,39,PCS-Q3,2662,4067,34.56,pcs_midrank,
POSI-J-023949,P5.02,2.1755725190839694,393,246,246,257,4.47,PCS-Q4,3502,4067,13.9,pcs_midrank,
POSI-J-023950,P6.03,2.6315789473684212,133,,,9,,,3367,4067,17.22,unavailable,category_below_min_size
POSI-J-023951,P5.03,17.705882352941178,170,3,3,29,91.38,PCS-Q1,456,4067,88.8,pcs_midrank,
POSI-J-023952,P1.06,4.416309012875536,699,332,332,401,17.33,PCS-Q4,2794,4067,31.31,pcs_midrank,
POSI-J-023953,P5.01,6.909395973154362,596,63,63,144,56.6,PCS-Q2,2009,4067,50.61,pcs_midrank,
POSI-J-023954,P5.09,2.612021857923497,183,29,29,32,10.94,PCS-Q4,3375,4067,17.03,pcs_midrank,
POSI-J-023955,P5.02,11.070484581497798,681,117,117,257,54.67,PCS-Q2,1085,4067,73.33,pcs_midrank,
POSI-J-023956,P5.03,10.42483660130719,153,7,7,29,77.59,PCS-Q1,1182,4067,70.95,pcs_midrank,
POSI-J-023957,P1.05,7.246648793565684,373,214,214,350,39,PCS-Q3,1899,4067,53.32,pcs_midrank,
POSI-J-023958,P5.01,3.838815789473684,304,120,120,144,17.01,PCS-Q4,2982,4067,26.69,pcs_midrank,
POSI-J-023959,P5.01,8.353013530135302,813,46,46,144,68.4,PCS-Q2,1624,4067,60.08,pcs_midrank,
POSI-J-023960,P5.01,5.116883116883117,308,93,93,144,35.76,PCS-Q3,2589,4067,36.35,pcs_midrank,
POSI-J-023961,P5.01,3.9616161616161616,495,115,115,144,20.49,PCS-Q4,2945,4067,27.6,pcs_midrank,
POSI-J-023962,P5.03,1.8238095238095238,210,29,29,29,1.72,PCS-Q4,3588,4067,11.79,pcs_midrank,
POSI-J-023963,P5.01,6.867326732673267,505,65,65,144,55.21,PCS-Q2,2026,4067,50.2,pcs_midrank,
POSI-J-023964,P5.06,12.859016393442623,305,,,14,,,859,4067,78.89,unavailable,category_below_min_size
POSI-J-023965,P5.03,4.590361445783133,166,22,22,29,25.86,PCS-Q3,2750,4067,32.39,pcs_midrank,
POSI-J-023966,P5.02,27,218,21,21,257,92.02,PCS-Q1,156,4067,96.18,pcs_midrank,
POSI-J-023967,P5.02,4.261501210653753,413,213,213,257,17.32,PCS-Q4,2849,4067,29.96,pcs_midrank,
POSI-J-023968,P5.03,13.043348281016442,1338,5,5,29,84.48,PCS-Q1,834,4067,79.51,pcs_midrank,
POSI-J-023969,P5.01,5.454697986577181,596,90,90,144,37.85,PCS-Q3,2483,4067,38.96,pcs_midrank,
POSI-J-023970,P5.01,8.112068965517242,116,49,49,144,66.32,PCS-Q2,1676,4067,58.8,pcs_midrank,
POSI-J-023971,P1.01,2.2865168539325844,534,30,30,44,32.95,PCS-Q3,3469,4067,14.72,pcs_midrank,
POSI-J-023972,P5.05,1.5369127516778522,149,,,1,,,3661,4067,10,unavailable,category_below_min_size
POSI-J-023973,P2.01,11.807278742762614,1209,29,29,67,57.46,PCS-Q2,977,4067,75.99,pcs_midrank,
POSI-J-023974,P5.01,5.552699228791774,389,86,86,144,40.63,PCS-Q3,2446,4067,39.87,pcs_midrank,
POSI-J-023975,P5.01,3.8796296296296298,324,118,118,144,18.4,PCS-Q4,2970,4067,26.99,pcs_midrank,
POSI-J-023976,P5.02,3.647783251231527,406,223,223,257,13.42,PCS-Q4,3048,4067,25.07,pcs_midrank,
POSI-J-023977,P5.02,8.330578512396695,121,156,156,257,39.49,PCS-Q3,1628,4067,59.98,pcs_midrank,
POSI-J-023978,P5.01,,0,,,,,,,,,unavailable,no_pcs
POSI-J-023979,P5.01,7.590909090909091,110,54,54,144,62.85,PCS-Q2,1795,4067,55.88,pcs_midrank,
POSI-J-023980,P5.02,12.476732161323682,967,99,99,257,61.67,PCS-Q2,906,4067,77.74,pcs_midrank,
POSI-J-023981,P5.02,6.168490153172867,914,188,188,257,27.04,PCS-Q3,2241,4067,44.91,pcs_midrank,
POSI-J-023982,P5.02,2.0617647058823527,340,248,248,257,3.7,PCS-Q4,3527,4067,13.29,pcs_midrank,
POSI-J-023983,P1.03,39.227649769585256,17360,4,4,91,96.15,PCS-Q1,50,4067,98.78,pcs_midrank,
POSI-J-023984,P3.02,3.07813719018184,33326,811,811,1326,38.88,PCS-Q3,3219,4067,20.86,pcs_midrank,
POSI-J-023985,P3.02,5.036694712276607,32566,550,550,1326,58.56,PCS-Q2,2620,4067,35.59,pcs_midrank,
POSI-J-023986,P3.03,5.642663043478261,1472,24,24,71,66.9,PCS-Q2,2416,4067,40.61,pcs_midrank,
POSI-J-023987,P3.02,3.210110206037374,8348,785,785,1326,40.84,PCS-Q3,3169,4067,22.09,pcs_midrank,
POSI-J-023988,P3.02,3.217410428662828,25008,783,783,1326,40.99,PCS-Q3,3167,4067,22.14,pcs_midrank,
POSI-J-023989,P3.02,5.124111973653258,21255,539,539,1326,59.39,PCS-Q2,2586,4067,36.43,pcs_midrank,
POSI-J-023990,P3.02,1.758163659713477,80203,1014,1014,1326,23.57,PCS-Q4,3606,4067,11.35,pcs_midrank,
POSI-J-023991,P3.02,3.3242464964484544,15627,765,765,1326,42.35,PCS-Q3,3139,4067,22.83,pcs_midrank,
POSI-J-023992,P3.02,4.625658807212205,7210,594,594,1326,55.24,PCS-Q2,2742,4067,32.59,pcs_midrank,
POSI-J-023993,P3.02,5.415447431099013,2939,498,498,1326,62.48,PCS-Q2,2493,4067,38.71,pcs_midrank,
POSI-J-023994,P3.02,3.002142807769406,14467,825,825,1326,37.82,PCS-Q3,3246,4067,20.2,pcs_midrank,
POSI-J-023995,P3.02,5.344263146954895,19244,511,511,1326,61.5,PCS-Q2,2515,4067,38.17,pcs_midrank,
POSI-J-023996,P3.02,3.290128611992651,17961,768,768,1326,42.12,PCS-Q3,3149,4067,22.58,pcs_midrank,
POSI-J-023997,P3.02,2.7076028429894463,23215,876,876,1326,33.97,PCS-Q3,3347,4067,17.72,pcs_midrank,
POSI-J-023998,P3.03,6.3409843823947,12678,16,16,71,78.17,PCS-Q1,2174,4067,46.56,pcs_midrank,
POSI-J-023999,P3.02,19.275590551181104,2413,40,40,1326,97.02,PCS-Q1,366,4067,91.01,pcs_midrank,
POSI-J-024000,P3.02,3.005183025591189,6174,824,824,1326,37.9,PCS-Q3,3243,4067,20.27,pcs_midrank,
POSI-J-024001,P3.02,11.341310751104565,2716,126,126,1326,90.54,PCS-Q1,1046,4067,74.29,pcs_midrank,
POSI-J-024002,P4.01,13.689635470231973,8751,42,42,115,63.91,PCS-Q2,757,4067,81.4,pcs_midrank,
POSI-J-024003,P3.02,2.4692099147947326,5164,911,911,1326,31.33,PCS-Q3,3420,4067,15.92,pcs_midrank,
POSI-J-024004,P3.02,8.069724009130525,9638,253,253,1326,80.96,PCS-Q1,1689,4067,58.48,pcs_midrank,
POSI-J-024005,P3.02,5.922418710781518,1753,443,443,1326,66.63,PCS-Q2,2325,4067,42.84,pcs_midrank,
POSI-J-024006,P3.02,2.139365490449984,6178,961,961,1326,27.56,PCS-Q3,3512,4067,13.66,pcs_midrank,
POSI-J-024007,P3.02,6.537531577047997,5542,371,371,1326,72.06,PCS-Q2,2120,4067,47.89,pcs_midrank,
POSI-J-024008,P3.02,5.035003431708991,2914,551,551,1326,58.48,PCS-Q2,2622,4067,35.54,pcs_midrank,
POSI-J-024009,P3.02,9.454887218045112,2128,184,184,1326,86.16,PCS-Q1,1366,4067,66.42,pcs_midrank,
POSI-J-024010,P3.02,11.312559618441972,3145,127,127,1326,90.46,PCS-Q1,1051,4067,74.17,pcs_midrank,
POSI-J-024011,P3.02,8.009929562168368,32227,255,255,1326,80.81,PCS-Q1,1696,4067,58.31,pcs_midrank,
POSI-J-024012,P4.01,23.45797879303574,15278,10,10,115,91.74,PCS-Q1,225,4067,94.48,pcs_midrank,
POSI-J-024013,P3.02,14.451127819548873,133,75,75,1326,94.38,PCS-Q1,679,4067,83.32,pcs_midrank,
POSI-J-024014,P3.02,6.445558739255015,2094,380,380,1326,71.38,PCS-Q2,2142,4067,47.34,pcs_midrank,
POSI-J-024015,P3.02,9.431263858093127,1804,185,185,1326,86.09,PCS-Q1,1372,4067,66.28,pcs_midrank,
POSI-J-024016,P3.02,6.359574124858848,6199,388,388,1326,70.78,PCS-Q2,2167,4067,46.73,pcs_midrank,
POSI-J-024017,P3.02,5.545585068198133,2786,483,483,1326,63.61,PCS-Q2,2450,4067,39.77,pcs_midrank,
POSI-J-024018,P1.04,11.223341654778887,11216,22,22,91,76.37,PCS-Q1,1062,4067,73.9,pcs_midrank,
POSI-J-024019,P3.02,6.166612430849333,3073,414,414,1326,68.82,PCS-Q2,2242,4067,44.89,pcs_midrank,
POSI-J-024020,P3.02,5.627996164908916,2086,471,471,1326,64.52,PCS-Q2,2424,4067,40.41,pcs_midrank,
POSI-J-024021,P3.02,3.537191766863664,4907,739,739,1326,44.31,PCS-Q3,3075,4067,24.4,pcs_midrank,
POSI-J-024022,P3.02,1.938535474895662,7907,988,988,1326,25.53,PCS-Q3,3551,4067,12.7,pcs_midrank,
POSI-J-024023,P3.02,4.820147545153905,3931,577,577,1326,56.52,PCS-Q2,2688,4067,33.92,pcs_midrank,
POSI-J-024024,P3.02,6.930026572187777,1129,337,337,1326,74.62,PCS-Q2,2001,4067,50.81,pcs_midrank,
POSI-J-024025,P3.02,5.118371212121212,2112,540,540,1326,59.31,PCS-Q2,2588,4067,36.38,pcs_midrank,
POSI-J-024026,P3.02,10.866962305986696,451,139,139,1326,89.56,PCS-Q1,1114,4067,72.62,pcs_midrank,
POSI-J-024027,P3.02,4.1313842902430435,2839,658,658,1326,50.41,PCS-Q2,2892,4067,28.9,pcs_midrank,
POSI-J-024028,P3.02,5.187346604854104,3667,531,531,1326,59.99,PCS-Q2,2559,4067,37.09,pcs_midrank,
POSI-J-024029,P3.02,2.863495024875622,3216,845,845,1326,36.31,PCS-Q3,3294,4067,19.02,pcs_midrank,
POSI-J-024030,P3.02,14.468235044772957,18873,74,74,1326,94.46,PCS-Q1,676,4067,83.39,pcs_midrank,
POSI-J-024031,P3.02,12.8221695317131,1687,103,103,1326,92.27,PCS-Q1,863,4067,78.79,pcs_midrank,
POSI-J-024032,P3.02,14.153022670025189,3176,79,79,1326,94.08,PCS-Q1,712,4067,82.51,pcs_midrank,
POSI-J-024033,P3.02,5.266792809839168,2114,519,519,1326,60.9,PCS-Q2,2542,4067,37.51,pcs_midrank,
POSI-J-024034,P3.02,12.700107663697759,20434,107,107,1326,91.97,PCS-Q1,880,4067,78.37,pcs_midrank,
POSI-J-024035,P3.02,2.8604464106173335,4973,849,849,1326,36.01,PCS-Q3,3298,4067,18.92,pcs_midrank,
POSI-J-024036,P3.02,,0,,,,,,,,,unavailable,no_pcs
POSI-J-024037,P3.02,2.8072916666666665,2688,856,856,1326,35.48,PCS-Q3,3311,4067,18.6,pcs_midrank,
POSI-J-024038,P1.06,4.311111111111111,270,338,338,401,15.84,PCS-Q4,2835,4067,30.3,pcs_midrank,
POSI-J-024039,P3.02,3.419864559819413,1329,752,752,1326,43.33,PCS-Q3,3109,4067,23.57,pcs_midrank,
POSI-J-024040,P3.02,5.469679633867277,1748,492,492,1326,62.93,PCS-Q2,2478,4067,39.08,pcs_midrank,
POSI-J-024041,P3.02,3.575916230366492,955,735,735,1326,44.61,PCS-Q3,3068,4067,24.58,pcs_midrank,
POSI-J-024042,P3.02,17.92552471225457,1477,47,47,1326,96.49,PCS-Q1,446,4067,89.05,pcs_midrank,
POSI-J-024043,P1.04,6.979896907216495,1940,54,54,91,41.21,PCS-Q3,1989,4067,51.11,pcs_midrank,
POSI-J-024044,P3.02,2.6997998665777185,1499,879,879,1326,33.75,PCS-Q3,3351,4067,17.62,pcs_midrank,
POSI-J-024045,P3.02,21.851284584980238,2024,30,30,1326,97.78,PCS-Q1,268,4067,93.42,pcs_midrank,
POSI-J-024046,P3.02,,0,,,,,,,,,unavailable,no_pcs
POSI-J-024047,P5.09,2.9106029106029108,481,26,26,32,20.31,PCS-Q4,3277,4067,19.44,pcs_midrank,
POSI-J-024048,P3.02,3.1478723404255318,3760,800,800,1326,39.71,PCS-Q3,3197,4067,21.4,pcs_midrank,
POSI-J-024049,P3.02,,0,,,,,,,,,unavailable,no_pcs
POSI-J-024050,P3.02,11.143608281301347,3043,131,131,1326,90.16,PCS-Q1,1073,4067,73.63,pcs_midrank,
POSI-J-024051,P3.02,4.430154466084621,2978,617,617,1326,53.51,PCS-Q2,2789,4067,31.44,pcs_midrank,
POSI-J-024052,P3.02,8.175161101347394,1707,248,248,1326,81.33,PCS-Q1,1666,4067,59.05,pcs_midrank,
POSI-J-024053,P3.02,,0,,,,,,,,,unavailable,no_pcs
POSI-J-024054,P3.02,10.847021660649819,2216,140,140,1326,89.48,PCS-Q1,1116,4067,72.57,pcs_midrank,
POSI-J-024055,P3.02,2.18814787634162,10901,955,955,1326,28.02,PCS-Q3,3499,4067,13.98,pcs_midrank,
POSI-J-024056,P3.02,5.888018794048551,2554,449,449,1326,66.18,PCS-Q2,2339,4067,42.5,pcs_midrank,
POSI-J-024057,P3.02,8.291139240506329,1264,237,237,1326,82.16,PCS-Q1,1640,4067,59.69,pcs_midrank,
POSI-J-024058,P3.03,6.291624106230848,1958,18,18,71,75.35,PCS-Q1,2197,4067,45.99,pcs_midrank,
POSI-J-024059,P3.02,,0,,,,,,,,,unavailable,no_pcs
POSI-J-024060,P3.02,,0,,,,,,,,,unavailable,no_pcs
POSI-J-024061,P3.02,7.670843776106934,1197,271,271,1326,79.6,PCS-Q1,1772,4067,56.44,pcs_midrank,
POSI-J-024062,P3.02,6.059215396002961,1351,425,425,1326,67.99,PCS-Q2,2279,4067,43.98,pcs_midrank,
POSI-J-024063,P3.02,13.778527607361964,1630,85,85,1326,93.63,PCS-Q1,751,4067,81.55,pcs_midrank,
POSI-J-024064,P3.02,3.7130876747141044,3935,718,718,1326,45.89,PCS-Q3,3027,4067,25.58,pcs_midrank,
POSI-J-024065,P1.06,2.796943231441048,1832,374,374,401,6.86,PCS-Q4,3315,4067,18.5,pcs_midrank,
POSI-J-024066,P3.02,2.869489846458643,8076,844,844,1326,36.39,PCS-Q3,3292,4067,19.07,pcs_midrank,
POSI-J-024067,P3.02,16.638153846153845,1625,57,57,1326,95.74,PCS-Q1,519,4067,87.25,pcs_midrank,
POSI-J-024068,P3.02,,0,,,,,,,,,unavailable,no_pcs
POSI-J-024069,P3.02,4.069805194805195,3080,667,667,1326,49.74,PCS-Q3,2911,4067,28.44,pcs_midrank,
POSI-J-024070,P3.02,4.171746776084408,1706,654,654,1326,50.72,PCS-Q2,2884,4067,29.1,pcs_midrank,
POSI-J-024071,P3.02,3.031182408074982,5548,819,819,1326,38.27,PCS-Q3,3235,4067,20.47,pcs_midrank,
POSI-J-024072,P3.02,20.081810631229235,2408,36,36,1326,97.32,PCS-Q1,333,4067,91.82,pcs_midrank,
POSI-J-024073,P1.06,8.353034420289855,4416,194,194,401,51.75,PCS-Q2,1623,4067,60.11,pcs_midrank,
POSI-J-024074,P3.02,6.8567931456548346,1634,346,346,1326,73.94,PCS-Q2,2030,4067,50.1,pcs_midrank,
POSI-J-024075,P3.02,5.1304780876494025,2008,538,538,1326,59.46,PCS-Q2,2582,4067,36.53,pcs_midrank,
POSI-J-024076,P3.02,5.200138344477749,4337,529,529,1326,60.14,PCS-Q2,2555,4067,37.19,pcs_midrank,
POSI-J-024077,P3.02,2.5454545454545454,2134,895,895,1326,32.54,PCS-Q3,3391,4067,16.63,pcs_midrank,
POSI-J-024078,P3.02,3.9707003021941927,7611,681,681,1326,48.68,PCS-Q3,2944,4067,27.62,pcs_midrank,
POSI-J-024079,P3.02,5.965302951838425,1931,439,439,1326,66.93,PCS-Q2,2309,4067,43.24,pcs_midrank,
POSI-J-024080,P3.02,7.0672682526661195,1219,325,325,1326,75.53,PCS-Q1,1956,4067,51.92,pcs_midrank,
POSI-J-024081,P1.06,7.84964200477327,1257,209,209,401,48,PCS-Q3,1738,4067,57.28,pcs_midrank,
POSI-J-024082,P3.02,7.781071835803877,1754,267,267,1326,79.9,PCS-Q1,1753,4067,56.91,pcs_midrank,
POSI-J-024083,P3.02,6.875868055555555,2304,345,345,1326,74.02,PCS-Q2,2023,4067,50.27,pcs_midrank,
POSI-J-024084,P3.02,8.63391812865497,855,215,215,1326,83.82,PCS-Q1,1543,4067,62.07,pcs_midrank,
POSI-J-024085,P3.02,4.514655172413793,6960,607,607,1326,54.26,PCS-Q2,2765,4067,32.03,pcs_midrank,
POSI-J-024086,P3.02,16.716843872411864,1787,54,54,1326,95.97,PCS-Q1,512,4067,87.42,pcs_midrank,
POSI-J-024087,P3.02,8.494574728736437,2857,223,223,1326,83.22,PCS-Q1,1572,4067,61.36,pcs_midrank,
POSI-J-024088,P3.02,4.516725071678879,3139,606,606,1326,54.34,PCS-Q2,2764,4067,32.05,pcs_midrank,
POSI-J-024089,P3.02,30.15768930523029,1281,13,13,1326,99.06,PCS-Q1,125,4067,96.94,pcs_midrank,
POSI-J-024090,P3.02,2.7824686940966012,2795,860,860,1326,35.18,PCS-Q3,3319,4067,18.4,pcs_midrank,
POSI-J-024091,P3.02,7.829716193656093,599,265,265,1326,80.05,PCS-Q1,1742,4067,57.18,pcs_midrank,
POSI-J-024092,P3.02,7.22684703433923,961,306,306,1326,76.96,PCS-Q1,1903,4067,53.22,pcs_midrank,
POSI-J-024093,P3.02,4.292402826855124,2264,639,639,1326,51.85,PCS-Q2,2841,4067,30.16,pcs_midrank,
POSI-J-024094,P3.02,4.184424271380793,2093,652,652,1326,50.87,PCS-Q2,2878,4067,29.25,pcs_midrank,
POSI-J-024095,P3.02,6.458204334365325,1292,379,379,1326,71.46,PCS-Q2,2138,4067,47.44,pcs_midrank,
POSI-J-024096,P3.02,12.438443935926774,2185,111,111,1326,91.67,PCS-Q1,908,4067,77.69,pcs_midrank,
POSI-J-024097,P5.01,13.82283901665345,6305,11,11,144,92.71,PCS-Q1,747,4067,81.64,pcs_midrank,
POSI-J-024098,P3.02,9.095811051693405,2244,200,200,1326,84.95,PCS-Q1,1445,4067,64.48,pcs_midrank,
POSI-J-024099,P1.04,5.680083638264506,1913,65,65,91,29.12,PCS-Q3,2399,4067,41.03,pcs_midrank,
POSI-J-024100,P3.02,4.864197530864198,486,568,568,1326,57.2,PCS-Q2,2674,4067,34.26,pcs_midrank,
POSI-J-024101,P3.02,7.455097087378641,1648,290,290,1326,78.17,PCS-Q1,1839,4067,54.79,pcs_midrank,
POSI-J-024102,P3.02,6.248220640569395,1124,405,405,1326,69.49,PCS-Q2,2212,4067,45.62,pcs_midrank,
POSI-J-024103,P3.02,10.81378396288933,1509,141,141,1326,89.4,PCS-Q1,1125,4067,72.35,pcs_midrank,
POSI-J-024104,P3.02,4.708894878706199,742,585,585,1326,55.92,PCS-Q2,2719,4067,33.16,pcs_midrank,
POSI-J-024105,P3.02,4.839910647803425,2686,572,572,1326,56.9,PCS-Q2,2682,4067,34.07,pcs_midrank,
POSI-J-024106,P3.02,30.016556291390728,1812,15,15,1326,98.91,PCS-Q1,127,4067,96.89,pcs_midrank,
POSI-J-024108,P3.02,9.022748815165876,1055,201,201,1326,84.88,PCS-Q1,1461,4067,64.09,pcs_midrank,
POSI-J-024109,P3.02,5.022332506203474,4433,553,553,1326,58.33,PCS-Q2,2628,4067,35.39,pcs_midrank,
POSI-J-024110,P3.02,7.03490990990991,888,331,331,1326,75.08,PCS-Q1,1973,4067,51.5,pcs_midrank,
POSI-J-024111,P3.02,11.47598719316969,937,125,125,1326,90.61,PCS-Q1,1029,4067,74.71,pcs_midrank,
POSI-J-024112,P3.02,7.3597222222222225,720,296,296,1326,77.71,PCS-Q1,1860,4067,54.28,pcs_midrank,
POSI-J-024113,P3.02,2.206989247311828,7812,951,951,1326,28.32,PCS-Q3,3494,4067,14.1,pcs_midrank,
POSI-J-024114,P3.02,,0,,,,,,,,,unavailable,no_pcs
POSI-J-024115,P3.02,4.115302300695559,3738,660,660,1326,50.26,PCS-Q2,2897,4067,28.78,pcs_midrank,
POSI-J-024116,P3.02,2.8758418740849194,3415,843,843,1326,36.46,PCS-Q3,3290,4067,19.12,pcs_midrank,
POSI-J-024117,P3.02,4.850505050505051,495,570,570,1326,57.05,PCS-Q2,2678,4067,34.17,pcs_midrank,
POSI-J-024118,P3.02,5.58234859675037,2708,477,477,1326,64.06,PCS-Q2,2436,4067,40.12,pcs_midrank,
POSI-J-024119,P3.02,3.6320998278829606,2324,728,728,1326,45.14,PCS-Q3,3051,4067,24.99,pcs_midrank,
POSI-J-024120,P3.02,3.484572230014025,2852,745,745,1326,43.85,PCS-Q3,3088,4067,24.08,pcs_midrank,
POSI-J-024121,P3.02,,0,,,,,,,,,unavailable,no_pcs
POSI-J-024122,P3.02,6.321078431372549,1224,394,394,1326,70.32,PCS-Q2,2187,4067,46.24,pcs_midrank,
POSI-J-024123,P1.06,,0,,,,,,,,,unavailable,no_pcs
POSI-J-024124,P3.02,3.777988614800759,527,707,707,1326,46.72,PCS-Q3,3002,4067,26.2,pcs_midrank,
POSI-J-024125,P3.02,2.880242311276794,2146,842,842,1326,36.54,PCS-Q3,3288,4067,19.17,pcs_midrank,
POSI-J-024126,P3.02,10.628975265017667,849,146,146,1326,89.03,PCS-Q1,1155,4067,71.61,pcs_midrank,
POSI-J-024127,P3.02,7.161596427574658,3583,319,319,1326,75.98,PCS-Q1,1929,4067,52.58,pcs_midrank,
POSI-J-024128,P3.03,4.365426695842451,457,30,30,71,58.45,PCS-Q2,2817,4067,30.75,pcs_midrank,
POSI-J-024129,P3.02,7.204379562043796,3288,307,307,1326,76.89,PCS-Q1,1908,4067,53.1,pcs_midrank,
POSI-J-024130,P3.02,1.6666666666666667,3,,,,,,,,,unavailable,too_few_items
POSI-J-024131,P3.02,13.826330532212886,714,84,84,1326,93.7,PCS-Q1,745,4067,81.69,pcs_midrank,
POSI-J-024132,P3.02,3.260750228728271,2186,776,776,1326,41.52,PCS-Q3,3158,4067,22.36,pcs_midrank,
POSI-J-024133,P1.06,16.580581241743726,1514,66,66,401,83.67,PCS-Q1,527,4067,87.05,pcs_midrank,
POSI-J-024135,P3.02,10.056129985228951,1354,162,162,1326,87.82,PCS-Q1,1249,4067,69.3,pcs_midrank,
POSI-J-024136,P1.06,7.144678138942001,1569,237,237,401,41.02,PCS-Q3,1932,4067,52.51,pcs_midrank,
POSI-J-024138,P3.02,6.291718684977112,2403,396,396,1326,70.17,PCS-Q2,2196,4067,46.02,pcs_midrank,
POSI-J-024139,P3.02,5.386649041639128,1513,504,504,1326,62.03,PCS-Q2,2502,4067,38.49,pcs_midrank,
POSI-J-024140,P3.02,8.36685552407932,706,230,230,1326,82.69,PCS-Q1,1619,4067,60.2,pcs_midrank,
POSI-J-024141,P3.02,4.823431241655541,2996,575,575,1326,56.67,PCS-Q2,2686,4067,33.97,pcs_midrank,
POSI-J-024142,P3.02,2.7536023054755043,694,864,864,1326,34.88,PCS-Q3,3328,4067,18.18,pcs_midrank,
POSI-J-024143,P3.02,8.807565185457216,2723,208,208,1326,84.35,PCS-Q1,1508,4067,62.93,pcs_midrank,
POSI-J-024144,P3.02,3.5626614987080103,1548,738,738,1326,44.38,PCS-Q3,3071,4067,24.5,pcs_midrank,
POSI-J-024145,P3.02,5.473214285714286,1120,491,491,1326,63.01,PCS-Q2,2475,4067,39.16,pcs_midrank,
POSI-J-024146,P3.02,3.2033898305084745,590,787,787,1326,40.69,PCS-Q3,3173,4067,21.99,pcs_midrank,
POSI-J-024147,P3.02,13.423216444981863,1654,89,89,1326,93.33,PCS-Q1,781,4067,80.81,pcs_midrank,
POSI-J-024148,P3.02,,0,,,,,,,,,unavailable,no_pcs
POSI-J-024149,P1.04,,0,,,,,,,,,unavailable,no_pcs
POSI-J-024150,P3.02,5.855203619909502,1547,451,451,1326,66.03,PCS-Q2,2348,4067,42.28,pcs_midrank,
POSI-J-024151,P3.02,4.681008902077151,674,589,589,1326,55.62,PCS-Q2,2728,4067,32.94,pcs_midrank,
POSI-J-024152,P3.02,14.47715736040609,1182,72,72,1326,94.61,PCS-Q1,674,4067,83.44,pcs_midrank,
POSI-J-024153,P3.02,6.297791498456424,4211,395,395,1326,70.25,PCS-Q2,2194,4067,46.07,pcs_midrank,
POSI-J-024154,P3.02,4.110914454277286,1695,661,661,1326,50.19,PCS-Q2,2898,4067,28.76,pcs_midrank,
POSI-J-024155,P3.02,13.136363636363637,22,96,96,1326,92.8,PCS-Q1,818,4067,79.9,pcs_midrank,
POSI-J-024156,P3.02,4.1743421052631575,2736,653,653,1326,50.79,PCS-Q2,2882,4067,29.15,pcs_midrank,
POSI-J-024157,P3.02,,0,,,,,,,,,unavailable,no_pcs
POSI-J-024158,P3.02,4.074049366244163,1499,666,666,1326,49.81,PCS-Q3,2908,4067,28.51,pcs_midrank,
POSI-J-024159,P3.02,2.8366013071895426,1224,852,852,1326,35.78,PCS-Q3,3304,4067,18.77,pcs_midrank,
POSI-J-024160,P3.02,15.571793235481813,1567,67,67,1326,94.98,PCS-Q1,589,4067,85.53,pcs_midrank,
POSI-J-024161,P5.09,7.6080459770114945,870,11,11,32,67.19,PCS-Q2,1788,4067,56.05,pcs_midrank,
POSI-J-024162,P3.02,5.5361344537815125,595,484,484,1326,63.54,PCS-Q2,2455,4067,39.65,pcs_midrank,
POSI-J-024163,P3.02,2.0823412698412698,1008,969,969,1326,26.96,PCS-Q3,3525,4067,13.34,pcs_midrank,
POSI-J-024164,P3.02,4.360919540229885,3045,629,629,1326,52.6,PCS-Q2,2819,4067,30.7,pcs_midrank,
POSI-J-024165,P3.02,5.836838288614938,1379,455,455,1326,65.72,PCS-Q2,2355,4067,42.11,pcs_midrank,
POSI-J-024166,P3.02,10.033138401559453,513,164,164,1326,87.67,PCS-Q1,1256,4067,69.13,pcs_midrank,
POSI-J-024167,P1.06,7.932151117964533,1297,205,205,401,49,PCS-Q3,1716,4067,57.82,pcs_midrank,
POSI-J-024168,P3.02,8.706691682301438,3198,211,211,1326,84.13,PCS-Q1,1528,4067,62.44,pcs_midrank,
POSI-J-024169,P3.03,7.871405094494659,2434,10,10,71,86.62,PCS-Q1,1729,4067,57.5,pcs_midrank,
POSI-J-024170,P3.02,4.869639794168096,1749,567,567,1326,57.28,PCS-Q2,2671,4067,34.34,pcs_midrank,
POSI-J-024171,P3.02,13.098220171390903,1517,98,98,1326,92.65,PCS-Q1,824,4067,79.75,pcs_midrank,
POSI-J-024172,P3.02,,0,,,,,,,,,unavailable,no_pcs
POSI-J-024173,P3.02,63.4400299850075,2668,3,3,1326,99.81,PCS-Q1,12,4067,99.72,pcs_midrank,
POSI-J-024174,P3.02,3.148448043184885,741,799,799,1326,39.78,PCS-Q3,3196,4067,21.43,pcs_midrank,
POSI-J-024175,P3.02,5.784619917501473,3394,458,458,1326,65.5,PCS-Q2,2365,4067,41.86,pcs_midrank,
POSI-J-024176,P3.02,4.730277986476334,1331,582,582,1326,56.15,PCS-Q2,2714,4067,33.28,pcs_midrank,
POSI-J-024177,P3.02,5.394285714285714,1400,503,503,1326,62.1,PCS-Q2,2501,4067,38.52,pcs_midrank,
POSI-J-024178,P3.02,3.6877470355731226,506,721,721,1326,45.66,PCS-Q3,3034,4067,25.41,pcs_midrank,
POSI-J-024179,P3.02,8.399588960657663,3406,229,229,1326,82.77,PCS-Q1,1607,4067,60.5,pcs_midrank,
POSI-J-024180,P3.02,3.393644617380026,1542,754,754,1326,43.17,PCS-Q3,3115,4067,23.42,pcs_midrank,
POSI-J-024181,P3.02,10.57331571994716,757,148,148,1326,88.88,PCS-Q1,1161,4067,71.47,pcs_midrank,
POSI-J-024182,P3.02,3.92170626349892,1852,687,687,1326,48.23,PCS-Q3,2959,4067,27.26,pcs_midrank,
POSI-J-024183,P3.02,7.167148640832852,1729,317,317,1326,76.13,PCS-Q1,1927,4067,52.63,pcs_midrank,
POSI-J-024184,P3.02,13.162691131498471,1635,95,95,1326,92.87,PCS-Q1,814,4067,80,pcs_midrank,
POSI-J-024185,P3.02,19.297,1000,39,39,1326,97.1,PCS-Q1,365,4067,91.04,pcs_midrank,
POSI-J-024186,P3.02,6.224137931034483,464,408,408.5,1326,69.23,PCS-Q2,2221,4067,45.39,pcs_midrank,
POSI-J-024187,P3.02,2.4255189255189253,1638,917,917,1326,30.88,PCS-Q3,3433,4067,15.6,pcs_midrank,
POSI-J-024188,P3.02,13.753783469150175,1718,86,86,1326,93.55,PCS-Q1,753,4067,81.5,pcs_midrank,
POSI-J-024189,P3.02,3.5206639566395665,2952,740,740,1326,44.23,PCS-Q3,3078,4067,24.33,pcs_midrank,
POSI-J-024190,P3.02,9.8037558685446,3195,174,174,1326,86.92,PCS-Q1,1299,4067,68.07,pcs_midrank,
POSI-J-024191,P5.01,11.081890500701919,2137,25,25,144,82.99,PCS-Q1,1083,4067,73.38,pcs_midrank,
POSI-J-024192,P3.02,6.660751565762004,2874,357,357,1326,73.11,PCS-Q2,2074,4067,49.02,pcs_midrank,
POSI-J-024193,P3.02,5.65955826351866,1313,467,467,1326,64.82,PCS-Q2,2408,4067,40.8,pcs_midrank,
POSI-J-024194,P3.02,11.97972972972973,296,116,116,1326,91.29,PCS-Q1,957,4067,76.48,pcs_midrank,
POSI-J-024195,P3.02,3.7711111111111113,1350,708,708,1326,46.64,PCS-Q3,3006,4067,26.1,pcs_midrank,
POSI-J-024196,P3.02,4.953200275292498,2906,561,561,1326,57.73,PCS-Q2,2650,4067,34.85,pcs_midrank,
POSI-J-024197,P3.02,4.051136363636363,176,672,672,1326,49.36,PCS-Q3,2919,4067,28.24,pcs_midrank,
POSI-J-024198,P3.02,3.071276595744681,940,813,813,1326,38.73,PCS-Q3,3222,4067,20.79,pcs_midrank,
POSI-J-024199,P3.02,5.065891472868217,516,547,547,1326,58.79,PCS-Q2,2609,4067,35.86,pcs_midrank,
POSI-J-024200,P1.06,5.55735056542811,619,292,292,401,27.31,PCS-Q3,2444,4067,39.92,pcs_midrank,
POSI-J-024201,P3.02,18.73678861788618,984,42,42,1326,96.87,PCS-Q1,392,4067,90.37,pcs_midrank,
POSI-J-024202,P1.04,2.8296296296296295,270,90,90,91,1.65,PCS-Q4,3305,4067,18.75,pcs_midrank,
POSI-J-024203,P1.06,6.925714285714286,875,244,244,401,39.28,PCS-Q3,2002,4067,50.79,pcs_midrank,
POSI-J-024204,P3.02,5.018079096045198,885,554,554,1326,58.26,PCS-Q2,2630,4067,35.35,pcs_midrank,
POSI-J-024205,P3.02,,0,,,,,,,,,unavailable,no_pcs
POSI-J-024206,P3.02,2.3840304182509504,263,924,924,1326,30.35,PCS-Q3,3445,4067,15.31,pcs_midrank,
POSI-J-024207,P3.02,0.8395061728395061,81,1157,1157,1326,12.78,PCS-Q4,3828,4067,5.89,pcs_midrank,
POSI-J-024208,P4.01,12.132596685082873,181,48,48,115,58.7,PCS-Q2,939,4067,76.92,pcs_midrank,
POSI-J-024209,P3.02,4.473843821076573,1319,612,612,1326,53.88,PCS-Q2,2773,4067,31.83,pcs_midrank,
POSI-J-024210,P3.02,7.188023450586265,2388,310,310,1326,76.66,PCS-Q1,1913,4067,52.98,pcs_midrank,
POSI-J-024211,,,0,,,,,,,,,unavailable,no_pcs
POSI-J-024212,,,0,,,,,,,,,unavailable,no_pcs
POSI-J-024213,P2.11,17.99921875,1280,51,51,242,79.13,PCS-Q1,441,4067,89.17,pcs_midrank,
POSI-J-024214,P5.02,0.5,2,,,,,,,,,unavailable,too_few_items
POSI-J-024215,P5.02,12.221518987341772,158,102,102,257,60.51,PCS-Q2,928,4067,77.19,pcs_midrank,
POSI-J-024216,P5.02,0.16666666666666666,6,,,,,,3976,4067,2.23,unavailable,psc_confidence_not_rank_eligible
POSI-J-024217,,,0,,,,,,,,,unavailable,no_pcs
POSI-J-024218,P2.03,10.099067599067599,2574,38,38,75,50,PCS-Q2,1239,4067,69.55,pcs_midrank,
POSI-J-024219,P2.11,24.430361618331542,2793,19,19,242,92.36,PCS-Q1,197,4067,95.17,pcs_midrank,
POSI-J-024220,P3.02,0.5278810408921933,269,1200,1200,1326,9.54,PCS-Q4,3886,4067,4.46,pcs_midrank,
POSI-J-024221,P3.02,6.264331210191083,314,401,401,1326,69.8,PCS-Q2,2206,4067,45.77,pcs_midrank,
POSI-J-024222,P1.05,3.7813765182186234,247,313,313,350,10.71,PCS-Q4,2999,4067,26.27,pcs_midrank,
POSI-J-024223,P3.02,0.8804780876494024,251,1152,1152,1326,13.16,PCS-Q4,3821,4067,6.06,pcs_midrank,
POSI-J-024224,,1.316205533596838,253,,,,,,3726,4067,8.4,unavailable,no_psc_category
POSI-J-024225,P2.05,20.732718894009217,434,19,19,145,87.24,PCS-Q1,306,4067,92.49,pcs_midrank,
POSI-J-024226,,,0,,,,,,,,,unavailable,no_pcs
POSI-J-024227,P3.02,6.267515923566879,1570,399,399,1326,69.95,PCS-Q2,2204,4067,45.82,pcs_midrank,
POSI-J-024228,P3.02,1.8303341902313626,389,1004,1004,1326,24.32,PCS-Q4,3584,4067,11.89,pcs_midrank,
POSI-J-024229,P3.02,1.3701799485861184,389,1070,1070,1326,19.34,PCS-Q4,3711,4067,8.77,pcs_midrank,
POSI-J-024230,P3.03,0.057672502574665295,971,68,68,71,4.93,PCS-Q4,4030,4067,0.92,pcs_midrank,
POSI-J-024231,P1.02,13.552036199095022,884,46,46,133,65.79,PCS-Q2,769,4067,81.1,pcs_midrank,
POSI-J-024232,P3.02,10.979458450046685,1071,138,138,1326,89.63,PCS-Q1,1100,4067,72.97,pcs_midrank,
POSI-J-024233,P2.03,9.976793248945148,2370,39,39,75,48.67,PCS-Q3,1265,4067,68.91,pcs_midrank,
POSI-J-024234,P2.03,8,128,48,48,75,36.67,PCS-Q3,1701,4067,58.19,pcs_midrank,
POSI-J-024235,P2.11,9,11,,,,,,1466,4067,63.97,unavailable,psc_confidence_not_rank_eligible
POSI-J-024236,P5.01,3.1363636363636362,44,126,126,144,12.85,PCS-Q4,3199,4067,21.35,pcs_midrank,
POSI-J-024237,P1.06,47.796129032258065,775,6,6,401,98.63,PCS-Q1,26,4067,99.37,pcs_midrank,
POSI-J-024238,P2.11,24.627021883920076,2102,17,17,242,93.18,PCS-Q1,190,4067,95.34,pcs_midrank,
POSI-J-024239,P3.02,,0,,,,,,,,,unavailable,no_pcs
POSI-J-024240,P2.03,,0,,,,,,,,,unavailable,no_pcs
POSI-J-024241,P2.05,19.738095238095237,42,21,21,145,85.86,PCS-Q1,346,4067,91.5,pcs_midrank,
POSI-J-024242,P3.02,1.6875,16,,,,,,3621,4067,10.97,unavailable,psc_confidence_not_rank_eligible
POSI-J-024243,P2.11,10.677023121387283,1384,132,132,242,45.66,PCS-Q3,1147,4067,71.81,pcs_midrank,
POSI-J-024244,P1.03,,0,,,,,,,,,unavailable,no_pcs
POSI-J-024245,P5.02,3.337748344370861,151,229,229,257,11.09,PCS-Q4,3136,4067,22.9,pcs_midrank,
POSI-J-024246,P3.02,2.8472222222222223,72,851,851,1326,35.86,PCS-Q3,3303,4067,18.8,pcs_midrank,
POSI-J-024247,P1.06,,0,,,,,,,,,unavailable,no_pcs
POSI-J-024248,P1.01,2.3634204275534443,421,28,28,44,37.5,PCS-Q3,3454,4067,15.08,pcs_midrank,
POSI-J-024249,P1.06,5.756410256410256,156,284,284,401,29.3,PCS-Q3,2374,4067,41.64,pcs_midrank,
POSI-J-024250,P5.02,,0,,,,,,,,,unavailable,no_pcs
POSI-J-024251,P3.02,6.218390804597701,87,411,411,1326,69.04,PCS-Q2,2227,4067,45.25,pcs_midrank,
POSI-J-024252,P3.02,1.2164948453608246,97,1105,1105,1326,16.7,PCS-Q4,3758,4067,7.61,pcs_midrank,
POSI-J-024253,P2.05,48.11524163568773,807,2,2,145,98.97,PCS-Q1,25,4067,99.4,pcs_midrank,
POSI-J-024254,P3.02,0.696078431372549,102,1182,1182,1326,10.9,PCS-Q4,3861,4067,5.08,pcs_midrank,
POSI-J-024255,P2.11,15.328125,640,70,70,242,71.28,PCS-Q2,609,4067,85.04,pcs_midrank,
POSI-J-024256,P3.02,0.7029702970297029,101,1180,1180,1326,11.05,PCS-Q4,3859,4067,5.13,pcs_midrank,
POSI-J-024257,P3.02,2.2988929889298895,271,933,933,1326,29.68,PCS-Q3,3465,4067,14.81,pcs_midrank,
POSI-J-024258,P3.02,4.296747967479675,246,638,638,1326,51.92,PCS-Q2,2839,4067,30.21,pcs_midrank,
POSI-J-024259,P5.09,7.011834319526627,169,13,13,32,60.94,PCS-Q2,1976,4067,51.43,pcs_midrank,
POSI-J-024260,P1.01,3.596417281348788,1898,20,20,44,55.68,PCS-Q2,3061,4067,24.75,pcs_midrank,
POSI-J-024261,P3.02,6.287610619469026,226,398,398,1326,70.02,PCS-Q2,2202,4067,45.87,pcs_midrank,
POSI-J-024262,P1.06,0.8160919540229885,87,400,400,401,0.37,PCS-Q4,3832,4067,5.79,pcs_midrank,
POSI-J-024263,P3.02,21.73153409090909,704,31,31,1326,97.7,PCS-Q1,271,4067,93.35,pcs_midrank,
POSI-J-024264,P3.02,1.0275229357798166,109,1135,1135,1326,14.44,PCS-Q4,3798,4067,6.63,pcs_midrank,
POSI-J-024265,P3.02,0.3937007874015748,127,1217,1217,1326,8.26,PCS-Q4,3913,4067,3.8,pcs_midrank,
POSI-J-024266,P3.02,0.09398496240601503,266,1282,1282,1326,3.36,PCS-Q4,4008,4067,1.46,pcs_midrank,
POSI-J-024267,P3.02,5.613636363636363,88,473,473.5,1326,64.33,PCS-Q2,2428,4067,40.3,pcs_midrank,
POSI-J-024268,P5.01,2.1709401709401708,117,130,130,144,10.07,PCS-Q4,3505,4067,13.83,pcs_midrank,
POSI-J-024269,P3.02,2.4285714285714284,84,916,916,1326,30.96,PCS-Q3,3432,4067,15.63,pcs_midrank,
POSI-J-024270,P3.02,3.2448979591836733,98,779,779,1326,41.29,PCS-Q3,3162,4067,22.26,pcs_midrank,
POSI-J-024271,P1.05,10.093143596377748,773,140,140,350,60.14,PCS-Q2,1242,4067,69.47,pcs_midrank,
POSI-J-024272,P3.03,0.25806451612903225,31,59,59,71,17.61,PCS-Q4,3948,4067,2.94,pcs_midrank,
POSI-J-024273,P1.05,6.992857142857143,140,224,224,350,36.14,PCS-Q3,1985,4067,51.2,pcs_midrank,
POSI-J-024274,P2.03,14.790374677002584,3096,24,24,75,68.67,PCS-Q2,651,4067,84.01,pcs_midrank,
POSI-J-024275,P2.03,3.7142857142857144,35,,,,,,3026,4067,25.61,unavailable,psc_confidence_not_rank_eligible
POSI-J-024276,P2.02,7.58852867830424,1604,66,66,93,29.57,PCS-Q3,1796,4067,55.85,pcs_midrank,
POSI-J-024277,P2.01,1.5223880597014925,67,65,65,67,3.73,PCS-Q4,3663,4067,9.95,pcs_midrank,
POSI-J-024278,P3.02,38.01787310098302,1119,9,9,1326,99.36,PCS-Q1,61,4067,98.51,pcs_midrank,
POSI-J-024279,P5.01,10.106617647058824,272,32,32,144,78.13,PCS-Q1,1237,4067,69.6,pcs_midrank,
POSI-J-024280,P1.05,,0,,,,,,,,,unavailable,no_pcs
POSI-J-024281,P1.05,15.591329479768786,1730,70,70,350,80.14,PCS-Q1,585,4067,85.63,pcs_midrank,
POSI-J-024282,P1.06,16.47546346782988,917,68,68,401,83.17,PCS-Q1,535,4067,86.86,pcs_midrank,
POSI-J-024283,P1.05,18.588100686498855,1748,48,48,350,86.43,PCS-Q1,401,4067,90.15,pcs_midrank,
POSI-J-024284,P2.11,3.1818181818181817,22,,,,,,3182,4067,21.77,unavailable,psc_confidence_not_rank_eligible
POSI-J-024285,P3.02,1.704225352112676,568,1021,1021,1326,23.04,PCS-Q4,3617,4067,11.08,pcs_midrank,
POSI-J-024286,P3.02,1.1111111111111112,306,1124,1124,1326,15.27,PCS-Q4,3783,4067,6.98,pcs_midrank,
POSI-J-024287,P3.02,3.4542124542124544,546,748,748,1326,43.63,PCS-Q3,3098,4067,23.84,pcs_midrank,
POSI-J-024288,P2.11,11.935190144617033,1867,116,116,242,52.27,PCS-Q2,960,4067,76.41,pcs_midrank,
POSI-J-024289,P3.02,3.023134759976865,1729,821,821,1326,38.12,PCS-Q3,3240,4067,20.35,pcs_midrank,
POSI-J-024290,P3.02,1.4655172413793103,58,1049,1049,1326,20.93,PCS-Q4,3678,4067,9.58,pcs_midrank,
POSI-J-024291,P1.06,20.261761158021713,829,49,49,401,87.91,PCS-Q1,323,4067,92.07,pcs_midrank,
POSI-J-024292,P3.02,1.0281982784208965,3369,1134,1134,1326,14.52,PCS-Q4,3797,4067,6.65,pcs_midrank,
POSI-J-024293,P3.02,,0,,,,,,,,,unavailable,no_pcs
POSI-J-024294,P3.02,6.906200317965024,1258,340,340,1326,74.4,PCS-Q2,2010,4067,50.59,pcs_midrank,
POSI-J-024295,P1.06,8.760479041916168,835,183,183,401,54.49,PCS-Q2,1518,4067,62.69,pcs_midrank,
POSI-J-024296,P3.02,2.462672372800761,2103,913,913,1326,31.18,PCS-Q3,3423,4067,15.85,pcs_midrank,
POSI-J-024297,P3.02,10.408814589665653,1316,153,153,1326,88.5,PCS-Q1,1184,4067,70.9,pcs_midrank,
POSI-J-024298,P3.02,7.6055979643765905,393,276,276,1326,79.22,PCS-Q1,1789,4067,56.02,pcs_midrank,
POSI-J-024299,P3.02,3.760135135135135,592,712,712,1326,46.34,PCS-Q3,3012,4067,25.95,pcs_midrank,
POSI-J-024300,P3.02,1.3304721030042919,699,1080,1080,1326,18.59,PCS-Q4,3724,4067,8.45,pcs_midrank,
POSI-J-024301,P3.02,,0,,,,,,,,,unavailable,no_pcs
POSI-J-024302,P3.02,,0,,,,,,,,,unavailable,no_pcs
POSI-J-024303,P2.11,18.592,125,43,43,242,82.44,PCS-Q1,400,4067,90.18,pcs_midrank,
POSI-J-024304,P1.04,0.6666666666666666,3,,,,,,,,,unavailable,too_few_items
POSI-J-024305,P3.02,0.14427860696517414,402,1265,1265,1326,4.64,PCS-Q4,3985,4067,2.03,pcs_midrank,
POSI-J-024306,P3.02,3.4878048780487805,328,744,744,1326,43.93,PCS-Q3,3086,4067,24.13,pcs_midrank,
POSI-J-024307,P3.02,,0,,,,,,,,,unavailable,no_pcs
POSI-J-024308,P1.06,6.901593252108716,1067,245,245,401,39.03,PCS-Q3,2014,4067,50.49,pcs_midrank,
POSI-J-024309,P4.02,19.4304,625,,,6,,,361,4067,91.14,unavailable,category_below_min_size
POSI-J-024310,P4.02,3.175925925925926,108,,,6,,,3184,4067,21.72,unavailable,category_below_min_size
POSI-J-024311,P1.06,5.152709359605911,812,306,306,401,23.82,PCS-Q4,2574,4067,36.72,pcs_midrank,
POSI-J-024312,P4.02,0.1155653856787393,3617,,,6,,,3998,4067,1.71,unavailable,category_below_min_size
POSI-J-024313,P1.06,4.0212765957446805,47,348,348,401,13.34,PCS-Q4,2929,4067,27.99,pcs_midrank,
POSI-J-024314,P3.02,0.7633587786259542,393,1168,1168,1326,11.95,PCS-Q4,3842,4067,5.54,pcs_midrank,
POSI-J-024315,P3.02,1.2064896755162242,339,1108,1108,1326,16.48,PCS-Q4,3762,4067,7.51,pcs_midrank,
POSI-J-024316,P3.02,0.02614162806088683,3022,1313,1313,1326,1.02,PCS-Q4,4048,4067,0.48,pcs_midrank,
POSI-J-024317,P3.02,2.5258620689655173,348,898,898,1326,32.32,PCS-Q3,3395,4067,16.54,pcs_midrank,
POSI-J-024318,P3.02,0.7028800583302953,2743,1181,1181,1326,10.97,PCS-Q4,3860,4067,5.1,pcs_midrank,
POSI-J-024319,P3.02,0.023936170212765957,376,1315,1315,1326,0.87,PCS-Q4,4050,4067,0.43,pcs_midrank,
POSI-J-024320,P5.01,0.9156462585034013,735,139,139,144,3.82,PCS-Q4,3816,4067,6.18,pcs_midrank,
POSI-J-024321,P1.05,1.2616822429906542,107,349,349,350,0.43,PCS-Q4,3747,4067,7.88,pcs_midrank,
POSI-J-024322,P3.02,0.5521739130434783,460,1198,1198,1326,9.69,PCS-Q4,3883,4067,4.54,pcs_midrank,
POSI-J-024323,P3.03,2.937639198218263,449,38,38,71,47.18,PCS-Q3,3264,4067,19.76,pcs_midrank,
POSI-J-024324,P3.02,2.7572546050971485,3963,863,863,1326,34.95,PCS-Q3,3325,4067,18.26,pcs_midrank,
POSI-J-024325,P3.02,3.8150594451783357,757,702,702,1326,47.1,PCS-Q3,2990,4067,26.49,pcs_midrank,
POSI-J-024326,P3.02,3.827935222672065,494,698,698,1326,47.4,PCS-Q3,2983,4067,26.67,pcs_midrank,
POSI-J-024327,P3.02,1.7348810547434794,3489,1016,1016,1326,23.42,PCS-Q4,3609,4067,11.27,pcs_midrank,
POSI-J-024328,P3.02,3.8045844327176783,6064,703,703,1326,47.02,PCS-Q3,2995,4067,26.37,pcs_midrank,
POSI-J-024329,P2.03,6.315553897799329,2681,58,58,75,23.33,PCS-Q4,2188,4067,46.21,pcs_midrank,
POSI-J-024330,P3.02,8.854700854700855,351,206,206,1326,84.5,PCS-Q1,1497,4067,63.2,pcs_midrank,
POSI-J-024331,P1.03,6.591682419659735,1058,43,43,91,53.3,PCS-Q2,2097,4067,48.45,pcs_midrank,
POSI-J-024332,P1.02,1.5689655172413792,348,131,131,133,1.88,PCS-Q4,3649,4067,10.29,pcs_midrank,
POSI-J-024333,P3.02,3.388683431952663,2704,757,757,1326,42.95,PCS-Q3,3119,4067,23.32,pcs_midrank,
POSI-J-024334,P2.11,30.8125,192,9,9,242,96.49,PCS-Q1,119,4067,97.09,pcs_midrank,
POSI-J-024335,P1.05,10.018181818181818,165,143,143,350,59.29,PCS-Q2,1258,4067,69.08,pcs_midrank,
POSI-J-024336,P5.09,1.5498154981549817,271,31,31,32,4.69,PCS-Q4,3655,4067,10.14,pcs_midrank,
POSI-J-024337,P3.02,10.535064935064936,770,149,149,1326,88.8,PCS-Q1,1169,4067,71.27,pcs_midrank,
POSI-J-024338,P3.02,9.013526119402986,2144,202,202,1326,84.8,PCS-Q1,1464,4067,64.02,pcs_midrank,
POSI-J-024339,P5.01,,0,,,,,,,,,unavailable,no_pcs
POSI-J-024340,P2.11,10.92145421903052,2228,128,128,242,47.31,PCS-Q3,1106,4067,72.82,pcs_midrank,
POSI-J-024341,P1.06,5.294175715695952,1013,302,302,401,24.81,PCS-Q4,2533,4067,37.73,pcs_midrank,
POSI-J-024342,P1.06,3.0343839541547277,349,371,371,401,7.61,PCS-Q4,3234,4067,20.49,pcs_midrank,
POSI-J-024343,,,0,,,,,,,,,unavailable,no_pcs
POSI-J-024344,P2.05,9.67117117117117,1776,93,93,145,36.21,PCS-Q3,1322,4067,67.51,pcs_midrank,
POSI-J-024345,P2.11,48.40775823184484,4434,3,3,242,98.97,PCS-Q1,24,4067,99.42,pcs_midrank,
POSI-J-024346,P2.05,13.824037706205813,1273,59,59,145,59.66,PCS-Q2,746,4067,81.67,pcs_midrank,
POSI-J-024347,P1.02,7.053691275167785,298,102,102,133,23.68,PCS-Q4,1963,4067,51.75,pcs_midrank,
POSI-J-024348,P6.02,7.055172413793104,145,,,17,,,1962,4067,51.77,unavailable,category_below_min_size
POSI-J-024349,P1.05,8.727356746765249,1082,177,177,350,49.57,PCS-Q3,1523,4067,62.56,pcs_midrank,
POSI-J-024350,P1.05,14.745535714285714,896,78,78,350,77.86,PCS-Q1,655,4067,83.91,pcs_midrank,
POSI-J-024351,P2.11,9.60892857142857,1680,152,152,242,37.4,PCS-Q3,1334,4067,67.21,pcs_midrank,
POSI-J-024352,P2.11,14.13148956817079,2061,86,86,242,64.67,PCS-Q2,716,4067,82.41,pcs_midrank,
POSI-J-024353,P1.01,6.9971791255289135,1418,4,4,44,92.05,PCS-Q1,1984,4067,51.23,pcs_midrank,
POSI-J-024354,P1.01,5.9477054429028815,937,9,9,44,80.68,PCS-Q1,2319,4067,42.99,pcs_midrank,
POSI-J-024355,P3.03,6.214705882352941,340,21,21,71,71.13,PCS-Q2,2228,4067,45.23,pcs_midrank,
POSI-J-024356,P1.03,4.415910304324613,1873,65,65,91,29.12,PCS-Q3,2796,4067,31.26,pcs_midrank,
POSI-J-024357,P1.02,17.601455479452056,4672,31,31,133,77.07,PCS-Q1,461,4067,88.68,pcs_midrank,
POSI-J-024358,P1.06,13.03668815071889,2017,108,108,401,73.19,PCS-Q2,835,4067,79.48,pcs_midrank,
POSI-J-024359,P5.03,,0,,,,,,,,,unavailable,no_pcs
POSI-J-024360,P3.02,3.8444444444444446,90,697,697,1326,47.47,PCS-Q3,2980,4067,26.74,pcs_midrank,
POSI-J-024361,P1.05,10.70764119601329,301,131,131,350,62.71,PCS-Q2,1140,4067,71.98,pcs_midrank,
POSI-J-024362,P1.05,11.01530612244898,392,123,123,350,65,PCS-Q2,1094,4067,73.11,pcs_midrank,
POSI-J-024363,P1.05,6.698717948717949,312,232,232,350,33.86,PCS-Q3,2063,4067,49.29,pcs_midrank,
POSI-J-024364,P1.05,,0,,,,,,,,,unavailable,no_pcs
POSI-J-024365,P1.05,10.959134615384615,1248,126,126,350,64.14,PCS-Q2,1103,4067,72.89,pcs_midrank,
POSI-J-024366,P3.02,2.5247148288973382,263,900,900,1326,32.16,PCS-Q3,3397,4067,16.49,pcs_midrank,
POSI-J-024367,P1.04,15.385321100917432,2507,13,13,91,86.26,PCS-Q1,605,4067,85.14,pcs_midrank,
POSI-J-024368,P1.05,1.96137339055794,233,344,344,350,1.86,PCS-Q4,3548,4067,12.77,pcs_midrank,
POSI-J-024369,P3.02,,0,,,,,,,,,unavailable,no_pcs
POSI-J-024370,P3.02,1.4561911658218682,1381,1052,1052,1326,20.7,PCS-Q4,3682,4067,9.48,pcs_midrank,
POSI-J-024371,P3.02,0.08372530573847602,1063,1285,1285,1326,3.13,PCS-Q4,4012,4067,1.36,pcs_midrank,
POSI-J-024372,P3.02,10.527085124677559,1163,150,150,1326,88.73,PCS-Q1,1171,4067,71.22,pcs_midrank,
POSI-J-024373,P3.02,0.2638888888888889,72,1242,1242,1326,6.37,PCS-Q4,3947,4067,2.96,pcs_midrank,
POSI-J-024374,P3.02,0.061269146608315096,457,1295,1295,1326,2.38,PCS-Q4,4026,4067,1.02,pcs_midrank,
POSI-J-024375,P3.03,0.08848797250859107,1164,66,66,71,7.75,PCS-Q4,4009,4067,1.44,pcs_midrank,
POSI-J-024376,P3.02,7.189655172413793,464,309,309,1326,76.73,PCS-Q1,1912,4067,53,pcs_midrank,
POSI-J-024377,P3.02,5.366834170854271,796,505,505,1326,61.95,PCS-Q2,2508,4067,38.35,pcs_midrank,
POSI-J-024378,P3.02,3.4361536059943805,3203,751,751,1326,43.4,PCS-Q3,3104,4067,23.69,pcs_midrank,
POSI-J-024379,P5.01,4.988871224165342,629,97,97,144,32.99,PCS-Q3,2637,4067,35.17,pcs_midrank,
POSI-J-024380,P3.02,,0,,,,,,,,,unavailable,no_pcs
POSI-J-024381,P3.02,4.431818181818182,1100,616,616,1326,53.58,PCS-Q2,2788,4067,31.46,pcs_midrank,
POSI-J-024382,P3.02,0.9400386847195358,517,1143,1143,1326,13.84,PCS-Q4,3809,4067,6.36,pcs_midrank,
POSI-J-024383,P3.02,0.6587301587301587,504,1186,1186,1326,10.6,PCS-Q4,3866,4067,4.95,pcs_midrank,
POSI-J-024384,P1.06,2.869369369369369,222,373,373,401,7.11,PCS-Q4,3293,4067,19.04,pcs_midrank,
POSI-J-024385,P1.02,11.00576923076923,520,62,62,133,53.76,PCS-Q2,1095,4067,73.09,pcs_midrank,
POSI-J-024386,P3.02,,0,,,,,,,,,unavailable,no_pcs
POSI-J-024387,P1.02,20.244952893674295,743,19,19,133,86.09,PCS-Q1,324,4067,92.05,pcs_midrank,
POSI-J-024388,P2.03,4.7727272727272725,22,67,67,75,11.33,PCS-Q4,2701,4067,33.6,pcs_midrank,
POSI-J-024389,P5.01,4.118155619596542,347,112,112,144,22.57,PCS-Q4,2896,4067,28.81,pcs_midrank,
POSI-J-024390,,,0,,,,,,,,,unavailable,no_pcs
POSI-J-024391,P5.02,16.854748603351954,179,69,69,257,73.35,PCS-Q2,502,4067,87.67,pcs_midrank,
POSI-J-024392,P5.01,7.077580539119,1521,60,60,144,58.68,PCS-Q2,1952,4067,52.02,pcs_midrank,
POSI-J-024393,P5.04,2.1731843575418996,179,44,44,50,13,PCS-Q4,3504,4067,13.86,pcs_midrank,
POSI-J-024394,P3.02,1.1387846081651807,8524,1117,1117,1326,15.8,PCS-Q4,3774,4067,7.22,pcs_midrank,
POSI-J-024395,P5.03,15.374570446735396,291,4,4,29,87.93,PCS-Q1,607,4067,85.09,pcs_midrank,
POSI-J-024396,P1.03,5.539634146341464,328,51,51,91,44.51,PCS-Q3,2454,4067,39.67,pcs_midrank,
POSI-J-024397,P1.03,6.8478260869565215,230,37,37,91,59.89,PCS-Q2,2032,4067,50.05,pcs_midrank,
POSI-J-024398,P3.02,,0,,,,,,,,,unavailable,no_pcs
POSI-J-024399,P3.02,2.2794117647058822,136,938,938,1326,29.3,PCS-Q3,3473,4067,14.62,pcs_midrank,
POSI-J-024400,P1.05,9.30579216354344,1174,166,166,350,52.71,PCS-Q2,1407,4067,65.42,pcs_midrank,
POSI-J-024401,P1.05,11.283064909712055,2049,119,119,350,66.14,PCS-Q2,1058,4067,74,pcs_midrank,
POSI-J-024402,P1.03,6.222222222222222,117,47,47,91,48.9,PCS-Q3,2224,4067,45.33,pcs_midrank,
POSI-J-024403,P3.02,4.822866344605475,621,576,576,1326,56.6,PCS-Q2,2687,4067,33.94,pcs_midrank,
POSI-J-024404,P3.02,5.955947136563877,227,440,440,1326,66.86,PCS-Q2,2311,4067,43.19,pcs_midrank,
POSI-J-024405,P3.02,4.9245283018867925,901,563,563,1326,57.58,PCS-Q2,2658,4067,34.66,pcs_midrank,
POSI-J-024406,P3.02,19.82059282371295,641,37,37,1326,97.25,PCS-Q1,342,4067,91.6,pcs_midrank,
POSI-J-024407,P2.11,16.490256864481843,2258,59,59,242,75.83,PCS-Q1,532,4067,86.93,pcs_midrank,
POSI-J-024408,P2.01,31.947994711326576,2269,3,3,67,96.27,PCS-Q1,107,4067,97.38,pcs_midrank,
POSI-J-024409,P3.02,8.68100358422939,279,213,213,1326,83.97,PCS-Q1,1533,4067,62.32,pcs_midrank,
POSI-J-024410,P2.11,3,6,,,,,,3247,4067,20.17,unavailable,psc_confidence_not_rank_eligible
POSI-J-024411,P1.05,,0,,,,,,,,,unavailable,no_pcs
POSI-J-024412,P3.02,,0,,,,,,,,,unavailable,no_pcs
POSI-J-024413,P5.01,10.548556430446194,381,27,27,144,81.6,PCS-Q1,1164,4067,71.39,pcs_midrank,
POSI-J-024414,P1.06,4.183467741935484,496,343,343,401,14.59,PCS-Q4,2879,4067,29.22,pcs_midrank,
POSI-J-024415,P1.02,20.2,115,20,20,133,85.34,PCS-Q1,327,4067,91.97,pcs_midrank,
POSI-J-024416,P3.02,,0,,,,,,,,,unavailable,no_pcs
POSI-J-024417,P3.02,14.43233082706767,266,76,76,1326,94.31,PCS-Q1,682,4067,83.24,pcs_midrank,
POSI-J-024418,P3.02,7.0036496350364965,274,333,333,1326,74.92,PCS-Q2,1979,4067,51.35,pcs_midrank,
POSI-J-024419,P3.02,6.04,175,426,426,1326,67.91,PCS-Q2,2281,4067,43.93,pcs_midrank,
POSI-J-024420,P3.02,11.214814814814815,405,130,130,1326,90.23,PCS-Q1,1065,4067,73.83,pcs_midrank,
POSI-J-024421,P3.02,12.797520661157025,242,104,104,1326,92.19,PCS-Q1,866,4067,78.72,pcs_midrank,
POSI-J-024422,P1.05,1.5833333333333333,12,,,,,,3645,4067,10.39,unavailable,psc_confidence_not_rank_eligible
POSI-J-024423,P1.02,10.694300518134716,193,66,66,133,50.75,PCS-Q2,1144,4067,71.88,pcs_midrank,
POSI-J-024424,P4.01,6.870967741935484,217,96,96,115,16.96,PCS-Q4,2025,4067,50.22,pcs_midrank,
POSI-J-024425,P2.11,24.4075699396599,1823,20,20,242,91.94,PCS-Q1,199,4067,95.12,pcs_midrank,
POSI-J-024426,P1.06,10.346177370030581,1635,146,146,401,63.72,PCS-Q2,1194,4067,70.65,pcs_midrank,
POSI-J-024427,P1.06,10.665684830633284,1358,143,143,401,64.46,PCS-Q2,1149,4067,71.76,pcs_midrank,
POSI-J-024428,P1.06,4.707641196013289,602,327,327,401,18.58,PCS-Q4,2721,4067,33.11,pcs_midrank,
POSI-J-024429,P1.06,7.864253393665158,221,207,207,401,48.5,PCS-Q3,1734,4067,57.38,pcs_midrank,
POSI-J-024430,P1.06,9.814016172506738,1484,156,156,401,61.22,PCS-Q2,1297,4067,68.12,pcs_midrank,
POSI-J-024431,P1.06,6.515439429928741,421,258,258,401,35.79,PCS-Q3,2126,4067,47.74,pcs_midrank,
POSI-J-024432,P1.06,10.340336134453782,714,147,147,401,63.47,PCS-Q2,1196,4067,70.6,pcs_midrank,
POSI-J-024433,P1.06,5.271028037383178,214,304,304,401,24.31,PCS-Q4,2540,4067,37.56,pcs_midrank,
POSI-J-024434,P1.06,18.447154471544714,738,61,61,401,84.91,PCS-Q1,415,4067,89.81,pcs_midrank,
POSI-J-024435,P1.06,7.995316159250586,854,199,199,401,50.5,PCS-Q2,1702,4067,58.16,pcs_midrank,
POSI-J-024436,P3.02,18.619607843137256,255,43,43,1326,96.79,PCS-Q1,398,4067,90.23,pcs_midrank,
POSI-J-024437,P1.06,12.179487179487179,858,120,120,401,70.2,PCS-Q2,933,4067,77.07,pcs_midrank,
POSI-J-024438,P1.05,11.62485549132948,1730,114,114,350,67.57,PCS-Q2,1004,4067,75.33,pcs_midrank,
POSI-J-024439,P4.01,9.362676056338028,852,71,71,115,38.7,PCS-Q3,1385,4067,65.96,pcs_midrank,
POSI-J-024440,P3.01,3.727064220183486,872,99,99,108,8.8,PCS-Q4,3024,4067,25.66,pcs_midrank,
POSI-J-024441,P3.01,8.178729689807977,677,54,54,108,50.46,PCS-Q2,1665,4067,59.07,pcs_midrank,
POSI-J-024442,P1.06,4.309782608695652,184,339,339,401,15.59,PCS-Q4,2836,4067,30.28,pcs_midrank,
POSI-J-024443,P2.11,13.844444444444445,1710,89,89,242,63.43,PCS-Q2,743,4067,81.74,pcs_midrank,
POSI-J-024444,P2.11,16.48302872062663,1532,60,60,242,75.41,PCS-Q1,533,4067,86.91,pcs_midrank,
POSI-J-024445,P2.05,,0,,,,,,,,,unavailable,no_pcs
POSI-J-024446,P3.02,,0,,,,,,,,,unavailable,no_pcs
POSI-J-024447,P2.11,1.5714285714285714,14,,,,,,3648,4067,10.31,unavailable,psc_confidence_not_rank_eligible
POSI-J-024448,P3.02,17.0237539766702,4715,52,52,1326,96.12,PCS-Q1,488,4067,88.01,pcs_midrank,
POSI-J-024449,P2.11,12.181208053691275,149,110,110,242,54.75,PCS-Q2,932,4067,77.1,pcs_midrank,
POSI-J-024450,P1.04,9.823140970427792,3483,30,30,91,67.58,PCS-Q2,1293,4067,68.22,pcs_midrank,
POSI-J-024451,P1.06,6.290627107215104,1483,266,266,401,33.79,PCS-Q3,2199,4067,45.94,pcs_midrank,
POSI-J-024452,P1.06,6.346,500,264,264,401,34.29,PCS-Q3,2171,4067,46.63,pcs_midrank,
POSI-J-024453,P1.06,1.2781013853904282,12704,397,397,401,1.12,PCS-Q4,3742,4067,8,pcs_midrank,
POSI-J-024454,P2.11,17.57777777777778,270,54,54,242,77.89,PCS-Q1,464,4067,88.6,pcs_midrank,
POSI-J-024455,P2.11,8.007746933505487,1549,186,186,242,23.35,PCS-Q4,1697,4067,58.29,pcs_midrank,
POSI-J-024456,P1.06,4.952312138728324,692,316,316,401,21.32,PCS-Q4,2651,4067,34.83,pcs_midrank,
POSI-J-024457,P4.01,15.913340935005701,877,28,28,115,76.09,PCS-Q1,564,4067,86.14,pcs_midrank,
POSI-J-024458,P3.02,6.016483516483516,364,432,432,1326,67.46,PCS-Q2,2290,4067,43.71,pcs_midrank,
POSI-J-024459,P3.02,4.157575757575757,165,655,655,1326,50.64,PCS-Q2,2887,4067,29.03,pcs_midrank,
POSI-J-024460,P3.02,17.152416356877325,269,51,51,1326,96.19,PCS-Q1,484,4067,88.11,pcs_midrank,
POSI-J-024461,P5.01,15.810231023102311,606,9,9,144,94.1,PCS-Q1,567,4067,86.07,pcs_midrank,
POSI-J-024462,P3.02,10.052287581699346,1071,163,163,1326,87.75,PCS-Q1,1251,4067,69.25,pcs_midrank,
POSI-J-024463,P3.02,1.3124497991967872,1245,1082,1082,1326,18.44,PCS-Q4,3727,4067,8.37,pcs_midrank,
POSI-J-024464,P3.01,1.375,8,,,,,,3710,4067,8.79,unavailable,psc_confidence_not_rank_eligible
POSI-J-024465,P3.01,13.4474216380182,1978,17,17,108,84.72,PCS-Q1,777,4067,80.91,pcs_midrank,
POSI-J-024466,P3.01,3.9903846153846154,312,98,98,108,9.72,PCS-Q4,2938,4067,27.77,pcs_midrank,
POSI-J-024467,P3.02,3.0875912408759123,548,809,809,1326,39.03,PCS-Q3,3216,4067,20.94,pcs_midrank,
POSI-J-024468,P3.02,0.29464285714285715,112,1235,1235,1326,6.9,PCS-Q4,3939,4067,3.16,pcs_midrank,
POSI-J-024469,P3.01,,0,,,,,,,,,unavailable,no_pcs
POSI-J-024470,P3.01,5.493670886075949,316,86,86,108,20.83,PCS-Q4,2467,4067,39.35,pcs_midrank,
POSI-J-024471,P3.01,0.9,20,,,,,,3819,4067,6.11,unavailable,psc_confidence_not_rank_eligible
POSI-J-024472,P3.02,8.830508474576272,59,207,207,1326,84.43,PCS-Q1,1503,4067,63.06,pcs_midrank,
POSI-J-024473,P5.01,,0,,,,,,,,,unavailable,no_pcs
POSI-J-024474,P3.01,4.45434439178515,3165,94,94,108,13.43,PCS-Q4,2780,4067,31.66,pcs_midrank,
POSI-J-024475,P3.02,5,703,555,555,1326,58.18,PCS-Q2,2634,4067,35.23,pcs_midrank,
POSI-J-024476,P3.02,2.319037656903766,956,930,930,1326,29.9,PCS-Q3,3460,4067,14.94,pcs_midrank,
POSI-J-024477,P5.02,12.93048128342246,374,93,93,257,64.01,PCS-Q2,849,4067,79.14,pcs_midrank,
POSI-J-024478,P3.02,1.5399449035812671,2178,1043,1043,1326,21.38,PCS-Q4,3659,4067,10.04,pcs_midrank,
POSI-J-024479,P1.05,20.67092792594225,4537,32,32,350,91,PCS-Q1,308,4067,92.44,pcs_midrank,
POSI-J-024480,P3.03,0.23615819209039549,885,61,61,71,14.79,PCS-Q4,3955,4067,2.77,pcs_midrank,
POSI-J-024481,P3.02,1.3667017913593256,949,1071,1071,1326,19.27,PCS-Q4,3712,4067,8.74,pcs_midrank,
POSI-J-024482,P1.01,2.3904109589041096,438,27,27,44,39.77,PCS-Q3,3443,4067,15.36,pcs_midrank,
POSI-J-024483,P3.02,5.577689243027889,1255,480,480,1326,63.84,PCS-Q2,2440,4067,40.02,pcs_midrank,
POSI-J-024484,P3.02,0.5411255411255411,231,1199,1199,1326,9.62,PCS-Q4,3885,4067,4.49,pcs_midrank,
POSI-J-024485,P2.03,4.774818401937046,413,66,66,75,12.67,PCS-Q4,2700,4067,33.62,pcs_midrank,
POSI-J-024486,P3.02,2.147169811320755,2915,959,959,1326,27.71,PCS-Q3,3509,4067,13.73,pcs_midrank,
POSI-J-024487,P3.02,1.8421461897356144,1286,1001,1001,1326,24.55,PCS-Q4,3578,4067,12.04,pcs_midrank,
POSI-J-024488,P3.02,2.7305585980284777,913,868,868,1326,34.58,PCS-Q3,3338,4067,17.94,pcs_midrank,
POSI-J-024489,P1.06,,0,,,,,,,,,unavailable,no_pcs
POSI-J-024490,P1.06,75.89935483870968,775,2,2,401,99.63,PCS-Q1,8,4067,99.82,pcs_midrank,
POSI-J-024491,P3.02,6.600269179004037,743,362,362,1326,72.74,PCS-Q2,2094,4067,48.52,pcs_midrank,
POSI-J-024492,P3.02,3.025485436893204,824,820,820,1326,38.2,PCS-Q3,3238,4067,20.4,pcs_midrank,
POSI-J-024493,P3.02,,0,,,,,,,,,unavailable,no_pcs
POSI-J-024494,P3.02,3.444015444015444,518,750,750,1326,43.48,PCS-Q3,3100,4067,23.79,pcs_midrank,
POSI-J-024495,P3.02,23.52400835073069,479,28,28,1326,97.93,PCS-Q1,221,4067,94.58,pcs_midrank,
POSI-J-024496,P2.11,2.25,8,,,,,,3483,4067,14.37,unavailable,psc_confidence_not_rank_eligible
POSI-J-024497,P3.02,2.3202416918429005,331,929,929,1326,29.98,PCS-Q3,3459,4067,14.96,pcs_midrank,
POSI-J-024498,P3.02,2.232638888888889,288,945,945,1326,28.77,PCS-Q3,3487,4067,14.27,pcs_midrank,
POSI-J-024499,P3.02,5.679347826086956,184,466,466,1326,64.89,PCS-Q2,2400,4067,41,pcs_midrank,
POSI-J-024500,P3.02,4.1,270,663,663,1326,50.04,PCS-Q2,2900,4067,28.71,pcs_midrank,
POSI-J-024501,P3.02,2.3964824120603017,1990,922,922,1326,30.51,PCS-Q3,3441,4067,15.4,pcs_midrank,
POSI-J-024502,P3.02,0.06451612903225806,124,1291,1291,1326,2.68,PCS-Q4,4021,4067,1.14,pcs_midrank,
POSI-J-024503,P3.02,0.8153526970954357,482,1160,1160,1326,12.56,PCS-Q4,3833,4067,5.77,pcs_midrank,
POSI-J-024504,P2.01,8.40650406504065,861,43,43,67,36.57,PCS-Q3,1603,4067,60.6,pcs_midrank,
POSI-J-024505,P2.05,13.318960751796572,1809,61,61,145,58.28,PCS-Q2,790,4067,80.59,pcs_midrank,
POSI-J-024506,P1.05,15.636416184971099,3460,69,69,350,80.43,PCS-Q1,579,4067,85.78,pcs_midrank,
POSI-J-024507,P1.06,10.321100917431192,109,150,150,401,62.72,PCS-Q2,1202,4067,70.46,pcs_midrank,
POSI-J-024508,P1.06,7.955145118733509,379,202,202,401,49.75,PCS-Q3,1712,4067,57.92,pcs_midrank,
POSI-J-024509,P1.06,18.710730948678073,643,60,60,401,85.16,PCS-Q1,393,4067,90.35,pcs_midrank,
POSI-J-024510,P1.06,0,1,,,,,,,,,unavailable,too_few_items
POSI-J-024511,,,0,,,,,,,,,unavailable,no_pcs
POSI-J-024512,P1.06,37.17894736842105,855,12,12,401,97.13,PCS-Q1,68,4067,98.34,pcs_midrank,
POSI-J-024513,P1.06,66.5130890052356,764,3,3,401,99.38,PCS-Q1,11,4067,99.74,pcs_midrank,
POSI-J-024514,P1.06,41.74923076923077,650,9,9,401,97.88,PCS-Q1,37,4067,99.1,pcs_midrank,
POSI-J-024515,P1.06,19.0962441314554,426,57,57,401,85.91,PCS-Q1,375,4067,90.79,pcs_midrank,
POSI-J-024516,P1.06,4.463414634146342,205,330,330,401,17.83,PCS-Q4,2777,4067,31.73,pcs_midrank,
POSI-J-024517,P1.06,8.940377804014167,1694,180,180,401,55.24,PCS-Q2,1478,4067,63.67,pcs_midrank,
POSI-J-024518,P2.01,35.76985507246377,1725,2,2,67,97.76,PCS-Q1,77,4067,98.12,pcs_midrank,
POSI-J-024519,P2.01,37.01784037558686,1065,1,1,67,99.25,PCS-Q1,69,4067,98.32,pcs_midrank,
POSI-J-024520,P1.03,12.524962462462462,5328,16,16,91,82.97,PCS-Q1,899,4067,77.91,pcs_midrank,
POSI-J-024521,P1.01,6.407407407407407,54,7,7,44,85.23,PCS-Q1,2146,4067,47.25,pcs_midrank,
POSI-J-024522,P1.04,34.3236301369863,1168,4,4,91,96.15,PCS-Q1,84,4067,97.95,pcs_midrank,
POSI-J-024523,P1.04,13.255460588793921,1053,20,20,91,78.57,PCS-Q1,801,4067,80.32,pcs_midrank,
POSI-J-024524,P1.05,,0,,,,,,,,,unavailable,no_pcs
POSI-J-024525,P1.04,7.28361858190709,409,48,48,91,47.8,PCS-Q3,1887,4067,53.61,pcs_midrank,
POSI-J-024526,P2.11,9.804627249357326,1556,149,149,242,38.64,PCS-Q3,1298,4067,68.1,pcs_midrank,
POSI-J-024527,P2.11,10.663852647735993,2606,134,134,242,44.83,PCS-Q3,1150,4067,71.74,pcs_midrank,
POSI-J-024528,P1.05,8.38200339558574,1767,189,189,350,46.14,PCS-Q3,1612,4067,60.38,pcs_midrank,
POSI-J-024529,P1.03,5.32093023255814,1290,54,54,91,41.21,PCS-Q3,2526,4067,37.9,pcs_midrank,
POSI-J-024530,P1.06,13.194530764449969,1609,105,105,401,73.94,PCS-Q2,810,4067,80.1,pcs_midrank,
POSI-J-024531,P1.06,5.838541666666667,192,283,283,401,29.55,PCS-Q3,2354,4067,42.13,pcs_midrank,
POSI-J-024532,P1.04,9.898817345597898,761,29,29,91,68.68,PCS-Q2,1280,4067,68.54,pcs_midrank,
POSI-J-024533,P2.02,13.292207792207792,154,32,32,93,66.13,PCS-Q2,793,4067,80.51,pcs_midrank,
POSI-J-024534,P3.02,1.553339571879752,17098,1041,1041,1326,21.53,PCS-Q4,3654,4067,10.17,pcs_midrank,
POSI-J-024535,P5.01,4.019230769230769,312,113,113,144,21.88,PCS-Q4,2930,4067,27.97,pcs_midrank,
POSI-J-024536,P5.02,12.919444444444444,720,94,94,257,63.62,PCS-Q2,850,4067,79.11,pcs_midrank,
POSI-J-024537,,,0,,,,,,,,,unavailable,no_pcs
POSI-J-024538,P2.03,0.4,10,75,75,75,0.67,PCS-Q4,3910,4067,3.86,pcs_midrank,
POSI-J-024539,P1.03,0.9085714285714286,175,88,88,91,3.85,PCS-Q4,3817,4067,6.16,pcs_midrank,
POSI-J-024540,P1.04,18.14580498866213,4410,9,9,91,90.66,PCS-Q1,431,4067,89.41,pcs_midrank,
POSI-J-024541,P2.03,15.62825484764543,1805,17,17,75,78,PCS-Q1,581,4067,85.73,pcs_midrank,
POSI-J-024542,P1.04,5.649484536082475,388,67,67,91,26.92,PCS-Q3,2412,4067,40.71,pcs_midrank,
POSI-J-024543,P2.05,37.98530852105779,1021,3,3,145,98.28,PCS-Q1,62,4067,98.49,pcs_midrank,
POSI-J-024544,P2.11,9.556666666666667,1500,155,155,242,36.16,PCS-Q3,1344,4067,66.97,pcs_midrank,
POSI-J-024545,P2.03,11.083333333333334,72,34,34,75,55.33,PCS-Q2,1082,4067,73.41,pcs_midrank,
POSI-J-024546,P1.06,4.4391408114558475,419,331,331,401,17.58,PCS-Q4,2787,4067,31.49,pcs_midrank,
POSI-J-024547,P1.03,10.743283582089552,1675,22,22,91,76.37,PCS-Q1,1134,4067,72.13,pcs_midrank,
POSI-J-024548,P1.05,8.654970760233919,171,180,180,350,48.71,PCS-Q3,1536,4067,62.24,pcs_midrank,
POSI-J-024549,P1.04,7.084507042253521,426,52,52,91,43.41,PCS-Q3,1948,4067,52.11,pcs_midrank,
POSI-J-024550,P3.02,11.847619047619048,105,117,117,1326,91.21,PCS-Q1,971,4067,76.14,pcs_midrank,
POSI-J-024551,P3.02,2.383116883116883,154,925,925,1326,30.28,PCS-Q3,3446,4067,15.28,pcs_midrank,
POSI-J-024552,P2.11,12.081967213114755,549,113,113,242,53.51,PCS-Q2,944,4067,76.8,pcs_midrank,
POSI-J-024553,P2.03,14.952978056426332,638,22,22,75,71.33,PCS-Q2,637,4067,84.35,pcs_midrank,
POSI-J-024554,P3.02,0.25717633274751023,3414,1243,1243,1326,6.3,PCS-Q4,3949,4067,2.91,pcs_midrank,
POSI-J-024555,P3.02,0.6359039190897599,791,1190,1190,1326,10.29,PCS-Q4,3870,4067,4.86,pcs_midrank,
POSI-J-024556,P2.11,,0,,,,,,,,,unavailable,no_pcs
POSI-J-024557,P5.09,5.280575539568345,139,19,19,32,42.19,PCS-Q3,2538,4067,37.61,pcs_midrank,
POSI-J-024558,,,0,,,,,,,,,unavailable,no_pcs
POSI-J-024559,P5.02,,0,,,,,,,,,unavailable,no_pcs
POSI-J-024560,P1.05,,0,,,,,,,,,unavailable,no_pcs
POSI-J-024561,P3.02,1.6264367816091954,174,1028,1028,1326,22.51,PCS-Q4,3633,4067,10.68,pcs_midrank,
POSI-J-024562,P3.02,0.49710982658959535,173,1206,1206,1326,9.09,PCS-Q4,3894,4067,4.27,pcs_midrank,
POSI-J-024563,P3.02,0.3,200,1234,1234,1326,6.98,PCS-Q4,3936,4067,3.23,pcs_midrank,
POSI-J-024564,P3.02,5.33843537414966,588,512,512,1326,61.43,PCS-Q2,2518,4067,38.1,pcs_midrank,
POSI-J-024565,P3.02,4.323149236192714,851,633,633,1326,52.3,PCS-Q2,2832,4067,30.38,pcs_midrank,
POSI-J-024566,P3.02,6.250602409638554,830,404,404,1326,69.57,PCS-Q2,2211,4067,45.65,pcs_midrank,
POSI-J-024567,P3.02,4.6273764258555135,263,593,593,1326,55.32,PCS-Q2,2741,4067,32.62,pcs_midrank,
POSI-J-024568,P3.02,,0,,,,,,,,,unavailable,no_pcs
POSI-J-024569,P3.02,16.906034831915754,2469,53,53,1326,96.04,PCS-Q1,496,4067,87.82,pcs_midrank,
POSI-J-024570,P3.02,5.580261593341261,841,479,479,1326,63.91,PCS-Q2,2438,4067,40.07,pcs_midrank,
POSI-J-024571,P3.02,4.536480686695279,932,604,604,1326,54.49,PCS-Q2,2761,4067,32.12,pcs_midrank,
POSI-J-024572,P1.06,6.654665686994857,1361,249,249,401,38.03,PCS-Q3,2075,4067,48.99,pcs_midrank,
POSI-J-024573,P3.02,7.174418604651163,688,314,314,1326,76.36,PCS-Q1,1924,4067,52.7,pcs_midrank,
POSI-J-024574,P3.02,0.656236512731981,9268,1187,1187,1326,10.52,PCS-Q4,3867,4067,4.93,pcs_midrank,
POSI-J-024575,P3.02,15.593667546174142,1516,66,66,1326,95.06,PCS-Q1,584,4067,85.65,pcs_midrank,
POSI-J-024576,P3.02,1.7674418604651163,129,1012,1012,1326,23.72,PCS-Q4,3603,4067,11.42,pcs_midrank,
POSI-J-024577,P3.02,4.3713498622589535,1815,627,627,1326,52.75,PCS-Q2,2812,4067,30.87,pcs_midrank,
POSI-J-024578,P3.02,2.0141052976873874,6097,979,979,1326,26.21,PCS-Q3,3537,4067,13.04,pcs_midrank,
POSI-J-024579,P3.02,3.820804195804196,1144,700,700,1326,47.25,PCS-Q3,2986,4067,26.59,pcs_midrank,
POSI-J-024580,P5.01,29.716814159292035,339,1,1,144,99.65,PCS-Q1,131,4067,96.79,pcs_midrank,
POSI-J-024581,P3.02,6.582474226804123,582,363,363,1326,72.66,PCS-Q2,2102,4067,48.33,pcs_midrank,
POSI-J-024582,P1.06,8.4,10,,,,,,1605,4067,60.54,unavailable,psc_confidence_not_rank_eligible
POSI-J-024584,P3.02,,0,,,,,,,,,unavailable,no_pcs
POSI-J-024585,P3.02,6.945714285714286,350,336,336,1326,74.7,PCS-Q2,1999,4067,50.86,pcs_midrank,
POSI-J-024586,P3.02,5.394366197183099,568,502,502,1326,62.18,PCS-Q2,2500,4067,38.54,pcs_midrank,
POSI-J-024587,P3.02,,0,,,,,,,,,unavailable,no_pcs
POSI-J-024588,P3.02,6.570934256055363,289,365,365,1326,72.51,PCS-Q2,2106,4067,48.23,pcs_midrank,
POSI-J-024589,P3.02,,0,,,,,,,,,unavailable,no_pcs
POSI-J-024590,P3.02,4.695652173913044,46,588,588,1326,55.69,PCS-Q2,2725,4067,33.01,pcs_midrank,
POSI-J-024591,P3.02,2.6888111888111887,286,880,880,1326,33.67,PCS-Q3,3352,4067,17.59,pcs_midrank,
POSI-J-024592,P3.02,7.262820512820513,312,305,305,1326,77.04,PCS-Q1,1894,4067,53.44,pcs_midrank,
POSI-J-024593,P3.02,,0,,,,,,,,,unavailable,no_pcs
POSI-J-024594,P3.02,5.160458452722063,349,537,537,1326,59.54,PCS-Q2,2573,4067,36.75,pcs_midrank,
POSI-J-024595,P3.02,,0,,,,,,,,,unavailable,no_pcs
POSI-J-024596,P3.02,3.927392739273927,303,686,686,1326,48.3,PCS-Q3,2958,4067,27.28,pcs_midrank,
POSI-J-024597,P3.02,1.8157099697885197,331,1007,1007,1326,24.1,PCS-Q4,3592,4067,11.69,pcs_midrank,
POSI-J-024598,P3.02,4.717003567181926,841,584,584,1326,56,PCS-Q2,2717,4067,33.21,pcs_midrank,
POSI-J-024599,P3.02,,0,,,,,,,,,unavailable,no_pcs
POSI-J-024600,P3.02,3.390909090909091,330,755,755,1326,43.1,PCS-Q3,3116,4067,23.4,pcs_midrank,
POSI-J-024601,,,0,,,,,,,,,unavailable,no_pcs
POSI-J-024602,P1.05,12.160804020100503,597,106,106,350,69.86,PCS-Q2,937,4067,76.97,pcs_midrank,
POSI-J-024603,P5.01,8.488461538461538,260,42,42,144,71.18,PCS-Q2,1574,4067,61.31,pcs_midrank,
POSI-J-024604,P5.01,5.141439205955335,403,92,92,144,36.46,PCS-Q3,2577,4067,36.65,pcs_midrank,
POSI-J-024605,P5.01,6.533333333333333,135,70,70,144,51.74,PCS-Q2,2122,4067,47.84,pcs_midrank,
POSI-J-024606,P1.02,7.466049382716049,324,97,97,133,27.44,PCS-Q3,1834,4067,54.92,pcs_midrank,
POSI-J-024607,P1.05,10.898412698412699,945,127,127,350,63.86,PCS-Q2,1109,4067,72.74,pcs_midrank,
POSI-J-024608,P3.03,6.066666666666666,345,22,22,71,69.72,PCS-Q2,2275,4067,44.07,pcs_midrank,
POSI-J-024609,P2.05,14.457943925233645,2568,51,51,145,65.17,PCS-Q2,678,4067,83.34,pcs_midrank,
POSI-J-024610,P1.05,2.376470588235294,85,342,342,350,2.43,PCS-Q4,3448,4067,15.23,pcs_midrank,
POSI-J-024611,P2.11,15.739038785834738,2372,64,64,242,73.76,PCS-Q2,571,4067,85.97,pcs_midrank,
POSI-J-024612,P1.03,8.91023489932886,2384,26,26,91,71.98,PCS-Q2,1486,4067,63.47,pcs_midrank,
POSI-J-024613,P1.05,5.377551020408164,588,282,282,350,19.57,PCS-Q4,2505,4067,38.42,pcs_midrank,
POSI-J-024614,P1.06,5.7164179104477615,335,285,285,401,29.05,PCS-Q3,2386,4067,41.34,pcs_midrank,
POSI-J-024615,P1.05,8.481569560047562,841,184,184,350,47.57,PCS-Q3,1578,4067,61.21,pcs_midrank,
POSI-J-024616,P1.06,2.792207792207792,616,375,375,401,6.61,PCS-Q4,3316,4067,18.48,pcs_midrank,
POSI-J-024617,P1.06,5.101694915254237,413,309,309,401,23.07,PCS-Q4,2595,4067,36.21,pcs_midrank,
POSI-J-024618,P3.02,8.646778042959427,419,214,214,1326,83.9,PCS-Q1,1538,4067,62.2,pcs_midrank,
POSI-J-024619,P2.11,19.5355022559962,4211,40,40,242,83.68,PCS-Q1,357,4067,91.23,pcs_midrank,
POSI-J-024620,P2.05,15.584474885844749,1533,42,42,145,71.38,PCS-Q2,587,4067,85.58,pcs_midrank,
POSI-J-024621,P2.05,20.812810103743796,2217,18,18,145,87.93,PCS-Q1,303,4067,92.56,pcs_midrank,
POSI-J-024622,P2.11,33.34766291368134,2931,6,6,242,97.73,PCS-Q1,93,4067,97.73,pcs_midrank,
POSI-J-024623,,24.772489539748953,1912,,,,,,187,4067,95.41,unavailable,no_psc_category
POSI-J-024624,P1.06,7.59688995215311,836,215,215,401,46.51,PCS-Q3,1793,4067,55.93,pcs_midrank,
POSI-J-024625,P2.05,7.728464419475656,534,108,108,145,25.86,PCS-Q3,1763,4067,56.66,pcs_midrank,
POSI-J-024626,P1.02,1.5369458128078817,203,132,132,133,1.13,PCS-Q4,3660,4067,10.02,pcs_midrank,
POSI-J-024627,P2.05,9.027559055118111,2794,98,98,145,32.76,PCS-Q3,1460,4067,64.11,pcs_midrank,
POSI-J-024628,P2.11,6.665722379603399,706,201,201,242,17.15,PCS-Q4,2072,4067,49.07,pcs_midrank,
POSI-J-024629,P1.01,4.704545454545454,616,14,14,44,69.32,PCS-Q2,2722,4067,33.08,pcs_midrank,
POSI-J-024630,P1.06,3.371794871794872,78,362,362,401,9.85,PCS-Q4,3120,4067,23.28,pcs_midrank,
POSI-J-024631,P1.04,6.502900232018561,1724,58,58,91,36.81,PCS-Q3,2128,4067,47.69,pcs_midrank,
POSI-J-024632,P1.02,8.531578947368422,190,88,88,133,34.21,PCS-Q3,1564,4067,61.56,pcs_midrank,
POSI-J-024633,P2.11,8.44874715261959,439,178,178,242,26.65,PCS-Q3,1588,4067,60.97,pcs_midrank,
POSI-J-024634,P2.11,3.9919028340080973,247,229,229,242,5.58,PCS-Q4,2937,4067,27.8,pcs_midrank,
POSI-J-024635,P1.02,14.1518708730741,1363,43,43,133,68.05,PCS-Q2,713,4067,82.48,pcs_midrank,
POSI-J-024636,P5.06,9.358862144420131,457,,,14,,,1387,4067,65.91,unavailable,category_below_min_size
POSI-J-024637,P2.11,20.507477567298107,3009,37,37,242,84.92,PCS-Q1,312,4067,92.34,pcs_midrank,
POSI-J-024638,P3.02,16.141784037558686,2130,61,61,1326,95.44,PCS-Q1,551,4067,86.46,pcs_midrank,
POSI-J-024639,P1.02,12.722793487574979,2334,51,51,133,62.03,PCS-Q2,877,4067,78.45,pcs_midrank,
POSI-J-024640,P1.03,18.415557112824107,1427,7,7,91,92.86,PCS-Q1,420,4067,89.69,pcs_midrank,
POSI-J-024641,P1.02,36.9581589958159,239,6,6,133,95.86,PCS-Q1,71,4067,98.27,pcs_midrank,
POSI-J-024642,P1.02,11.657534246575343,365,58,58,133,56.77,PCS-Q2,995,4067,75.55,pcs_midrank,
POSI-J-024643,P1.02,14.676470588235293,340,41,41,133,69.55,PCS-Q2,659,4067,83.81,pcs_midrank,
POSI-J-024644,P1.02,9.538369304556355,834,76,76,133,43.23,PCS-Q3,1350,4067,66.82,pcs_midrank,
POSI-J-024645,P2.01,15.605236656596173,993,18,18,67,73.88,PCS-Q2,583,4067,85.68,pcs_midrank,
POSI-J-024646,P3.02,13.292592592592593,540,93,93,1326,93.02,PCS-Q1,792,4067,80.54,pcs_midrank,
POSI-J-024647,P3.02,17.812189054726367,5628,48,48,1326,96.42,PCS-Q1,451,4067,88.92,pcs_midrank,
POSI-J-024648,P2.11,12.072778166550036,1429,114,114,242,53.1,PCS-Q2,947,4067,76.73,pcs_midrank,
POSI-J-024649,P5.04,6.940119760479042,167,18,18,50,65,PCS-Q2,2000,4067,50.84,pcs_midrank,
POSI-J-024650,P1.02,14.901119402985074,2680,38,38,133,71.8,PCS-Q2,640,4067,84.28,pcs_midrank,
POSI-J-024651,P4.01,23.49652027837773,4167,9,9,115,92.61,PCS-Q1,223,4067,94.53,pcs_midrank,
POSI-J-024652,P2.01,23.66987951807229,415,5,5,67,93.28,PCS-Q1,218,4067,94.65,pcs_midrank,
POSI-J-024653,P2.11,7.2757973733583485,1066,193,193,242,20.45,PCS-Q4,1889,4067,53.57,pcs_midrank,
POSI-J-024654,P1.05,12.237609329446064,686,102,102,350,71,PCS-Q2,926,4067,77.24,pcs_midrank,
POSI-J-024655,P2.01,16.59992556754745,2687,15,15,67,78.36,PCS-Q1,525,4067,87.1,pcs_midrank,
POSI-J-024656,P1.02,6.859026369168357,986,104,104,133,22.18,PCS-Q4,2029,4067,50.12,pcs_midrank,
POSI-J-024657,P2.11,18.43186003683241,3258,46,46,242,81.2,PCS-Q1,418,4067,89.73,pcs_midrank,
POSI-J-024658,P2.11,28.682274247491637,598,11,11,242,95.66,PCS-Q1,135,4067,96.69,pcs_midrank,
POSI-J-024659,P1.01,6.024622271964186,1787,8,8,44,82.95,PCS-Q1,2288,4067,43.75,pcs_midrank,
POSI-J-024660,P2.11,12.804381846635367,1278,101,101,242,58.47,PCS-Q2,865,4067,78.74,pcs_midrank,
POSI-J-024661,P1.02,19.998873873873872,1776,21,21,133,84.59,PCS-Q1,335,4067,91.78,pcs_midrank,
POSI-J-024662,P2.11,10.547105561861521,881,136,136,242,44.01,PCS-Q3,1165,4067,71.37,pcs_midrank,
POSI-J-024663,P3.01,6.201773835920178,451,78,78,108,28.24,PCS-Q3,2230,4067,45.18,pcs_midrank,
POSI-J-024664,P2.01,,0,,,,,,,,,unavailable,no_pcs
POSI-J-024665,P3.02,6.382823871906841,687,384,384,1326,71.08,PCS-Q2,2155,4067,47.02,pcs_midrank,
POSI-J-024666,P3.02,5.279824561403509,1140,518,518,1326,60.97,PCS-Q2,2539,4067,37.58,pcs_midrank,
POSI-J-024667,P5.01,11.196013289036545,301,24,24,144,83.68,PCS-Q1,1068,4067,73.75,pcs_midrank,
POSI-J-024668,P1.05,5.4324324324324325,555,279,279,350,20.43,PCS-Q4,2486,4067,38.89,pcs_midrank,
POSI-J-024669,P3.02,3.188562596599691,1294,792,792,1326,40.31,PCS-Q3,3178,4067,21.87,pcs_midrank,
POSI-J-024670,P3.02,5.717391304347826,46,464,464,1326,65.05,PCS-Q2,2385,4067,41.37,pcs_midrank,
POSI-J-024671,P2.11,12.38281901584654,1199,107,107,242,55.99,PCS-Q2,912,4067,77.59,pcs_midrank,
POSI-J-024672,P1.04,1.8235294117647058,17,,,,,,3589,4067,11.75,unavailable,psc_confidence_not_rank_eligible
POSI-J-024673,P1.04,55.899221255153456,2183,2,2,91,98.35,PCS-Q1,15,4067,99.64,pcs_midrank,
POSI-J-024674,P2.05,23.415119363395224,3016,14,14,145,90.69,PCS-Q1,228,4067,94.41,pcs_midrank,
POSI-J-024675,P3.01,8.246520874751491,1006,52,52,108,52.31,PCS-Q2,1648,4067,59.49,pcs_midrank,
POSI-J-024676,P1.05,4.412735849056604,848,304,304,350,13.29,PCS-Q4,2799,4067,31.19,pcs_midrank,
POSI-J-024677,P3.02,5.501672240802676,299,486,486,1326,63.39,PCS-Q2,2465,4067,39.4,pcs_midrank,
POSI-J-024678,P3.02,2.4146341463414633,287,919,919,1326,30.73,PCS-Q3,3436,4067,15.53,pcs_midrank,
POSI-J-024679,P3.02,1.5123152709359606,203,1044,1044,1326,21.3,PCS-Q4,3666,4067,9.87,pcs_midrank,
POSI-J-024680,P5.02,13.847826086956522,276,86,86,257,66.73,PCS-Q2,742,4067,81.77,pcs_midrank,
POSI-J-024681,P3.02,14.008498583569406,1059,80,80,1326,94,PCS-Q1,725,4067,82.19,pcs_midrank,
POSI-J-024682,P4.01,16.394422310756973,753,26,26,115,77.83,PCS-Q1,539,4067,86.76,pcs_midrank,
POSI-J-024683,P4.01,6.894947874899759,1247,95,95,115,17.83,PCS-Q4,2018,4067,50.39,pcs_midrank,
POSI-J-024684,P3.02,1.86381631037213,1263,998,998,1326,24.77,PCS-Q4,3572,4067,12.18,pcs_midrank,
POSI-J-024685,P2.03,5.049382716049383,648,64,64,75,15.33,PCS-Q4,2616,4067,35.69,pcs_midrank,
POSI-J-024686,P3.02,0.5555555555555556,18,,,,,,3881,4067,4.57,unavailable,psc_confidence_not_rank_eligible
POSI-J-024687,P2.05,7.088377723970944,826,115,115,145,21.03,PCS-Q4,1946,4067,52.16,pcs_midrank,
POSI-J-024688,P1.06,9.037878787878787,132,178,178,401,55.74,PCS-Q2,1459,4067,64.14,pcs_midrank,
POSI-J-024689,P3.01,9.754854368932039,412,38,38,108,65.28,PCS-Q2,1310,4067,67.8,pcs_midrank,
POSI-J-024690,P2.11,8.455938697318008,261,177,177,242,27.07,PCS-Q3,1583,4067,61.09,pcs_midrank,
POSI-J-024691,P1.06,23.82225656877898,647,31,31,401,92.39,PCS-Q1,212,4067,94.8,pcs_midrank,
POSI-J-024692,P1.06,13.098214285714286,448,106,106,401,73.69,PCS-Q2,825,4067,79.73,pcs_midrank,
POSI-J-024693,P1.06,19.132992327365727,391,56,56,401,86.16,PCS-Q1,373,4067,90.84,pcs_midrank,
POSI-J-024694,P2.11,20.373655913978496,372,38,38,242,84.5,PCS-Q1,317,4067,92.22,pcs_midrank,
POSI-J-024695,P2.05,18.249097472924188,277,30,30,145,79.66,PCS-Q1,427,4067,89.51,pcs_midrank,
POSI-J-024696,P2.02,12.177606177606178,777,36,36,93,61.83,PCS-Q2,935,4067,77.02,pcs_midrank,
POSI-J-024697,P3.02,4.8121212121212125,165,579,579,1326,56.37,PCS-Q2,2692,4067,33.82,pcs_midrank,
POSI-J-024698,P1.05,11.893258426966293,356,110,110,350,68.71,PCS-Q2,963,4067,76.33,pcs_midrank,
POSI-J-024699,P1.05,19.05351170568562,299,45,45,350,87.29,PCS-Q1,377,4067,90.74,pcs_midrank,
POSI-J-024700,P4.01,19.969957081545065,466,15,15,115,87.39,PCS-Q1,337,4067,91.73,pcs_midrank,
POSI-J-024701,P1.06,11.335858585858587,396,135,135,401,66.46,PCS-Q2,1049,4067,74.22,pcs_midrank,
POSI-J-024702,P2.11,17.465811965811966,468,56,56,242,77.07,PCS-Q1,470,4067,88.46,pcs_midrank,
POSI-J-024703,P1.06,14.648717948717948,390,84,84,401,79.18,PCS-Q1,662,4067,83.73,pcs_midrank,
POSI-J-024704,P1.06,11.463302752293577,436,131,131,401,67.46,PCS-Q2,1033,4067,74.61,pcs_midrank,
POSI-J-024705,P1.06,21.81967213114754,427,39,39,401,90.4,PCS-Q1,269,4067,93.4,pcs_midrank,
POSI-J-024706,P3.01,16.755102040816325,490,9,9,108,92.13,PCS-Q1,509,4067,87.5,pcs_midrank,
POSI-J-024707,P3.02,13.453874538745387,271,88,88,1326,93.4,PCS-Q1,776,4067,80.93,pcs_midrank,
POSI-J-024708,P3.01,4.439790575916231,191,95,95,108,12.5,PCS-Q4,2786,4067,31.51,pcs_midrank,
POSI-J-024709,P4.01,20.4238683127572,486,13,13,115,89.13,PCS-Q1,313,4067,92.32,pcs_midrank,
POSI-J-024710,P5.01,23.72034956304619,801,2,2,144,98.96,PCS-Q1,216,4067,94.7,pcs_midrank,
POSI-J-024711,P2.05,33.62937062937063,143,5,5,145,96.9,PCS-Q1,91,4067,97.77,pcs_midrank,
POSI-J-024712,P1.06,20.544338335607094,733,48,48,401,88.15,PCS-Q1,311,4067,92.37,pcs_midrank,
POSI-J-024713,P1.06,5.875,112,279,279,401,30.55,PCS-Q3,2343,4067,42.4,pcs_midrank,
POSI-J-024714,P1.05,9.121951219512194,123,169,169,350,51.86,PCS-Q2,1441,4067,64.58,pcs_midrank,
POSI-J-024715,P3.02,16.668508287292816,181,56,56,1326,95.81,PCS-Q1,517,4067,87.3,pcs_midrank,
POSI-J-024716,P1.04,5.027397260273973,292,71,71,91,22.53,PCS-Q4,2627,4067,35.42,pcs_midrank,
POSI-J-024717,P3.02,4.96,275,560,560,1326,57.81,PCS-Q2,2647,4067,34.92,pcs_midrank,
POSI-J-024718,P3.02,7.965248962655601,1928,259,259,1326,80.51,PCS-Q1,1709,4067,57.99,pcs_midrank,
POSI-J-024719,P3.02,3.9069767441860463,516,689,689,1326,48.08,PCS-Q3,2961,4067,27.21,pcs_midrank,
POSI-J-024720,P5.02,2.4565916398713825,311,241,241,257,6.42,PCS-Q4,3424,4067,15.82,pcs_midrank,
POSI-J-024721,P3.02,4.315068493150685,146,635,635,1326,52.15,PCS-Q2,2834,4067,30.33,pcs_midrank,
POSI-J-024722,P1.06,16.3125,32,,,,,,543,4067,86.66,unavailable,psc_confidence_not_rank_eligible
POSI-J-024723,P1.06,18.056603773584907,53,62,62,401,84.66,PCS-Q1,438,4067,89.24,pcs_midrank,
POSI-J-024724,P3.02,3.175355450236967,211,793,793,1326,40.23,PCS-Q3,3185,4067,21.7,pcs_midrank,
POSI-J-024725,P3.02,3.3219178082191783,730,766,766,1326,42.27,PCS-Q3,3141,4067,22.78,pcs_midrank,
POSI-J-024726,P2.02,3.4545454545454546,11,91,91,93,2.69,PCS-Q4,3097,4067,23.86,pcs_midrank,
POSI-J-024727,P1.06,28.406374501992033,251,23,23,401,94.39,PCS-Q1,139,4067,96.59,pcs_midrank,
POSI-J-024728,P1.06,7.333333333333333,6,229,229,401,43.02,PCS-Q3,1872,4067,53.98,pcs_midrank,
POSI-J-024729,P3.02,2.1365623948873194,2973,963,963,1326,27.41,PCS-Q3,3514,4067,13.61,pcs_midrank,
POSI-J-024730,P2.11,,0,,,,,,,,,unavailable,no_pcs
POSI-J-024731,P1.02,9.420118343195266,338,80,80,133,40.23,PCS-Q3,1375,4067,66.2,pcs_midrank,
POSI-J-024732,P5.02,0.5102040816326531,98,256,256,257,0.58,PCS-Q4,3891,4067,4.34,pcs_midrank,
POSI-J-024733,P5.02,18.608378870673953,549,55,55,257,78.79,PCS-Q1,399,4067,90.2,pcs_midrank,
POSI-J-024734,P2.11,6.326923076923077,52,208,208,242,14.26,PCS-Q4,2183,4067,46.34,pcs_midrank,
POSI-J-024735,P1.05,4.616393442622951,610,299,299,350,14.71,PCS-Q4,2744,4067,32.54,pcs_midrank,
POSI-J-024736,P1.05,6.373563218390805,348,240,240,350,31.57,PCS-Q3,2158,4067,46.95,pcs_midrank,
POSI-J-024737,P1.05,5.405684754521964,387,280,280,350,20.14,PCS-Q4,2498,4067,38.59,pcs_midrank,
POSI-J-024738,P3.02,0.00975177304964539,1128,1319,1319,1326,0.57,PCS-Q4,4056,4067,0.28,pcs_midrank,
POSI-J-024739,P3.02,3.5652173913043477,345,737,737,1326,44.46,PCS-Q3,3070,4067,24.53,pcs_midrank,
POSI-J-024740,P3.02,7.5519480519480515,1540,283,283,1326,78.7,PCS-Q1,1806,4067,55.61,pcs_midrank,
POSI-J-024741,P3.02,,0,,,,,,,,,unavailable,no_pcs
POSI-J-024742,P3.02,5.3584905660377355,318,508,508,1326,61.73,PCS-Q2,2511,4067,38.27,pcs_midrank,
POSI-J-024743,,22.732930513595168,3310,,,,,,241,4067,94.09,unavailable,no_psc_category
POSI-J-024744,P1.02,3.0476190476190474,21,,,,,,3230,4067,20.59,unavailable,psc_confidence_not_rank_eligible
POSI-J-024745,P2.03,0,1,,,,,,,,,unavailable,too_few_items
POSI-J-024746,P2.03,12.65986394557823,147,30,30,75,60.67,PCS-Q2,884,4067,78.28,pcs_midrank,
POSI-J-024747,P1.05,13.625,24,85,85,350,75.86,PCS-Q1,762,4067,81.28,pcs_midrank,
POSI-J-024748,P5.02,4.647058823529412,102,210,210,257,18.48,PCS-Q4,2735,4067,32.76,pcs_midrank,
POSI-J-024749,P1.06,24.259565667011376,967,28,28,401,93.14,PCS-Q1,202,4067,95.05,pcs_midrank,
POSI-J-024750,P1.06,5.317098445595855,965,301,301,401,25.06,PCS-Q3,2528,4067,37.85,pcs_midrank,
POSI-J-024751,P5.01,12.892561983471074,121,16,16,144,89.24,PCS-Q1,854,4067,79.01,pcs_midrank,
POSI-J-024752,P2.11,12.126086956521739,460,111,111,242,54.34,PCS-Q2,940,4067,76.9,pcs_midrank,
POSI-J-024753,P3.02,10.434042553191489,705,151,151,1326,88.65,PCS-Q1,1179,4067,71.02,pcs_midrank,
POSI-J-024754,P3.02,9.128358208955223,335,198,198,1326,85.11,PCS-Q1,1440,4067,64.61,pcs_midrank,
POSI-J-024755,P3.02,1.2436260623229463,353,1103,1103,1326,16.86,PCS-Q4,3754,4067,7.71,pcs_midrank,
POSI-J-024756,P3.02,13.987834549878345,411,81,81,1326,93.93,PCS-Q1,729,4067,82.09,pcs_midrank,
POSI-J-024757,P3.02,4.269955156950672,1115,643,643,1326,51.55,PCS-Q2,2848,4067,29.99,pcs_midrank,
POSI-J-024758,P2.05,11.538537549407115,4048,78,78,145,46.55,PCS-Q3,1019,4067,74.96,pcs_midrank,
POSI-J-024759,P1.01,1.4804804804804805,333,41,41,44,7.95,PCS-Q4,3675,4067,9.65,pcs_midrank,
POSI-J-024760,P1.06,6.553191489361702,188,256,256,401,36.28,PCS-Q3,2113,4067,48.06,pcs_midrank,
POSI-J-024761,P3.02,,0,,,,,,,,,unavailable,no_pcs
POSI-J-024762,P1.05,3.5465587044534415,247,319,319,350,9,PCS-Q4,3073,4067,24.45,pcs_midrank,
POSI-J-024763,P3.02,2.7976190476190474,168,858,858,1326,35.33,PCS-Q3,3314,4067,18.53,pcs_midrank,
POSI-J-024764,P1.02,8.820254506892894,1886,86,86,133,35.71,PCS-Q3,1505,4067,63.01,pcs_midrank,
POSI-J-024765,P3.02,7.922465208747515,503,260,260,1326,80.43,PCS-Q1,1720,4067,57.72,pcs_midrank,
POSI-J-024766,P6.02,5.723004694835681,213,,,17,,,2382,4067,41.44,unavailable,category_below_min_size
POSI-J-024767,P1.02,2.9448032883147386,1703,120,120,133,10.15,PCS-Q4,3260,4067,19.85,pcs_midrank,
POSI-J-024768,P1.02,2.4421728971962615,1712,128,128,133,4.14,PCS-Q4,3427,4067,15.75,pcs_midrank,
POSI-J-024769,P1.02,3.0310077519379846,129,118,118,133,11.65,PCS-Q4,3236,4067,20.45,pcs_midrank,
POSI-J-024770,P5.02,3.115979381443299,388,232,232,257,9.92,PCS-Q4,3206,4067,21.18,pcs_midrank,
POSI-J-024771,P3.02,0,3,,,,,,,,,unavailable,too_few_items
POSI-J-024772,P1.02,9.313432835820896,871,82,82,133,38.72,PCS-Q3,1405,4067,65.47,pcs_midrank,
POSI-J-024773,P1.06,7.345238095238095,420,228,228,401,43.27,PCS-Q3,1870,4067,54.03,pcs_midrank,
POSI-J-024774,P1.06,4.96,200,314,314,401,21.82,PCS-Q4,2647,4067,34.92,pcs_midrank,
POSI-J-024775,P3.02,0.2007168458781362,279,1252,1252,1326,5.62,PCS-Q4,3966,4067,2.5,pcs_midrank,
POSI-J-024776,P3.02,4.058435720707222,3337,671,671,1326,49.43,PCS-Q3,2918,4067,28.26,pcs_midrank,
POSI-J-024777,P1.06,21.276762402088774,1149,41,41,401,89.9,PCS-Q1,286,4067,92.98,pcs_midrank,
POSI-J-024778,P3.02,8.611940298507463,737,216,216,1326,83.75,PCS-Q1,1549,4067,61.93,pcs_midrank,
POSI-J-024779,P3.02,1.397887323943662,852,1067,1067,1326,19.57,PCS-Q4,3705,4067,8.91,pcs_midrank,
POSI-J-024780,P3.02,38.65625,320,7,7,1326,99.51,PCS-Q1,55,4067,98.66,pcs_midrank,
POSI-J-024781,P2.05,10.841706813489333,2906,86,86,145,41.03,PCS-Q3,1118,4067,72.52,pcs_midrank,
POSI-J-024782,P1.05,4.184873949579832,238,308,308,350,12.14,PCS-Q4,2877,4067,29.27,pcs_midrank,
POSI-J-024783,P3.02,1.2,10,1112,1112,1326,16.18,PCS-Q4,3766,4067,7.4,pcs_midrank,
POSI-J-024784,P3.02,4.416666666666667,12,,,,,,2793,4067,31.34,unavailable,psc_confidence_not_rank_eligible
POSI-J-024785,P5.03,9.35030549898167,491,10,10,29,67.24,PCS-Q2,1389,4067,65.86,pcs_midrank,
POSI-J-024786,P3.02,4.9689119170984455,579,558,558,1326,57.96,PCS-Q2,2644,4067,35,pcs_midrank,
POSI-J-024787,P1.05,,0,,,,,,,,,unavailable,no_pcs
POSI-J-024788,P1.05,27.25088028169014,1136,17,17,350,95.29,PCS-Q1,153,4067,96.25,pcs_midrank,
POSI-J-024789,,,0,,,,,,,,,unavailable,no_pcs
POSI-J-024790,P1.05,9.830985915492958,142,148,148,350,57.86,PCS-Q2,1291,4067,68.27,pcs_midrank,
POSI-J-024791,P5.01,6.649859943977591,357,67,67,144,53.82,PCS-Q2,2077,4067,48.94,pcs_midrank,
POSI-J-024792,P2.01,,0,,,,,,,,,unavailable,no_pcs
POSI-J-024793,P1.05,5.948275862068965,348,262,262,350,25.29,PCS-Q3,2317,4067,43.04,pcs_midrank,
POSI-J-024794,P1.05,6.588235294117647,85,236,236,350,32.71,PCS-Q3,2100,4067,48.38,pcs_midrank,
POSI-J-024795,P1.05,11.666666666666666,1023,113,113,350,67.86,PCS-Q2,991,4067,75.63,pcs_midrank,
POSI-J-024796,P1.05,6.158415841584159,303,249,249,350,29,PCS-Q3,2243,4067,44.86,pcs_midrank,
POSI-J-024797,P4.01,2.3738317757009346,321,114,114,115,1.3,PCS-Q4,3449,4067,15.21,pcs_midrank,
POSI-J-024798,P1.05,8.050293378038559,1193,199,199,350,43.29,PCS-Q3,1691,4067,58.43,pcs_midrank,
POSI-J-024799,P5.02,4.469387755102041,245,212,212,257,17.7,PCS-Q4,2775,4067,31.78,pcs_midrank,
POSI-J-024800,P5.02,18.551132463967054,1457,57,57,257,78.02,PCS-Q1,404,4067,90.08,pcs_midrank,
POSI-J-024801,P5.02,8.391941391941392,273,154,154,257,40.27,PCS-Q3,1609,4067,60.45,pcs_midrank,
POSI-J-024802,P5.03,5.7853260869565215,368,16,16,29,46.55,PCS-Q3,2364,4067,41.89,pcs_midrank,
POSI-J-024803,P3.03,5.2680965147453085,373,26,26,71,64.08,PCS-Q2,2541,4067,37.53,pcs_midrank,
POSI-J-024804,P5.02,5.065934065934066,91,202,202,257,21.6,PCS-Q4,2608,4067,35.89,pcs_midrank,
POSI-J-024805,P1.05,19.328358208955223,402,41,41,350,88.43,PCS-Q1,363,4067,91.09,pcs_midrank,
POSI-J-024806,P2.11,10.222222222222221,171,142,142,242,41.53,PCS-Q3,1222,4067,69.97,pcs_midrank,
POSI-J-024807,P5.03,31.583333333333332,240,1,1,29,98.28,PCS-Q1,112,4067,97.26,pcs_midrank,
POSI-J-024808,P1.06,15.408163265306122,49,74,74,401,81.67,PCS-Q1,603,4067,85.19,pcs_midrank,
POSI-J-024809,P3.02,2.8059071729957807,237,857,857,1326,35.41,PCS-Q3,3312,4067,18.58,pcs_midrank,
POSI-J-024810,P5.06,7.41726618705036,417,,,14,,,1849,4067,54.55,unavailable,category_below_min_size
POSI-J-024811,P2.02,12.597239969332993,3913,33,33,93,65.05,PCS-Q2,888,4067,78.18,pcs_midrank,
POSI-J-024812,P2.02,6.766187050359712,278,74,74,93,20.97,PCS-Q4,2052,4067,49.56,pcs_midrank,
POSI-J-024813,P5.02,16.788834951456312,412,71,71,257,72.57,PCS-Q2,505,4067,87.6,pcs_midrank,
POSI-J-024814,P3.02,0.043478260869565216,138,1305,1305,1326,1.62,PCS-Q4,4038,4067,0.73,pcs_midrank,
POSI-J-024815,P3.02,0.16901408450704225,71,1260,1260,1326,5.02,PCS-Q4,3975,4067,2.27,pcs_midrank,
POSI-J-024816,P3.02,0,70,1320,1323,1326,0.26,PCS-Q4,4057,4067,0.14,pcs_midrank,
POSI-J-024817,P3.02,0.16091954022988506,87,1262,1262,1326,4.86,PCS-Q4,3979,4067,2.18,pcs_midrank,
POSI-J-024818,P3.02,0.04,25,1306,1306,1326,1.55,PCS-Q4,4039,4067,0.69,pcs_midrank,
POSI-J-024819,P3.02,0.05405405405405406,37,1300,1300,1326,2,PCS-Q4,4033,4067,0.85,pcs_midrank,
POSI-J-024820,P3.02,0.1,30,1278,1278,1326,3.66,PCS-Q4,4001,4067,1.6,pcs_midrank,
POSI-J-024821,P3.02,0,24,1320,1323,1326,0.26,PCS-Q4,4057,4067,0.14,pcs_midrank,
POSI-J-024822,P3.02,0.0847457627118644,59,1283,1283.5,1326,3.24,PCS-Q4,4010,4067,1.4,pcs_midrank,
POSI-J-024823,P3.02,0.12121212121212122,99,1274,1274,1326,3.96,PCS-Q4,3996,4067,1.76,pcs_midrank,
POSI-J-024824,P3.02,0.0847457627118644,59,1283,1283.5,1326,3.24,PCS-Q4,4010,4067,1.4,pcs_midrank,
POSI-J-024825,P3.02,0,57,1320,1323,1326,0.26,PCS-Q4,4057,4067,0.14,pcs_midrank,
POSI-J-024826,P3.02,0.027777777777777776,72,1312,1312,1326,1.09,PCS-Q4,4047,4067,0.5,pcs_midrank,
POSI-J-024827,P3.02,0.0136986301369863,73,1318,1318,1326,0.64,PCS-Q4,4055,4067,0.31,pcs_midrank,
POSI-J-024828,P3.02,0.06818181818181818,88,1289,1289,1326,2.83,PCS-Q4,4018,4067,1.22,pcs_midrank,
POSI-J-024829,P3.02,0.24347826086956523,115,1247,1247,1326,6,PCS-Q4,3954,4067,2.79,pcs_midrank,
POSI-J-024830,P3.02,0.13953488372093023,43,1269,1269,1326,4.34,PCS-Q4,3990,4067,1.91,pcs_midrank,
POSI-J-024831,P3.02,0.10204081632653061,49,1276,1276,1326,3.81,PCS-Q4,3999,4067,1.68,pcs_midrank,
POSI-J-024832,P3.02,0.06666666666666667,45,1290,1290,1326,2.75,PCS-Q4,4019,4067,1.19,pcs_midrank,
POSI-J-024833,P3.02,0.02040816326530612,49,1317,1317,1326,0.72,PCS-Q4,4052,4067,0.38,pcs_midrank,
POSI-J-024834,P3.02,0,34,1320,1323,1326,0.26,PCS-Q4,4057,4067,0.14,pcs_midrank,
POSI-J-024835,P3.02,0,37,1320,1323,1326,0.26,PCS-Q4,4057,4067,0.14,pcs_midrank,
POSI-J-024836,P3.02,0,24,1320,1323,1326,0.26,PCS-Q4,4057,4067,0.14,pcs_midrank,
POSI-J-024837,P3.02,0,32,1320,1323,1326,0.26,PCS-Q4,4057,4067,0.14,pcs_midrank,
POSI-J-024838,P3.02,0.058823529411764705,17,1297,1297,1326,2.22,PCS-Q4,4028,4067,0.97,pcs_midrank,
POSI-J-024839,P3.02,0.030303030303030304,33,1311,1311,1326,1.17,PCS-Q4,4046,4067,0.53,pcs_midrank,
POSI-J-024840,P3.02,0.199203187250996,251,1253,1253,1326,5.54,PCS-Q4,3968,4067,2.45,pcs_midrank,
POSI-J-024841,P3.02,0.022222222222222223,45,1316,1316,1326,0.79,PCS-Q4,4051,4067,0.41,pcs_midrank,
POSI-J-024842,P3.02,0.03896103896103896,77,1308,1308,1326,1.4,PCS-Q4,4043,4067,0.6,pcs_midrank,
POSI-J-024843,P3.02,3.6317365269461077,334,729,729,1326,45.06,PCS-Q3,3052,4067,24.97,pcs_midrank,
POSI-J-024844,P1.06,3.207547169811321,53,366,366,401,8.85,PCS-Q4,3171,4067,22.04,pcs_midrank,
POSI-J-024845,P1.05,14.446745562130177,338,79,79,350,77.57,PCS-Q1,680,4067,83.29,pcs_midrank,
POSI-J-024846,P5.02,11.196029776674939,403,115,115,257,55.45,PCS-Q2,1067,4067,73.78,pcs_midrank,
POSI-J-024847,P5.04,3.89010989010989,182,37,37,50,27,PCS-Q3,2967,4067,27.06,pcs_midrank,
POSI-J-024848,P3.02,2.977315689981096,529,827,827,1326,37.67,PCS-Q3,3251,4067,20.08,pcs_midrank,
POSI-J-024849,P6.05,1.125,104,,,4,,,3779,4067,7.09,unavailable,category_below_min_size
POSI-J-024850,P3.02,2.5834990059642147,3018,891,891,1326,32.84,PCS-Q3,3381,4067,16.88,pcs_midrank,
POSI-J-024851,P3.02,0.8015075376884422,796,1164,1164,1326,12.25,PCS-Q4,3837,4067,5.67,pcs_midrank,
POSI-J-024852,P3.02,1.143507972665148,439,1115,1115,1326,15.95,PCS-Q4,3771,4067,7.29,pcs_midrank,
POSI-J-024853,P3.02,8.00655737704918,305,256,256,1326,80.73,PCS-Q1,1698,4067,58.26,pcs_midrank,
POSI-J-024854,P2.11,4.18,50,228,228,242,5.99,PCS-Q4,2880,4067,29.2,pcs_midrank,
POSI-J-024855,P2.01,18.348056130664826,4347,12,12,67,82.84,PCS-Q1,422,4067,89.64,pcs_midrank,
POSI-J-024856,P1.05,9.490445859872612,157,160,160,350,54.43,PCS-Q2,1359,4067,66.6,pcs_midrank,
POSI-J-024857,P2.11,0.5454545454545454,11,,,,,,3884,4067,4.51,unavailable,psc_confidence_not_rank_eligible
POSI-J-024858,P1.05,15.142857142857142,35,76,76,350,78.43,PCS-Q1,623,4067,84.69,pcs_midrank,
POSI-J-024859,P2.11,0.04,25,,,,,,4039,4067,0.69,unavailable,psc_confidence_not_rank_eligible
POSI-J-024860,P2.11,26.348673524634542,1847,13,13,242,94.83,PCS-Q1,164,4067,95.98,pcs_midrank,
POSI-J-024861,P1.05,18.76519052523172,1942,47,47,350,86.71,PCS-Q1,389,4067,90.45,pcs_midrank,
POSI-J-024862,P2.11,,0,,,,,,,,,unavailable,no_pcs
POSI-J-024863,P2.02,36.341090656477945,2879,11,11,93,88.71,PCS-Q1,74,4067,98.19,pcs_midrank,
POSI-J-024864,P2.11,13.705669481302774,829,92,92,242,62.19,PCS-Q2,755,4067,81.45,pcs_midrank,
POSI-J-024865,P2.02,49.42857142857143,91,3,3,93,97.31,PCS-Q1,22,4067,99.47,pcs_midrank,
POSI-J-024866,P3.02,2.2060957910014514,689,952,952,1326,28.24,PCS-Q3,3495,4067,14.08,pcs_midrank,
POSI-J-024867,P3.02,0.8138138138138138,666,1161,1161,1326,12.48,PCS-Q4,3834,4067,5.74,pcs_midrank,
POSI-J-024868,P3.03,1.705685618729097,299,48,48,71,33.1,PCS-Q3,3616,4067,11.1,pcs_midrank,
POSI-J-024869,P3.03,1.2921348314606742,267,51,51,71,28.87,PCS-Q3,3741,4067,8.03,pcs_midrank,
POSI-J-024870,P3.02,1.75,192,1015,1015,1326,23.49,PCS-Q4,3608,4067,11.3,pcs_midrank,
POSI-J-024871,P3.02,1.4,170,1066,1066,1326,19.65,PCS-Q4,3701,4067,8.97,pcs_midrank,
POSI-J-024872,P2.11,9.360522022838499,1839,159,159,242,34.5,PCS-Q3,1386,4067,65.93,pcs_midrank,
POSI-J-024873,P1.02,18.533146853146853,7150,25,25,133,81.58,PCS-Q1,406,4067,90.03,pcs_midrank,
POSI-J-024874,P2.03,15.272960492560287,3898,19,19,75,75.33,PCS-Q1,612,4067,84.96,pcs_midrank,
POSI-J-024875,P2.11,12.996227709190672,2916,100,100,242,58.88,PCS-Q2,842,4067,79.31,pcs_midrank,
POSI-J-024876,P1.05,20.3236409608091,1582,34,34,350,90.43,PCS-Q1,321,4067,92.12,pcs_midrank,
POSI-J-024877,P6.02,8.294685990338165,207,,,17,,,1638,4067,59.74,unavailable,category_below_min_size
POSI-J-024878,P1.02,6.903780068728523,582,103,103,133,22.93,PCS-Q4,2012,4067,50.54,pcs_midrank,
POSI-J-024879,P1.05,12.16988416988417,518,105,105,350,70.14,PCS-Q2,936,4067,77,pcs_midrank,
POSI-J-024880,P2.11,7.717391304347826,92,188,188,242,22.52,PCS-Q4,1766,4067,56.59,pcs_midrank,
POSI-J-024881,P1.05,28.63681592039801,1206,12,12,350,96.71,PCS-Q1,138,4067,96.62,pcs_midrank,
POSI-J-024882,P1.05,17.161538461538463,390,56,56,350,84.14,PCS-Q1,483,4067,88.14,pcs_midrank,
POSI-J-024883,,,0,,,,,,,,,unavailable,no_pcs
POSI-J-024884,,,0,,,,,,,,,unavailable,no_pcs
POSI-J-024885,P1.05,11.94313210848644,1143,109,109,350,69,PCS-Q2,959,4067,76.43,pcs_midrank,
POSI-J-024886,P1.05,8.834677419354838,496,175,175,350,50.14,PCS-Q2,1502,4067,63.08,pcs_midrank,
POSI-J-024887,P1.05,,0,,,,,,,,,unavailable,no_pcs
POSI-J-024888,P5.04,,0,,,,,,,,,unavailable,no_pcs
POSI-J-024889,P1.05,32.346049046321525,367,2,2,350,99.57,PCS-Q1,101,4067,97.53,pcs_midrank,
POSI-J-024890,P1.05,16.062805872756933,1226,66,66,350,81.29,PCS-Q1,557,4067,86.32,pcs_midrank,
POSI-J-024891,P1.05,6.114285714285714,35,252,252,350,28.14,PCS-Q3,2258,4067,44.49,pcs_midrank,
POSI-J-024892,P1.05,10.708715596330276,872,130,130,350,63,PCS-Q2,1138,4067,72.03,pcs_midrank,
POSI-J-024893,P1.06,9.199633699633699,546,173,173,401,56.98,PCS-Q2,1428,4067,64.9,pcs_midrank,
POSI-J-024894,P3.02,5.766137566137566,1890,463,463,1326,65.12,PCS-Q2,2372,4067,41.69,pcs_midrank,
POSI-J-024895,P3.02,5.494077834179357,591,487,487,1326,63.31,PCS-Q2,2466,4067,39.38,pcs_midrank,
POSI-J-024896,P2.02,,0,,,,,,,,,unavailable,no_pcs
POSI-J-024897,P3.02,0.75,16,1171,1171.5,1326,11.69,PCS-Q4,3846,4067,5.42,pcs_midrank,
POSI-J-024898,P2.02,8.909090909090908,11,53,53,93,43.55,PCS-Q3,1488,4067,63.43,pcs_midrank,
POSI-J-024899,P3.02,0.39805825242718446,103,1216,1216,1326,8.33,PCS-Q4,3912,4067,3.82,pcs_midrank,
POSI-J-024900,P1.05,6.590848806366048,1508,235,235,350,33,PCS-Q3,2099,4067,48.4,pcs_midrank,
POSI-J-024901,P3.03,1.6319290465631928,451,49,49,71,31.69,PCS-Q3,3630,4067,10.76,pcs_midrank,
POSI-J-024902,P3.03,0.2,225,62,62,71,13.38,PCS-Q4,3967,4067,2.47,pcs_midrank,
POSI-J-024903,P2.02,39.22126436781609,348,6,6,93,94.09,PCS-Q1,51,4067,98.76,pcs_midrank,
POSI-J-024904,P1.06,,0,,,,,,,,,unavailable,no_pcs
POSI-J-024905,P3.02,2.9875311720698257,401,826,826,1326,37.75,PCS-Q3,3248,4067,20.15,pcs_midrank,
POSI-J-024906,P1.06,15.147136563876652,1135,78,78,401,80.67,PCS-Q1,622,4067,84.72,pcs_midrank,
POSI-J-024907,P1.01,2.249163879598662,598,32,32,44,28.41,PCS-Q3,3484,4067,14.35,pcs_midrank,
POSI-J-024908,P2.11,5.540983606557377,671,217,217,242,10.54,PCS-Q4,2453,4067,39.7,pcs_midrank,
POSI-J-024909,P3.02,3.859122401847575,433,696,696,1326,47.55,PCS-Q3,2978,4067,26.79,pcs_midrank,
POSI-J-024910,P3.02,8.228813559322035,1534,242,242,1326,81.79,PCS-Q1,1652,4067,59.39,pcs_midrank,
POSI-J-024911,P2.11,11.47690941385435,1126,122,122,242,49.79,PCS-Q3,1028,4067,74.74,pcs_midrank,
POSI-J-024912,P2.11,6.4884135472370765,561,206,206,242,15.08,PCS-Q4,2132,4067,47.59,pcs_midrank,
POSI-J-024913,P1.06,5.879541108986616,523,278,278,401,30.8,PCS-Q3,2342,4067,42.43,pcs_midrank,
POSI-J-024914,P1.04,14.136657194523378,3871,18,18,91,80.77,PCS-Q1,715,4067,82.43,pcs_midrank,
POSI-J-024915,P3.02,2.9637398861252624,3337,828,828,1326,37.59,PCS-Q3,3254,4067,20,pcs_midrank,
POSI-J-024916,P3.02,7.465145754119138,789,289,289,1326,78.24,PCS-Q1,1835,4067,54.89,pcs_midrank,
POSI-J-024917,P3.02,5.476,500,489,489,1326,63.16,PCS-Q2,2471,4067,39.25,pcs_midrank,
POSI-J-024918,P3.01,11.305990783410138,1085,25,25,108,77.31,PCS-Q1,1052,4067,74.15,pcs_midrank,
POSI-J-024919,P5.02,7.314977973568282,454,173,173,257,32.88,PCS-Q3,1878,4067,53.84,pcs_midrank,
POSI-J-024920,P1.05,4.609865470852018,223,300,300,350,14.43,PCS-Q4,2746,4067,32.49,pcs_midrank,
POSI-J-024921,P5.01,4.195266272189349,169,109,109,144,24.65,PCS-Q4,2872,4067,29.4,pcs_midrank,
POSI-J-024922,P3.02,8.555278884462151,2008,218,218,1326,83.6,PCS-Q1,1557,4067,61.73,pcs_midrank,
POSI-J-024923,P1.06,8.79251700680272,294,182,182,401,54.74,PCS-Q2,1512,4067,62.84,pcs_midrank,
POSI-J-024924,P3.02,2.182267633487146,6068,956,956,1326,27.94,PCS-Q3,3500,4067,13.95,pcs_midrank,
POSI-J-024925,P5.01,3.8646408839779007,362,119,119,144,17.71,PCS-Q4,2977,4067,26.81,pcs_midrank,
POSI-J-024926,P3.02,5.36,2300,507,507,1326,61.8,PCS-Q2,2510,4067,38.3,pcs_midrank,
POSI-J-024927,P5.02,17.96551724137931,406,60,60,257,76.85,PCS-Q1,442,4067,89.14,pcs_midrank,
POSI-J-024928,P2.05,14.298570500324887,3078,52,52,145,64.48,PCS-Q2,698,4067,82.85,pcs_midrank,
POSI-J-024929,P3.02,10.7502679528403,933,142,142,1326,89.33,PCS-Q1,1131,4067,72.2,pcs_midrank,
POSI-J-024930,P3.02,12.792767732962448,719,105,105,1326,92.12,PCS-Q1,867,4067,78.69,pcs_midrank,
POSI-J-024931,P3.03,5.713193116634799,523,23,23,71,68.31,PCS-Q2,2387,4067,41.32,pcs_midrank,
POSI-J-024932,P5.01,6.403846153846154,312,71,71,144,51.04,PCS-Q2,2147,4067,47.22,pcs_midrank,
POSI-J-024933,P5.01,0.6731391585760518,309,142,142,144,1.74,PCS-Q4,3863,4067,5.03,pcs_midrank,
POSI-J-024934,P3.02,1.303129074315515,1534,1089,1089,1326,17.91,PCS-Q4,3734,4067,8.2,pcs_midrank,
POSI-J-024935,P3.02,3.9533678756476682,579,683,683,1326,48.53,PCS-Q3,2948,4067,27.53,pcs_midrank,
POSI-J-024936,P2.11,8.513613861386139,808,175,175,242,27.89,PCS-Q3,1568,4067,61.46,pcs_midrank,
POSI-J-024937,P1.02,,0,,,,,,,,,unavailable,no_pcs
POSI-J-024938,P5.02,3.7679558011049723,181,220,220,257,14.59,PCS-Q4,3008,4067,26.05,pcs_midrank,
POSI-J-024939,P3.02,4.574404761904762,672,597,597,1326,55.02,PCS-Q2,2751,4067,32.37,pcs_midrank,
POSI-J-024940,P1.01,1.824390243902439,205,36,36,44,19.32,PCS-Q4,3587,4067,11.81,pcs_midrank,
POSI-J-024941,P3.02,,0,,,,,,,,,unavailable,no_pcs
POSI-J-024942,P2.01,5.614906832298137,644,53,53,67,21.64,PCS-Q4,2427,4067,40.34,pcs_midrank,
POSI-J-024943,P2.05,8.4,20,,,,,,1605,4067,60.54,unavailable,psc_confidence_not_rank_eligible
POSI-J-024944,P2.11,11.17425431711146,637,125,125,242,48.55,PCS-Q3,1070,4067,73.7,pcs_midrank,
POSI-J-024945,P3.02,0.1,10,,,,,,4001,4067,1.6,unavailable,psc_confidence_not_rank_eligible
POSI-J-024946,P3.02,3.6859756097560976,328,722,722,1326,45.59,PCS-Q3,3036,4067,25.36,pcs_midrank,
POSI-J-024947,P4.01,0.5,2,,,,,,,,,unavailable,too_few_items
POSI-J-024948,P4.01,18.069783670621074,1433,21,21,115,82.17,PCS-Q1,436,4067,89.29,pcs_midrank,
POSI-J-024949,P5.02,0.234375,64,257,257,257,0.19,PCS-Q4,3957,4067,2.72,pcs_midrank,
POSI-J-024950,P2.11,6.635135135135135,444,202,202,242,16.74,PCS-Q4,2085,4067,48.75,pcs_midrank,
POSI-J-024951,P1.02,2.9249084249084247,546,121,121,133,9.4,PCS-Q4,3273,4067,19.54,pcs_midrank,
POSI-J-024952,P2.11,9.497641509433961,848,156,156,242,35.74,PCS-Q3,1357,4067,66.65,pcs_midrank,
POSI-J-024953,P1.05,6.063344594594595,1184,255,255,350,27.29,PCS-Q3,2278,4067,44,pcs_midrank,
POSI-J-024954,P3.02,0.2553191489361702,423,1244,1244,1326,6.22,PCS-Q4,3950,4067,2.89,pcs_midrank,
POSI-J-024955,P1.06,5.544548286604361,1605,294,294,401,26.81,PCS-Q3,2452,4067,39.72,pcs_midrank,
POSI-J-024956,P2.05,13.056925996204933,527,64,64,145,56.21,PCS-Q2,831,4067,79.58,pcs_midrank,
POSI-J-024957,P1.06,4.340531561461794,602,337,337,401,16.08,PCS-Q4,2826,4067,30.53,pcs_midrank,
POSI-J-024958,P2.11,6.580686149936468,787,203,203,242,16.32,PCS-Q4,2103,4067,48.3,pcs_midrank,
POSI-J-024959,P2.04,7.092238470191226,889,,,6,,,1945,4067,52.19,unavailable,category_below_min_size
POSI-J-024960,P3.02,0.19281663516068054,529,1255,1255,1326,5.39,PCS-Q4,3970,4067,2.4,pcs_midrank,
POSI-J-024961,P2.11,0.22837370242214533,1734,241,241,242,0.62,PCS-Q4,3960,4067,2.64,pcs_midrank,
POSI-J-024962,P3.02,0.025179856115107913,556,1314,1314,1326,0.94,PCS-Q4,4049,4067,0.45,pcs_midrank,
POSI-J-024963,P2.05,0.29783163265306123,1568,145,145,145,0.34,PCS-Q4,3938,4067,3.18,pcs_midrank,
POSI-J-024964,P3.02,0.057971014492753624,138,1298,1298,1326,2.15,PCS-Q4,4029,4067,0.95,pcs_midrank,
POSI-J-024965,P4.01,9.072340425531914,705,73,73,115,36.96,PCS-Q3,1448,4067,64.41,pcs_midrank,
POSI-J-024966,P4.01,11.293050430504305,6504,56,56,115,51.74,PCS-Q2,1056,4067,74.05,pcs_midrank,
POSI-J-024967,P4.01,5.723919915700738,949,100,100,115,13.48,PCS-Q4,2381,4067,41.47,pcs_midrank,
POSI-J-024968,,,0,,,,,,,,,unavailable,no_pcs
POSI-J-024969,P1.06,14.04993429697766,761,94,94,401,76.68,PCS-Q1,724,4067,82.21,pcs_midrank,
POSI-J-024970,P1.06,4.294117647058823,34,340,340,401,15.34,PCS-Q4,2840,4067,30.18,pcs_midrank,
POSI-J-024971,P2.05,25.638274336283185,904,12,12,145,92.07,PCS-Q1,170,4067,95.83,pcs_midrank,
POSI-J-024972,P1.06,16.054481546572934,569,71,71,401,82.42,PCS-Q1,558,4067,86.29,pcs_midrank,
POSI-J-024973,P4.01,14.394589552238806,1072,36,36,115,69.13,PCS-Q2,685,4067,83.17,pcs_midrank,
POSI-J-024974,P4.01,,0,,,,,,,,,unavailable,no_pcs
POSI-J-024975,P4.01,,0,,,,,,,,,unavailable,no_pcs
POSI-J-024976,P3.02,11.5459587955626,1262,122,122,1326,90.84,PCS-Q1,1014,4067,75.08,pcs_midrank,
POSI-J-024977,P4.01,11.084444444444445,225,57,57,115,50.87,PCS-Q2,1080,4067,73.46,pcs_midrank,
POSI-J-024978,P1.05,4.641791044776119,201,298,298,350,15,PCS-Q4,2737,4067,32.71,pcs_midrank,
POSI-J-024979,P4.01,2.869565217391304,23,113,113,115,2.17,PCS-Q4,3291,4067,19.09,pcs_midrank,
POSI-J-024980,P3.02,4.625,248,595,595,1326,55.17,PCS-Q2,2743,4067,32.57,pcs_midrank,
POSI-J-024981,P3.02,3.0205882352941176,340,822,822,1326,38.05,PCS-Q3,3241,4067,20.32,pcs_midrank,
POSI-J-024982,P3.02,6.919439579684764,571,339,339,1326,74.47,PCS-Q2,2006,4067,50.69,pcs_midrank,
POSI-J-024983,P3.02,,0,,,,,,,,,unavailable,no_pcs
POSI-J-024984,P1.04,6.072607260726072,303,61,61,91,33.52,PCS-Q3,2272,4067,44.15,pcs_midrank,
POSI-J-024985,P3.02,2.771604938271605,162,861,861,1326,35.11,PCS-Q3,3321,4067,18.36,pcs_midrank,
POSI-J-024986,P1.06,4.346153846153846,52,336,336,401,16.33,PCS-Q4,2823,4067,30.59,pcs_midrank,
POSI-J-024987,P1.02,3.8171296296296298,432,116,116,133,13.16,PCS-Q4,2988,4067,26.54,pcs_midrank,
POSI-J-024988,P1.06,9.28740157480315,508,172,172,401,57.23,PCS-Q2,1412,4067,65.29,pcs_midrank,
POSI-J-024989,P1.06,2.310077519379845,129,381,381,401,5.11,PCS-Q4,3463,4067,14.86,pcs_midrank,
POSI-J-024990,P5.01,2.4745762711864407,59,129,129,144,10.76,PCS-Q4,3417,4067,15.99,pcs_midrank,
POSI-J-024991,P1.06,4.04,200,347,347,401,13.59,PCS-Q4,2925,4067,28.09,pcs_midrank,
POSI-J-024992,P1.05,10.04404973357016,2815,142,142,350,59.57,PCS-Q2,1253,4067,69.2,pcs_midrank,
POSI-J-024993,P1.05,10.831099195710456,373,129,129,350,63.29,PCS-Q2,1121,4067,72.45,pcs_midrank,
POSI-J-024994,P1.05,10.46056338028169,710,135,135,350,61.57,PCS-Q2,1176,4067,71.1,pcs_midrank,
POSI-J-024995,P3.02,1.4166666666666667,312,1061,1061,1326,20.02,PCS-Q4,3695,4067,9.16,pcs_midrank,
POSI-J-024996,P3.01,20.122093023255815,172,7,7,108,93.98,PCS-Q1,329,4067,91.92,pcs_midrank,
POSI-J-024997,P3.02,5.405797101449275,69,501,501,1326,62.25,PCS-Q2,2497,4067,38.62,pcs_midrank,
POSI-J-024998,P3.02,2.136125654450262,191,964,964,1326,27.34,PCS-Q3,3515,4067,13.58,pcs_midrank,
POSI-J-024999,P2.11,0.1,120,242,242,242,0.21,PCS-Q4,4001,4067,1.6,pcs_midrank,
POSI-J-025000,P2.11,14.18909090909091,825,84,84,242,65.5,PCS-Q2,708,4067,82.6,pcs_midrank,
POSI-J-025001,P4.01,6.6345679012345675,405,97,97,115,16.09,PCS-Q4,2086,4067,48.72,pcs_midrank,
POSI-J-025002,P1.06,14.563909774436091,133,86,86,401,78.68,PCS-Q1,667,4067,83.61,pcs_midrank,
POSI-J-025003,,6.855813953488372,215,,,,,,2031,4067,50.07,unavailable,no_psc_category
POSI-J-025004,P1.06,6.661157024793388,242,248,248,401,38.28,PCS-Q3,2073,4067,49.04,pcs_midrank,
POSI-J-025005,P1.06,1.6666666666666667,3,,,,,,,,,unavailable,too_few_items
POSI-J-025006,P2.05,4.69995129079396,2053,135,135,145,7.24,PCS-Q4,2723,4067,33.06,pcs_midrank,
POSI-J-025007,P3.02,0.18795180722891566,415,1256,1256,1326,5.32,PCS-Q4,3971,4067,2.37,pcs_midrank,
POSI-J-025008,P1.02,20.405260011954574,1673,18,18,133,86.84,PCS-Q1,314,4067,92.29,pcs_midrank,
POSI-J-025009,P5.02,11.358843537414966,588,111,111,257,57,PCS-Q2,1044,4067,74.34,pcs_midrank,
POSI-J-025010,P3.02,3.749719835636907,2677,716,716,1326,46.04,PCS-Q3,3019,4067,25.78,pcs_midrank,
POSI-J-025011,P5.02,3.809220985691574,629,217,217,257,15.76,PCS-Q4,2992,4067,26.44,pcs_midrank,
POSI-J-025012,P2.11,12.769005847953217,684,102,102,242,58.06,PCS-Q2,871,4067,78.6,pcs_midrank,
POSI-J-025013,P3.02,1.3118279569892473,1116,1083,1083,1326,18.36,PCS-Q4,3728,4067,8.35,pcs_midrank,
POSI-J-025014,P3.02,0.2546816479400749,534,1245,1245,1326,6.15,PCS-Q4,3951,4067,2.86,pcs_midrank,
POSI-J-025015,P3.02,2.6133177570093458,19688,888,888,1326,33.07,PCS-Q3,3374,4067,17.05,pcs_midrank,
POSI-J-025016,P3.02,6.006410256410256,312,435,435,1326,67.23,PCS-Q2,2294,4067,43.61,pcs_midrank,
POSI-J-025017,P3.02,2.0212169247652727,8201,978,978,1326,26.28,PCS-Q3,3536,4067,13.07,pcs_midrank,
POSI-J-025018,P3.02,4.389570552147239,326,624,624,1326,52.98,PCS-Q2,2806,4067,31.02,pcs_midrank,
POSI-J-025019,P1.06,3.2051282051282053,117,367,367,401,8.6,PCS-Q4,3172,4067,22.02,pcs_midrank,
POSI-J-025020,P1.06,5.681818181818182,22,,,,,,2397,4067,41.07,unavailable,psc_confidence_not_rank_eligible
POSI-J-025021,P1.06,2.282998944033791,947,382,382,401,4.86,PCS-Q4,3471,4067,14.67,pcs_midrank,
POSI-J-025022,P3.02,6.8916913946587535,674,344,344,1326,74.1,PCS-Q2,2020,4067,50.34,pcs_midrank,
POSI-J-025023,P1.06,8.577981651376147,1526,188,188,401,53.24,PCS-Q2,1553,4067,61.83,pcs_midrank,
POSI-J-025024,P1.05,3.076923076923077,195,329,329,350,6.14,PCS-Q4,3220,4067,20.84,pcs_midrank,
POSI-J-025025,P1.05,5.587078651685394,356,276,276,350,21.29,PCS-Q4,2435,4067,40.14,pcs_midrank,
POSI-J-025026,P1.05,4.461538461538462,39,303,303,350,13.57,PCS-Q4,2778,4067,31.69,pcs_midrank,
POSI-J-025027,P1.05,6.843694493783303,563,228,228,350,35,PCS-Q3,2034,4067,50,pcs_midrank,
POSI-J-025028,P2.11,9.982003129890455,2556,145,145,242,40.29,PCS-Q3,1264,4067,68.93,pcs_midrank,
POSI-J-025029,P1.05,10.137546468401487,269,139,139,350,60.43,PCS-Q2,1232,4067,69.72,pcs_midrank,
POSI-J-025030,P1.05,5.181818181818182,88,286,286,350,18.43,PCS-Q4,2561,4067,37.04,pcs_midrank,
POSI-J-025031,P2.11,6.37280701754386,456,207,207,242,14.67,PCS-Q4,2161,4067,46.88,pcs_midrank,
POSI-J-025032,P1.05,7.632974910394265,1395,206,206,350,41.29,PCS-Q3,1781,4067,56.22,pcs_midrank,
POSI-J-025033,P5.01,1.5277777777777777,36,134,134,144,7.29,PCS-Q4,3662,4067,9.97,pcs_midrank,
POSI-J-025034,P1.05,25.5115562403698,649,21,21,350,94.14,PCS-Q1,172,4067,95.78,pcs_midrank,
POSI-J-025035,P2.01,13.275252525252526,396,23,23,67,66.42,PCS-Q2,798,4067,80.39,pcs_midrank,
POSI-J-025036,P1.05,10.701063829787234,940,132,132,350,62.43,PCS-Q2,1142,4067,71.93,pcs_midrank,
POSI-J-025037,P3.02,5.848465055519268,1531,453,453,1326,65.87,PCS-Q2,2350,4067,42.23,pcs_midrank,
POSI-J-025038,P3.02,,0,,,,,,,,,unavailable,no_pcs
POSI-J-025039,P3.01,1.8,10,,,,,,3594,4067,11.64,unavailable,psc_confidence_not_rank_eligible
POSI-J-025040,P5.02,2.9,20,,,,,,3282,4067,19.3,unavailable,psc_confidence_not_rank_eligible
POSI-J-025041,P5.02,5.785714285714286,14,,,,,,2363,4067,41.91,unavailable,psc_confidence_not_rank_eligible
POSI-J-025042,P1.05,27.947154471544714,492,14,14,350,96.14,PCS-Q1,145,4067,96.45,pcs_midrank,
POSI-J-025043,P5.02,14.386363636363637,440,83,83,257,67.9,PCS-Q2,687,4067,83.12,pcs_midrank,
POSI-J-025044,P1.06,22.616666666666667,300,37,37,401,90.9,PCS-Q1,245,4067,93.99,pcs_midrank,
POSI-J-025045,P3.02,12.034246575342467,146,114,114,1326,91.44,PCS-Q1,951,4067,76.63,pcs_midrank,
POSI-J-025046,P6.05,,0,,,,,,,,,unavailable,no_pcs
POSI-J-025047,P1.06,4.370165745856354,181,335,335,401,16.58,PCS-Q4,2813,4067,30.85,pcs_midrank,
POSI-J-025048,P3.02,25.718309859154928,213,19,19,1326,98.6,PCS-Q1,169,4067,95.86,pcs_midrank,
POSI-J-025049,P3.02,,0,,,,,,,,,unavailable,no_pcs
POSI-J-025050,P1.05,9.540780141843971,1128,157,157,350,55.29,PCS-Q2,1349,4067,66.84,pcs_midrank,
POSI-J-025051,P1.02,44.90909090909091,66,3,3,133,98.12,PCS-Q1,30,4067,99.27,pcs_midrank,
POSI-J-025052,P1.06,9.5,12,,,,,,1356,4067,66.67,unavailable,psc_confidence_not_rank_eligible
POSI-J-025053,P1.05,22.3795476892822,1017,28,28,350,92.14,PCS-Q1,253,4067,93.79,pcs_midrank,
POSI-J-025054,P5.06,34.027522935779814,327,,,14,,,88,4067,97.85,unavailable,category_below_min_size
POSI-J-025055,P4.01,18.745098039215687,102,20,20,115,83.04,PCS-Q1,390,4067,90.42,pcs_midrank,
POSI-J-025056,P2.11,18.4,245,47,47,242,80.79,PCS-Q1,421,4067,89.66,pcs_midrank,
POSI-J-025057,P2.11,29.25595238095238,672,10,10,242,96.07,PCS-Q1,132,4067,96.77,pcs_midrank,
POSI-J-025058,P2.11,15.237623762376238,101,72,72,242,70.45,PCS-Q2,617,4067,84.84,pcs_midrank,
POSI-J-025059,P1.05,13.795534665099883,851,83,83,350,76.43,PCS-Q1,748,4067,81.62,pcs_midrank,
POSI-J-025060,P3.02,4.018691588785047,107,677,677,1326,48.98,PCS-Q3,2931,4067,27.94,pcs_midrank,
POSI-J-025061,P1.06,0.3333333333333333,3,,,,,,,,,unavailable,too_few_items
POSI-J-025062,P1.06,,0,,,,,,,,,unavailable,no_pcs
POSI-J-025063,P3.02,0.41456953642384103,755,1213,1213,1326,8.56,PCS-Q4,3906,4067,3.97,pcs_midrank,
POSI-J-025064,P3.02,3.346590909090909,176,762,762,1326,42.57,PCS-Q3,3130,4067,23.05,pcs_midrank,
POSI-J-025065,P5.09,17.541666666666668,816,1,1,32,98.44,PCS-Q1,466,4067,88.55,pcs_midrank,
POSI-J-025066,P3.02,2.713375796178344,314,875,875,1326,34.05,PCS-Q3,3345,4067,17.76,pcs_midrank,
POSI-J-025067,P3.02,1.2456608811749,1498,1101,1101,1326,17.01,PCS-Q4,3751,4067,7.78,pcs_midrank,
POSI-J-025068,P1.05,10.326352530541012,573,137,137,350,61,PCS-Q2,1200,4067,70.51,pcs_midrank,
POSI-J-025069,P5.09,10.975376196990425,731,5,5,32,85.94,PCS-Q1,1101,4067,72.94,pcs_midrank,
POSI-J-025070,P5.02,,0,,,,,,,,,unavailable,no_pcs
POSI-J-025071,P5.02,8.16304347826087,368,159,159,257,38.33,PCS-Q3,1671,4067,58.93,pcs_midrank,
POSI-J-025072,P3.03,3.806122448979592,98,33,33,71,54.23,PCS-Q2,2994,4067,26.4,pcs_midrank,
POSI-J-025073,P3.02,1.393939393939394,33,,,,,,3706,4067,8.89,unavailable,psc_confidence_not_rank_eligible
POSI-J-025074,P3.01,7.475714285714286,700,62,62,108,43.06,PCS-Q3,1828,4067,55.07,pcs_midrank,
POSI-J-025075,P3.02,4.378737541528239,301,625,625,1326,52.9,PCS-Q2,2809,4067,30.94,pcs_midrank,
POSI-J-025076,P3.02,5.62192118226601,812,472,472,1326,64.44,PCS-Q2,2425,4067,40.39,pcs_midrank,
POSI-J-025077,P3.02,0.8219904866447127,5466,1159,1159,1326,12.63,PCS-Q4,3830,4067,5.84,pcs_midrank,
POSI-J-025078,P3.02,5.7663755458515285,458,462,462,1326,65.2,PCS-Q2,2371,4067,41.71,pcs_midrank,
POSI-J-025079,P3.02,,0,,,,,,,,,unavailable,no_pcs
POSI-J-025080,P3.02,5.591703056768559,458,475,475,1326,64.22,PCS-Q2,2433,4067,40.19,pcs_midrank,
POSI-J-025081,P1.03,2.6298701298701297,154,84,84,91,8.24,PCS-Q4,3369,4067,17.17,pcs_midrank,
POSI-J-025082,P1.01,0.5594405594405595,143,44,44,44,1.14,PCS-Q4,3880,4067,4.61,pcs_midrank,
POSI-J-025083,P4.01,13.524621212121213,528,43,43,115,63.04,PCS-Q2,770,4067,81.08,pcs_midrank,
POSI-J-025084,P3.02,0.8829516539440203,6681,1151,1151,1326,13.24,PCS-Q4,3820,4067,6.09,pcs_midrank,
POSI-J-025085,P1.06,1.683991683991684,481,393,393,401,2.12,PCS-Q4,3623,4067,10.93,pcs_midrank,
POSI-J-025086,P3.01,5.032,375,91,91,108,16.2,PCS-Q4,2625,4067,35.47,pcs_midrank,
POSI-J-025087,P5.02,40.42458100558659,179,7,7,257,97.47,PCS-Q1,42,4067,98.98,pcs_midrank,
POSI-J-025088,P1.05,4.461538461538462,26,,,,,,2778,4067,31.69,unavailable,psc_confidence_not_rank_eligible
POSI-J-025089,P1.05,8.372434017595308,341,191,191,350,45.57,PCS-Q3,1615,4067,60.3,pcs_midrank,
POSI-J-025090,P2.03,14.98531810766721,613,21,21,75,72.67,PCS-Q2,634,4067,84.42,pcs_midrank,
POSI-J-025091,P1.03,7.800533689126084,1499,33,33,91,64.29,PCS-Q2,1745,4067,57.11,pcs_midrank,
POSI-J-025092,P2.11,3.6866666666666665,150,231,231,242,4.75,PCS-Q4,3035,4067,25.39,pcs_midrank,
POSI-J-025093,P1.02,10.513290559120072,1091,67,67,133,50,PCS-Q2,1173,4067,71.17,pcs_midrank,
POSI-J-025094,P3.02,0.12658227848101267,158,1272,1272,1326,4.11,PCS-Q4,3994,4067,1.81,pcs_midrank,
POSI-J-025095,P1.06,55.497899159663866,952,4,4,401,99.13,PCS-Q1,16,4067,99.62,pcs_midrank,
POSI-J-025096,P3.02,4.608414239482201,309,596,596,1326,55.09,PCS-Q2,2747,4067,32.47,pcs_midrank,
POSI-J-025097,P1.06,7.6558265582655824,369,213,213,401,47.01,PCS-Q3,1773,4067,56.42,pcs_midrank,
POSI-J-025098,P5.01,0.2980769230769231,208,144,144,144,0.35,PCS-Q4,3937,4067,3.21,pcs_midrank,
POSI-J-025099,P1.01,1.6806451612903226,310,38,38,44,14.77,PCS-Q4,3624,4067,10.9,pcs_midrank,
POSI-J-025100,P3.02,2.9355742296918765,714,834,834,1326,37.14,PCS-Q3,3268,4067,19.66,pcs_midrank,
POSI-J-025101,P3.02,2.863063063063063,555,846,846,1326,36.24,PCS-Q3,3295,4067,18.99,pcs_midrank,
POSI-J-025102,P5.02,21.687263556116015,793,37,37,257,85.8,PCS-Q1,275,4067,93.25,pcs_midrank,
POSI-J-025103,P3.02,1.5497512437810945,402,1042,1042,1326,21.46,PCS-Q4,3656,4067,10.12,pcs_midrank,
POSI-J-025104,P3.02,7.713793103448276,290,269,269,1326,79.75,PCS-Q1,1767,4067,56.57,pcs_midrank,
POSI-J-025105,P3.02,4.290721649484536,485,642,642,1326,51.62,PCS-Q2,2845,4067,30.06,pcs_midrank,
POSI-J-025106,P3.02,8.542372881355933,177,220,220,1326,83.45,PCS-Q1,1562,4067,61.61,pcs_midrank,
POSI-J-025107,P1.02,2.49438202247191,445,127,127,133,4.89,PCS-Q4,3407,4067,16.24,pcs_midrank,
POSI-J-025108,P5.02,8.245098039215685,102,158,158,257,38.72,PCS-Q3,1649,4067,59.47,pcs_midrank,
POSI-J-025109,P1.02,41.73489932885906,1788,4,4,133,97.37,PCS-Q1,38,4067,99.08,pcs_midrank,
POSI-J-025110,P1.05,3.2580645161290325,31,323,323,350,7.86,PCS-Q4,3159,4067,22.34,pcs_midrank,
POSI-J-025111,P5.02,21.143737166324435,487,43,43,257,83.46,PCS-Q1,294,4067,92.78,pcs_midrank,
POSI-J-025112,P5.02,14.4,105,82,82,257,68.29,PCS-Q2,684,4067,83.19,pcs_midrank,
POSI-J-025113,P1.02,1.9375,304,130,130,133,2.63,PCS-Q4,3552,4067,12.66,pcs_midrank,
POSI-J-025114,P1.02,22.597701149425287,1305,15,15,133,89.1,PCS-Q1,246,4067,93.96,pcs_midrank,
POSI-J-025115,P1.02,14.100253807106599,788,45,45,133,66.54,PCS-Q2,721,4067,82.28,pcs_midrank,
POSI-J-025116,P1.02,12.841163310961969,447,49,49,133,63.53,PCS-Q2,861,4067,78.84,pcs_midrank,
POSI-J-025117,P2.02,8.745762711864407,1947,55,55,93,41.4,PCS-Q3,1519,4067,62.66,pcs_midrank,
POSI-J-025118,,,0,,,,,,,,,unavailable,no_pcs
POSI-J-025119,P4.01,16.301346801346803,1188,27,27,115,76.96,PCS-Q1,545,4067,86.61,pcs_midrank,
POSI-J-025120,P2.05,11.84503248296625,6311,74,74,145,49.31,PCS-Q3,974,4067,76.06,pcs_midrank,
POSI-J-025121,P1.06,9.107865168539325,445,175,175,401,56.48,PCS-Q2,1444,4067,64.51,pcs_midrank,
POSI-J-025122,P1.06,,0,,,,,,,,,unavailable,no_pcs
POSI-J-025123,P5.02,3.8079096045197742,354,218,218,257,15.37,PCS-Q4,2993,4067,26.42,pcs_midrank,
POSI-J-025124,P3.02,,0,,,,,,,,,unavailable,no_pcs
POSI-J-025125,P2.02,6.535211267605634,639,76,76,93,18.82,PCS-Q4,2121,4067,47.86,pcs_midrank,
POSI-J-025126,P5.01,8.382075471698114,212,45,45,144,69.1,PCS-Q2,1611,4067,60.4,pcs_midrank,
POSI-J-025127,P1.05,,0,,,,,,,,,unavailable,no_pcs
POSI-J-025128,P1.05,4.0606060606060606,33,311,311,350,11.29,PCS-Q4,2916,4067,28.31,pcs_midrank,
POSI-J-025129,P3.02,3.6,20,732,732,1326,44.83,PCS-Q3,3059,4067,24.78,pcs_midrank,
POSI-J-025130,P3.02,18.25531914893617,141,44,44,1326,96.72,PCS-Q1,425,4067,89.56,pcs_midrank,
POSI-J-025131,P3.02,3.037037037037037,27,,,,,,3233,4067,20.52,unavailable,psc_confidence_not_rank_eligible
POSI-J-025132,,,0,,,,,,,,,unavailable,no_pcs
POSI-J-025133,P3.02,,0,,,,,,,,,unavailable,no_pcs
POSI-J-025134,P3.02,8.31658878504673,856,235,235,1326,82.32,PCS-Q1,1632,4067,59.88,pcs_midrank,
POSI-J-025135,P3.03,0.07083333333333333,240,67,67,71,6.34,PCS-Q4,4017,4067,1.24,pcs_midrank,
POSI-J-025136,P2.03,11.642363775901766,1303,32,32,75,58,PCS-Q2,1000,4067,75.42,pcs_midrank,
POSI-J-025137,P1.05,9.345890410958905,584,163,163,350,53.57,PCS-Q2,1391,4067,65.81,pcs_midrank,
POSI-J-025138,P5.02,18.129533678756477,386,58,58,257,77.63,PCS-Q1,433,4067,89.37,pcs_midrank,
POSI-J-025139,P2.03,13.010188087774294,3828,29,29,75,62,PCS-Q2,839,4067,79.38,pcs_midrank,
POSI-J-025140,P4.01,8.93598233995585,906,77,77,115,33.48,PCS-Q3,1481,4067,63.6,pcs_midrank,
POSI-J-025141,P5.02,8.627177700348431,287,151,151,257,41.44,PCS-Q3,1544,4067,62.05,pcs_midrank,
POSI-J-025142,P3.02,5.3184855233853,449,515,515,1326,61.2,PCS-Q2,2527,4067,37.88,pcs_midrank,
POSI-J-025143,P5.02,22.40909090909091,132,32,32,257,87.74,PCS-Q1,252,4067,93.82,pcs_midrank,
POSI-J-025144,P2.11,9.340336134453782,952,160,160,242,34.09,PCS-Q3,1393,4067,65.76,pcs_midrank,
POSI-J-025145,P1.05,9.552643075578855,2289,156,156,350,55.57,PCS-Q2,1345,4067,66.94,pcs_midrank,
POSI-J-025146,P1.02,7.241283124128312,717,99,99,133,25.94,PCS-Q3,1900,4067,53.29,pcs_midrank,
POSI-J-025147,P1.02,28.04946996466431,283,9,9,133,93.61,PCS-Q1,144,4067,96.47,pcs_midrank,
POSI-J-025148,P1.06,7.617647058823529,442,214,214,401,46.76,PCS-Q3,1784,4067,56.15,pcs_midrank,
POSI-J-025149,P3.02,,0,,,,,,,,,unavailable,no_pcs
POSI-J-025150,P1.02,11.977011494252874,261,54,54,133,59.77,PCS-Q2,958,4067,76.46,pcs_midrank,
POSI-J-025151,P2.11,13.858843537414966,588,88,88,242,63.84,PCS-Q2,740,4067,81.82,pcs_midrank,
POSI-J-025152,P1.02,13.393939393939394,198,47,47,133,65.04,PCS-Q2,785,4067,80.71,pcs_midrank,
POSI-J-025153,P3.02,10.101449275362318,1173,160,160,1326,87.97,PCS-Q1,1238,4067,69.57,pcs_midrank,
POSI-J-025154,P5.03,6.37292817679558,724,15,15,29,50,PCS-Q2,2160,4067,46.9,pcs_midrank,
POSI-J-025155,P5.03,7.507078507078507,777,12,12,29,60.34,PCS-Q2,1821,4067,55.24,pcs_midrank,
POSI-J-025156,P2.11,9.17970401691332,473,166,166,242,31.61,PCS-Q3,1432,4067,64.8,pcs_midrank,
POSI-J-025157,P2.11,18.29270462633452,2248,48,48,242,80.37,PCS-Q1,423,4067,89.61,pcs_midrank,
POSI-J-025158,P5.02,19.917211328976034,459,49,49,257,81.13,PCS-Q1,339,4067,91.68,pcs_midrank,
POSI-J-025159,P4.01,8.638136511375947,923,81,81,115,30,PCS-Q3,1540,4067,62.15,pcs_midrank,
POSI-J-025160,P1.05,15.319946452476573,747,73,73,350,79.29,PCS-Q1,610,4067,85.01,pcs_midrank,
POSI-J-025161,P2.11,9.109544468546638,922,168,168,242,30.79,PCS-Q3,1443,4067,64.53,pcs_midrank,
POSI-J-025162,P5.02,21.92504743833017,1054,35,35,257,86.58,PCS-Q1,264,4067,93.52,pcs_midrank,
POSI-J-025163,P1.02,15.444633730834752,587,37,37,133,72.56,PCS-Q2,601,4067,85.23,pcs_midrank,
POSI-J-025164,P1.05,11.854483925549916,591,111,111,350,68.43,PCS-Q2,970,4067,76.16,pcs_midrank,
POSI-J-025165,P2.05,15.57866184448463,1106,43,43,145,70.69,PCS-Q2,588,4067,85.55,pcs_midrank,
POSI-J-025166,P5.01,8.22875816993464,459,47,47,144,67.71,PCS-Q2,1653,4067,59.37,pcs_midrank,
POSI-J-025167,P5.02,4.829166666666667,240,207,207,257,19.65,PCS-Q4,2685,4067,33.99,pcs_midrank,
POSI-J-025168,P5.02,60.65840220385675,363,1,1,257,99.81,PCS-Q1,13,4067,99.69,pcs_midrank,
POSI-J-025169,P5.04,6.903389830508474,590,19,19,50,63,PCS-Q2,2013,4067,50.52,pcs_midrank,
POSI-J-025170,P5.04,3.4257425742574257,202,40,40,50,21,PCS-Q4,3106,4067,23.64,pcs_midrank,
POSI-J-025171,P5.01,3.7901785714285716,224,121,121,144,16.32,PCS-Q4,2997,4067,26.32,pcs_midrank,
POSI-J-025172,P3.02,,0,,,,,,,,,unavailable,no_pcs
POSI-J-025173,P2.03,40.17142857142857,245,4,4,75,95.33,PCS-Q1,45,4067,98.91,pcs_midrank,
POSI-J-025174,P5.02,15.118780096308186,623,77,77,257,70.23,PCS-Q2,624,4067,84.67,pcs_midrank,
POSI-J-025175,P1.04,3.5079646017699115,565,82,82,91,10.44,PCS-Q4,3081,4067,24.26,pcs_midrank,
POSI-J-025176,P2.11,23.518366147516897,3403,23,23,242,90.7,PCS-Q1,222,4067,94.55,pcs_midrank,
POSI-J-025177,P3.03,13.781445138269403,1121,4,4,71,95.07,PCS-Q1,750,4067,81.57,pcs_midrank,
POSI-J-025178,P2.11,9.600524475524475,1144,153,153,242,36.98,PCS-Q3,1337,4067,67.14,pcs_midrank,
POSI-J-025179,P2.11,8.298301486199575,942,182,182,242,25,PCS-Q3,1636,4067,59.79,pcs_midrank,
POSI-J-025180,P3.03,5.592375366568915,341,25,25,71,65.49,PCS-Q2,2432,4067,40.21,pcs_midrank,
POSI-J-025181,P3.03,17.915,800,2,2,71,97.89,PCS-Q1,448,4067,89,pcs_midrank,
POSI-J-025182,P3.02,1.3020242914979756,1235,1090,1090,1326,17.84,PCS-Q4,3735,4067,8.18,pcs_midrank,
POSI-J-025183,P3.02,1.3384006921270548,8091,1077,1077,1326,18.82,PCS-Q4,3720,4067,8.54,pcs_midrank,
POSI-J-025184,P3.02,2.0333716915995397,2607,977,977,1326,26.36,PCS-Q3,3535,4067,13.09,pcs_midrank,
POSI-J-025185,P3.02,2.7327188940092166,217,867,867,1326,34.65,PCS-Q3,3337,4067,17.96,pcs_midrank,
POSI-J-025186,P3.02,2.925531914893617,188,836,836,1326,36.99,PCS-Q3,3272,4067,19.56,pcs_midrank,
POSI-J-025187,P6.05,3.306878306878307,189,,,4,,,3144,4067,22.71,unavailable,category_below_min_size
POSI-J-025188,P1.06,7.419642857142857,336,224,224,401,44.26,PCS-Q3,1848,4067,54.57,pcs_midrank,
POSI-J-025189,P3.02,3.688446215139442,1255,720,720,1326,45.74,PCS-Q3,3033,4067,25.44,pcs_midrank,
POSI-J-025190,P2.03,33.139754485363554,1059,6,6,75,92.67,PCS-Q1,95,4067,97.68,pcs_midrank,
POSI-J-025191,P2.03,9.2375,880,43,43,75,43.33,PCS-Q3,1419,4067,65.12,pcs_midrank,
POSI-J-025192,P5.02,16.887417218543046,302,67,67,257,74.12,PCS-Q2,497,4067,87.79,pcs_midrank,
POSI-J-025193,P3.01,3.0249804839968775,1281,102,102,108,6.02,PCS-Q4,3239,4067,20.37,pcs_midrank,
POSI-J-025194,P3.02,2.2451393244332944,11161,944,944,1326,28.85,PCS-Q3,3485,4067,14.32,pcs_midrank,
POSI-J-025195,P2.03,11.389115646258503,1470,33,33,75,56.67,PCS-Q2,1041,4067,74.42,pcs_midrank,
POSI-J-025196,P2.03,9.867785234899328,1490,41,41,75,46,PCS-Q3,1284,4067,68.44,pcs_midrank,
POSI-J-025197,P5.02,20.397849462365592,279,46,46,257,82.3,PCS-Q1,315,4067,92.27,pcs_midrank,
POSI-J-025198,P2.11,17.943702290076335,1048,53,53,242,78.31,PCS-Q1,445,4067,89.07,pcs_midrank,
POSI-J-025199,P2.11,9.437689969604863,1645,157,157,242,35.33,PCS-Q3,1370,4067,66.33,pcs_midrank,
POSI-J-025200,P3.02,1.8958333333333333,5424,996,996,1326,24.92,PCS-Q4,3566,4067,12.33,pcs_midrank,
POSI-J-025201,P3.02,1.268630849220104,577,1097,1097,1326,17.31,PCS-Q4,3744,4067,7.95,pcs_midrank,
POSI-J-025202,P2.03,13.646153846153846,2600,27,27,75,64.67,PCS-Q2,759,4067,81.35,pcs_midrank,
POSI-J-025203,P3.02,5.327974276527331,311,514,514,1326,61.27,PCS-Q2,2525,4067,37.93,pcs_midrank,
POSI-J-025204,P5.03,3.6565656565656566,99,23,23,29,22.41,PCS-Q4,3045,4067,25.14,pcs_midrank,
POSI-J-025205,P5.02,22.0297520661157,2420,33,33,257,87.35,PCS-Q1,260,4067,93.62,pcs_midrank,
POSI-J-025206,P5.02,2.6774193548387095,155,239,239,257,7.2,PCS-Q4,3356,4067,17.49,pcs_midrank,
POSI-J-025207,P5.03,19.09917355371901,121,2,2,29,94.83,PCS-Q1,374,4067,90.82,pcs_midrank,
POSI-J-025208,P1.02,20.84453125,1280,17,17,133,87.59,PCS-Q1,301,4067,92.61,pcs_midrank,
POSI-J-025209,P3.02,0.7242524916943521,301,1176,1176,1326,11.35,PCS-Q4,3854,4067,5.25,pcs_midrank,
POSI-J-025210,P3.02,0.7256637168141593,678,1175,1175,1326,11.43,PCS-Q4,3853,4067,5.27,pcs_midrank,
POSI-J-025211,P1.02,2.5,8,,,,,,3402,4067,16.34,unavailable,psc_confidence_not_rank_eligible
POSI-J-025212,P3.02,3.7333333333333334,30,,,,,,3022,4067,25.71,unavailable,psc_confidence_not_rank_eligible
POSI-J-025213,P3.02,,0,,,,,,,,,unavailable,no_pcs
POSI-J-025214,P1.02,12.3203125,256,53,53,133,60.53,PCS-Q2,920,4067,77.39,pcs_midrank,
POSI-J-025215,P3.03,0.2653061224489796,98,58,58,71,19.01,PCS-Q4,3946,4067,2.99,pcs_midrank,
POSI-J-025216,P2.11,17.51484308736217,2358,55,55,242,77.48,PCS-Q1,468,4067,88.51,pcs_midrank,
POSI-J-025217,P1.05,30.91549295774648,1278,7,7,350,98.14,PCS-Q1,118,4067,97.11,pcs_midrank,
POSI-J-025218,P3.02,15.778072502210433,1131,65,65,1326,95.14,PCS-Q1,569,4067,86.02,pcs_midrank,
POSI-J-025219,P3.02,6.377141169521559,3386,385,385,1326,71,PCS-Q2,2157,4067,46.98,pcs_midrank,
POSI-J-025220,P3.02,,0,,,,,,,,,unavailable,no_pcs
POSI-J-025221,P3.02,10.093981863149217,1213,161,161,1326,87.9,PCS-Q1,1241,4067,69.5,pcs_midrank,
POSI-J-025222,P3.02,2,1,,,,,,,,,unavailable,too_few_items
POSI-J-025223,P5.02,3.675213675213675,117,221,221,257,14.2,PCS-Q4,3040,4067,25.26,pcs_midrank,
POSI-J-025224,P3.02,,0,,,,,,,,,unavailable,no_pcs
POSI-J-025225,P3.02,0.2314990512333966,527,1248,1248,1326,5.92,PCS-Q4,3958,4067,2.69,pcs_midrank,
POSI-J-025226,P3.02,6.267281105990784,651,400,400,1326,69.87,PCS-Q2,2205,4067,45.8,pcs_midrank,
POSI-J-025227,P3.03,1.8264925373134329,536,46,46,71,35.92,PCS-Q3,3586,4067,11.84,pcs_midrank,
POSI-J-025228,P3.02,0.4344262295081967,122,1212,1212,1326,8.63,PCS-Q4,3903,4067,4.04,pcs_midrank,
POSI-J-025229,P2.02,67.98800436205016,917,2,2,93,98.39,PCS-Q1,10,4067,99.77,pcs_midrank,
POSI-J-025230,P1.02,7.403409090909091,528,98,98,133,26.69,PCS-Q3,1851,4067,54.5,pcs_midrank,
POSI-J-025231,P3.02,1.2646638054363377,1398,1098,1098,1326,17.23,PCS-Q4,3746,4067,7.91,pcs_midrank,
POSI-J-025232,P3.02,2.49938900203666,2455,904,904,1326,31.86,PCS-Q3,3405,4067,16.29,pcs_midrank,
POSI-J-025233,P5.02,20.636,250,45,45,257,82.68,PCS-Q1,309,4067,92.41,pcs_midrank,
POSI-J-025234,P5.02,5.798245614035087,114,195,195,257,24.32,PCS-Q4,2361,4067,41.96,pcs_midrank,
POSI-J-025235,P5.02,6.882352941176471,306,177,177,257,31.32,PCS-Q3,2021,4067,50.32,pcs_midrank,
POSI-J-025236,P3.03,6.231620903454385,2258,20,20,71,72.54,PCS-Q2,2220,4067,45.43,pcs_midrank,
POSI-J-025237,P1.06,28.738037307380374,1233,21,21,401,94.89,PCS-Q1,134,4067,96.72,pcs_midrank,
POSI-J-025238,P1.05,7.866913123844732,541,203,203,350,42.14,PCS-Q3,1731,4067,57.45,pcs_midrank,
POSI-J-025239,P1.05,5.707362534948742,1073,270,270,350,23,PCS-Q4,2390,4067,41.25,pcs_midrank,
POSI-J-025240,P5.09,5.313793103448276,290,18,18,32,45.31,PCS-Q3,2530,4067,37.8,pcs_midrank,
POSI-J-025241,P5.02,11.819960861056751,511,106,106,257,58.95,PCS-Q2,976,4067,76.01,pcs_midrank,
POSI-J-025242,P5.02,11.54,100,110,110,257,57.39,PCS-Q2,1017,4067,75.01,pcs_midrank,
POSI-J-025243,P1.01,1.9879807692307692,2080,33,33,44,26.14,PCS-Q3,3541,4067,12.95,pcs_midrank,
POSI-J-025244,P3.02,8.861222995239839,2731,205,205,1326,84.58,PCS-Q1,1495,4067,63.25,pcs_midrank,
POSI-J-025245,P3.02,1.09375,32,,,,,,3787,4067,6.9,unavailable,psc_confidence_not_rank_eligible
POSI-J-025246,P2.05,2.5902777777777777,144,142,142,145,2.41,PCS-Q4,3380,4067,16.9,pcs_midrank,
POSI-J-025247,P5.01,1.4197310869917381,6173,136,136,144,5.9,PCS-Q4,3693,4067,9.21,pcs_midrank,
POSI-J-025248,P3.02,3.127883274326789,9321,803,803,1326,39.48,PCS-Q3,3203,4067,21.26,pcs_midrank,
POSI-J-025249,P3.02,1.2925531914893618,1316,1095,1095,1326,17.46,PCS-Q4,3740,4067,8.05,pcs_midrank,
POSI-J-025250,P3.02,6.337401292175161,1393,391,391,1326,70.55,PCS-Q2,2180,4067,46.41,pcs_midrank,
POSI-J-025251,P3.02,5.8884670147128615,2107,448,448,1326,66.25,PCS-Q2,2338,4067,42.53,pcs_midrank,
POSI-J-025252,P3.02,3.7784313725490195,1530,706,706,1326,46.79,PCS-Q3,3001,4067,26.22,pcs_midrank,
POSI-J-025253,P3.02,1.8285356695869837,799,1005,1005,1326,24.25,PCS-Q4,3585,4067,11.86,pcs_midrank,
POSI-J-025254,P3.02,8.506024096385541,996,222,222,1326,83.3,PCS-Q1,1571,4067,61.38,pcs_midrank,
POSI-J-025255,P2.11,16.098398169336384,1748,63,63,242,74.17,PCS-Q2,554,4067,86.39,pcs_midrank,
POSI-J-025256,P3.02,2.2169811320754715,106,947,947,1326,28.62,PCS-Q3,3489,4067,14.22,pcs_midrank,
POSI-J-025257,P1.05,4.7439024390243905,246,297,297,350,15.29,PCS-Q4,2709,4067,33.4,pcs_midrank,
POSI-J-025258,P5.01,11.2265625,384,23,23,144,84.38,PCS-Q1,1061,4067,73.92,pcs_midrank,
POSI-J-025259,P5.01,5.666666666666667,378,83,83,144,42.71,PCS-Q3,2404,4067,40.89,pcs_midrank,
POSI-J-025260,P1.05,5.960067969413764,1177,260,260,350,25.86,PCS-Q3,2310,4067,43.21,pcs_midrank,
POSI-J-025261,P4.01,4.806748466257669,326,106,106,115,8.26,PCS-Q4,2694,4067,33.77,pcs_midrank,
POSI-J-025262,P1.01,1.8661417322834646,254,34,34,44,23.86,PCS-Q4,3571,4067,12.21,pcs_midrank,
POSI-J-025263,P1.05,0.3333333333333333,3,,,,,,,,,unavailable,too_few_items
POSI-J-025264,P1.05,6.103618421052632,608,253,253,350,27.86,PCS-Q3,2262,4067,44.39,pcs_midrank,
POSI-J-025265,P1.05,1.564629258517034,1996,347,347,350,1,PCS-Q4,3651,4067,10.24,pcs_midrank,
POSI-J-025266,P1.05,6.9054726368159205,603,226,226,350,35.57,PCS-Q3,2011,4067,50.57,pcs_midrank,
POSI-J-025267,P1.05,7.991957104557641,373,200,200,350,43,PCS-Q3,1703,4067,58.14,pcs_midrank,
POSI-J-025268,P4.01,3.356814701378254,653,111,111,115,3.91,PCS-Q4,3126,4067,23.15,pcs_midrank,
POSI-J-025269,P1.05,6.131636363636364,1375,251,251,350,28.43,PCS-Q3,2254,4067,44.59,pcs_midrank,
POSI-J-025270,P5.02,7.673114119922631,517,167,167,257,35.21,PCS-Q3,1771,4067,56.47,pcs_midrank,
POSI-J-025271,P1.03,4.072933549432739,617,70,70,91,23.63,PCS-Q4,2909,4067,28.49,pcs_midrank,
POSI-J-025272,P3.02,18.2431906614786,514,45,45,1326,96.64,PCS-Q1,428,4067,89.49,pcs_midrank,
POSI-J-025273,P5.01,5.950381679389313,262,81,81,144,44.1,PCS-Q3,2316,4067,43.07,pcs_midrank,
POSI-J-025274,P5.01,4.188405797101449,138,110,110,144,23.96,PCS-Q4,2875,4067,29.32,pcs_midrank,
POSI-J-025275,P5.02,4.251366120218579,549,214,214,257,16.93,PCS-Q4,2852,4067,29.89,pcs_midrank,
POSI-J-025276,P5.02,10.194285714285714,350,127,127,257,50.78,PCS-Q2,1229,4067,69.79,pcs_midrank,
POSI-J-025277,P3.02,,0,,,,,,,,,unavailable,no_pcs
POSI-J-025278,P1.02,14.78420467185762,899,39,39,133,71.05,PCS-Q2,652,4067,83.98,pcs_midrank,
POSI-J-025279,P1.06,7.566539923954372,526,217,217,401,46.01,PCS-Q3,1801,4067,55.73,pcs_midrank,
POSI-J-025280,P3.02,2.9085195530726256,1432,838,838,1326,36.84,PCS-Q3,3278,4067,19.41,pcs_midrank,
POSI-J-025281,P3.02,7.544585987261146,314,284,284,1326,78.62,PCS-Q1,1807,4067,55.58,pcs_midrank,
POSI-J-025282,P3.02,,0,,,,,,,,,unavailable,no_pcs
POSI-J-025283,P2.01,8.928839620954765,11186,40,40,67,41.04,PCS-Q3,1484,4067,63.52,pcs_midrank,
POSI-J-025284,P5.02,24.35648148148148,216,25,25,257,90.47,PCS-Q1,200,4067,95.09,pcs_midrank,
POSI-J-025285,,4.157894736842105,19,,,,,,2886,4067,29.05,unavailable,no_psc_category
POSI-J-025286,P5.02,12.380622837370241,289,100,100,257,61.28,PCS-Q2,913,4067,77.56,pcs_midrank,
POSI-J-025287,P3.02,3.9064327485380117,342,690,690,1326,48,PCS-Q3,2962,4067,27.18,pcs_midrank,
POSI-J-025288,P3.02,7.871833084947839,671,262,262,1326,80.28,PCS-Q1,1728,4067,57.52,pcs_midrank,
POSI-J-025289,P3.02,1.3102310231023102,606,1084,1084,1326,18.29,PCS-Q4,3729,4067,8.32,pcs_midrank,
POSI-J-025290,P3.02,2.2973149967256057,1527,935,935,1326,29.52,PCS-Q3,3467,4067,14.77,pcs_midrank,
POSI-J-025291,P4.01,9.77375,800,69,69,115,40.43,PCS-Q3,1305,4067,67.92,pcs_midrank,
POSI-J-025292,P3.01,6.778985507246377,276,71,71,108,34.72,PCS-Q3,2046,4067,49.7,pcs_midrank,
POSI-J-025293,P2.04,6.392801251956182,639,,,6,,,2152,4067,47.1,unavailable,category_below_min_size
POSI-J-025294,P3.02,0.825,40,1158,1158,1326,12.71,PCS-Q4,3829,4067,5.86,pcs_midrank,
POSI-J-025295,P3.02,2.0871794871794873,195,968,968,1326,27.04,PCS-Q3,3524,4067,13.36,pcs_midrank,
POSI-J-025296,P3.02,0.03559322033898305,590,1309,1309,1326,1.32,PCS-Q4,4044,4067,0.58,pcs_midrank,
POSI-J-025297,P5.02,7.413333333333333,150,170,170,257,34.05,PCS-Q3,1850,4067,54.52,pcs_midrank,
POSI-J-025298,P1.04,6.223454833597464,1262,59,59,91,35.71,PCS-Q3,2223,4067,45.35,pcs_midrank,
POSI-J-025299,P5.02,11.902777777777779,72,104,104,257,59.73,PCS-Q2,962,4067,76.36,pcs_midrank,
POSI-J-025300,P3.02,7.144270403957131,1213,320,320,1326,75.9,PCS-Q1,1933,4067,52.48,pcs_midrank,
POSI-J-025301,P3.02,4.547231270358306,307,602,602,1326,54.64,PCS-Q2,2757,4067,32.22,pcs_midrank,
POSI-J-025302,P3.02,2.2100112909296197,2657,948,948,1326,28.54,PCS-Q3,3491,4067,14.18,pcs_midrank,
POSI-J-025303,P3.02,,0,,,,,,,,,unavailable,no_pcs
POSI-J-025304,P3.02,5.0319548872180455,1064,552,552,1326,58.41,PCS-Q2,2626,4067,35.44,pcs_midrank,
POSI-J-025305,P3.02,4.190423162583519,1796,651,651,1326,50.94,PCS-Q2,2873,4067,29.37,pcs_midrank,
POSI-J-025306,P3.02,2.8221153846153846,1040,854,854,1326,35.63,PCS-Q3,3309,4067,18.65,pcs_midrank,
POSI-J-025307,P3.02,8.212371134020618,485,245,245,1326,81.56,PCS-Q1,1658,4067,59.25,pcs_midrank,
POSI-J-025308,P1.01,3.3224852071005917,338,22,22,44,51.14,PCS-Q2,3140,4067,22.81,pcs_midrank,
POSI-J-025309,P1.02,3.6607142857142856,336,117,117,133,12.41,PCS-Q4,3044,4067,25.17,pcs_midrank,
POSI-J-025310,P5.02,9.29816513761468,218,144,144,257,44.16,PCS-Q3,1408,4067,65.39,pcs_midrank,
POSI-J-025311,P5.01,5.492537313432836,268,88,88,144,39.24,PCS-Q3,2469,4067,39.3,pcs_midrank,
POSI-J-025312,P5.02,10.269387755102041,245,125,125,257,51.56,PCS-Q2,1214,4067,70.16,pcs_midrank,
POSI-J-025313,P3.02,0.8094435075885329,1186,1162,1162,1326,12.41,PCS-Q4,3835,4067,5.72,pcs_midrank,
POSI-J-025314,P1.01,3.8483412322274884,211,18,18,44,60.23,PCS-Q2,2979,4067,26.76,pcs_midrank,
POSI-J-025315,P1.01,6.62004555808656,2195,6,6,44,87.5,PCS-Q1,2089,4067,48.65,pcs_midrank,
POSI-J-025316,P2.11,1.7916666666666667,24,238,238,242,1.86,PCS-Q4,3596,4067,11.59,pcs_midrank,
POSI-J-025317,P1.02,9.662322274881516,844,73,73,133,45.49,PCS-Q3,1323,4067,67.48,pcs_midrank,
POSI-J-025318,P1.02,4.339869281045751,153,114,114,133,14.66,PCS-Q4,2827,4067,30.5,pcs_midrank,
POSI-J-025319,P1.02,2.7489177489177488,231,123,123,133,7.89,PCS-Q4,3330,4067,18.13,pcs_midrank,
POSI-J-025320,P2.01,10.710639968590499,2547,34,34,67,50,PCS-Q2,1137,4067,72.06,pcs_midrank,
POSI-J-025321,P1.05,11.530755711775043,569,115,115,350,67.29,PCS-Q2,1023,4067,74.86,pcs_midrank,
POSI-J-025322,P5.02,5.742857142857143,140,196,196,257,23.93,PCS-Q4,2380,4067,41.49,pcs_midrank,
POSI-J-025323,P5.01,8.439473684210526,380,43,43,144,70.49,PCS-Q2,1592,4067,60.87,pcs_midrank,
POSI-J-025324,P5.02,8.333333333333334,72,155,155,257,39.88,PCS-Q3,1627,4067,60.01,pcs_midrank,
POSI-J-025325,P5.02,18.069324090121317,577,59,59,257,77.24,PCS-Q1,437,4067,89.27,pcs_midrank,
POSI-J-025326,P3.02,3.980093676814988,854,679,679,1326,48.83,PCS-Q3,2941,4067,27.7,pcs_midrank,
POSI-J-025327,P5.04,5.462571976967371,521,26,26,50,49,PCS-Q3,2481,4067,39.01,pcs_midrank,
POSI-J-025328,P3.02,5.406840684068407,1111,500,500,1326,62.33,PCS-Q2,2496,4067,38.64,pcs_midrank,
POSI-J-025329,P6.05,8.882634730538921,835,,,4,,,1492,4067,63.33,unavailable,category_below_min_size
POSI-J-025330,P3.02,1.6877165354330708,6350,1023,1023,1326,22.89,PCS-Q4,3620,4067,11,pcs_midrank,
POSI-J-025331,P3.02,11.560597971169248,1873,120,120,1326,90.99,PCS-Q1,1011,4067,75.15,pcs_midrank,
POSI-J-025332,P3.02,5.7729468599033815,414,461,461,1326,65.27,PCS-Q2,2370,4067,41.74,pcs_midrank,
POSI-J-025333,P5.04,17.65702479338843,242,5,5,50,91,PCS-Q1,460,4067,88.7,pcs_midrank,
POSI-J-025334,P5.02,14.491666666666667,600,81,81,257,68.68,PCS-Q2,671,4067,83.51,pcs_midrank,
POSI-J-025335,P3.02,7.182235834609495,653,312,312,1326,76.51,PCS-Q1,1917,4067,52.88,pcs_midrank,
POSI-J-025336,P1.01,5.41164972634871,2558,12,12,44,73.86,PCS-Q2,2495,4067,38.66,pcs_midrank,
POSI-J-025337,P5.02,13.25,88,89,89,257,65.56,PCS-Q2,803,4067,80.27,pcs_midrank,
POSI-J-025338,P3.02,0.07301587301587302,315,1288,1288,1326,2.9,PCS-Q4,4015,4067,1.29,pcs_midrank,
POSI-J-025339,P3.01,9.020531964535698,4286,42,42,108,61.57,PCS-Q2,1462,4067,64.06,pcs_midrank,
POSI-J-025340,P2.01,3.090909090909091,22,,,,,,3215,4067,20.96,unavailable,psc_confidence_not_rank_eligible
POSI-J-025341,P5.02,9.892857142857142,196,134,134,257,48.05,PCS-Q3,1281,4067,68.51,pcs_midrank,
POSI-J-025342,P5.02,6.077302631578948,608,191,191,257,25.88,PCS-Q3,2269,4067,44.22,pcs_midrank,
POSI-J-025343,P5.02,6.705882352941177,238,180,180,257,30.16,PCS-Q3,2061,4067,49.34,pcs_midrank,
POSI-J-025344,P5.09,6.074712643678161,174,15,15,32,54.69,PCS-Q2,2271,4067,44.17,pcs_midrank,
POSI-J-025345,P5.02,6.403100775193798,129,184,184,257,28.6,PCS-Q3,2148,4067,47.2,pcs_midrank,
POSI-J-025346,P2.02,10.844938749194068,3102,42,42,93,55.38,PCS-Q2,1117,4067,72.55,pcs_midrank,
POSI-J-025347,P3.02,2.4056016597510372,964,921,921,1326,30.58,PCS-Q3,3439,4067,15.45,pcs_midrank,
POSI-J-025348,P3.02,6.458461538461538,325,378,378,1326,71.53,PCS-Q2,2137,4067,47.47,pcs_midrank,
POSI-J-025349,P1.03,4.419753086419753,243,64,64,91,30.22,PCS-Q3,2792,4067,31.36,pcs_midrank,
POSI-J-025350,P2.02,4.738341968911917,386,85,85,93,9.14,PCS-Q4,2712,4067,33.33,pcs_midrank,
POSI-J-025351,P3.02,2.510869565217391,1288,902,902,1326,32.01,PCS-Q3,3400,4067,16.41,pcs_midrank,
POSI-J-025352,P3.02,3.7634228187919465,596,711,711,1326,46.42,PCS-Q3,3011,4067,25.98,pcs_midrank,
POSI-J-025353,P5.02,7.129518072289157,332,175,175,257,32.1,PCS-Q3,1937,4067,52.39,pcs_midrank,
POSI-J-025354,P3.02,8.223564954682779,993,243,243,1326,81.71,PCS-Q1,1654,4067,59.34,pcs_midrank,
POSI-J-025355,P2.02,38.58024691358025,2997,8,8,93,91.94,PCS-Q1,57,4067,98.61,pcs_midrank,
POSI-J-025356,P2.11,,0,,,,,,,,,unavailable,no_pcs
POSI-J-025357,P2.11,14.621961441743505,1193,79,79,242,67.56,PCS-Q2,664,4067,83.69,pcs_midrank,
POSI-J-025358,P5.02,9.964071856287426,167,133,133,257,48.44,PCS-Q3,1267,4067,68.86,pcs_midrank,
POSI-J-025359,P6.02,7.357142857142857,378,,,17,,,1861,4067,54.24,unavailable,category_below_min_size
POSI-J-025360,P1.05,13.220851688693099,13620,91,91,350,74.14,PCS-Q2,807,4067,80.17,pcs_midrank,
POSI-J-025361,P5.02,11.666666666666666,471,108,108,257,58.17,PCS-Q2,991,4067,75.63,pcs_midrank,
POSI-J-025362,P1.05,17.204395604395604,910,55,55,350,84.43,PCS-Q1,479,4067,88.23,pcs_midrank,
POSI-J-025363,P1.05,5.377604166666667,768,281,281,350,19.86,PCS-Q4,2504,4067,38.44,pcs_midrank,
POSI-J-025364,P1.05,19.135610246107483,1991,44,44,350,87.57,PCS-Q1,372,4067,90.87,pcs_midrank,
POSI-J-025365,P3.03,0.33597285067873306,884,57,57,71,20.42,PCS-Q4,3930,4067,3.38,pcs_midrank,
POSI-J-025366,P3.02,1.1627906976744187,43,,,,,,3769,4067,7.34,unavailable,psc_confidence_not_rank_eligible
POSI-J-025367,P1.06,1.9234793982995422,1529,390,390,401,2.87,PCS-Q4,3555,4067,12.6,pcs_midrank,
POSI-J-025368,P2.05,16.636170212765958,3290,36,36,145,75.52,PCS-Q1,520,4067,87.23,pcs_midrank,
POSI-J-025369,P3.02,0.18181818181818182,55,1257,1257,1326,5.24,PCS-Q4,3972,4067,2.35,pcs_midrank,
POSI-J-025370,P3.02,5.214285714285714,392,526,526,1326,60.37,PCS-Q2,2552,4067,37.26,pcs_midrank,
POSI-J-025371,P1.06,1.243445692883895,267,399,399,401,0.62,PCS-Q4,3755,4067,7.68,pcs_midrank,
POSI-J-025372,P4.01,,0,,,,,,,,,unavailable,no_pcs
POSI-J-025373,P1.05,5.044943820224719,356,291,291,350,17,PCS-Q4,2617,4067,35.67,pcs_midrank,
POSI-J-025374,P5.01,8.219907407407407,432,48,48,144,67.01,PCS-Q2,1655,4067,59.32,pcs_midrank,
POSI-J-025375,P5.02,16.3984375,128,73,73,257,71.79,PCS-Q2,538,4067,86.78,pcs_midrank,
POSI-J-025376,P5.02,49.95812395309883,597,4,4,257,98.64,PCS-Q1,21,4067,99.5,pcs_midrank,
POSI-J-025377,P5.02,10.140939597315436,149,128,128,257,50.39,PCS-Q2,1231,4067,69.74,pcs_midrank,
POSI-J-025378,P5.02,5.885714285714286,210,193,193,257,25.1,PCS-Q3,2340,4067,42.48,pcs_midrank,
POSI-J-025379,P5.02,12.50268817204301,372,98,98,257,62.06,PCS-Q2,903,4067,77.81,pcs_midrank,
POSI-J-025380,P5.01,3.477124183006536,153,123,123,144,14.93,PCS-Q4,3090,4067,24.03,pcs_midrank,
POSI-J-025381,P2.11,9.280832095096583,673,163,163,242,32.85,PCS-Q3,1414,4067,65.24,pcs_midrank,
POSI-J-025382,P1.04,2.9679633867276887,437,89,89,91,2.75,PCS-Q4,3253,4067,20.03,pcs_midrank,
POSI-J-025383,P3.02,10.255593385214008,4112,156,156,1326,88.27,PCS-Q1,1218,4067,70.06,pcs_midrank,
POSI-J-025384,P3.02,3.939929328621908,849,684,684,1326,48.45,PCS-Q3,2955,4067,27.35,pcs_midrank,
POSI-J-025385,P3.02,3.3526119402985075,536,761,761,1326,42.65,PCS-Q3,3129,4067,23.08,pcs_midrank,
POSI-J-025386,P3.02,1.1242977528089888,1424,1121,1121,1326,15.5,PCS-Q4,3780,4067,7.07,pcs_midrank,
POSI-J-025387,P2.11,6.131367292225201,373,213,213,242,12.19,PCS-Q4,2255,4067,44.57,pcs_midrank,
POSI-J-025388,P1.01,3.6976923076923076,1300,19,19,44,57.95,PCS-Q2,3032,4067,25.46,pcs_midrank,
POSI-J-025389,,,0,,,,,,,,,unavailable,no_pcs
POSI-J-025390,P1.06,14.321243523316062,579,89,89,401,77.93,PCS-Q1,695,4067,82.92,pcs_midrank,
POSI-J-025391,P1.05,9.575757575757576,693,155,155,350,55.86,PCS-Q2,1342,4067,67.01,pcs_midrank,
POSI-J-025392,P1.05,4.092436974789916,119,309,309,350,11.86,PCS-Q4,2902,4067,28.66,pcs_midrank,
POSI-J-025393,P1.05,,0,,,,,,,,,unavailable,no_pcs
POSI-J-025394,P1.01,2.66025641025641,936,26,26,44,42.05,PCS-Q3,3362,4067,17.35,pcs_midrank,
POSI-J-025395,P1.05,,0,,,,,,,,,unavailable,no_pcs
POSI-J-025396,P3.02,2.931098696461825,1611,835,835,1326,37.07,PCS-Q3,3270,4067,19.61,pcs_midrank,
POSI-J-025397,P1.05,5.980861244019139,627,258,258,350,26.43,PCS-Q3,2303,4067,43.39,pcs_midrank,
POSI-J-025398,P3.02,3.8188512518409428,679,701,701,1326,47.17,PCS-Q3,2987,4067,26.57,pcs_midrank,
POSI-J-025399,P3.02,2.0369393139841687,379,976,976,1326,26.43,PCS-Q3,3534,4067,13.12,pcs_midrank,
POSI-J-025400,P3.02,3.591633466135458,502,733,733,1326,44.76,PCS-Q3,3065,4067,24.65,pcs_midrank,
POSI-J-025401,,,0,,,,,,,,,unavailable,no_pcs
POSI-J-025402,P1.05,1.1428571428571428,7,,,,,,3772,4067,7.27,unavailable,psc_confidence_not_rank_eligible
POSI-J-025403,P1.05,1.4,15,348,348,350,0.71,PCS-Q4,3701,4067,8.97,pcs_midrank,
POSI-J-025404,P5.02,9.886740331491712,362,135,135,257,47.67,PCS-Q3,1283,4067,68.47,pcs_midrank,
POSI-J-025405,P3.03,2.1544401544401546,259,43,43,71,40.14,PCS-Q3,3507,4067,13.78,pcs_midrank,
POSI-J-025406,P3.02,1.9682200370528715,7017,984,984,1326,25.83,PCS-Q3,3546,4067,12.82,pcs_midrank,
POSI-J-025407,P4.01,5.469835466179159,547,103,103,115,10.87,PCS-Q4,2477,4067,39.11,pcs_midrank,
POSI-J-025408,P1.03,12.877966101694915,295,14,14,91,85.16,PCS-Q1,856,4067,78.96,pcs_midrank,
POSI-J-025409,P5.02,14.171875,64,85,85,257,67.12,PCS-Q2,710,4067,82.55,pcs_midrank,
POSI-J-025410,P5.09,1.543175487465181,359,32,32,32,1.56,PCS-Q4,3658,4067,10.07,pcs_midrank,
POSI-J-025411,,,0,,,,,,,,,unavailable,no_pcs
POSI-J-025412,P3.02,7.491859468723222,1167,287,287,1326,78.39,PCS-Q1,1824,4067,55.16,pcs_midrank,
POSI-J-025413,P5.02,9.446808510638299,188,139,139,257,46.11,PCS-Q3,1369,4067,66.35,pcs_midrank,
POSI-J-025414,P5.02,21.173160173160174,693,42,42,257,83.85,PCS-Q1,292,4067,92.83,pcs_midrank,
POSI-J-025415,P5.02,5.684523809523809,168,197,197,257,23.54,PCS-Q4,2396,4067,41.1,pcs_midrank,
POSI-J-025416,P1.05,6.409836065573771,122,239,239,350,31.86,PCS-Q3,2145,4067,47.27,pcs_midrank,
POSI-J-025417,P1.06,3.8119001919385798,521,355,355,401,11.6,PCS-Q4,2991,4067,26.47,pcs_midrank,
POSI-J-025418,P3.02,4.5,22,608,608,1326,54.19,PCS-Q2,2767,4067,31.96,pcs_midrank,
POSI-J-025419,P2.05,8.013267813267813,2035,106,106,145,27.24,PCS-Q3,1695,4067,58.34,pcs_midrank,
POSI-J-025420,P2.05,16.69097359085534,2537,35,35,145,76.21,PCS-Q1,514,4067,87.37,pcs_midrank,
POSI-J-025421,P2.11,15.06908462867012,579,74,74,242,69.63,PCS-Q2,627,4067,84.6,pcs_midrank,
POSI-J-025422,P3.02,4.425257731958763,1164,618,618,1326,53.43,PCS-Q2,2790,4067,31.41,pcs_midrank,
POSI-J-025423,P1.02,6.237747653806048,959,105,105,133,21.43,PCS-Q4,2216,4067,45.52,pcs_midrank,
POSI-J-025424,P5.02,8.85085574572127,409,148,148,257,42.61,PCS-Q3,1498,4067,63.18,pcs_midrank,
POSI-J-025425,P1.04,7.508140531276778,1167,46,46,91,50,PCS-Q2,1820,4067,55.26,pcs_midrank,
POSI-J-025426,P1.06,5.975,360,275,275,401,31.55,PCS-Q3,2304,4067,43.36,pcs_midrank,
POSI-J-025427,P4.01,,0,,,,,,,,,unavailable,no_pcs
POSI-J-025428,P3.02,9.912408759124087,274,170,170,1326,87.22,PCS-Q1,1276,4067,68.64,pcs_midrank,
POSI-J-025429,P3.02,10.225806451612904,217,158,158,1326,88.12,PCS-Q1,1221,4067,69.99,pcs_midrank,
POSI-J-025430,P5.02,9.00578034682081,173,146,146,257,43.39,PCS-Q3,1465,4067,63.99,pcs_midrank,
POSI-J-025431,P6.05,0.14285714285714285,28,,,,,,3987,4067,1.97,unavailable,psc_confidence_not_rank_eligible
POSI-J-025432,P5.02,13.0995670995671,462,92,92,257,64.4,PCS-Q2,823,4067,79.78,pcs_midrank,
POSI-J-025433,P5.02,15.807486631016042,561,74,74,257,71.4,PCS-Q2,568,4067,86.05,pcs_midrank,
POSI-J-025434,P5.02,11.069090909090908,275,118,118,257,54.28,PCS-Q2,1086,4067,73.31,pcs_midrank,
POSI-J-025435,P5.02,11.054331864904553,681,119,119,257,53.89,PCS-Q2,1087,4067,73.28,pcs_midrank,
POSI-J-025436,P3.03,2.3300970873786406,309,41,41,71,42.96,PCS-Q3,3457,4067,15.01,pcs_midrank,
POSI-J-025437,P4.01,5.644927536231884,552,101,101,115,12.61,PCS-Q4,2414,4067,40.66,pcs_midrank,
POSI-J-025438,P3.02,1.8150047085905618,9557,1008,1008,1326,24.02,PCS-Q4,3593,4067,11.67,pcs_midrank,
POSI-J-025439,P3.02,,0,,,,,,,,,unavailable,no_pcs
POSI-J-025440,P5.02,6.586776859504132,121,182,182,257,29.38,PCS-Q3,2101,4067,48.35,pcs_midrank,
POSI-J-025441,P4.01,11.84585635359116,1810,49,49,115,57.83,PCS-Q2,973,4067,76.09,pcs_midrank,
POSI-J-025442,P1.02,2.1155778894472363,199,129,129,133,3.38,PCS-Q4,3518,4067,13.51,pcs_midrank,
POSI-J-025443,P5.02,11.343455497382198,955,112,112,257,56.61,PCS-Q2,1045,4067,74.32,pcs_midrank,
POSI-J-025444,P5.02,4.857142857142857,224,205,205,257,20.43,PCS-Q4,2676,4067,34.21,pcs_midrank,
POSI-J-025445,P1.04,5.314475873544093,601,70,70,91,23.63,PCS-Q4,2529,4067,37.83,pcs_midrank,
POSI-J-025446,P3.02,2.2814814814814817,270,937,937,1326,29.37,PCS-Q3,3472,4067,14.64,pcs_midrank,
POSI-J-025447,P2.03,18.421976436643423,4159,12,12,75,84.67,PCS-Q1,419,4067,89.71,pcs_midrank,
POSI-J-025448,P2.11,40.673298429319374,955,4,4,242,98.55,PCS-Q1,41,4067,99,pcs_midrank,
POSI-J-025449,P1.05,5.909090909090909,330,266,266,350,24.14,PCS-Q4,2330,4067,42.72,pcs_midrank,
POSI-J-025450,P1.06,8.611464968152866,157,187,187,401,53.49,PCS-Q2,1550,4067,61.9,pcs_midrank,
POSI-J-025451,P2.03,19.914535666218036,1486,10,10,75,87.33,PCS-Q1,340,4067,91.65,pcs_midrank,
POSI-J-025452,P2.03,16.949744463373083,11740,15,15,75,80.67,PCS-Q1,494,4067,87.87,pcs_midrank,
POSI-J-025453,P2.03,42.702439024390245,3485,2,2,75,98,PCS-Q1,34,4067,99.18,pcs_midrank,
POSI-J-025454,P5.03,4.767441860465116,258,21,21,29,29.31,PCS-Q3,2702,4067,33.58,pcs_midrank,
POSI-J-025455,P5.02,2.143646408839779,362,247,247,257,4.09,PCS-Q4,3510,4067,13.71,pcs_midrank,
POSI-J-025456,P5.02,4.807228915662651,166,208,208,257,19.26,PCS-Q4,2693,4067,33.8,pcs_midrank,
POSI-J-025457,P1.01,5.753351206434316,373,10,10,44,78.41,PCS-Q1,2378,4067,41.54,pcs_midrank,
POSI-J-025458,P3.02,10.992658626114316,1907,137,137,1326,89.71,PCS-Q1,1096,4067,73.06,pcs_midrank,
POSI-J-025459,P2.11,15.585173501577287,1268,66,66,242,72.93,PCS-Q2,586,4067,85.6,pcs_midrank,
POSI-J-025460,P3.02,1.4024869109947644,1528,1064,1064,1326,19.8,PCS-Q4,3699,4067,9.06,pcs_midrank,
POSI-J-025461,P5.01,7.211618257261411,241,59,59,144,59.38,PCS-Q2,1905,4067,53.17,pcs_midrank,
POSI-J-025462,P1.06,5.140532544378698,676,307,307,401,23.57,PCS-Q4,2579,4067,36.6,pcs_midrank,
POSI-J-025463,P3.02,1.4324412532637076,3064,1057,1057,1326,20.32,PCS-Q4,3689,4067,9.31,pcs_midrank,
POSI-J-025464,P1.06,7.079646017699115,565,239,239,401,40.52,PCS-Q3,1951,4067,52.04,pcs_midrank,
POSI-J-025465,P1.06,7.924695459579181,903,206,206,401,48.75,PCS-Q3,1717,4067,57.79,pcs_midrank,
POSI-J-025466,P1.04,3.3253424657534247,292,86,86,91,6.04,PCS-Q4,3138,4067,22.85,pcs_midrank,
POSI-J-025467,P5.02,13.495073891625616,406,87,87,257,66.34,PCS-Q2,772,4067,81.03,pcs_midrank,
POSI-J-025468,P5.02,9.34862385321101,109,142,142,257,44.94,PCS-Q3,1390,4067,65.83,pcs_midrank,
POSI-J-025469,P1.01,4.646532438478747,447,16,16,44,64.77,PCS-Q2,2736,4067,32.74,pcs_midrank,
POSI-J-025470,P3.02,5.2,280,530,530,1326,60.07,PCS-Q2,2556,4067,37.16,pcs_midrank,
POSI-J-025471,P3.02,23.926470588235293,204,26,26,1326,98.08,PCS-Q1,209,4067,94.87,pcs_midrank,
POSI-J-025472,P3.02,1.6940418679549114,621,1022,1022,1326,22.96,PCS-Q4,3619,4067,11.03,pcs_midrank,
POSI-J-025473,P2.11,22.636363636363637,418,28,28,242,88.64,PCS-Q1,244,4067,94.01,pcs_midrank,
POSI-J-025474,P1.05,6.289308176100629,795,245,245,350,30.14,PCS-Q3,2200,4067,45.92,pcs_midrank,
POSI-J-025475,P3.02,2.676271186440678,590,882,882,1326,33.52,PCS-Q3,3357,4067,17.47,pcs_midrank,
POSI-J-025476,P1.02,19.706594885598925,743,23,23,133,83.08,PCS-Q1,348,4067,91.46,pcs_midrank,
POSI-J-025477,P3.02,6.6164772727272725,704,360,360,1326,72.89,PCS-Q2,2090,4067,48.62,pcs_midrank,
POSI-J-025478,P5.01,4.273291925465839,161,105,105,144,27.43,PCS-Q3,2847,4067,30.01,pcs_midrank,
POSI-J-025479,P3.02,1.9844529750479847,5210,982,982,1326,25.98,PCS-Q3,3543,4067,12.9,pcs_midrank,
POSI-J-025480,P3.02,3.0122137404580154,655,823,823,1326,37.97,PCS-Q3,3242,4067,20.3,pcs_midrank,
POSI-J-025481,P3.01,7.799270072992701,822,58,58,108,46.76,PCS-Q3,1747,4067,57.06,pcs_midrank,
POSI-J-025482,P2.05,4.19672131147541,122,137,137,145,5.86,PCS-Q4,2871,4067,29.42,pcs_midrank,
POSI-J-025483,P2.11,6.181818181818182,440,210,210,242,13.43,PCS-Q4,2237,4067,45.01,pcs_midrank,
POSI-J-025484,P1.01,1.665,800,40,40,44,10.23,PCS-Q4,3626,4067,10.86,pcs_midrank,
POSI-J-025485,P3.03,1.5467625899280575,1251,50,50,71,30.28,PCS-Q3,3657,4067,10.09,pcs_midrank,
POSI-J-025486,P3.03,7.640625,192,11,11,71,85.21,PCS-Q1,1777,4067,56.32,pcs_midrank,
POSI-J-025487,P3.02,1.7745163442294862,1499,1011,1011,1326,23.79,PCS-Q4,3602,4067,11.45,pcs_midrank,
POSI-J-025488,P3.02,13.056053811659194,892,100,100,1326,92.5,PCS-Q1,833,4067,79.53,pcs_midrank,
POSI-J-025489,P5.01,4.231958762886598,194,107,107,144,26.04,PCS-Q3,2859,4067,29.71,pcs_midrank,
POSI-J-025490,P3.02,1.4284037558685445,852,1058,1058,1326,20.25,PCS-Q4,3690,4067,9.28,pcs_midrank,
POSI-J-025491,P3.02,2.297721916732129,1273,934,934,1326,29.6,PCS-Q3,3466,4067,14.79,pcs_midrank,
POSI-J-025492,P2.11,14.479338842975206,363,82,82,242,66.32,PCS-Q2,673,4067,83.46,pcs_midrank,
POSI-J-025493,P3.02,0.4117647058823529,34,1214,1214,1326,8.48,PCS-Q4,3907,4067,3.95,pcs_midrank,
POSI-J-025494,P3.02,0.5833333333333334,12,,,,,,3876,4067,4.71,unavailable,psc_confidence_not_rank_eligible
POSI-J-025495,P3.02,2.5217391304347827,23,,,,,,3398,4067,16.46,unavailable,psc_confidence_not_rank_eligible
POSI-J-025496,P3.02,5.165165165165165,333,536,536,1326,59.62,PCS-Q2,2570,4067,36.82,pcs_midrank,
POSI-J-025497,P3.02,3.056635202665186,1801,816,816,1326,38.5,PCS-Q3,3227,4067,20.67,pcs_midrank,
POSI-J-025498,P3.02,1.3067092651757188,626,1087,1087,1326,18.06,PCS-Q4,3732,4067,8.25,pcs_midrank,
POSI-J-025499,P3.02,4.232273838630807,1227,646,646,1326,51.32,PCS-Q2,2857,4067,29.76,pcs_midrank,
POSI-J-025500,P5.01,10.307317073170731,410,29,29,144,80.21,PCS-Q1,1204,4067,70.41,pcs_midrank,
POSI-J-025501,P3.02,4.035394629780309,2458,675,675,1326,49.13,PCS-Q3,2926,4067,28.07,pcs_midrank,
POSI-J-025502,P3.02,3.2083197920052,3077,786,786,1326,40.76,PCS-Q3,3170,4067,22.07,pcs_midrank,
POSI-J-025503,P1.02,10.70327868852459,610,65,65,133,51.5,PCS-Q2,1141,4067,71.96,pcs_midrank,
POSI-J-025504,P3.02,2.0608695652173914,1150,972,972,1326,26.73,PCS-Q3,3529,4067,13.24,pcs_midrank,
POSI-J-025505,P3.03,3.1227197346600333,603,36,36,71,50,PCS-Q2,3205,4067,21.21,pcs_midrank,
POSI-J-025506,P3.02,6.038589487691284,1503,427,427,1326,67.84,PCS-Q2,2282,4067,43.9,pcs_midrank,
POSI-J-025507,P3.02,3.2450668364099298,1571,778,778,1326,41.37,PCS-Q3,3161,4067,22.29,pcs_midrank,
POSI-J-025508,P3.03,0.24705882352941178,255,60,60,71,16.2,PCS-Q4,3953,4067,2.82,pcs_midrank,
POSI-J-025509,P3.02,2.727205337286879,1349,869,869,1326,34.5,PCS-Q3,3339,4067,17.91,pcs_midrank,
POSI-J-025510,P2.11,21.15255187885586,1783,35,35,242,85.74,PCS-Q1,293,4067,92.81,pcs_midrank,
POSI-J-025511,P1.04,8.742299349240781,2305,37,37,91,59.89,PCS-Q2,1520,4067,62.64,pcs_midrank,
POSI-J-025512,P3.02,2.1818181818181817,484,957,957,1326,27.87,PCS-Q3,3501,4067,13.93,pcs_midrank,
POSI-J-025513,P1.06,2.2559451833937927,2481,384,384,401,4.36,PCS-Q4,3482,4067,14.4,pcs_midrank,
POSI-J-025514,P5.01,5.6313131313131315,198,84,84,144,42.01,PCS-Q3,2422,4067,40.46,pcs_midrank,
POSI-J-025515,P2.05,11.74468085106383,2679,75,75,145,48.62,PCS-Q3,982,4067,75.87,pcs_midrank,
POSI-J-025516,P3.02,9.343558282208589,652,187,187,1326,85.94,PCS-Q1,1392,4067,65.79,pcs_midrank,
POSI-J-025517,P2.05,29.836734693877553,98,9,9,145,94.14,PCS-Q1,129,4067,96.84,pcs_midrank,
POSI-J-025518,P4.01,11.605077574047955,709,54,54,115,53.48,PCS-Q2,1008,4067,75.23,pcs_midrank,
POSI-J-025519,P3.02,4.416172106824926,2696,619,619,1326,53.36,PCS-Q2,2795,4067,31.29,pcs_midrank,
POSI-J-025520,,,0,,,,,,,,,unavailable,no_pcs
POSI-J-025521,P5.02,7.338192419825073,343,172,172,257,33.27,PCS-Q3,1871,4067,54.01,pcs_midrank,
POSI-J-025522,P2.11,10.28054298642534,663,140,140,242,42.36,PCS-Q3,1210,4067,70.26,pcs_midrank,
POSI-J-025523,P3.03,7.4865771812080535,596,13,13,71,82.39,PCS-Q1,1826,4067,55.11,pcs_midrank,
POSI-J-025524,P1.06,7.004398826979473,682,241,241,401,40.02,PCS-Q3,1978,4067,51.38,pcs_midrank,
POSI-J-025525,P5.01,9.357877416700946,2431,36,36,144,75.35,PCS-Q1,1388,4067,65.88,pcs_midrank,
POSI-J-025526,P3.02,5.560400285918513,1399,481,481,1326,63.76,PCS-Q2,2443,4067,39.94,pcs_midrank,
POSI-J-025527,P5.02,10.114413075780089,673,130,130,257,49.61,PCS-Q3,1236,4067,69.62,pcs_midrank,
POSI-J-025528,P5.02,8.2,5,,,,,,1662,4067,59.15,unavailable,psc_confidence_not_rank_eligible
POSI-J-025529,P5.02,18.577639751552795,161,56,56,257,78.4,PCS-Q1,402,4067,90.13,pcs_midrank,
POSI-J-025530,P1.01,1.7849954254345837,1093,37,37,44,17.05,PCS-Q4,3598,4067,11.54,pcs_midrank,
POSI-J-025531,P1.05,7.000840336134454,1190,223,223,350,36.43,PCS-Q3,1980,4067,51.33,pcs_midrank,
POSI-J-025532,P3.02,1.3574766355140186,428,1074,1074,1326,19.04,PCS-Q4,3715,4067,8.67,pcs_midrank,
POSI-J-025533,P2.11,4.3273809523809526,168,226,226,242,6.82,PCS-Q4,2831,4067,30.4,pcs_midrank,
POSI-J-025534,P2.01,4.0476190476190474,21,,,,,,2922,4067,28.17,unavailable,psc_confidence_not_rank_eligible
POSI-J-025535,P2.05,18.476406533575318,1102,27,27,145,81.72,PCS-Q1,412,4067,89.88,pcs_midrank,
POSI-J-025536,P3.02,6.558365758754864,514,368,368,1326,72.29,PCS-Q2,2112,4067,48.08,pcs_midrank,
POSI-J-025537,P3.02,3.867408041060736,1169,693,693,1326,47.78,PCS-Q3,2972,4067,26.94,pcs_midrank,
POSI-J-025538,P5.01,7.847887323943662,355,53,53,144,63.54,PCS-Q2,1740,4067,57.23,pcs_midrank,
POSI-J-025539,P4.01,,0,,,,,,,,,unavailable,no_pcs
POSI-J-025540,P5.02,24.3502538071066,197,26,26,257,90.08,PCS-Q1,201,4067,95.07,pcs_midrank,
POSI-J-025541,P5.02,37.32314694408323,1538,11,11,257,95.91,PCS-Q1,66,4067,98.39,pcs_midrank,
POSI-J-025542,P1.06,16.47784535186794,1151,67,67,401,83.42,PCS-Q1,534,4067,86.88,pcs_midrank,
POSI-J-025543,P2.11,11.892441860465116,688,117,117,242,51.86,PCS-Q2,964,4067,76.31,pcs_midrank,
POSI-J-025544,P2.11,8.828402366863905,169,171,171,242,29.55,PCS-Q3,1504,4067,63.03,pcs_midrank,
POSI-J-025545,P5.01,9.932038834951456,309,34,34,144,76.74,PCS-Q1,1271,4067,68.76,pcs_midrank,
POSI-J-025546,P3.02,4.414351851851852,1296,621,621,1326,53.21,PCS-Q2,2798,4067,31.21,pcs_midrank,
POSI-J-025547,P6.02,9.608391608391608,286,,,17,,,1335,4067,67.19,unavailable,category_below_min_size
POSI-J-025548,P3.02,1.0827139317705357,5247,1128,1128,1326,14.97,PCS-Q4,3790,4067,6.82,pcs_midrank,
POSI-J-025549,P3.02,7.3522458628841605,2115,299,299,1326,77.49,PCS-Q1,1868,4067,54.08,pcs_midrank,
POSI-J-025550,P1.05,3.7737430167597767,1790,314,314,350,10.43,PCS-Q4,3004,4067,26.15,pcs_midrank,
POSI-J-025551,P2.03,4.072886297376093,343,69,69,75,8.67,PCS-Q4,2910,4067,28.46,pcs_midrank,
POSI-J-025552,P3.02,23.712871287128714,404,27,27,1326,98,PCS-Q1,217,4067,94.68,pcs_midrank,
POSI-J-025553,P1.01,2.7836990595611284,319,24,24,44,46.59,PCS-Q3,3317,4067,18.45,pcs_midrank,
POSI-J-025554,P3.02,6.797153024911032,562,349,349,1326,73.72,PCS-Q2,2042,4067,49.8,pcs_midrank,
POSI-J-025555,P3.02,4.8728943338437976,1306,566,566,1326,57.35,PCS-Q2,2670,4067,34.36,pcs_midrank,
POSI-J-025556,P4.01,7.206307490144547,761,93,93,115,19.57,PCS-Q4,1907,4067,53.12,pcs_midrank,
POSI-J-025557,P5.02,21.878048780487806,123,36,36,257,86.19,PCS-Q1,266,4067,93.47,pcs_midrank,
POSI-J-025558,P5.02,4.9375,16,,,,,,2656,4067,34.71,unavailable,psc_confidence_not_rank_eligible
POSI-J-025559,P1.06,7.2,365,233,233,401,42.02,PCS-Q3,1909,4067,53.07,pcs_midrank,
POSI-J-025560,P1.05,6.6415094339622645,742,233,233,350,33.57,PCS-Q3,2083,4067,48.8,pcs_midrank,
POSI-J-025561,P1.03,0.6130268199233716,261,90,90,91,1.65,PCS-Q4,3875,4067,4.73,pcs_midrank,
POSI-J-025562,P3.02,13.409774436090226,266,91,91,1326,93.17,PCS-Q1,784,4067,80.74,pcs_midrank,
POSI-J-025563,P3.02,4.207575757575758,660,650,650,1326,51.02,PCS-Q2,2867,4067,29.52,pcs_midrank,
POSI-J-025564,P2.11,9.945142857142857,875,146,146,242,39.88,PCS-Q3,1269,4067,68.81,pcs_midrank,
POSI-J-025565,P3.02,5.435643564356436,1111,493,493,1326,62.86,PCS-Q2,2485,4067,38.91,pcs_midrank,
POSI-J-025566,P5.02,10.04,25,,,,,,1254,4067,69.18,unavailable,psc_confidence_not_rank_eligible
POSI-J-025567,P1.02,2.58125,320,125,125,133,6.39,PCS-Q4,3382,4067,16.86,pcs_midrank,
POSI-J-025568,P1.02,10.712530712530713,814,64,64,133,52.26,PCS-Q2,1136,4067,72.08,pcs_midrank,
POSI-J-025569,P1.02,12.825380710659898,985,50,50,133,62.78,PCS-Q2,862,4067,78.82,pcs_midrank,
POSI-J-025570,P2.11,15.237909949972206,1799,71,71,242,70.87,PCS-Q2,616,4067,84.87,pcs_midrank,
POSI-J-025571,P2.01,9.044943820224718,178,37,37,67,45.52,PCS-Q3,1457,4067,64.19,pcs_midrank,
POSI-J-025572,P1.05,7.609151572926597,1049,207,207,350,41,PCS-Q3,1787,4067,56.07,pcs_midrank,
POSI-J-025573,P3.02,9.997705106138842,1743,168,168,1326,87.37,PCS-Q1,1261,4067,69.01,pcs_midrank,
POSI-J-025574,P3.02,7.116089613034624,491,321,321,1326,75.83,PCS-Q1,1938,4067,52.36,pcs_midrank,
POSI-J-025575,P1.05,8.984530386740332,905,171,171,350,51.29,PCS-Q2,1468,4067,63.92,pcs_midrank,
POSI-J-025576,P2.01,15.512487512487512,1001,19,19,67,72.39,PCS-Q2,597,4067,85.33,pcs_midrank,
POSI-J-025577,P2.01,7.355140186915888,749,49,49,67,27.61,PCS-Q3,1864,4067,54.18,pcs_midrank,
POSI-J-025578,P3.02,0.5119453924914675,293,1202,1202,1326,9.39,PCS-Q4,3889,4067,4.39,pcs_midrank,
POSI-J-025579,P5.02,13.303030303030303,264,88,88,257,65.95,PCS-Q2,791,4067,80.56,pcs_midrank,
POSI-J-025580,,,0,,,,,,,,,unavailable,no_pcs
POSI-J-025581,P3.02,1.815859499733901,3758,1006,1006,1326,24.17,PCS-Q4,3591,4067,11.72,pcs_midrank,
POSI-J-025582,P3.02,2.277227722772277,202,940,940,1326,29.15,PCS-Q3,3475,4067,14.57,pcs_midrank,
POSI-J-025583,P3.02,3.1650071123755334,5624,797,797,1326,39.93,PCS-Q3,3190,4067,21.58,pcs_midrank,
POSI-J-025584,P3.02,1.3899913718723038,1159,1068,1068,1326,19.49,PCS-Q4,3708,4067,8.84,pcs_midrank,
POSI-J-025585,P1.06,4.092896174863388,366,344,344,401,14.34,PCS-Q4,2901,4067,28.68,pcs_midrank,
POSI-J-025586,P3.02,3.2679738562091503,306,773,773,1326,41.74,PCS-Q3,3155,4067,22.44,pcs_midrank,
POSI-J-025587,P3.02,5.344776119402985,670,510,510,1326,61.58,PCS-Q2,2514,4067,38.2,pcs_midrank,
POSI-J-025588,P3.02,2.7488888888888887,450,865,865,1326,34.8,PCS-Q3,3331,4067,18.11,pcs_midrank,
POSI-J-025589,P1.02,8.043522267206479,988,95,95,133,28.95,PCS-Q3,1692,4067,58.41,pcs_midrank,
POSI-J-025590,P5.09,15.837288135593221,295,3,3,32,92.19,PCS-Q1,566,4067,86.1,pcs_midrank,
POSI-J-025591,P3.02,4.652729955730448,2033,591,591,1326,55.47,PCS-Q2,2732,4067,32.84,pcs_midrank,
POSI-J-025592,P1.05,5.948087431693989,732,263,263,350,25,PCS-Q3,2318,4067,43.02,pcs_midrank,
POSI-J-025593,P1.05,13.553957900978357,6746,89,89,350,74.71,PCS-Q2,768,4067,81.13,pcs_midrank,
POSI-J-025594,P1.05,13.15736505032022,1093,94,94,350,73.29,PCS-Q2,815,4067,79.97,pcs_midrank,
POSI-J-025595,P5.02,23.732394366197184,213,28,28,257,89.3,PCS-Q1,214,4067,94.75,pcs_midrank,
POSI-J-025596,P3.02,0.9206349206349206,882,1149,1149,1326,13.39,PCS-Q4,3815,4067,6.21,pcs_midrank,
POSI-J-025597,P3.02,,0,,,,,,,,,unavailable,no_pcs
POSI-J-025598,P3.02,91.82352941176471,34,1,1,1326,99.96,PCS-Q1,5,4067,99.89,pcs_midrank,
POSI-J-025599,P3.02,0.09532888465204957,1049,1281,1281,1326,3.43,PCS-Q4,4007,4067,1.49,pcs_midrank,
POSI-J-025600,P3.02,5.261484098939929,849,521,521,1326,60.75,PCS-Q2,2545,4067,37.44,pcs_midrank,
POSI-J-025601,P1.02,18.564382043229262,5413,24,24,133,82.33,PCS-Q1,403,4067,90.1,pcs_midrank,
POSI-J-025602,P3.02,0.16666666666666666,420,1261,1261,1326,4.94,PCS-Q4,3976,4067,2.23,pcs_midrank,
POSI-J-025603,P3.02,2.129032258064516,31,,,,,,3516,4067,13.56,unavailable,psc_confidence_not_rank_eligible
POSI-J-025604,P3.02,2.577327935222672,2470,892,892,1326,32.77,PCS-Q3,3383,4067,16.83,pcs_midrank,
POSI-J-025605,P5.02,7.787934186471664,547,165,165,257,35.99,PCS-Q3,1750,4067,56.98,pcs_midrank,
POSI-J-025606,P5.02,39.32215088282504,6230,9,9,257,96.69,PCS-Q1,49,4067,98.81,pcs_midrank,
POSI-J-025607,P3.02,16.043256997455472,786,63,63,1326,95.29,PCS-Q1,559,4067,86.27,pcs_midrank,
POSI-J-025608,P3.02,34.149397590361446,830,11,11,1326,99.21,PCS-Q1,87,4067,97.87,pcs_midrank,
POSI-J-025609,P3.02,30.058765915768856,1021,14,14,1326,98.98,PCS-Q1,126,4067,96.91,pcs_midrank,
POSI-J-025610,P3.02,16.15375,800,60,60,1326,95.51,PCS-Q1,550,4067,86.49,pcs_midrank,
POSI-J-025611,P3.02,12.6812585499316,731,108,108,1326,91.89,PCS-Q1,882,4067,78.33,pcs_midrank,
POSI-J-025612,P3.02,25.44785553047404,2215,20,20,1326,98.53,PCS-Q1,174,4067,95.73,pcs_midrank,
POSI-J-025613,P3.02,,0,,,,,,,,,unavailable,no_pcs
POSI-J-025614,P3.02,33.62396006655574,1202,12,12,1326,99.13,PCS-Q1,92,4067,97.75,pcs_midrank,
POSI-J-025615,P3.02,26.786471479050984,1981,18,18,1326,98.68,PCS-Q1,159,4067,96.1,pcs_midrank,
POSI-J-025616,P5.01,21.99173553719008,968,4,4,144,97.57,PCS-Q1,261,4067,93.58,pcs_midrank,
POSI-J-025617,P3.02,,0,,,,,,,,,unavailable,no_pcs
POSI-J-025618,,,0,,,,,,,,,unavailable,no_pcs
POSI-J-025619,P3.02,27.430275229357797,1090,16,16,1326,98.83,PCS-Q1,149,4067,96.35,pcs_midrank,
POSI-J-025620,P3.02,17.19920844327177,758,50,50,1326,96.27,PCS-Q1,480,4067,88.21,pcs_midrank,
POSI-J-025621,P1.05,18.78479532163743,1710,46,46,350,87,PCS-Q1,387,4067,90.5,pcs_midrank,
POSI-J-025622,P1.05,1.4615384615384615,13,,,,,,3679,4067,9.55,unavailable,psc_confidence_not_rank_eligible
POSI-J-025623,P1.05,27.38558352402746,874,16,16,350,95.57,PCS-Q1,151,4067,96.3,pcs_midrank,
POSI-J-025624,P6.02,3.758490566037736,265,,,17,,,3015,4067,25.88,unavailable,category_below_min_size
POSI-J-025625,P6.02,4.0058823529411764,170,,,17,,,2934,4067,27.87,unavailable,category_below_min_size
POSI-J-025626,P2.01,2.574468085106383,47,62,62,67,8.21,PCS-Q4,3385,4067,16.78,pcs_midrank,
POSI-J-025627,P3.03,0.039574719432959246,1693,69,69,71,3.52,PCS-Q4,4041,4067,0.65,pcs_midrank,
POSI-J-025628,P5.02,24.05759162303665,191,27,27,257,89.69,PCS-Q1,205,4067,94.97,pcs_midrank,
POSI-J-025629,P5.03,1.4444444444444444,18,,,,,,3686,4067,9.37,unavailable,psc_confidence_not_rank_eligible
POSI-J-025630,P5.03,5.013100436681222,229,19,19,29,36.21,PCS-Q3,2632,4067,35.3,pcs_midrank,
POSI-J-025631,P5.01,21.478174603174605,504,5,5,144,96.88,PCS-Q1,279,4067,93.15,pcs_midrank,
POSI-J-025632,P5.01,13.492452830188679,530,12,12,144,92.01,PCS-Q1,773,4067,81.01,pcs_midrank,
POSI-J-025633,P3.01,10.09009009009009,333,34,34,108,68.98,PCS-Q2,1243,4067,69.45,pcs_midrank,
POSI-J-025634,P3.02,3.8648180242634314,577,695,695,1326,47.62,PCS-Q3,2976,4067,26.84,pcs_midrank,
POSI-J-025635,P1.04,3.1882613510520486,903,87,87,91,4.95,PCS-Q4,3179,4067,21.85,pcs_midrank,
POSI-J-025636,P3.02,2.054464285714286,1120,974,974,1326,26.58,PCS-Q3,3531,4067,13.19,pcs_midrank,
POSI-J-025637,P5.09,5.954545454545454,154,16,16,32,51.56,PCS-Q2,2313,4067,43.14,pcs_midrank,
POSI-J-025638,P3.02,4.353790613718411,277,630,630,1326,52.53,PCS-Q2,2821,4067,30.65,pcs_midrank,
POSI-J-025639,,,0,,,,,,,,,unavailable,no_pcs
POSI-J-025640,P1.05,4.605633802816901,213,301,301,350,14.14,PCS-Q4,2748,4067,32.44,pcs_midrank,
POSI-J-025641,P1.01,2.322690217391304,1472,29,29,44,35.23,PCS-Q3,3458,4067,14.99,pcs_midrank,
POSI-J-025642,P6.02,6.29153605015674,319,,,17,,,2198,4067,45.97,unavailable,category_below_min_size
POSI-J-025643,P1.05,3.1019108280254777,1413,328,328,350,6.43,PCS-Q4,3210,4067,21.08,pcs_midrank,
POSI-J-025644,P3.02,7.042944785276074,163,330,330,1326,75.15,PCS-Q1,1969,4067,51.6,pcs_midrank,
POSI-J-025645,P1.06,5.235694822888283,734,305,305,401,24.06,PCS-Q4,2547,4067,37.39,pcs_midrank,
POSI-J-025646,P1.06,,0,,,,,,,,,unavailable,no_pcs
POSI-J-025647,,,0,,,,,,,,,unavailable,no_pcs
POSI-J-025648,P3.02,2.857142857142857,21,,,,,,3300,4067,18.87,unavailable,psc_confidence_not_rank_eligible
POSI-J-025649,P3.02,5.263736263736264,819,520,520,1326,60.82,PCS-Q2,2543,4067,37.48,pcs_midrank,
POSI-J-025650,P3.02,2.892744479495268,317,840,840,1326,36.69,PCS-Q3,3284,4067,19.26,pcs_midrank,
POSI-J-025651,P1.04,4.485294117647059,136,76,76,91,17.03,PCS-Q4,2772,4067,31.85,pcs_midrank,
POSI-J-025652,P5.02,10.195402298850574,87,126,126,257,51.17,PCS-Q2,1228,4067,69.82,pcs_midrank,
POSI-J-025653,P2.03,4.899396378269618,994,65,65,75,14,PCS-Q4,2664,4067,34.51,pcs_midrank,
POSI-J-025654,P1.05,5.507987220447284,313,278,278,350,20.71,PCS-Q4,2462,4067,39.48,pcs_midrank,
POSI-J-025655,P1.05,7.036434977578475,1784,222,222,350,36.71,PCS-Q3,1972,4067,51.52,pcs_midrank,
POSI-J-025656,P1.05,3.431137724550898,167,320,320,350,8.71,PCS-Q4,3105,4067,23.67,pcs_midrank,
POSI-J-025657,P1.05,5.92375366568915,682,265,265,350,24.43,PCS-Q4,2323,4067,42.89,pcs_midrank,
POSI-J-025658,P1.05,,0,,,,,,,,,unavailable,no_pcs
POSI-J-025659,,,0,,,,,,,,,unavailable,no_pcs
POSI-J-025660,P1.05,3.7732342007434942,269,315,315,350,10.14,PCS-Q4,3005,4067,26.12,pcs_midrank,
POSI-J-025661,P1.05,9.81941431670282,1844,149,149,350,57.57,PCS-Q2,1295,4067,68.17,pcs_midrank,
POSI-J-025662,P1.05,11.136495083863505,1729,121,121,350,65.57,PCS-Q2,1074,4067,73.6,pcs_midrank,
POSI-J-025663,P2.11,13.663865546218487,595,93,93,242,61.78,PCS-Q2,758,4067,81.37,pcs_midrank,
POSI-J-025664,P5.02,1,11,,,,,,3801,4067,6.54,unavailable,psc_confidence_not_rank_eligible
POSI-J-025665,P2.03,7.177456207159177,1313,53,53,75,30,PCS-Q3,1921,4067,52.78,pcs_midrank,
POSI-J-025666,P2.03,13.061054819433618,3849,28,28,75,63.33,PCS-Q2,830,4067,79.6,pcs_midrank,
POSI-J-025667,P2.05,1.702127659574468,47,144,144,145,1.03,PCS-Q4,3618,4067,11.05,pcs_midrank,
POSI-J-025668,P2.05,14.193363844393593,1748,53,53,145,63.79,PCS-Q2,706,4067,82.65,pcs_midrank,
POSI-J-025669,P2.05,11.464490674318508,2788,79,79,145,45.86,PCS-Q3,1032,4067,74.64,pcs_midrank,
POSI-J-025670,P2.02,36.852842809364546,299,10,10,93,89.78,PCS-Q1,72,4067,98.24,pcs_midrank,
POSI-J-025671,P2.02,11.980239520958083,3340,37,37,93,60.75,PCS-Q2,956,4067,76.51,pcs_midrank,
POSI-J-025672,P2.05,32.328519855595665,1108,7,7,145,95.52,PCS-Q1,102,4067,97.5,pcs_midrank,
POSI-J-025673,P2.05,8.768433179723502,2604,102,102,145,30,PCS-Q3,1516,4067,62.74,pcs_midrank,
POSI-J-025674,P2.03,5.691168646923213,11278,60,60,75,20.67,PCS-Q4,2395,4067,41.12,pcs_midrank,
POSI-J-025675,P2.02,10.790584415584416,1232,43,43,93,54.3,PCS-Q2,1127,4067,72.3,pcs_midrank,
POSI-J-025676,P2.05,11.195422535211268,568,83,83,145,43.1,PCS-Q3,1069,4067,73.73,pcs_midrank,
POSI-J-025677,P2.05,14.06858924395947,1283,56,56,145,61.72,PCS-Q2,722,4067,82.26,pcs_midrank,
POSI-J-025678,P1.06,4.87527352297593,457,319,319,401,20.57,PCS-Q4,2669,4067,34.39,pcs_midrank,
POSI-J-025679,P5.02,1.8812260536398469,261,250,250,257,2.92,PCS-Q4,3569,4067,12.26,pcs_midrank,
POSI-J-025680,P1.06,14.242622950819673,305,92,92,401,77.18,PCS-Q1,703,4067,82.73,pcs_midrank,
POSI-J-025681,P2.05,27.30252659574468,1504,10,10,145,93.45,PCS-Q1,152,4067,96.27,pcs_midrank,
POSI-J-025682,P2.02,,0,,,,,,,,,unavailable,no_pcs
POSI-J-025683,P3.02,5.053076923076923,1300,549,549,1326,58.63,PCS-Q2,2615,4067,35.71,pcs_midrank,
POSI-J-025684,P3.02,1.391304347826087,23,,,,,,3707,4067,8.86,unavailable,psc_confidence_not_rank_eligible
POSI-J-025685,P4.02,16.61880687563195,989,,,6,,,522,4067,87.18,unavailable,category_below_min_size
POSI-J-025686,P2.11,23.99224960254372,5032,21,21,242,91.53,PCS-Q1,207,4067,94.92,pcs_midrank,
POSI-J-025687,P2.11,10.304259634888439,986,139,139,242,42.77,PCS-Q3,1206,4067,70.36,pcs_midrank,
POSI-J-025688,P2.11,5.5019607843137255,510,218,218,242,10.12,PCS-Q4,2464,4067,39.43,pcs_midrank,
POSI-J-025689,P2.11,15.043414275202355,1359,75,75,242,69.21,PCS-Q2,630,4067,84.52,pcs_midrank,
POSI-J-025690,P1.06,13.468468468468469,333,98,98,401,75.69,PCS-Q1,774,4067,80.98,pcs_midrank,
POSI-J-025691,P2.11,8.804621848739496,476,172,172,242,29.13,PCS-Q3,1509,4067,62.91,pcs_midrank,
POSI-J-025692,P3.02,15.387155963302753,545,68,68,1326,94.91,PCS-Q1,604,4067,85.16,pcs_midrank,
POSI-J-025693,P3.03,0.13003095975232198,323,65,65,71,9.15,PCS-Q4,3993,4067,1.83,pcs_midrank,
POSI-J-025694,P3.03,0.40336134453781514,119,56,56,71,21.83,PCS-Q4,3909,4067,3.9,pcs_midrank,
POSI-J-025695,P3.02,0.06356164383561644,1825,1292,1292,1326,2.6,PCS-Q4,4022,4067,1.12,pcs_midrank,
POSI-J-025696,P3.02,0.1726078799249531,533,1258,1258,1326,5.17,PCS-Q4,3973,4067,2.32,pcs_midrank,
POSI-J-025697,P3.02,0.04908675799086758,876,1303,1303,1326,1.77,PCS-Q4,4036,4067,0.77,pcs_midrank,
POSI-J-025698,P3.03,0.46153846153846156,221,53,53,71,26.06,PCS-Q3,3900,4067,4.12,pcs_midrank,
POSI-J-025699,P3.02,0.138801261829653,951,1271,1271,1326,4.19,PCS-Q4,3992,4067,1.86,pcs_midrank,
POSI-J-025700,P3.02,3.1061224489795918,245,807,807,1326,39.18,PCS-Q3,3209,4067,21.11,pcs_midrank,
POSI-J-025701,P3.02,6.011799410029498,678,434,434,1326,67.31,PCS-Q2,2293,4067,43.63,pcs_midrank,
POSI-J-025702,P3.02,1.9295958279009127,767,989,989,1326,25.45,PCS-Q3,3554,4067,12.63,pcs_midrank,
POSI-J-025703,P3.02,38.57302474062251,1253,8,8,1326,99.43,PCS-Q1,58,4067,98.59,pcs_midrank,
POSI-J-025704,P3.02,2.2728380024360537,821,941,941,1326,29.07,PCS-Q3,3476,4067,14.54,pcs_midrank,
POSI-J-025705,P3.02,0.3248081841432225,391,1230,1230,1326,7.28,PCS-Q4,3932,4067,3.33,pcs_midrank,
POSI-J-025706,P3.02,2.287550744248985,1478,936,936,1326,29.45,PCS-Q3,3468,4067,14.74,pcs_midrank,
POSI-J-025707,P3.02,0.36795048143053644,1454,1224,1224,1326,7.73,PCS-Q4,3922,4067,3.58,pcs_midrank,
POSI-J-025708,P3.02,1.343807763401109,541,1075,1075,1326,18.97,PCS-Q4,3716,4067,8.64,pcs_midrank,
POSI-J-025709,P3.02,2.489884393063584,692,906,906,1326,31.71,PCS-Q3,3409,4067,16.19,pcs_midrank,
POSI-J-025710,P3.02,0.6868217054263566,645,1183,1183,1326,10.82,PCS-Q4,3862,4067,5.05,pcs_midrank,
POSI-J-025711,P3.02,1.0666666666666667,15,1130,1130,1326,14.82,PCS-Q4,3793,4067,6.75,pcs_midrank,
POSI-J-025712,P3.02,1.3585926928281462,739,1073,1073,1326,19.12,PCS-Q4,3714,4067,8.69,pcs_midrank,
POSI-J-025713,,,0,,,,,,,,,unavailable,no_pcs
POSI-J-025714,P3.02,0.16997518610421836,806,1259,1259,1326,5.09,PCS-Q4,3974,4067,2.3,pcs_midrank,
POSI-J-025715,P1.04,3.3678804855275444,1071,84,84,91,8.24,PCS-Q4,3123,4067,23.22,pcs_midrank,
POSI-J-025716,P3.02,7.181451612903226,248,313,313,1326,76.43,PCS-Q1,1918,4067,52.85,pcs_midrank,
POSI-J-025717,P5.01,6.339130434782609,230,72,72,144,50.35,PCS-Q2,2177,4067,46.48,pcs_midrank,
POSI-J-025718,,,0,,,,,,,,,unavailable,no_pcs
POSI-J-025719,P1.06,20.901303538175046,537,46,46,401,88.65,PCS-Q1,299,4067,92.66,pcs_midrank,
POSI-J-025720,P3.02,,0,,,,,,,,,unavailable,no_pcs
POSI-J-025721,,,0,,,,,,,,,unavailable,no_pcs
POSI-J-025722,P2.03,,0,,,,,,,,,unavailable,no_pcs
POSI-J-025723,P1.06,11.444887118193892,753,132,132,401,67.21,PCS-Q2,1034,4067,74.59,pcs_midrank,
POSI-J-025724,P2.02,7.325902335456475,942,68,68,93,27.42,PCS-Q3,1875,4067,53.91,pcs_midrank,
POSI-J-025725,P3.02,6.78066037735849,424,350,350,1326,73.64,PCS-Q2,2045,4067,49.73,pcs_midrank,
POSI-J-025726,P1.06,8.449656287909422,2473,191,191,401,52.49,PCS-Q2,1587,4067,60.99,pcs_midrank,
POSI-J-025727,P4.01,3.4867256637168142,113,110,110,115,4.78,PCS-Q4,3087,4067,24.11,pcs_midrank,
POSI-J-025728,P4.01,20.106460418562328,1099,14,14,115,88.26,PCS-Q1,332,4067,91.85,pcs_midrank,
POSI-J-025729,P3.02,,0,,,,,,,,,unavailable,no_pcs
POSI-J-025730,P2.02,8.687356321839081,435,56,56,93,40.32,PCS-Q3,1531,4067,62.37,pcs_midrank,
POSI-J-025731,P2.02,5.330236486486487,1184,83,83,93,11.29,PCS-Q4,2523,4067,37.98,pcs_midrank,
POSI-J-025732,P1.06,5.9834905660377355,424,274,274,401,31.8,PCS-Q3,2301,4067,43.43,pcs_midrank,
POSI-J-025733,P2.05,12.742579600647598,1853,68,68,145,53.45,PCS-Q2,874,4067,78.52,pcs_midrank,
POSI-J-025734,P1.02,9.415730337078651,534,81,81,133,39.47,PCS-Q3,1377,4067,66.15,pcs_midrank,
POSI-J-025735,P3.02,7.388026607538802,451,292,292,1326,78.02,PCS-Q1,1855,4067,54.4,pcs_midrank,
POSI-J-025736,P3.02,6.605529953917051,1085,361,361,1326,72.81,PCS-Q2,2092,4067,48.57,pcs_midrank,
POSI-J-025737,P2.03,13.955296404275996,2058,25,25,75,67.33,PCS-Q2,730,4067,82.06,pcs_midrank,
POSI-J-025738,P1.06,12.394812680115274,347,119,119,401,70.45,PCS-Q2,911,4067,77.61,pcs_midrank,
POSI-J-025739,P1.06,,0,,,,,,,,,unavailable,no_pcs
POSI-J-025740,P3.02,17.270299145299145,936,49,49,1326,96.34,PCS-Q1,477,4067,88.28,pcs_midrank,
POSI-J-025741,P3.02,27.05019305019305,259,17,17,1326,98.76,PCS-Q1,155,4067,96.2,pcs_midrank,
POSI-J-025742,P3.02,3.9939759036144578,166,678,678,1326,48.91,PCS-Q3,2936,4067,27.82,pcs_midrank,
POSI-J-025743,P2.11,3.945118059987237,3134,230,230,242,5.17,PCS-Q4,2953,4067,27.4,pcs_midrank,
POSI-J-025744,P1.06,36.96379525593009,1602,13,13,401,96.88,PCS-Q1,70,4067,98.29,pcs_midrank,
POSI-J-025745,P3.01,8.483739837398375,246,49,49,108,55.09,PCS-Q2,1577,4067,61.24,pcs_midrank,
POSI-J-025746,P2.11,3.0526315789473686,19,,,,,,3228,4067,20.63,unavailable,psc_confidence_not_rank_eligible
POSI-J-025747,P1.06,,0,,,,,,,,,unavailable,no_pcs
POSI-J-025748,P3.02,2.0619335347432024,2648,970,970,1326,26.89,PCS-Q3,3526,4067,13.31,pcs_midrank,
POSI-J-025749,P1.06,10.117719950433704,807,152,152,401,62.22,PCS-Q2,1234,4067,69.67,pcs_midrank,
POSI-J-025750,P4.01,38.65073041168659,753,1,1,115,99.57,PCS-Q1,56,4067,98.64,pcs_midrank,
POSI-J-025751,P1.06,,0,,,,,,,,,unavailable,no_pcs
POSI-J-025752,P1.06,13.004926108374384,406,110,110,401,72.69,PCS-Q2,840,4067,79.36,pcs_midrank,
POSI-J-025753,P3.02,1.2994836488812394,581,1091,1091,1326,17.76,PCS-Q4,3736,4067,8.15,pcs_midrank,
POSI-J-025754,P3.02,0.14925373134328357,134,1264,1264,1326,4.71,PCS-Q4,3984,4067,2.05,pcs_midrank,
POSI-J-025755,P1.06,19.085057471264367,435,58,58,401,85.66,PCS-Q1,376,4067,90.77,pcs_midrank,
POSI-J-025756,P3.02,6.076686066415611,2921,422,422,1326,68.21,PCS-Q2,2270,4067,44.2,pcs_midrank,
POSI-J-025757,P3.02,4.638680659670165,667,592,592,1326,55.39,PCS-Q2,2738,4067,32.69,pcs_midrank,
POSI-J-025759,P1.06,3.327433628318584,113,364,364,401,9.35,PCS-Q4,3137,4067,22.88,pcs_midrank,
POSI-J-025760,P1.06,6.23448275862069,290,267,267,401,33.54,PCS-Q3,2218,4067,45.48,pcs_midrank,
POSI-J-025761,P1.06,11.544554455445544,101,130,130,401,67.71,PCS-Q2,1015,4067,75.06,pcs_midrank,
POSI-J-025762,P2.11,8.368421052631579,114,181,181,242,25.41,PCS-Q3,1616,4067,60.28,pcs_midrank,
POSI-J-025763,P2.02,40.21801270417423,4408,5,5,93,95.16,PCS-Q1,44,4067,98.93,pcs_midrank,
POSI-J-025764,P2.05,24.501628664495115,307,13,13,145,91.38,PCS-Q1,196,4067,95.19,pcs_midrank,
POSI-J-025765,P2.05,11.14468085106383,705,84,84,145,42.41,PCS-Q3,1072,4067,73.65,pcs_midrank,
POSI-J-025766,P2.11,23.11166429587482,1406,26,26,242,89.46,PCS-Q1,233,4067,94.28,pcs_midrank,
POSI-J-025767,P2.05,18.515418502202643,227,25,25,145,83.1,PCS-Q1,408,4067,89.98,pcs_midrank,
POSI-J-025768,P2.05,10.56060606060606,396,89,89,145,38.97,PCS-Q3,1162,4067,71.44,pcs_midrank,
POSI-J-025769,P2.11,13.089531680440771,726,97,97,242,60.12,PCS-Q2,826,4067,79.7,pcs_midrank,
POSI-J-025770,P3.02,0.05,140,1302,1302,1326,1.85,PCS-Q4,4035,4067,0.8,pcs_midrank,
POSI-J-025771,P1.02,15.561875215442951,2901,36,36,133,73.31,PCS-Q2,590,4067,85.51,pcs_midrank,
POSI-J-025772,P3.01,5.547987616099071,323,85,85,108,21.76,PCS-Q4,2449,4067,39.8,pcs_midrank,
POSI-J-025773,P3.01,10.886440677966101,590,28,28,108,74.54,PCS-Q2,1112,4067,72.67,pcs_midrank,
POSI-J-025774,P3.02,3.3102040816326532,490,767,767,1326,42.19,PCS-Q3,3142,4067,22.76,pcs_midrank,
POSI-J-025775,P3.02,0.33881578947368424,608,1228,1228,1326,7.43,PCS-Q4,3928,4067,3.43,pcs_midrank,
POSI-J-025776,P3.02,0.9567307692307693,208,1141,1141,1326,13.99,PCS-Q4,3806,4067,6.43,pcs_midrank,
POSI-J-025777,P3.02,,0,,,,,,,,,unavailable,no_pcs
POSI-J-025778,P3.02,3.2031746031746033,315,788,788,1326,40.61,PCS-Q3,3174,4067,21.97,pcs_midrank,
POSI-J-025779,P3.02,1.456221198156682,217,1051,1051,1326,20.78,PCS-Q4,3681,4067,9.5,pcs_midrank,
POSI-J-025780,P3.02,0.3674698795180723,166,1225,1225,1326,7.65,PCS-Q4,3923,4067,3.55,pcs_midrank,
POSI-J-025781,P3.02,6.922077922077922,308,338,338,1326,74.55,PCS-Q2,2004,4067,50.74,pcs_midrank,
POSI-J-025782,P3.02,5.774193548387097,31,460,460,1326,65.35,PCS-Q2,2369,4067,41.76,pcs_midrank,
POSI-J-025783,P3.02,1.9527282549972989,3702,987,987,1326,25.6,PCS-Q3,3550,4067,12.72,pcs_midrank,
POSI-J-025784,P1.06,1.2450851900393185,3052,398,398,401,0.87,PCS-Q4,3752,4067,7.76,pcs_midrank,
POSI-J-025785,,,0,,,,,,,,,unavailable,no_pcs
POSI-J-025786,P3.01,6.598214285714286,224,73,73,108,32.87,PCS-Q3,2095,4067,48.5,pcs_midrank,
POSI-J-025787,P3.02,5.211618257261411,241,527,527,1326,60.29,PCS-Q2,2553,4067,37.24,pcs_midrank,
POSI-J-025788,P5.01,0.8776223776223776,286,140,140,144,3.13,PCS-Q4,3822,4067,6.04,pcs_midrank,
POSI-J-025789,P3.01,23.43254198031268,1727,6,6,108,94.91,PCS-Q1,227,4067,94.43,pcs_midrank,
POSI-J-025790,P3.02,4.21671826625387,323,649,649,1326,51.09,PCS-Q2,2864,4067,29.59,pcs_midrank,
POSI-J-025791,P1.05,10.23765996343693,547,138,138,350,60.71,PCS-Q2,1220,4067,70.01,pcs_midrank,
POSI-J-025792,P3.02,4.147826086956521,345,656,656,1326,50.57,PCS-Q2,2888,4067,29,pcs_midrank,
POSI-J-025793,P1.03,5.067961165048544,515,60,60,91,34.62,PCS-Q3,2606,4067,35.94,pcs_midrank,
POSI-J-025794,P1.03,43.95,40,1,1,91,99.45,PCS-Q1,32,4067,99.23,pcs_midrank,
POSI-J-025795,P2.05,15.690095846645367,313,41,41,145,72.07,PCS-Q2,576,4067,85.85,pcs_midrank,
POSI-J-025796,P4.01,24.620689655172413,58,6,6,115,95.22,PCS-Q1,191,4067,95.32,pcs_midrank,
POSI-J-025797,P5.01,8.634831460674157,178,39,39,144,73.26,PCS-Q2,1542,4067,62.1,pcs_midrank,
POSI-J-025798,P1.03,0.06532830523513754,9016,91,91,91,0.55,PCS-Q4,4020,4067,1.17,pcs_midrank,
POSI-J-025799,P1.03,4.122699386503068,163,69,69,91,24.73,PCS-Q4,2894,4067,28.85,pcs_midrank,
POSI-J-025800,P2.05,2.7,10,,,,,,3350,4067,17.64,unavailable,psc_confidence_not_rank_eligible
POSI-J-025801,P2.11,1.2666666666666666,15,240,240,242,1.03,PCS-Q4,3745,4067,7.93,pcs_midrank,
POSI-J-025802,P2.05,2.404672897196262,1070,143,143,145,1.72,PCS-Q4,3440,4067,15.43,pcs_midrank,
POSI-J-025803,P3.02,8.408637873754152,301,227,227,1326,82.92,PCS-Q1,1600,4067,60.67,pcs_midrank,
POSI-J-025804,P1.01,3.4408468244084682,803,21,21,44,53.41,PCS-Q2,3102,4067,23.74,pcs_midrank,
POSI-J-025805,P2.11,8.663742690058479,342,173,173,242,28.72,PCS-Q3,1534,4067,62.29,pcs_midrank,
POSI-J-025806,P1.01,4.208955223880597,737,17,17,44,62.5,PCS-Q2,2866,4067,29.54,pcs_midrank,
POSI-J-025807,P1.03,1.7804878048780488,82,87,87,91,4.95,PCS-Q4,3599,4067,11.52,pcs_midrank,
POSI-J-025808,P5.02,9.9867197875166,753,132,132,257,48.83,PCS-Q3,1262,4067,68.98,pcs_midrank,
POSI-J-025809,P3.03,0.4362934362934363,259,54,54,71,24.65,PCS-Q4,3902,4067,4.07,pcs_midrank,
POSI-J-025810,P1.03,3.816326530612245,98,73,73,91,20.33,PCS-Q4,2989,4067,26.52,pcs_midrank,
POSI-J-025811,P2.03,5.162890625,2560,63,63,75,16.67,PCS-Q4,2571,4067,36.8,pcs_midrank,
POSI-J-025812,P3.02,0.9395509499136442,1737,1144,1144,1326,13.76,PCS-Q4,3810,4067,6.33,pcs_midrank,
POSI-J-025813,P1.03,0.7492163009404389,319,89,89,91,2.75,PCS-Q4,3849,4067,5.37,pcs_midrank,
POSI-J-025814,P3.03,10.306282722513089,1146,7,7,71,90.85,PCS-Q1,1205,4067,70.38,pcs_midrank,
POSI-J-025815,P3.03,13.460305899490168,1373,5,5,71,93.66,PCS-Q1,775,4067,80.96,pcs_midrank,
POSI-J-025816,P3.03,2.9605055292259084,633,37,37,71,48.59,PCS-Q3,3255,4067,19.98,pcs_midrank,
POSI-J-025817,P3.03,3.1853035143769968,313,34,34,71,52.82,PCS-Q2,3181,4067,21.8,pcs_midrank,
POSI-J-025818,P3.03,6.497744360902256,665,15,15,71,79.58,PCS-Q1,2130,4067,47.64,pcs_midrank,
POSI-J-025819,P3.02,1.8571428571428572,357,1000,1000,1326,24.62,PCS-Q4,3575,4067,12.1,pcs_midrank,
POSI-J-025820,P3.02,8.717830882352942,1088,210,210,1326,84.2,PCS-Q1,1525,4067,62.52,pcs_midrank,
POSI-J-025821,P3.02,0.4083769633507853,573,1215,1215,1326,8.41,PCS-Q4,3908,4067,3.92,pcs_midrank,
POSI-J-025822,P3.02,9.226812159002339,1283,191,191,1326,85.63,PCS-Q1,1421,4067,65.07,pcs_midrank,
POSI-J-025823,P3.02,7.047794117647059,544,327,327,1326,75.38,PCS-Q1,1965,4067,51.7,pcs_midrank,
POSI-J-025824,P3.02,,0,,,,,,,,,unavailable,no_pcs
POSI-J-025825,P3.02,4.068441064638783,263,668,668,1326,49.66,PCS-Q3,2912,4067,28.41,pcs_midrank,
POSI-J-025826,P3.02,3.7019027484143763,473,719,719,1326,45.81,PCS-Q3,3031,4067,25.49,pcs_midrank,
POSI-J-025827,P3.02,1.2152777777777777,288,1106,1106,1326,16.63,PCS-Q4,3759,4067,7.59,pcs_midrank,
POSI-J-025828,P3.02,4.24223602484472,322,645,645,1326,51.4,PCS-Q2,2854,4067,29.84,pcs_midrank,
POSI-J-025829,P1.05,13.772727272727273,1562,84,84,350,76.14,PCS-Q1,752,4067,81.52,pcs_midrank,
POSI-J-025830,P1.05,6.913832199546485,441,225,225,350,35.86,PCS-Q3,2008,4067,50.64,pcs_midrank,
POSI-J-025831,P1.06,1.5,2,,,,,,,,,unavailable,too_few_items
POSI-J-025832,P3.02,13.245360824742267,485,94,94,1326,92.95,PCS-Q1,805,4067,80.22,pcs_midrank,
POSI-J-025833,P5.02,18.741496598639454,588,54,54,257,79.18,PCS-Q1,391,4067,90.4,pcs_midrank,
POSI-J-025834,P1.05,22.777912621359224,824,27,27,350,92.43,PCS-Q1,239,4067,94.14,pcs_midrank,
POSI-J-025835,P1.02,9.280373831775702,107,83,83,133,37.97,PCS-Q3,1415,4067,65.22,pcs_midrank,
POSI-J-025836,P2.05,,0,,,,,,,,,unavailable,no_pcs
POSI-J-025837,P5.02,0.95,20,,,,,,3808,4067,6.38,unavailable,psc_confidence_not_rank_eligible
POSI-J-025838,P5.02,3.642857142857143,42,224,224,257,13.04,PCS-Q4,3049,4067,25.04,pcs_midrank,
POSI-J-025839,P5.02,2.7552742616033754,474,237,237,257,7.98,PCS-Q4,3327,4067,18.21,pcs_midrank,
POSI-J-025840,P3.02,0.7604790419161677,167,1169,1169,1326,11.88,PCS-Q4,3844,4067,5.5,pcs_midrank,
POSI-J-025841,P3.02,1.1227272727272728,220,1122,1122,1326,15.42,PCS-Q4,3781,4067,7.04,pcs_midrank,
POSI-J-025842,P3.02,1.6187845303867403,181,1029,1029,1326,22.44,PCS-Q4,3635,4067,10.63,pcs_midrank,
POSI-J-025843,P3.02,1.0574162679425838,209,1132,1132,1326,14.67,PCS-Q4,3795,4067,6.7,pcs_midrank,
POSI-J-025844,P3.02,6.087145969498911,459,420,420,1326,68.36,PCS-Q2,2265,4067,44.32,pcs_midrank,
POSI-J-025845,P3.02,7.635057471264368,1044,273,273,1326,79.45,PCS-Q1,1780,4067,56.25,pcs_midrank,
POSI-J-025846,P2.02,6.698485845951284,1519,75,75,93,19.89,PCS-Q4,2064,4067,49.26,pcs_midrank,
POSI-J-025847,P2.05,10.524782444192207,5286,90,90,145,38.28,PCS-Q3,1172,4067,71.19,pcs_midrank,
POSI-J-025848,P2.02,7.174757281553398,103,70,70,93,25.27,PCS-Q3,1923,4067,52.73,pcs_midrank,
POSI-J-025849,P2.02,11.536906290115533,6232,39,39,93,58.6,PCS-Q2,1020,4067,74.93,pcs_midrank,
POSI-J-025850,P1.02,9.610789121711992,2243,75,75,133,43.98,PCS-Q3,1332,4067,67.26,pcs_midrank,
POSI-J-025851,P3.03,0.01702127659574468,940,71,71,71,0.7,PCS-Q4,4054,4067,0.33,pcs_midrank,
POSI-J-025852,P3.02,3.249169435215947,301,777,777,1326,41.44,PCS-Q3,3160,4067,22.31,pcs_midrank,
POSI-J-025853,P3.02,4.9793296089385475,1790,557,557,1326,58.03,PCS-Q2,2639,4067,35.12,pcs_midrank,
POSI-J-025854,P3.02,1.0879350348027843,4310,1126,1126,1326,15.12,PCS-Q4,3788,4067,6.87,pcs_midrank,
POSI-J-025855,P5.06,1.341317365269461,167,,,14,,,3719,4067,8.57,unavailable,category_below_min_size
POSI-J-025856,P1.05,2.101010101010101,99,343,343,350,2.14,PCS-Q4,3521,4067,13.44,pcs_midrank,
POSI-J-025857,P2.02,7.771905424200278,719,63,63,93,32.8,PCS-Q3,1757,4067,56.81,pcs_midrank,
POSI-J-025858,P1.05,5.337931034482758,435,284,284,350,19,PCS-Q4,2519,4067,38.07,pcs_midrank,
POSI-J-025859,P5.02,10.651933701657459,181,122,122,257,52.72,PCS-Q2,1151,4067,71.71,pcs_midrank,
POSI-J-025860,P5.02,9.86046511627907,215,136,136,257,47.28,PCS-Q3,1287,4067,68.37,pcs_midrank,
POSI-J-025861,P2.11,14.428571428571429,21,,,,,,683,4067,83.22,unavailable,psc_confidence_not_rank_eligible
POSI-J-025862,P2.05,,0,,,,,,,,,unavailable,no_pcs
POSI-J-025863,P3.02,1.2704626334519573,281,1096,1096,1326,17.38,PCS-Q4,3743,4067,7.98,pcs_midrank,
POSI-J-025864,P3.02,6.4016245487364625,1108,382,382,1326,71.23,PCS-Q2,2149,4067,47.17,pcs_midrank,
POSI-J-025865,P3.02,3.5657894736842106,304,736,736,1326,44.53,PCS-Q3,3069,4067,24.55,pcs_midrank,
POSI-J-025866,P3.02,2.21,100,949,949,1326,28.47,PCS-Q3,3492,4067,14.15,pcs_midrank,
POSI-J-025867,P3.02,1.203125,320,1109,1109,1326,16.4,PCS-Q4,3763,4067,7.49,pcs_midrank,
POSI-J-025868,P3.02,0.1391509433962264,424,1270,1270,1326,4.26,PCS-Q4,3991,4067,1.88,pcs_midrank,
POSI-J-025869,P3.02,3.345744680851064,564,764,764,1326,42.42,PCS-Q3,3132,4067,23,pcs_midrank,
POSI-J-025870,P3.02,0.09583333333333334,240,1280,1280,1326,3.51,PCS-Q4,4006,4067,1.51,pcs_midrank,
POSI-J-025871,P5.02,11.876233183856503,1115,105,105,257,59.34,PCS-Q2,965,4067,76.28,pcs_midrank,
POSI-J-025872,P3.02,4.119791666666667,192,659,659,1326,50.34,PCS-Q2,2895,4067,28.83,pcs_midrank,
POSI-J-025873,P3.02,1.489296636085627,327,1047,1047,1326,21.08,PCS-Q4,3672,4067,9.72,pcs_midrank,
POSI-J-025874,P3.02,3.7485242030696577,847,717,717,1326,45.97,PCS-Q3,3020,4067,25.76,pcs_midrank,
POSI-J-025875,P1.05,6.259389083625438,1997,246,246,350,29.86,PCS-Q3,2209,4067,45.7,pcs_midrank,
POSI-J-025876,P1.05,3.3056300268096517,373,321,321,350,8.43,PCS-Q4,3145,4067,22.68,pcs_midrank,
POSI-J-025877,P3.02,2.139776026545002,2411,960,960,1326,27.64,PCS-Q3,3511,4067,13.68,pcs_midrank,
POSI-J-025878,P5.02,7.403292181069959,243,171,171,257,33.66,PCS-Q3,1852,4067,54.48,pcs_midrank,
POSI-J-025879,P1.02,5.986111111111111,144,106,106,133,20.68,PCS-Q4,2300,4067,43.46,pcs_midrank,
POSI-J-025880,P3.02,5.066797642436149,509,546,546,1326,58.86,PCS-Q2,2607,4067,35.91,pcs_midrank,
POSI-J-025881,P3.02,3.902200488997555,2454,691,691,1326,47.93,PCS-Q3,2964,4067,27.13,pcs_midrank,
POSI-J-025882,P2.11,12.219587628865979,970,109,109,242,55.17,PCS-Q2,929,4067,77.17,pcs_midrank,
POSI-J-025883,P3.02,1.6077140169332078,2126,1030,1030,1326,22.36,PCS-Q4,3637,4067,10.59,pcs_midrank,
POSI-J-025884,P3.02,8.20508166969147,2204,246,246,1326,81.49,PCS-Q1,1659,4067,59.22,pcs_midrank,
POSI-J-025885,P3.03,6.2471448149840105,2189,19,19,71,73.94,PCS-Q2,2213,4067,45.6,pcs_midrank,
POSI-J-025886,P1.02,24.420664206642066,3252,12,12,133,91.35,PCS-Q1,198,4067,95.14,pcs_midrank,
POSI-J-025887,P1.02,9.63375796178344,1256,74,74,133,44.74,PCS-Q3,1329,4067,67.33,pcs_midrank,
POSI-J-025888,P5.04,1.9375,16,,,,,,3552,4067,12.66,unavailable,psc_confidence_not_rank_eligible
POSI-J-025889,P3.02,0,1,,,,,,,,,unavailable,too_few_items
POSI-J-025890,P3.02,3.675889328063241,506,725,725,1326,45.36,PCS-Q3,3039,4067,25.29,pcs_midrank,
POSI-J-025891,P3.02,1.8346456692913387,127,1002,1002,1326,24.47,PCS-Q4,3581,4067,11.96,pcs_midrank,
POSI-J-025892,,,0,,,,,,,,,unavailable,no_pcs
POSI-J-025893,P3.02,4.8816793893129775,1048,565,565,1326,57.43,PCS-Q2,2668,4067,34.41,pcs_midrank,
POSI-J-025894,P1.06,4.8192090395480225,177,321,321,401,20.07,PCS-Q4,2689,4067,33.89,pcs_midrank,
POSI-J-025895,P1.05,13.143763213530656,473,95,95,350,73,PCS-Q2,817,4067,79.92,pcs_midrank,
POSI-J-025896,P3.02,0.08061002178649238,459,1286,1286,1326,3.05,PCS-Q4,4013,4067,1.34,pcs_midrank,
POSI-J-025897,P5.04,5.455696202531645,158,27,27,50,47,PCS-Q3,2482,4067,38.98,pcs_midrank,
POSI-J-025898,P1.02,2.947019867549669,151,119,119,133,10.9,PCS-Q4,3259,4067,19.88,pcs_midrank,
POSI-J-025899,P3.02,,0,,,,,,,,,unavailable,no_pcs
POSI-J-025900,P3.02,1.5994397759103642,357,1032,1032,1326,22.21,PCS-Q4,3640,4067,10.51,pcs_midrank,
POSI-J-025901,P5.01,1.9875,80,131,131,144,9.38,PCS-Q4,3542,4067,12.92,pcs_midrank,
POSI-J-025902,P5.06,,0,,,,,,,,,unavailable,no_pcs
POSI-J-025903,P2.11,0.42857142857142855,35,,,,,,3904,4067,4.02,unavailable,psc_confidence_not_rank_eligible
POSI-J-025904,P1.05,6.342281879194631,149,242,242,350,31,PCS-Q3,2173,4067,46.58,pcs_midrank,
POSI-J-025905,P3.02,,0,,,,,,,,,unavailable,no_pcs
POSI-J-025906,P1.02,9.432258064516128,310,79,79,133,40.98,PCS-Q3,1371,4067,66.3,pcs_midrank,
POSI-J-025907,P4.01,10.220930232558139,1462,66,66,115,43.04,PCS-Q3,1223,4067,69.94,pcs_midrank,
POSI-J-025908,P3.02,4.3355263157894735,304,632,632,1326,52.38,PCS-Q2,2829,4067,30.45,pcs_midrank,
POSI-J-025909,P2.11,13.025316455696203,237,99,99,242,59.3,PCS-Q2,836,4067,79.46,pcs_midrank,
POSI-J-025910,P3.03,,0,,,,,,,,,unavailable,no_pcs
POSI-J-025911,P5.02,1.5,24,,,,,,3668,4067,9.8,unavailable,psc_confidence_not_rank_eligible
POSI-J-025912,P3.02,1.7303370786516854,445,1018,1018,1326,23.27,PCS-Q4,3612,4067,11.2,pcs_midrank,
POSI-J-025913,P3.02,1.2571428571428571,70,1099,1099,1326,17.16,PCS-Q4,3748,4067,7.86,pcs_midrank,
POSI-J-025914,P1.06,34.5850622406639,241,16,16,401,96.13,PCS-Q1,81,4067,98.02,pcs_midrank,
POSI-J-025915,P1.06,36.31528662420382,628,14,14,401,96.63,PCS-Q1,75,4067,98.17,pcs_midrank,
POSI-J-025916,P3.02,6.337662337662338,154,390,390,1326,70.63,PCS-Q2,2179,4067,46.43,pcs_midrank,
POSI-J-025917,,,0,,,,,,,,,unavailable,no_pcs
POSI-J-025918,P2.02,6.2707182320441985,362,79,79,93,15.59,PCS-Q4,2203,4067,45.84,pcs_midrank,
POSI-J-025919,P1.03,5.839743589743589,1404,48,48,91,47.8,PCS-Q3,2353,4067,42.16,pcs_midrank,
POSI-J-025920,P1.03,7.635593220338983,1062,35,35,91,62.09,PCS-Q2,1779,4067,56.27,pcs_midrank,
POSI-J-025921,P3.02,1.591553369973966,3457,1034,1034,1326,22.06,PCS-Q4,3642,4067,10.46,pcs_midrank,
POSI-J-025922,P2.02,5.775956284153006,1098,82,82,93,12.37,PCS-Q4,2367,4067,41.81,pcs_midrank,
POSI-J-025923,P3.02,4.074850299401198,334,665,665,1326,49.89,PCS-Q3,2907,4067,28.53,pcs_midrank,
POSI-J-025924,P3.02,6.029850746268656,469,429,429,1326,67.68,PCS-Q2,2285,4067,43.83,pcs_midrank,
POSI-J-025925,P3.02,0.3218390804597701,348,1231,1231,1326,7.2,PCS-Q4,3933,4067,3.31,pcs_midrank,
POSI-J-025926,P1.05,9.494416243654822,985,159,159,350,54.71,PCS-Q2,1358,4067,66.62,pcs_midrank,
POSI-J-025927,P1.03,13.15444348576359,1159,12,12,91,87.36,PCS-Q1,816,4067,79.95,pcs_midrank,
POSI-J-025928,P1.05,4.185676392572944,377,307,307,350,12.43,PCS-Q4,2876,4067,29.3,pcs_midrank,
POSI-J-025929,P3.01,6.196043165467626,556,79,79,108,27.31,PCS-Q3,2233,4067,45.11,pcs_midrank,
POSI-J-025930,P4.01,7.653426017874876,1007,90,90,115,22.17,PCS-Q4,1774,4067,56.39,pcs_midrank,
POSI-J-025931,P3.02,1.4331370899915896,1189,1056,1056,1326,20.4,PCS-Q4,3688,4067,9.33,pcs_midrank,
POSI-J-025932,P1.06,1.4882116158711904,1739,395,395,401,1.62,PCS-Q4,3674,4067,9.68,pcs_midrank,
POSI-J-025933,P1.06,19.684111141084436,3707,53,53,401,86.91,PCS-Q1,351,4067,91.38,pcs_midrank,
POSI-J-025934,P3.02,0.10091743119266056,763,1277,1277,1326,3.73,PCS-Q4,4000,4067,1.66,pcs_midrank,
POSI-J-025935,P3.02,2.7369361322018757,2239,866,866,1326,34.73,PCS-Q3,3334,4067,18.04,pcs_midrank,
POSI-J-025936,P1.03,4.397408207343412,463,66,66,91,28.02,PCS-Q3,2804,4067,31.07,pcs_midrank,
POSI-J-025937,P1.06,14.96103896103896,308,80,80,401,80.17,PCS-Q1,635,4067,84.4,pcs_midrank,
POSI-J-025938,P4.01,4.392156862745098,204,108,108,115,6.52,PCS-Q4,2805,4067,31.04,pcs_midrank,
POSI-J-025939,P4.01,16.882882882882882,333,24,24,115,79.57,PCS-Q1,498,4067,87.77,pcs_midrank,
POSI-J-025940,P4.01,12.284358826912019,3478,46,46,115,60.43,PCS-Q2,923,4067,77.32,pcs_midrank,
POSI-J-025941,P4.01,,0,,,,,,,,,unavailable,no_pcs
POSI-J-025942,P4.01,11.65,1340,51,51,115,56.09,PCS-Q2,998,4067,75.47,pcs_midrank,
POSI-J-025943,P1.06,4.8428571428571425,70,320,320,401,20.32,PCS-Q4,2681,4067,34.09,pcs_midrank,
POSI-J-025944,P5.04,5.162698412698413,252,28,28,50,45,PCS-Q3,2572,4067,36.77,pcs_midrank,
POSI-J-025945,P1.05,3.7083333333333335,264,316,316,350,9.86,PCS-Q4,3028,4067,25.56,pcs_midrank,
POSI-J-025946,P5.04,11.206946454413893,691,11,11,50,79,PCS-Q1,1066,4067,73.8,pcs_midrank,
POSI-J-025947,P5.02,3.75,8,,,,,,3018,4067,25.81,unavailable,psc_confidence_not_rank_eligible
POSI-J-025948,P2.05,18.104542626011202,1607,31,31,145,78.97,PCS-Q1,434,4067,89.34,pcs_midrank,
POSI-J-025949,P4.01,16.948603351955306,1790,23,23,115,80.43,PCS-Q1,495,4067,87.84,pcs_midrank,
POSI-J-025950,,,0,,,,,,,,,unavailable,no_pcs
POSI-J-025951,P2.11,,0,,,,,,,,,unavailable,no_pcs
POSI-J-025952,P3.02,6.176304654442878,709,413,413,1326,68.89,PCS-Q2,2238,4067,44.98,pcs_midrank,
POSI-J-025953,P3.02,0.06228373702422145,289,1293,1293,1326,2.53,PCS-Q4,4023,4067,1.09,pcs_midrank,
POSI-J-025954,P3.02,0.06048387096774194,248,1296,1296,1326,2.3,PCS-Q4,4027,4067,1,pcs_midrank,
POSI-J-025955,P5.01,1.2209302325581395,86,138,138,144,4.51,PCS-Q4,3757,4067,7.63,pcs_midrank,
POSI-J-025956,P1.05,7.293900184842884,1082,212,212,350,39.57,PCS-Q3,1883,4067,53.71,pcs_midrank,
POSI-J-025957,P2.11,10.550691244239632,868,135,135,242,44.42,PCS-Q3,1163,4067,71.42,pcs_midrank,
POSI-J-025958,,,0,,,,,,,,,unavailable,no_pcs
POSI-J-025959,P2.11,6.040816326530612,49,214,214,242,11.78,PCS-Q4,2280,4067,43.95,pcs_midrank,
POSI-J-025960,P3.02,,0,,,,,,,,,unavailable,no_pcs
POSI-J-025961,P3.02,4.4145616641901935,673,620,620,1326,53.28,PCS-Q2,2797,4067,31.24,pcs_midrank,
POSI-J-025962,P3.02,8.171597633136095,169,250,250,1326,81.18,PCS-Q1,1670,4067,58.95,pcs_midrank,
POSI-J-025963,P3.02,9.610508757297747,1199,180,180,1326,86.46,PCS-Q1,1333,4067,67.24,pcs_midrank,
POSI-J-025964,P1.06,6.569879518072289,830,254,254,401,36.78,PCS-Q3,2108,4067,48.18,pcs_midrank,
POSI-J-025965,P1.06,,0,,,,,,,,,unavailable,no_pcs
POSI-J-025966,P3.02,7.330188679245283,318,301,301,1326,77.34,PCS-Q1,1873,4067,53.96,pcs_midrank,
POSI-J-025967,P3.02,5.709418837675351,499,465,465,1326,64.97,PCS-Q2,2389,4067,41.27,pcs_midrank,
POSI-J-025968,P5.02,8.888667992047713,503,147,147,257,43,PCS-Q3,1491,4067,63.35,pcs_midrank,
POSI-J-025969,P2.11,5.01950313443232,4307,222,222,242,8.47,PCS-Q4,2629,4067,35.37,pcs_midrank,
POSI-J-025970,P2.01,2.7372286079182633,3132,61,61,67,9.7,PCS-Q4,3333,4067,18.06,pcs_midrank,
POSI-J-025971,P2.11,9.207025411061286,1338,165,165,242,32.02,PCS-Q3,1426,4067,64.95,pcs_midrank,
POSI-J-025972,P1.05,2.481818181818182,220,341,341,350,2.71,PCS-Q4,3414,4067,16.07,pcs_midrank,
POSI-J-025973,P1.06,11.830022075055188,1359,126,126,401,68.7,PCS-Q2,975,4067,76.04,pcs_midrank,
POSI-J-025974,P2.11,18.53133133133133,4995,45,45,242,81.61,PCS-Q1,407,4067,90,pcs_midrank,
POSI-J-025976,P3.02,0.05507246376811594,1035,1299,1299,1326,2.07,PCS-Q4,4032,4067,0.87,pcs_midrank,
POSI-J-025977,P2.03,39.97802197802198,182,5,5,75,94,PCS-Q1,46,4067,98.88,pcs_midrank,
POSI-J-025978,P1.06,10.98062015503876,258,138,138,401,65.71,PCS-Q2,1099,4067,72.99,pcs_midrank,
POSI-J-025979,P3.02,13.077551020408164,490,99,99,1326,92.57,PCS-Q1,828,4067,79.65,pcs_midrank,
POSI-J-025980,P2.05,5.680851063829787,47,131,131,145,10,PCS-Q4,2398,4067,41.05,pcs_midrank,
POSI-J-025981,P5.02,6.384615384615385,52,185,185,257,28.21,PCS-Q3,2154,4067,47.05,pcs_midrank,
POSI-J-025982,P2.11,98.62411347517731,141,1,1,242,99.79,PCS-Q1,2,4067,99.96,pcs_midrank,
POSI-J-025983,P2.01,4.944444444444445,180,58,58,67,14.18,PCS-Q4,2653,4067,34.78,pcs_midrank,
POSI-J-025984,P1.06,44.36,125,8,8,401,98.13,PCS-Q1,31,4067,99.25,pcs_midrank,
POSI-J-025985,P2.03,99.90393013100437,458,1,1,75,99.33,PCS-Q1,1,4067,99.99,pcs_midrank,
POSI-J-025986,P2.05,15.268456375838927,447,46,46,145,68.62,PCS-Q2,614,4067,84.92,pcs_midrank,
POSI-J-025987,P3.01,9.73855544252289,983,39,39,108,64.35,PCS-Q2,1313,4067,67.73,pcs_midrank,
POSI-J-025988,P3.01,16.72584856396867,383,10,10,108,91.2,PCS-Q1,511,4067,87.45,pcs_midrank,
POSI-J-025989,P2.03,8.866666666666667,1575,45,45,75,40.67,PCS-Q3,1494,4067,63.28,pcs_midrank,
POSI-J-025990,P1.04,18.704918032786885,61,8,8,91,91.76,PCS-Q1,394,4067,90.32,pcs_midrank,
POSI-J-025991,P1.05,9.136585365853659,615,168,168,350,52.14,PCS-Q2,1438,4067,64.65,pcs_midrank,
POSI-J-025992,,,0,,,,,,,,,unavailable,no_pcs
POSI-J-025993,P2.05,10.406823184152605,2726,91,91,145,37.59,PCS-Q3,1186,4067,70.85,pcs_midrank,
POSI-J-025994,P1.03,39.34108527131783,129,3,3,91,97.25,PCS-Q1,48,4067,98.83,pcs_midrank,
POSI-J-025995,P3.02,1.121301775147929,338,1123,1123,1326,15.35,PCS-Q4,3782,4067,7.02,pcs_midrank,
POSI-J-025996,P5.02,9.474226804123711,97,138,138,257,46.5,PCS-Q3,1362,4067,66.52,pcs_midrank,
POSI-J-025997,P2.05,56.4625,240,1,1,145,99.66,PCS-Q1,14,4067,99.67,pcs_midrank,
POSI-J-025998,P1.03,19.011494252873565,87,6,6,91,93.96,PCS-Q1,381,4067,90.64,pcs_midrank,
POSI-J-025999,P3.02,39.05,240,6,6,1326,99.59,PCS-Q1,54,4067,98.68,pcs_midrank,
POSI-J-026000,P2.05,15.525773195876289,97,45,45,145,69.31,PCS-Q2,595,4067,85.38,pcs_midrank,
POSI-J-026001,P1.03,9.770833333333334,48,25,25,91,73.08,PCS-Q2,1307,4067,67.88,pcs_midrank,
POSI-J-026002,P3.02,6.695876288659794,194,355,355,1326,73.27,PCS-Q2,2065,4067,49.24,pcs_midrank,
POSI-J-026003,P1.06,6.152091254752852,263,270,270,401,32.79,PCS-Q3,2244,4067,44.84,pcs_midrank,
POSI-J-026004,P1.06,3.881679389312977,524,352,352,401,12.34,PCS-Q4,2969,4067,27.01,pcs_midrank,
POSI-J-026005,P1.06,4.401360544217687,147,333,333,401,17.08,PCS-Q4,2802,4067,31.12,pcs_midrank,
POSI-J-026006,P3.02,0.12299465240641712,374,1273,1273,1326,4.03,PCS-Q4,3995,4067,1.78,pcs_midrank,
POSI-J-026007,P5.01,0.3333333333333333,6,,,,,,3931,4067,3.36,unavailable,psc_confidence_not_rank_eligible
POSI-J-026008,P5.01,6.1980519480519485,308,74,74,144,48.96,PCS-Q3,2232,4067,45.13,pcs_midrank,
POSI-J-026009,P3.02,0.8020833333333334,288,1163,1163,1326,12.33,PCS-Q4,3836,4067,5.69,pcs_midrank,
POSI-J-026010,P3.01,5.6477272727272725,440,84,84,108,22.69,PCS-Q4,2413,4067,40.68,pcs_midrank,
POSI-J-026011,P5.01,1.4132231404958677,121,137,137,144,5.21,PCS-Q4,3697,4067,9.11,pcs_midrank,
POSI-J-026012,P5.04,1.1262135922330097,103,45,45,50,11,PCS-Q4,3778,4067,7.12,pcs_midrank,
POSI-J-026013,P5.01,10.202185792349727,732,31,31,144,78.82,PCS-Q1,1227,4067,69.84,pcs_midrank,
POSI-J-026014,P3.01,6.344262295081967,1464,74,74,108,31.94,PCS-Q3,2172,4067,46.61,pcs_midrank,
POSI-J-026015,P5.08,11.490765171503957,379,,,1,,,1025,4067,74.81,unavailable,category_below_min_size
POSI-J-026016,P3.02,,0,,,,,,,,,unavailable,no_pcs
POSI-J-026017,P3.02,7.073863636363637,176,323,323,1326,75.68,PCS-Q1,1953,4067,51.99,pcs_midrank,
POSI-J-026018,P3.02,6.580321285140562,498,364,364,1326,72.59,PCS-Q2,2104,4067,48.28,pcs_midrank,
POSI-J-026019,P1.03,,0,,,,,,,,,unavailable,no_pcs
POSI-J-026020,,,0,,,,,,,,,unavailable,no_pcs
POSI-J-026021,P1.03,1.4,5,,,,,,3701,4067,8.97,unavailable,psc_confidence_not_rank_eligible
POSI-J-026022,P5.02,9.50390625,512,137,137,257,46.89,PCS-Q3,1355,4067,66.7,pcs_midrank,
POSI-J-026023,P1.05,6.067901234567901,324,254,254,350,27.57,PCS-Q3,2274,4067,44.1,pcs_midrank,
POSI-J-026024,P1.05,5.036832412523021,1086,292,292,350,16.71,PCS-Q4,2618,4067,35.64,pcs_midrank,
POSI-J-026025,P1.05,8.057603686635945,1736,198,198,350,43.57,PCS-Q3,1690,4067,58.46,pcs_midrank,
POSI-J-026026,P1.03,4.286926994906621,589,67,67,91,26.92,PCS-Q3,2846,4067,30.03,pcs_midrank,
POSI-J-026027,P3.02,5.23050259965338,1154,522,522,1326,60.67,PCS-Q2,2548,4067,37.36,pcs_midrank,
POSI-J-026028,P3.02,0.9382422802850356,421,1145,1145,1326,13.69,PCS-Q4,3811,4067,6.31,pcs_midrank,
POSI-J-026029,P3.02,2.1277173913043477,368,965,965,1326,27.26,PCS-Q3,3517,4067,13.54,pcs_midrank,
POSI-J-026030,P3.02,3.683297180043384,461,723,723,1326,45.51,PCS-Q3,3037,4067,25.34,pcs_midrank,
POSI-J-026031,P3.02,1.5843307086614173,12700,1036,1036,1326,21.91,PCS-Q4,3644,4067,10.41,pcs_midrank,
POSI-J-026032,P1.05,5.663424124513619,514,274,274,350,21.86,PCS-Q4,2406,4067,40.85,pcs_midrank,
POSI-J-026033,P1.05,5.833333333333333,162,268,268,350,23.57,PCS-Q4,2357,4067,42.06,pcs_midrank,
POSI-J-026034,P2.05,11.622522522522523,1110,77,77,145,47.24,PCS-Q3,1005,4067,75.3,pcs_midrank,
POSI-J-026035,P3.02,0.3824130879345603,489,1220,1220,1326,8.03,PCS-Q4,3917,4067,3.7,pcs_midrank,
POSI-J-026036,P1.06,4,2,,,,,,,,,unavailable,too_few_items
POSI-J-026037,P5.02,9.045774647887324,284,145,145,257,43.77,PCS-Q3,1456,4067,64.21,pcs_midrank,
POSI-J-026038,P1.05,2.9411764705882355,2227,332,332,350,5.29,PCS-Q4,3262,4067,19.81,pcs_midrank,
POSI-J-026039,P1.05,10.054054054054054,148,141,141,350,59.86,PCS-Q2,1250,4067,69.28,pcs_midrank,
POSI-J-026040,P1.05,9.585714285714285,630,154,154,350,56.14,PCS-Q2,1339,4067,67.09,pcs_midrank,
POSI-J-026041,P3.02,1.2280701754385965,228,1104,1104,1326,16.78,PCS-Q4,3756,4067,7.66,pcs_midrank,
POSI-J-026042,P2.11,31.991367403314918,2896,8,8,242,96.9,PCS-Q1,105,4067,97.43,pcs_midrank,
POSI-J-026043,P1.05,5.357205240174673,1145,283,283,350,19.29,PCS-Q4,2512,4067,38.25,pcs_midrank,
POSI-J-026044,P1.05,31.46211714132187,1861,5,5,350,98.71,PCS-Q1,113,4067,97.23,pcs_midrank,
POSI-J-026045,P2.11,22.647540983606557,366,27,27,242,89.05,PCS-Q1,243,4067,94.04,pcs_midrank,
POSI-J-026046,P2.02,3.9,10,,,,,,2965,4067,27.11,unavailable,psc_confidence_not_rank_eligible
POSI-J-026047,P2.11,50.79358770535241,3774,2,2,242,99.38,PCS-Q1,20,4067,99.52,pcs_midrank,
POSI-J-026048,P1.03,2.5,196,85,85,91,7.14,PCS-Q4,3402,4067,16.34,pcs_midrank,
POSI-J-026049,P3.02,5.898876404494382,356,446,446,1326,66.4,PCS-Q2,2336,4067,42.57,pcs_midrank,
POSI-J-026050,P3.02,5.814860681114551,1615,456,456,1326,65.65,PCS-Q2,2360,4067,41.98,pcs_midrank,
POSI-J-026051,P3.02,7.198019801980198,707,308,308,1326,76.81,PCS-Q1,1910,4067,53.05,pcs_midrank,
POSI-J-026052,P5.01,1.5548387096774194,155,133,133,144,7.99,PCS-Q4,3653,4067,10.19,pcs_midrank,
POSI-J-026054,P1.05,2.858108108108108,148,335,335,350,4.43,PCS-Q4,3299,4067,18.9,pcs_midrank,
POSI-J-026055,P5.01,6.892757660167131,718,64,64,144,55.9,PCS-Q2,2019,4067,50.37,pcs_midrank,
POSI-J-026056,P5.02,3.3957219251336896,187,228,228,257,11.48,PCS-Q4,3113,4067,23.47,pcs_midrank,
POSI-J-026057,P3.01,0.8181818181818182,11,107,107,108,1.39,PCS-Q4,3831,4067,5.82,pcs_midrank,
POSI-J-026058,,,0,,,,,,,,,unavailable,no_pcs
POSI-J-026059,P5.02,17.87955182072829,1428,61,61,257,76.46,PCS-Q1,449,4067,88.97,pcs_midrank,
POSI-J-026060,P6.02,19.26618705035971,278,,,17,,,367,4067,90.99,unavailable,category_below_min_size
POSI-J-026061,P1.06,9.317073170731707,246,170,170,401,57.73,PCS-Q2,1402,4067,65.54,pcs_midrank,
POSI-J-026062,P5.02,6.340425531914893,47,187,187,257,27.43,PCS-Q3,2175,4067,46.53,pcs_midrank,
POSI-J-026063,P5.02,28.328611898016998,706,18,18,257,93.19,PCS-Q1,140,4067,96.57,pcs_midrank,
POSI-J-026064,P3.02,5.432324840764331,1256,494,494,1326,62.78,PCS-Q2,2487,4067,38.86,pcs_midrank,
POSI-J-026065,P5.04,4.762773722627737,274,33,33,50,35,PCS-Q3,2703,4067,33.55,pcs_midrank,
POSI-J-026066,P2.01,7.576347305389222,668,48,48,67,29.1,PCS-Q3,1799,4067,55.78,pcs_midrank,
POSI-J-026067,P2.01,8.959893048128341,374,38,38,67,44.03,PCS-Q3,1473,4067,63.79,pcs_midrank,
POSI-J-026068,P1.06,4.805732484076433,1256,323,323,401,19.58,PCS-Q4,2695,4067,33.75,pcs_midrank,
POSI-J-026069,P5.02,8.762820512820513,156,150,150,257,41.83,PCS-Q3,1517,4067,62.71,pcs_midrank,
POSI-J-026070,P1.05,31.106382978723403,2256,6,6,350,98.43,PCS-Q1,117,4067,97.14,pcs_midrank,
POSI-J-026071,P3.02,4.7484375,640,581,581,1326,56.22,PCS-Q2,2708,4067,33.43,pcs_midrank,
POSI-J-026072,P3.02,6.491240875912409,1370,376,376,1326,71.68,PCS-Q2,2131,4067,47.61,pcs_midrank,
POSI-J-026073,P3.02,1.5830721003134796,319,1037,1037,1326,21.83,PCS-Q4,3646,4067,10.36,pcs_midrank,
POSI-J-026074,P3.02,4.534722222222222,432,605,605,1326,54.41,PCS-Q2,2762,4067,32.1,pcs_midrank,
POSI-J-026075,P1.05,8.8,10,,,,,,1510,4067,62.88,unavailable,psc_confidence_not_rank_eligible
POSI-J-026076,P1.05,9.793103448275861,29,151,151,350,57,PCS-Q2,1300,4067,68.05,pcs_midrank,
POSI-J-026077,P3.02,2.0423162583518932,449,975,975,1326,26.51,PCS-Q3,3533,4067,13.14,pcs_midrank,
POSI-J-026078,P3.02,0.9856801909307876,419,1140,1140,1326,14.06,PCS-Q4,3804,4067,6.48,pcs_midrank,
POSI-J-026079,P5.02,8.491452991452991,234,152,152,257,41.05,PCS-Q3,1573,4067,61.34,pcs_midrank,
POSI-J-026080,P1.05,4.238515901060071,566,305,305,350,13,PCS-Q4,2855,4067,29.81,pcs_midrank,
POSI-J-026081,P1.03,14.434782608695652,46,10,10,91,89.56,PCS-Q1,681,4067,83.27,pcs_midrank,
POSI-J-026082,P3.02,0.375,56,1221,1221,1326,7.96,PCS-Q4,3919,4067,3.65,pcs_midrank,
POSI-J-026083,P3.02,0.3387096774193548,62,1229,1229,1326,7.35,PCS-Q4,3929,4067,3.41,pcs_midrank,
POSI-J-026084,P3.02,0.2756606397774687,3595,1238,1238,1326,6.67,PCS-Q4,3942,4067,3.09,pcs_midrank,
POSI-J-026085,P3.02,1.2944162436548223,394,1092,1092,1326,17.68,PCS-Q4,3737,4067,8.13,pcs_midrank,
POSI-J-026086,P5.01,1.5185185185185186,351,135,135,144,6.6,PCS-Q4,3664,4067,9.92,pcs_midrank,
POSI-J-026087,P5.01,0.7619047619047619,189,141,141,144,2.43,PCS-Q4,3843,4067,5.52,pcs_midrank,
POSI-J-026088,P3.02,0.453125,320,1211,1211,1326,8.71,PCS-Q4,3901,4067,4.09,pcs_midrank,
POSI-J-026089,P3.02,0.21254355400696864,287,1251,1251,1326,5.69,PCS-Q4,3965,4067,2.52,pcs_midrank,
POSI-J-026090,P3.02,1.150214592274678,466,1114,1114,1326,16.03,PCS-Q4,3770,4067,7.31,pcs_midrank,
POSI-J-026091,P3.02,0.7310195227765727,461,1174,1174,1326,11.5,PCS-Q4,3852,4067,5.3,pcs_midrank,
POSI-J-026092,P3.02,0.652396010702992,4111,1188,1188,1326,10.44,PCS-Q4,3868,4067,4.91,pcs_midrank,
POSI-J-026093,P3.02,1.6317689530685922,831,1027,1027,1326,22.59,PCS-Q4,3631,4067,10.73,pcs_midrank,
POSI-J-026094,P3.02,0.5,20,1205,1205,1326,9.16,PCS-Q4,3893,4067,4.29,pcs_midrank,
POSI-J-026095,P3.02,1.3618233618233617,351,1072,1072,1326,19.19,PCS-Q4,3713,4067,8.72,pcs_midrank,
POSI-J-026096,P3.02,0.47413793103448276,116,1210,1210,1326,8.79,PCS-Q4,3899,4067,4.14,pcs_midrank,
POSI-J-026097,P3.02,0.04806201550387597,645,1304,1304,1326,1.7,PCS-Q4,4037,4067,0.75,pcs_midrank,
POSI-J-026098,P3.02,0.48753462603878117,361,1209,1209,1326,8.86,PCS-Q4,3897,4067,4.19,pcs_midrank,
POSI-J-026099,P3.02,0.7464788732394366,213,1173,1173,1326,11.58,PCS-Q4,3850,4067,5.35,pcs_midrank,
POSI-J-026100,P3.02,4.080645161290323,62,664,664,1326,49.96,PCS-Q3,2905,4067,28.58,pcs_midrank,
POSI-J-026101,P3.02,1.3311688311688312,154,1079,1079,1326,18.67,PCS-Q4,3723,4067,8.47,pcs_midrank,
POSI-J-026102,P5.01,0.6339285714285714,224,143,143,144,1.04,PCS-Q4,3871,4067,4.83,pcs_midrank,
POSI-J-026103,P5.03,4.9875,80,20,20,29,32.76,PCS-Q3,2638,4067,35.15,pcs_midrank,
POSI-J-026104,P5.01,6.0125,80,78,78,144,46.18,PCS-Q3,2292,4067,43.66,pcs_midrank,
POSI-J-026106,P3.02,0.2846153846153846,260,1236,1236,1326,6.83,PCS-Q4,3940,4067,3.13,pcs_midrank,
POSI-J-026107,P3.02,0.054005400540054004,1111,1301,1301,1326,1.92,PCS-Q4,4034,4067,0.82,pcs_midrank,
POSI-J-026108,P3.03,0.4221556886227545,1336,55,55,71,23.24,PCS-Q4,3905,4067,4,pcs_midrank,
POSI-J-026109,P5.01,3.3536585365853657,164,124,124,144,14.24,PCS-Q4,3127,4067,23.13,pcs_midrank,
POSI-J-026110,P3.02,0.2670807453416149,1449,1240,1240,1326,6.52,PCS-Q4,3944,4067,3.04,pcs_midrank,
POSI-J-026111,P3.03,0.16,125,63,63,71,11.97,PCS-Q4,3980,4067,2.15,pcs_midrank,
POSI-J-026112,P3.03,0.15166666666666667,1200,64,64,71,10.56,PCS-Q4,3983,4067,2.08,pcs_midrank,
POSI-J-026113,P3.02,0.039301310043668124,229,1307,1307,1326,1.47,PCS-Q4,4042,4067,0.63,pcs_midrank,
POSI-J-026114,P3.02,0.6253405994550408,734,1192,1192,1326,10.14,PCS-Q4,3873,4067,4.78,pcs_midrank,
POSI-J-026115,P3.02,0.03294777427269541,2853,1310,1310,1326,1.24,PCS-Q4,4045,4067,0.55,pcs_midrank,
POSI-J-026116,P3.02,0.27865111561866124,3944,1237,1237,1326,6.75,PCS-Q4,3941,4067,3.11,pcs_midrank,
POSI-J-026117,P3.02,0.22727272727272727,66,1249,1249,1326,5.84,PCS-Q4,3961,4067,2.62,pcs_midrank,
POSI-J-026118,P1.05,1.84,100,346,346,350,1.29,PCS-Q4,3579,4067,12.01,pcs_midrank,
POSI-J-026119,P3.02,1.38548457192525,2301,1069,1069,1326,19.42,PCS-Q4,3709,4067,8.81,pcs_midrank,
POSI-J-026120,P3.02,0.06181959564541213,2572,1294,1294,1326,2.45,PCS-Q4,4024,4067,1.07,pcs_midrank,
POSI-J-026121,P3.02,0.1206896551724138,58,1275,1275,1326,3.88,PCS-Q4,3997,4067,1.73,pcs_midrank,
POSI-J-026122,P3.02,0.15168539325842698,178,1263,1263,1326,4.79,PCS-Q4,3982,4067,2.1,pcs_midrank,
POSI-J-026123,P3.02,4.442367601246106,321,615,615,1326,53.66,PCS-Q2,2784,4067,31.56,pcs_midrank,
POSI-J-026124,P4.01,9.2911051212938,742,72,72,115,37.83,PCS-Q3,1410,4067,65.34,pcs_midrank,
POSI-J-026125,P2.11,14.91814946619217,843,76,76,242,68.8,PCS-Q2,638,4067,84.33,pcs_midrank,
POSI-J-026126,,36.07227138643068,678,,,,,,76,4067,98.14,unavailable,no_psc_category
POSI-J-026127,P5.04,0.4752475247524752,101,47,47,50,7,PCS-Q4,3898,4067,4.17,pcs_midrank,
POSI-J-026128,P3.03,18.51170568561873,1196,1,1,71,99.3,PCS-Q1,409,4067,89.96,pcs_midrank,
POSI-J-026129,,,0,,,,,,,,,unavailable,no_pcs
POSI-J-026130,P3.02,0.25,444,1246,1246,1326,6.07,PCS-Q4,3952,4067,2.84,pcs_midrank,
POSI-J-026131,P3.03,0.0194884287454324,821,70,70,71,2.11,PCS-Q4,4053,4067,0.36,pcs_midrank,
POSI-J-026132,P4.01,17.027450980392157,1020,22,22,115,81.3,PCS-Q1,487,4067,88.04,pcs_midrank,
POSI-J-026133,P5.02,5.834394904458598,157,194,194,257,24.71,PCS-Q4,2356,4067,42.08,pcs_midrank,
POSI-J-026134,P1.05,22.248906174039863,2057,29,29,350,91.86,PCS-Q1,256,4067,93.72,pcs_midrank,
POSI-J-026135,P1.02,4.2072538860103625,386,115,115,133,13.91,PCS-Q4,2868,4067,29.49,pcs_midrank,
POSI-J-026136,P1.06,5.610978520286396,419,289,289,401,28.05,PCS-Q3,2430,4067,40.26,pcs_midrank,
POSI-J-026137,P3.02,2.3959276018099547,442,923,923,1326,30.43,PCS-Q3,3442,4067,15.38,pcs_midrank,
POSI-J-026138,P3.03,1.7541322314049588,484,47,47,71,34.51,PCS-Q3,3607,4067,11.32,pcs_midrank,
POSI-J-026139,P2.03,15.512993262752646,2078,18,18,75,76.67,PCS-Q1,596,4067,85.36,pcs_midrank,
POSI-J-026140,P1.05,6.354477611940299,536,241,241,350,31.29,PCS-Q3,2169,4067,46.68,pcs_midrank,
POSI-J-026141,P3.02,6.530534351145038,1048,372,372,1326,71.98,PCS-Q2,2123,4067,47.81,pcs_midrank,
POSI-J-026142,P3.02,8.455456570155903,898,224,224,1326,83.14,PCS-Q1,1585,4067,61.04,pcs_midrank,
POSI-J-026143,P1.06,46.98085419734904,679,7,7,401,98.38,PCS-Q1,28,4067,99.32,pcs_midrank,
POSI-J-026144,P1.06,19.218897637795276,635,55,55,401,86.41,PCS-Q1,370,4067,90.91,pcs_midrank,
POSI-J-026145,P3.02,1.5769230769230769,156,1038,1038,1326,21.76,PCS-Q4,3647,4067,10.34,pcs_midrank,
POSI-J-026146,P3.02,6.2086330935251794,278,412,412,1326,68.97,PCS-Q2,2229,4067,45.21,pcs_midrank,
POSI-J-026147,P3.02,6.8986175115207375,217,341,341,1326,74.32,PCS-Q2,2015,4067,50.47,pcs_midrank,
POSI-J-026148,P3.02,8.357466063348417,221,231,231,1326,82.62,PCS-Q1,1621,4067,60.15,pcs_midrank,
POSI-J-026149,P1.06,22.892241379310345,232,36,36,401,91.15,PCS-Q1,236,4067,94.21,pcs_midrank,
POSI-J-026150,P3.02,2.2572614107883817,482,943,943,1326,28.92,PCS-Q3,3480,4067,14.45,pcs_midrank,
POSI-J-026151,P3.02,6.772108843537415,294,351,351,1326,73.57,PCS-Q2,2048,4067,49.66,pcs_midrank,
POSI-J-026152,P3.02,16.596273291925467,322,58,58,1326,95.66,PCS-Q1,526,4067,87.08,pcs_midrank,
POSI-J-026153,P3.02,5.844827586206897,232,454,454,1326,65.8,PCS-Q2,2351,4067,42.21,pcs_midrank,
POSI-J-026154,P3.02,5.336693548387097,496,513,513,1326,61.35,PCS-Q2,2520,4067,38.05,pcs_midrank,
POSI-J-026155,P3.02,3.608187134502924,342,730,730,1326,44.98,PCS-Q3,3057,4067,24.85,pcs_midrank,
POSI-J-026156,P3.02,6.2405063291139244,158,406,406,1326,69.42,PCS-Q2,2215,4067,45.55,pcs_midrank,
POSI-J-026157,P3.02,5.478260869565218,276,488,488,1326,63.24,PCS-Q2,2470,4067,39.28,pcs_midrank,
POSI-J-026158,P3.02,6.218978102189781,411,410,410,1326,69.12,PCS-Q2,2226,4067,45.28,pcs_midrank,
POSI-J-026159,P3.02,9.385365853658536,205,186,186,1326,86.01,PCS-Q1,1381,4067,66.06,pcs_midrank,
POSI-J-026160,P3.02,2.4725274725274726,182,910,910,1326,31.41,PCS-Q3,3419,4067,15.95,pcs_midrank,
POSI-J-026161,P3.02,1.0879120879120878,182,1127,1127,1326,15.05,PCS-Q4,3789,4067,6.85,pcs_midrank,
POSI-J-026162,P3.02,3.653481012658228,632,727,727,1326,45.21,PCS-Q3,3047,4067,25.09,pcs_midrank,
POSI-J-026163,P3.02,3.4603174603174605,63,747,747,1326,43.7,PCS-Q3,3095,4067,23.91,pcs_midrank,
POSI-J-026164,P3.02,5.171875,192,534,534,1326,59.77,PCS-Q2,2567,4067,36.89,pcs_midrank,
POSI-J-026165,P3.02,6.7040358744394615,223,354,354,1326,73.34,PCS-Q2,2062,4067,49.31,pcs_midrank,
POSI-J-026166,P2.11,11.373863636363636,3520,124,124,242,48.97,PCS-Q3,1042,4067,74.39,pcs_midrank,
POSI-J-026167,P3.02,8.187919463087248,298,247,247,1326,81.41,PCS-Q1,1663,4067,59.12,pcs_midrank,
POSI-J-026168,P5.02,2.8294573643410854,129,235,235,257,8.75,PCS-Q4,3306,4067,18.72,pcs_midrank,
POSI-J-026169,P1.02,10.435808466342818,1441,68,68,133,49.25,PCS-Q3,1178,4067,71.05,pcs_midrank,
POSI-J-026170,P1.02,7.231237322515213,493,100,100,133,25.19,PCS-Q3,1902,4067,53.25,pcs_midrank,
POSI-J-026171,P1.02,11.575652173913044,575,59,59,133,56.02,PCS-Q2,1009,4067,75.2,pcs_midrank,
POSI-J-026172,P5.04,0.06172839506172839,81,50,50,50,1,PCS-Q4,4025,4067,1.04,pcs_midrank,
POSI-J-026173,P5.01,8.005263157894737,570,50,50,144,65.63,PCS-Q2,1699,4067,58.24,pcs_midrank,
POSI-J-026174,P3.01,9.42483660130719,306,41,41,108,62.5,PCS-Q2,1374,4067,66.23,pcs_midrank,
POSI-J-026175,P3.01,25.352083333333333,480,4,4,108,96.76,PCS-Q1,176,4067,95.68,pcs_midrank,
POSI-J-026176,P1.06,4.066233766233767,770,346,346,401,13.84,PCS-Q4,2914,4067,28.36,pcs_midrank,
POSI-J-026177,,,0,,,,,,,,,unavailable,no_pcs
POSI-J-026178,P1.02,9.449612403100776,258,78,78,133,41.73,PCS-Q3,1368,4067,66.38,pcs_midrank,
POSI-J-026179,P2.02,2.9,20,,,,,,3282,4067,19.3,unavailable,psc_confidence_not_rank_eligible
POSI-J-026180,P2.01,6.6923076923076925,13,,,,,,2066,4067,49.21,unavailable,psc_confidence_not_rank_eligible
POSI-J-026181,P1.03,8.353333333333333,300,29,29,91,68.68,PCS-Q2,1622,4067,60.13,pcs_midrank,
POSI-J-026182,P5.04,8.202439024390245,410,15,15,50,71,PCS-Q2,1661,4067,59.17,pcs_midrank,
POSI-J-026183,P5.02,15.374285714285714,1050,76,76,257,70.62,PCS-Q2,608,4067,85.06,pcs_midrank,
POSI-J-026184,,,0,,,,,,,,,unavailable,no_pcs
POSI-J-026185,P1.02,5.032258064516129,496,111,111,133,16.92,PCS-Q4,2624,4067,35.49,pcs_midrank,
POSI-J-026186,P2.01,12.177929854576561,2338,28,28,67,58.96,PCS-Q2,934,4067,77.05,pcs_midrank,
POSI-J-026187,P1.06,19.50625978090767,1278,54,54,401,86.66,PCS-Q1,358,4067,91.21,pcs_midrank,
POSI-J-026188,P2.11,18.545596502186132,3202,44,44,242,82.02,PCS-Q1,405,4067,90.05,pcs_midrank,
POSI-J-026189,P2.02,16.78134110787172,2058,28,28,93,70.43,PCS-Q2,506,4067,87.57,pcs_midrank,
POSI-J-026190,P2.02,3.725288831835687,779,89,89,93,4.84,PCS-Q4,3025,4067,25.63,pcs_midrank,
POSI-J-026191,P2.02,0.25,4,,,,,,,,,unavailable,too_few_items
POSI-J-026192,P2.05,7.252023121387284,865,113,113,145,22.41,PCS-Q4,1897,4067,53.37,pcs_midrank,
POSI-J-026193,P1.04,4.171052631578948,152,80,80,91,12.64,PCS-Q4,2885,4067,29.08,pcs_midrank,
POSI-J-026194,P2.05,6.708894878706199,1113,125,125,145,14.14,PCS-Q4,2059,4067,49.39,pcs_midrank,
POSI-J-026195,P5.01,,0,,,,,,,,,unavailable,no_pcs
POSI-J-026196,P4.01,8.214003590664273,2785,86,86,115,25.65,PCS-Q3,1656,4067,59.29,pcs_midrank,
POSI-J-026197,P1.03,2.4444444444444446,18,,,,,,3426,4067,15.77,unavailable,psc_confidence_not_rank_eligible
POSI-J-026198,P1.03,5.754716981132075,159,49,49,91,46.7,PCS-Q3,2377,4067,41.57,pcs_midrank,
POSI-J-026199,P2.02,3.727272727272727,44,88,88,93,5.91,PCS-Q4,3023,4067,25.68,pcs_midrank,
POSI-J-026200,P3.02,0.7079646017699115,113,1178,1178,1326,11.2,PCS-Q4,3857,4067,5.18,pcs_midrank,
POSI-J-026201,P5.01,4.006369426751593,157,114,114,144,21.18,PCS-Q4,2933,4067,27.9,pcs_midrank,
POSI-J-026202,P3.02,5.116822429906542,214,541,541,1326,59.24,PCS-Q2,2590,4067,36.33,pcs_midrank,
POSI-J-026203,P5.02,7.467741935483871,310,169,169,257,34.44,PCS-Q3,1833,4067,54.94,pcs_midrank,
POSI-J-026204,P1.04,7.717914438502674,748,44,44,91,52.2,PCS-Q2,1765,4067,56.61,pcs_midrank,
POSI-J-026205,P1.02,8.310256410256411,390,92,92,133,31.2,PCS-Q3,1634,4067,59.84,pcs_midrank,
POSI-J-026206,P5.02,3.672727272727273,55,222,222,257,13.81,PCS-Q4,3042,4067,25.22,pcs_midrank,
POSI-J-026207,P3.02,0.21372854914196568,641,1250,1250,1326,5.77,PCS-Q4,3964,4067,2.54,pcs_midrank,
POSI-J-026208,P1.02,,0,,,,,,,,,unavailable,no_pcs
POSI-J-026209,P1.01,1.8339350180505416,831,35,35,44,21.59,PCS-Q4,3582,4067,11.94,pcs_midrank,
POSI-J-026210,P1.06,5.620087336244541,458,288,288,401,28.3,PCS-Q3,2426,4067,40.36,pcs_midrank,
POSI-J-026211,P5.02,3.003826530612245,784,233,233,257,9.53,PCS-Q4,3245,4067,20.22,pcs_midrank,
POSI-J-026212,P5.02,1.631578947368421,19,251,251,257,2.53,PCS-Q4,3632,4067,10.71,pcs_midrank,
POSI-J-026213,P5.02,14.663352272727273,704,80,80,257,69.07,PCS-Q2,660,4067,83.78,pcs_midrank,
POSI-J-026214,P2.01,16.110759493670887,316,16,16,67,76.87,PCS-Q1,552,4067,86.44,pcs_midrank,
POSI-J-026215,P1.06,10.826582278481013,790,140,140,401,65.21,PCS-Q2,1124,4067,72.38,pcs_midrank,
POSI-J-026216,P2.01,9.792754141341915,8391,35,35,67,48.51,PCS-Q3,1301,4067,68.02,pcs_midrank,
POSI-J-026217,P5.03,9.919881305637983,337,8,8,29,74.14,PCS-Q2,1273,4067,68.71,pcs_midrank,
POSI-J-026218,P6.05,4.470046082949309,434,,,4,,,2774,4067,31.8,unavailable,category_below_min_size
POSI-J-026219,P1.03,13.86111111111111,36,11,11,91,88.46,PCS-Q1,739,4067,81.84,pcs_midrank,
POSI-J-026220,P2.05,5.821520618556701,6208,128,128,145,12.07,PCS-Q4,2358,4067,42.03,pcs_midrank,
POSI-J-026221,P3.02,6.137214137214137,481,416,416,1326,68.67,PCS-Q2,2252,4067,44.64,pcs_midrank,
POSI-J-026222,P3.02,0.3680555555555556,144,1223,1223,1326,7.81,PCS-Q4,3921,4067,3.6,pcs_midrank,
POSI-J-026223,P3.02,2.5254963020630594,2569,899,899,1326,32.24,PCS-Q3,3396,4067,16.51,pcs_midrank,
POSI-J-026224,P3.02,1.0826306913996628,593,1129,1129,1326,14.89,PCS-Q4,3791,4067,6.8,pcs_midrank,
POSI-J-026225,P3.02,4.815841584158416,505,578,578,1326,56.45,PCS-Q2,2691,4067,33.85,pcs_midrank,
POSI-J-026226,P3.02,6.027196652719665,478,431,431,1326,67.53,PCS-Q2,2287,4067,43.78,pcs_midrank,
POSI-J-026227,P3.02,4.23202614379085,306,647,647,1326,51.24,PCS-Q2,2858,4067,29.74,pcs_midrank,
POSI-J-026228,P3.02,1.4181818181818182,165,1060,1060,1326,20.1,PCS-Q4,3694,4067,9.18,pcs_midrank,
POSI-J-026229,P3.02,3.1666666666666665,306,796,796,1326,40.01,PCS-Q3,3188,4067,21.63,pcs_midrank,
POSI-J-026230,P3.02,16.700696055684453,431,55,55,1326,95.89,PCS-Q1,513,4067,87.4,pcs_midrank,
POSI-J-026231,P4.01,,0,,,,,,,,,unavailable,no_pcs
POSI-J-026232,P1.05,6.337748344370861,151,243,243,350,30.71,PCS-Q3,2178,4067,46.46,pcs_midrank,
POSI-J-026233,P1.05,9.818965517241379,1508,150,150,350,57.29,PCS-Q2,1296,4067,68.15,pcs_midrank,
POSI-J-026234,P1.05,30.716794109317473,3531,8,8,350,97.86,PCS-Q1,121,4067,97.04,pcs_midrank,
POSI-J-026235,P2.01,1.9230769230769231,13,64,64,67,5.22,PCS-Q4,3556,4067,12.58,pcs_midrank,
POSI-J-026236,P1.02,8.075247524752475,505,94,94,133,29.7,PCS-Q3,1688,4067,58.51,pcs_midrank,
POSI-J-026237,P2.02,9.01834862385321,1308,52,52,93,44.62,PCS-Q3,1463,4067,64.04,pcs_midrank,
POSI-J-026238,P2.11,8.89513242662849,2794,170,170,242,29.96,PCS-Q3,1490,4067,63.38,pcs_midrank,
POSI-J-026239,P1.05,15.673469387755102,147,68,68,350,80.71,PCS-Q1,577,4067,85.82,pcs_midrank,
POSI-J-026240,P5.02,25.78125,32,,,,,,168,4067,95.88,unavailable,psc_confidence_not_rank_eligible
POSI-J-026241,P2.05,7.650035637918745,1403,109,109,145,25.17,PCS-Q3,1776,4067,56.34,pcs_midrank,
POSI-J-026242,P1.05,28.313653136531364,1355,13,13,350,96.43,PCS-Q1,141,4067,96.55,pcs_midrank,
POSI-J-026243,P1.02,17.665103189493433,1066,30,30,133,77.82,PCS-Q1,459,4067,88.73,pcs_midrank,
POSI-J-026244,,,0,,,,,,,,,unavailable,no_pcs
POSI-J-026245,P1.06,11.33806146572104,423,134,134,401,66.71,PCS-Q2,1048,4067,74.24,pcs_midrank,
POSI-J-026246,P1.06,9.330434782608696,230,169,169,401,57.98,PCS-Q2,1397,4067,65.66,pcs_midrank,
POSI-J-026247,P2.11,6.138853503184714,785,211,211,242,13.02,PCS-Q4,2250,4067,44.69,pcs_midrank,
POSI-J-026248,P3.02,,0,,,,,,,,,unavailable,no_pcs
POSI-J-026249,P1.02,0.75,16,,,,,,3846,4067,5.42,unavailable,psc_confidence_not_rank_eligible
POSI-J-026250,P3.03,4.7123115577889445,796,29,29,71,59.86,PCS-Q2,2718,4067,33.18,pcs_midrank,
POSI-J-026251,P5.03,14,11,,,,,,727,4067,82.14,unavailable,psc_confidence_not_rank_eligible
POSI-J-026252,P5.01,,0,,,,,,,,,unavailable,no_pcs
POSI-J-026253,P3.02,1.90990990990991,222,993,993,1326,25.15,PCS-Q3,3562,4067,12.43,pcs_midrank,
POSI-J-026254,P3.02,3.037433155080214,187,818,818,1326,38.35,PCS-Q3,3232,4067,20.54,pcs_midrank,
POSI-J-026255,P5.02,36.69553571428571,1120,12,12,257,95.53,PCS-Q1,73,4067,98.22,pcs_midrank,
POSI-J-026256,P5.02,32.29211956521739,736,15,15,257,94.36,PCS-Q1,103,4067,97.48,pcs_midrank,
POSI-J-026257,P1.05,6.00253807106599,1182,257,257,350,26.71,PCS-Q3,2295,4067,43.58,pcs_midrank,
POSI-J-026258,P5.02,16.822269807280513,467,70,70,257,72.96,PCS-Q2,504,4067,87.62,pcs_midrank,
POSI-J-026259,P5.02,22.479108635097493,359,31,31,257,88.13,PCS-Q1,250,4067,93.87,pcs_midrank,
POSI-J-026260,P3.02,1.4252873563218391,87,1059,1059,1326,20.17,PCS-Q4,3691,4067,9.26,pcs_midrank,
POSI-J-026261,P2.11,14.743028977583378,1829,78,78,242,67.98,PCS-Q2,656,4067,83.88,pcs_midrank,
POSI-J-026262,P1.02,2.6649365628604382,1734,124,124,133,7.14,PCS-Q4,3361,4067,17.37,pcs_midrank,
POSI-J-026263,P1.06,3.4232804232804233,189,360,360,401,10.35,PCS-Q4,3107,4067,23.62,pcs_midrank,
POSI-J-026264,P3.02,2.862708719851577,539,847,847,1326,36.16,PCS-Q3,3296,4067,18.97,pcs_midrank,
POSI-J-026265,P2.11,2.755813953488372,86,234,234,242,3.51,PCS-Q4,3326,4067,18.23,pcs_midrank,
POSI-J-026266,P2.03,5.493540051679586,3096,62,62,75,18,PCS-Q4,2468,4067,39.33,pcs_midrank,
POSI-J-026267,P2.01,16.958683641604612,4163,13,13,67,81.34,PCS-Q1,493,4067,87.89,pcs_midrank,
POSI-J-026268,P5.01,12.870699881376037,843,18,18,144,87.85,PCS-Q1,858,4067,78.92,pcs_midrank,
POSI-J-026269,P3.02,,0,,,,,,,,,unavailable,no_pcs
POSI-J-026270,P3.02,2.9046052631578947,304,839,839,1326,36.76,PCS-Q3,3281,4067,19.34,pcs_midrank,
POSI-J-026271,P3.02,0.7241379310344828,29,,,,,,3855,4067,5.22,unavailable,psc_confidence_not_rank_eligible
POSI-J-026272,P3.02,6.52205292702486,1247,374,374,1326,71.83,PCS-Q2,2125,4067,47.76,pcs_midrank,
POSI-J-026273,P2.11,2.054054054054054,74,237,237,242,2.27,PCS-Q4,3532,4067,13.17,pcs_midrank,
POSI-J-026274,P3.02,3.1690140845070425,213,794,794,1326,40.16,PCS-Q3,3186,4067,21.67,pcs_midrank,
POSI-J-026275,P1.01,1.1090604026845639,1192,43,43,44,3.41,PCS-Q4,3785,4067,6.95,pcs_midrank,
POSI-J-026276,P1.04,1.3333333333333333,21,,,,,,3721,4067,8.51,unavailable,psc_confidence_not_rank_eligible
POSI-J-026277,P1.05,7.90566037735849,53,201,201,350,42.71,PCS-Q3,1722,4067,57.67,pcs_midrank,
POSI-J-026278,P1.05,3.0526315789473686,57,330,330,350,5.86,PCS-Q4,3228,4067,20.63,pcs_midrank,
POSI-J-026279,P1.05,2.9361702127659575,47,333,333,350,5,PCS-Q4,3266,4067,19.71,pcs_midrank,
POSI-J-026280,P1.05,19.8125,80,38,38,350,89.29,PCS-Q1,344,4067,91.55,pcs_midrank,
POSI-J-026281,P5.04,17.584183673469386,392,6,6,50,89,PCS-Q1,463,4067,88.63,pcs_midrank,
POSI-J-026282,P3.02,0.49230769230769234,1105,1208,1208,1326,8.94,PCS-Q4,3896,4067,4.22,pcs_midrank,
POSI-J-026283,P1.05,1.2462633451957295,4215,350,350,350,0.14,PCS-Q4,3750,4067,7.81,pcs_midrank,
POSI-J-026284,P1.05,7.439461883408072,669,211,211,350,39.86,PCS-Q3,1846,4067,54.62,pcs_midrank,
POSI-J-026285,P1.04,31.154997007779773,1671,5,5,91,95.05,PCS-Q1,116,4067,97.16,pcs_midrank,
POSI-J-026286,P2.03,2.1132075471698113,106,74,74,75,2,PCS-Q4,3519,4067,13.49,pcs_midrank,
POSI-J-026287,P2.03,12.35982905982906,1170,31,31,75,59.33,PCS-Q2,916,4067,77.49,pcs_midrank,
POSI-J-026288,P3.01,0.37894736842105264,190,108,108,108,0.46,PCS-Q4,3918,4067,3.68,pcs_midrank,
POSI-J-026289,P2.11,,0,,,,,,,,,unavailable,no_pcs
POSI-J-026290,P3.02,2.4420772303595206,751,914,914,1326,31.11,PCS-Q3,3428,4067,15.72,pcs_midrank,
POSI-J-026291,P3.02,0.6229372937293729,1212,1193,1193,1326,10.07,PCS-Q4,3874,4067,4.76,pcs_midrank,
POSI-J-026292,P3.02,5.069620253164557,158,544,544,1326,59.01,PCS-Q2,2604,4067,35.98,pcs_midrank,
POSI-J-026293,P3.02,1.34375,32,1076,1076,1326,18.89,PCS-Q4,3718,4067,8.59,pcs_midrank,
POSI-J-026294,P3.02,2.5,4,,,,,,,,,unavailable,too_few_items
POSI-J-026295,P5.02,9.32967032967033,637,143,143,257,44.55,PCS-Q3,1398,4067,65.64,pcs_midrank,
POSI-J-026296,P3.02,,0,,,,,,,,,unavailable,no_pcs
POSI-J-026297,P5.02,6.370629370629371,143,186,186,257,27.82,PCS-Q3,2162,4067,46.85,pcs_midrank,
POSI-J-026298,P5.04,,0,,,,,,,,,unavailable,no_pcs
POSI-J-026299,P3.02,4.451274362818591,667,613,613,1326,53.81,PCS-Q2,2781,4067,31.63,pcs_midrank,
POSI-J-026300,P3.02,3.111405197305101,4156,806,806,1326,39.25,PCS-Q3,3208,4067,21.13,pcs_midrank,
POSI-J-026301,P3.02,2.0965480043149944,1854,967,967,1326,27.11,PCS-Q3,3522,4067,13.41,pcs_midrank,
POSI-J-026302,P3.02,6.972222222222222,180,334,334,1326,74.85,PCS-Q2,1993,4067,51.01,pcs_midrank,
POSI-J-026303,P2.01,15.22365245374095,1243,20,20,67,70.9,PCS-Q2,619,4067,84.79,pcs_midrank,
POSI-J-026304,P2.01,13.28849902534113,1026,22,22,67,67.91,PCS-Q2,794,4067,80.49,pcs_midrank,
POSI-J-026305,P2.01,16.075342465753426,584,17,17,67,75.37,PCS-Q1,555,4067,86.37,pcs_midrank,
POSI-J-026306,P2.01,22.039945836154367,1477,6,6,67,91.79,PCS-Q1,259,4067,93.64,pcs_midrank,
POSI-J-026307,P2.01,18.445887445887447,1617,11,11,67,84.33,PCS-Q1,416,4067,89.78,pcs_midrank,
POSI-J-026308,P5.02,21.554127198917456,1478,39,39,257,85.02,PCS-Q1,278,4067,93.18,pcs_midrank,
POSI-J-026309,P5.01,12.938666666666666,1125,14,14,144,90.63,PCS-Q1,848,4067,79.16,pcs_midrank,
POSI-J-026310,P2.01,3.4428268122535637,3297,60,60,67,11.19,PCS-Q4,3101,4067,23.76,pcs_midrank,
POSI-J-026311,P2.01,,0,,,,,,,,,unavailable,no_pcs
POSI-J-026312,P2.01,12.97553516819572,654,24,24,67,64.93,PCS-Q2,844,4067,79.26,pcs_midrank,
POSI-J-026313,P3.02,0.7723004694835681,426,1166,1166,1326,12.1,PCS-Q4,3839,4067,5.62,pcs_midrank,
POSI-J-026314,P1.06,19.743362831858406,565,52,52,401,87.16,PCS-Q1,345,4067,91.53,pcs_midrank,
POSI-J-026315,P1.06,22.934447300771208,778,35,35,401,91.4,PCS-Q1,235,4067,94.23,pcs_midrank,
POSI-J-026316,P1.06,28.2744014732965,543,24,24,401,94.14,PCS-Q1,142,4067,96.52,pcs_midrank,
POSI-J-026317,P3.02,11.541284403669724,436,123,123,1326,90.76,PCS-Q1,1016,4067,75.03,pcs_midrank,
POSI-J-026318,P1.06,32.749049429657795,526,17,17,401,95.89,PCS-Q1,99,4067,97.58,pcs_midrank,
POSI-J-026319,P1.04,16.753061224489795,490,11,11,91,88.46,PCS-Q1,510,4067,87.47,pcs_midrank,
POSI-J-026320,P3.01,25.8464,625,3,3,108,97.69,PCS-Q1,167,4067,95.91,pcs_midrank,
POSI-J-026321,P1.05,25.07002801120448,714,22,22,350,93.86,PCS-Q1,179,4067,95.61,pcs_midrank,
POSI-J-026322,P3.02,25.051124744376278,489,21,21,1326,98.45,PCS-Q1,180,4067,95.59,pcs_midrank,
POSI-J-026323,P1.05,35.33846153846154,130,1,1,350,99.86,PCS-Q1,79,4067,98.07,pcs_midrank,
POSI-J-026324,P4.01,38.2839582052858,1627,2,2,115,98.7,PCS-Q1,59,4067,98.56,pcs_midrank,
POSI-J-026325,P1.06,22.98941798941799,567,34,34,401,91.65,PCS-Q1,234,4067,94.26,pcs_midrank,
POSI-J-026326,P1.06,21.39811320754717,530,40,40,401,90.15,PCS-Q1,283,4067,93.05,pcs_midrank,
POSI-J-026327,P1.06,23.889204545454547,704,30,30,401,92.64,PCS-Q1,211,4067,94.82,pcs_midrank,
POSI-J-026328,P1.06,21.873440285204993,561,38,38,401,90.65,PCS-Q1,267,4067,93.45,pcs_midrank,
POSI-J-026329,P5.01,8.542553191489361,94,41,41,144,71.88,PCS-Q2,1561,4067,61.63,pcs_midrank,
POSI-J-026330,P3.01,26.823529411764707,510,2,2,108,98.61,PCS-Q1,158,4067,96.13,pcs_midrank,
POSI-J-026331,P1.06,,0,,,,,,,,,unavailable,no_pcs
POSI-J-026332,P3.02,8.901615271659324,681,204,204,1326,84.65,PCS-Q1,1489,4067,63.4,pcs_midrank,
POSI-J-026333,P1.06,28.659926470588236,544,22,22,401,94.64,PCS-Q1,137,4067,96.64,pcs_midrank,
POSI-J-026334,P4.01,27.200504413619168,793,4,4,115,96.96,PCS-Q1,154,4067,96.23,pcs_midrank,
POSI-J-026335,P2.03,,0,,,,,,,,,unavailable,no_pcs
POSI-J-026336,P2.03,19.264523739309936,3391,11,11,75,86,PCS-Q1,368,4067,90.96,pcs_midrank,
POSI-J-026337,P4.01,,0,,,,,,,,,unavailable,no_pcs
POSI-J-026338,P3.02,5.613636363636363,396,473,473.5,1326,64.33,PCS-Q2,2428,4067,40.3,pcs_midrank,
POSI-J-026339,P2.11,19.03863542951089,2433,41,41,242,83.26,PCS-Q1,380,4067,90.67,pcs_midrank,
POSI-J-026340,P1.03,6.821501014198783,493,38,38,91,58.79,PCS-Q2,2039,4067,49.88,pcs_midrank,
POSI-J-026341,P2.11,12.019771071800209,961,115,115,242,52.69,PCS-Q2,952,4067,76.6,pcs_midrank,
POSI-J-026342,P3.02,3.2152067585593596,2249,784,784,1326,40.91,PCS-Q3,3168,4067,22.12,pcs_midrank,
POSI-J-026343,P2.11,23.117073170731707,410,25,25,242,89.88,PCS-Q1,231,4067,94.33,pcs_midrank,
POSI-J-026344,P1.05,17.585292344786016,1659,52,52,350,85.29,PCS-Q1,462,4067,88.65,pcs_midrank,
POSI-J-026345,P1.05,15.763751763046544,1418,67,67,350,81,PCS-Q1,570,4067,86,pcs_midrank,
POSI-J-026346,P1.05,2.769230769230769,13,,,,,,3322,4067,18.33,unavailable,psc_confidence_not_rank_eligible
POSI-J-026347,P3.02,5.473684210526316,19,490,490,1326,63.08,PCS-Q2,2473,4067,39.19,pcs_midrank,
POSI-J-026348,P3.02,4.488888888888889,315,610,610,1326,54.03,PCS-Q2,2770,4067,31.9,pcs_midrank,
POSI-J-026349,P3.02,3.7532033426183844,1795,714,714,1326,46.19,PCS-Q3,3016,4067,25.85,pcs_midrank,
POSI-J-026350,P3.02,,0,,,,,,,,,unavailable,no_pcs
POSI-J-026351,P2.02,11.53523489932886,596,40,40,93,57.53,PCS-Q2,1021,4067,74.91,pcs_midrank,
POSI-J-026352,P3.02,1.7772397094430992,413,1010,1010,1326,23.87,PCS-Q4,3600,4067,11.49,pcs_midrank,
POSI-J-026353,P3.02,0.6606334841628959,221,1185,1185,1326,10.67,PCS-Q4,3865,4067,4.98,pcs_midrank,
POSI-J-026354,P5.02,0.7358547808059868,19777,255,255,257,0.97,PCS-Q4,3851,4067,5.32,pcs_midrank,
POSI-J-026355,P5.02,2.747041420118343,676,238,238,257,7.59,PCS-Q4,3332,4067,18.08,pcs_midrank,
POSI-J-026356,P3.02,0.09868421052631579,152,1279,1279,1326,3.58,PCS-Q4,4005,4067,1.54,pcs_midrank,
POSI-J-026357,P3.02,5.50709939148073,493,485,485,1326,63.46,PCS-Q2,2463,4067,39.45,pcs_midrank,
POSI-J-026358,P1.02,10.898678414096917,454,63,63,133,53.01,PCS-Q2,1108,4067,72.77,pcs_midrank,
POSI-J-026359,P3.02,1.7636363636363637,825,1013,1013,1326,23.64,PCS-Q4,3604,4067,11.4,pcs_midrank,
POSI-J-026360,P1.06,2.559322033898305,236,377,377,401,6.11,PCS-Q4,3388,4067,16.71,pcs_midrank,
POSI-J-026361,P1.06,2.212962962962963,216,386,386,401,3.87,PCS-Q4,3490,4067,14.2,pcs_midrank,
POSI-J-026362,P1.06,3.4028436018957344,211,361,361,401,10.1,PCS-Q4,3111,4067,23.52,pcs_midrank,
POSI-J-026363,P3.02,3.6688741721854305,453,726,726,1326,45.29,PCS-Q3,3043,4067,25.19,pcs_midrank,
POSI-J-026364,P1.06,3.4609164420485174,371,359,359,401,10.6,PCS-Q4,3094,4067,23.94,pcs_midrank,
POSI-J-026365,P1.06,4.920634920634921,504,317,317,401,21.07,PCS-Q4,2660,4067,34.61,pcs_midrank,
POSI-J-026366,P3.02,,0,,,,,,,,,unavailable,no_pcs
POSI-J-026367,P1.06,5.293388429752066,726,303,303,401,24.56,PCS-Q4,2534,4067,37.71,pcs_midrank,
POSI-J-026368,P1.06,1.3437945791726105,701,396,396,401,1.37,PCS-Q4,3717,4067,8.62,pcs_midrank,
POSI-J-026369,P1.04,8.56958762886598,388,38,38,91,58.79,PCS-Q2,1555,4067,61.78,pcs_midrank,
POSI-J-026370,P3.02,8.291754756871036,473,236,236,1326,82.24,PCS-Q1,1639,4067,59.71,pcs_midrank,
POSI-J-026371,P3.02,0.07586206896551724,1160,1287,1287,1326,2.98,PCS-Q4,4014,4067,1.32,pcs_midrank,
POSI-J-026372,P1.05,20.116192253849743,2143,36,36,350,89.86,PCS-Q1,330,4067,91.9,pcs_midrank,
POSI-J-026373,P1.05,4.333333333333333,18,,,,,,2830,4067,30.43,unavailable,psc_confidence_not_rank_eligible
POSI-J-026374,P5.02,6.784810126582278,79,178,178,257,30.93,PCS-Q3,2044,4067,49.75,pcs_midrank,
POSI-J-026375,P1.05,13.577464788732394,71,88,88,350,75,PCS-Q1,766,4067,81.18,pcs_midrank,
POSI-J-026376,P2.11,5.594262295081967,488,216,216,242,10.95,PCS-Q4,2431,4067,40.24,pcs_midrank,
POSI-J-026377,P2.11,15.53191489361702,47,68,68,242,72.11,PCS-Q2,594,4067,85.41,pcs_midrank,
POSI-J-026378,P3.02,5.347472924187725,1108,509,509,1326,61.65,PCS-Q2,2513,4067,38.22,pcs_midrank,
POSI-J-026379,P3.02,6.1331444759206795,353,417,417,1326,68.59,PCS-Q2,2253,4067,44.62,pcs_midrank,
POSI-J-026380,P5.09,5.016260162601626,492,20,20,32,39.06,PCS-Q3,2631,4067,35.32,pcs_midrank,
POSI-J-026381,P5.02,6.468646864686469,303,183,183,257,28.99,PCS-Q3,2136,4067,47.49,pcs_midrank,
POSI-J-026382,P5.02,5.055813953488372,215,203,203,257,21.21,PCS-Q4,2611,4067,35.81,pcs_midrank,
POSI-J-026383,P3.03,4.014141414141414,495,31,31,71,57.04,PCS-Q2,2932,4067,27.92,pcs_midrank,
POSI-J-026384,P1.05,2.9864864864864864,370,331,331,350,5.57,PCS-Q4,3249,4067,20.13,pcs_midrank,
POSI-J-026385,P1.05,3.1325301204819276,166,327,327,350,6.71,PCS-Q4,3201,4067,21.31,pcs_midrank,
POSI-J-026386,P2.11,5.472727272727273,55,220,220,242,9.3,PCS-Q4,2476,4067,39.13,pcs_midrank,
POSI-J-026387,P2.05,9.333333333333334,3,,,,,,,,,unavailable,too_few_items
