legacy_id,posi_id,representative_title,matched_via
j-bench-the-lancet-0000,POSI-J-023333,"The Lancet","issn_l:0099-5355"
j-bench-journal-of-the-american-chemical-society-0001,POSI-J-023334,"Journal of the American Chemical Society","issn_l:0002-7863"
j-bench-journal-of-applied-physics-0002,POSI-J-023335,"Journal of Applied Physics","issn_l:0021-8979"
j-bench-the-journal-of-chemical-physics-0003,POSI-J-023336,"The Journal of Chemical Physics","issn_l:0021-9606"
j-bench-advanced-materials-research-0004,POSI-J-023337,"Advanced materials research","issn_l:1022-6680"
j-bench-physical-review-letters-0005,POSI-J-023338,"Physical Review Letters","issn_l:0031-9007"
j-bench-angewandte-chemie-0006,POSI-J-023339,"Angewandte Chemie","issn_l:0044-8249"
j-bench-applied-physics-letters-0007,POSI-J-023340,"Applied Physics Letters","issn_l:0003-6951"
j-bench-analytical-chemistry-0008,POSI-J-023341,"Analytical Chemistry","issn_l:0003-2700"
j-bench-the-astrophysical-journal-0009,POSI-J-000508,"The Astrophysical Journal","issn_l:0004-637X"
j-bench-applied-mechanics-and-materials-0010,POSI-J-023342,"Applied Mechanics and Materials","issn_l:1660-9336"
j-bench-ieee-access-0011,POSI-J-000509,"IEEE Access","issn_l:2169-3536"
j-bench-tetrahedron-letters-0012,POSI-J-023343,"Tetrahedron Letters","issn_l:0040-4039"
j-bench-the-journal-of-organic-chemistry-0013,POSI-J-023344,"The Journal of Organic Chemistry","issn_l:0022-3263"
j-bench-physical-review-a-0014,POSI-J-023345,"Physical Review A","issn_l:0556-2791"
j-bench-journal-of-geophysical-research-atmosphe-0015,POSI-J-023346,"Journal of Geophysical Research Atmospheres","issn_l:0148-0227"
j-bench-monthly-notices-of-the-royal-astronomica-0016,POSI-J-000511,"Monthly Notices of the Royal Astronomical Society","issn_l:0035-8711"
j-bench-journal-of-alloys-and-compounds-0017,POSI-J-023347,"Journal of Alloys and Compounds","issn_l:0925-8388"
j-bench-applied-sciences-0018,POSI-J-000064,"Applied Sciences","issn_l:2076-3417"
j-bench-japanese-journal-of-applied-physics-0019,POSI-J-023348,"Japanese Journal of Applied Physics","issn_l:0021-4922"
j-bench-the-science-of-the-total-environment-0020,POSI-J-023349,"The Science of The Total Environment","issn_l:0048-9697"
j-bench-rsc-advances-0021,POSI-J-000514,"RSC Advances","issn_l:2046-2069"
j-bench-angewandte-chemie-international-edition-0022,POSI-J-023350,"Angewandte Chemie International Edition","issn_l:1433-7851"
j-bench-sensors-0023,POSI-J-000067,"Sensors","issn_l:1424-8220"
j-bench-chemical-communications-0024,POSI-J-023351,"Chemical Communications","issn_l:1359-7345"
j-bench-inorganic-chemistry-0025,POSI-J-023352,"Inorganic Chemistry","issn_l:0020-1669"
j-bench-chemical-engineering-journal-0026,POSI-J-023353,"Chemical Engineering Journal","issn_l:1385-8947"
j-bench-biochemistry-0027,POSI-J-023354,"Biochemistry","issn_l:0006-2960"
j-bench-environmental-science-technology-0028,POSI-J-023355,"Environmental Science & Technology","issn_l:0013-936X"
j-bench-acs-applied-materials-interfaces-0029,POSI-J-023356,"ACS Applied Materials & Interfaces","issn_l:1944-8244"
j-bench-applied-surface-science-0030,POSI-J-023357,"Applied Surface Science","issn_l:0169-4332"
j-bench-journal-of-applied-polymer-science-0031,POSI-J-023358,"Journal of Applied Polymer Science","issn_l:0021-8995"
j-bench-journal-of-chromatography-a-0032,POSI-J-023359,"Journal of Chromatography A","issn_l:0021-9673"
j-bench-chemical-physics-letters-0033,POSI-J-023360,"Chemical Physics Letters","issn_l:0009-2614"
j-bench-physics-letters-b-0034,POSI-J-000516,"Physics Letters B","issn_l:0370-2693"
j-bench-optics-express-0035,POSI-J-000517,"Optics Express","issn_l:1094-4087"
j-bench-energies-0036,POSI-J-000063,"Energies","issn_l:1996-1073"
j-bench-langmuir-0037,POSI-J-023361,"Langmuir","issn_l:0743-7463"
j-bench-international-journal-of-hydrogen-energy-0038,POSI-J-023362,"International Journal of Hydrogen Energy","issn_l:0360-3199"
j-bench-the-journal-of-physical-chemistry-c-0039,POSI-J-023363,"The Journal of Physical Chemistry C","issn_l:1932-7447"
j-bench-physical-chemistry-chemical-physics-0040,POSI-J-023364,"Physical Chemistry Chemical Physics","issn_l:1463-9076"
j-bench-materials-0041,POSI-J-023365,"Materials","issn_l:1996-1944"
j-bench-review-of-scientific-instruments-0042,POSI-J-023366,"Review of Scientific Instruments","issn_l:0034-6748"
j-bench-tetrahedron-0043,POSI-J-023367,"Tetrahedron","issn_l:0040-4020"
j-bench-ceramics-international-0044,POSI-J-023368,"Ceramics International","issn_l:0272-8842"
j-bench-physical-review-b-physical-review-b-0045,POSI-J-023369,"Physical review. B./Physical review. B","issn_l:2469-9950"
j-bench-journal-of-the-electrochemical-society-0046,POSI-J-023370,"Journal of The Electrochemical Society","issn_l:0013-4651"
j-bench-nuclear-instruments-and-methods-in-physi-0047,POSI-J-023371,"Nuclear Instruments and Methods in Physics Research Section A Accelerators Spectrometers Detectors and Associated Equipment","issn_l:0168-9002"
j-bench-astronomy-and-astrophysics-0048,POSI-J-000523,"Astronomy and Astrophysics","issn_l:0004-6361"
j-bench-journal-of-chemical-education-0049,POSI-J-023372,"Journal of Chemical Education","issn_l:0021-9584"
j-bench-electronics-letters-0050,POSI-J-000524,"Electronics Letters","issn_l:0013-5194"
j-bench-eguga-0051,POSI-J-023373,"EGUGA","openalex:S4306508950"
j-bench-electrochimica-acta-0052,POSI-J-023374,"Electrochimica Acta","issn_l:0013-4686"
j-bench-physics-letters-a-0053,POSI-J-023375,"Physics Letters A","issn_l:0375-9601"
j-bench-geophysical-research-letters-0054,POSI-J-000525,"Geophysical Research Letters","issn_l:0094-8276"
j-bench-vacuum-0055,POSI-J-023376,"Vacuum","issn_l:0042-207X"
j-bench-chemistry-a-european-journal-0056,POSI-J-023377,"Chemistry - A European Journal","issn_l:0947-6539"
j-bench-macromolecules-0057,POSI-J-023378,"Macromolecules","issn_l:0024-9297"
j-bench-international-journal-of-biological-macr-0058,POSI-J-023379,"International Journal of Biological Macromolecules","issn_l:0141-8130"
j-bench-proceedings-of-the-american-mathematical-0059,POSI-J-023380,"Proceedings of the American Mathematical Society","issn_l:0002-9939"
j-bench-the-journal-of-physical-chemistry-b-0060,POSI-J-023381,"The Journal of Physical Chemistry B","issn_l:1520-5207"
j-bench-aapg-bulletin-0061,POSI-J-023382,"AAPG Bulletin","issn_l:0149-1423"
j-bench-chemosphere-0062,POSI-J-023383,"Chemosphere","issn_l:0045-6535"
j-bench-journal-of-colloid-and-interface-science-0063,POSI-J-023384,"Journal of Colloid and Interface Science","issn_l:0021-9797"
j-bench-journal-of-cleaner-production-0064,POSI-J-023385,"Journal of Cleaner Production","issn_l:0959-6526"
j-bench-journal-of-magnetism-and-magnetic-materi-0065,POSI-J-023386,"Journal of Magnetism and Magnetic Materials","issn_l:0304-8853"
j-bench-archiv-der-pharmazie-0066,POSI-J-023387,"Archiv der Pharmazie","issn_l:0365-6233"
j-bench-construction-and-building-materials-0067,POSI-J-023388,"Construction and Building Materials","issn_l:0950-0618"
j-bench-journal-of-materials-science-0068,POSI-J-023389,"Journal of Materials Science","issn_l:0022-2461"
j-bench-physical-review-c-0069,POSI-J-023390,"Physical Review C","issn_l:0556-2813"
j-bench-analytical-and-bioanalytical-chemistry-0070,POSI-J-023391,"Analytical and Bioanalytical Chemistry","issn_l:1618-2642"
j-bench-thin-solid-films-0071,POSI-J-023392,"Thin Solid Films","issn_l:0040-6090"
j-bench-journal-of-high-energy-physics-0072,POSI-J-000528,"Journal of High Energy Physics","issn_l:1029-8479"
j-bench-analytica-chimica-acta-0073,POSI-J-023393,"Analytica Chimica Acta","issn_l:0003-2670"
j-bench-fuel-0074,POSI-J-023394,"Fuel","issn_l:0016-2361"
j-bench-industrial-engineering-chemistry-researc-0075,POSI-J-023395,"Industrial & Engineering Chemistry Research","issn_l:0888-5885"
j-bench-materials-science-and-engineering-a-0076,POSI-J-023396,"Materials Science and Engineering A","issn_l:0921-5093"
j-bench-optics-letters-0077,POSI-J-023397,"Optics Letters","issn_l:0146-9592"
j-bench-organic-letters-0078,POSI-J-023398,"Organic Letters","issn_l:1523-7052"
j-bench-advanced-materials-0079,POSI-J-023399,"Advanced Materials","issn_l:0935-9648"
j-bench-medical-physics-0080,POSI-J-023400,"Medical Physics","issn_l:0094-2405"
j-bench-journal-of-organometallic-chemistry-0081,POSI-J-023401,"Journal of Organometallic Chemistry","issn_l:0022-328X"
j-bench-journal-of-the-physical-society-of-japan-0082,POSI-J-023402,"Journal of the Physical Society of Japan","issn_l:0031-9015"
j-bench-solid-state-communications-0083,POSI-J-023403,"Solid State Communications","issn_l:0038-1098"
j-bench-energy-0084,POSI-J-023404,"Energy","issn_l:0360-5442"
j-bench-physical-review-d-physical-review-d-0085,POSI-J-023405,"Physical review. D/Physical review. D.","issn_l:2470-0010"
j-bench-advanced-functional-materials-0086,POSI-J-023406,"Advanced Functional Materials","issn_l:1616-301X"
j-bench-journal-of-hazardous-materials-0087,POSI-J-023407,"Journal of Hazardous Materials","issn_l:0304-3894"
j-bench-remote-sensing-0088,POSI-J-000062,"Remote Sensing","issn_l:2072-4292"
j-bench-the-analyst-0089,POSI-J-023408,"The Analyst","issn_l:0003-2654"
j-bench-nuclear-instruments-and-methods-in-physi-0090,POSI-J-023409,"Nuclear Instruments and Methods in Physics Research Section B Beam Interactions with Materials and Atoms","issn_l:0168-583X"
j-bench-materials-letters-0091,POSI-J-023410,"Materials Letters","issn_l:0167-577X"
j-bench-the-journal-of-physical-chemistry-a-0092,POSI-J-023411,"The Journal of Physical Chemistry A","issn_l:1089-5639"
j-bench-monthly-weather-review-0093,POSI-J-023412,"Monthly Weather Review","issn_l:0027-0644"
j-bench-polymer-0094,POSI-J-023413,"Polymer","issn_l:0032-3861"
j-bench-journal-of-crystal-growth-0095,POSI-J-023414,"Journal of Crystal Growth","issn_l:0022-0248"
j-bench-materials-today-proceedings-0096,POSI-J-023415,"Materials Today Proceedings","issn_l:2214-7853"
j-bench-journal-of-power-sources-0097,POSI-J-023416,"Journal of Power Sources","issn_l:0378-7753"
j-bench-physica-b-condensed-matter-0098,POSI-J-023417,"Physica B Condensed Matter","issn_l:0921-4526"
j-bench-journal-of-physics-condensed-matter-0099,POSI-J-023418,"Journal of Physics Condensed Matter","issn_l:0953-8984"
j-bench-optics-communications-0100,POSI-J-023419,"Optics Communications","issn_l:0030-4018"
j-bench-dalton-transactions-0101,POSI-J-023420,"Dalton Transactions","issn_l:1477-9226"
j-bench-journal-of-materials-chemistry-a-0102,POSI-J-023421,"Journal of Materials Chemistry A","issn_l:2050-7488"
j-bench-surface-science-0103,POSI-J-023422,"Surface Science","issn_l:0039-6028"
j-bench-nuclear-physics-a-0104,POSI-J-023423,"Nuclear Physics A","issn_l:0375-9474"
j-bench-russian-chemical-bulletin-0105,POSI-J-023424,"Russian Chemical Bulletin","issn_l:1063-5211"
j-bench-sensors-and-actuators-b-chemical-0106,POSI-J-023425,"Sensors and Actuators B Chemical","issn_l:0925-4005"
j-bench-bulletin-of-the-chemical-society-of-japa-0107,POSI-J-023426,"Bulletin of the Chemical Society of Japan","issn_l:0009-2673"
j-bench-physica-status-solidi-b-0108,POSI-J-023427,"physica status solidi (b)","issn_l:0370-1972"
j-bench-applied-and-environmental-microbiology-0109,POSI-J-000534,"Applied and Environmental Microbiology","issn_l:0099-2240"
j-bench-antarctica-a-keystone-in-a-changing-worl-0110,POSI-J-023428,"Antarctica A Keystone in a Changing World","issn_l:0196-1497"
j-bench-journal-of-the-american-ceramic-society-0111,POSI-J-023429,"Journal of the American Ceramic Society","issn_l:0002-7820"
j-bench-talanta-0112,POSI-J-023430,"Talanta","issn_l:0039-9140"
j-bench-acs-omega-0113,POSI-J-000538,"ACS Omega","issn_l:2470-1343"
j-bench-journal-of-physics-d-applied-physics-0114,POSI-J-023431,"Journal of Physics D Applied Physics","issn_l:0022-3727"
j-bench-physica-status-solidi-a-0115,POSI-J-023432,"physica status solidi (a)","issn_l:0031-8965"
j-bench-international-journal-of-heat-and-mass-t-0116,POSI-J-023433,"International Journal of Heat and Mass Transfer","issn_l:0017-9310"
j-bench-annalen-der-physik-0117,POSI-J-023434,"Annalen der Physik","issn_l:0003-3804"
j-bench-journal-of-mathematical-analysis-and-app-0118,POSI-J-023435,"Journal of Mathematical Analysis and Applications","issn_l:0022-247X"
j-bench-bioresource-technology-0119,POSI-J-023436,"Bioresource Technology","issn_l:0960-8524"
j-bench-physics-of-fluids-0120,POSI-J-023437,"Physics of Fluids","issn_l:1070-6631"
j-bench-procedia-computer-science-0121,POSI-J-023438,"Procedia Computer Science","issn_l:1877-0509"
j-bench-colloids-and-surfaces-a-physicochemical--0122,POSI-J-023439,"Colloids and Surfaces A Physicochemical and Engineering Aspects","issn_l:0927-7757"
j-bench-physica-scripta-0123,POSI-J-023440,"Physica Scripta","issn_l:0031-8949"
j-bench-chemical-engineering-science-0124,POSI-J-023441,"Chemical Engineering Science","issn_l:0009-2509"
j-bench-small-0125,POSI-J-023442,"Small","issn_l:1613-6810"
j-bench-journal-of-nuclear-materials-0126,POSI-J-023443,"Journal of Nuclear Materials","issn_l:0022-3115"
j-bench-nanoscale-0127,POSI-J-023444,"Nanoscale","issn_l:2040-3364"
j-bench-physica-a-statistical-mechanics-and-its--0128,POSI-J-023445,"Physica A Statistical Mechanics and its Applications","issn_l:0378-4371"
j-bench-chemie-ingenieur-technik-0129,POSI-J-023446,"Chemie Ingenieur Technik","issn_l:0009-286X"
j-bench-applied-thermal-engineering-0130,POSI-J-023447,"Applied Thermal Engineering","issn_l:1359-4311"
j-bench-ieee-transactions-on-nuclear-science-0131,POSI-J-023448,"IEEE Transactions on Nuclear Science","issn_l:0018-9499"
j-bench-ieee-transactions-on-electron-devices-0132,POSI-J-023449,"IEEE Transactions on Electron Devices","issn_l:0018-9383"
j-bench-the-astronomical-journal-0133,POSI-J-000544,"The Astronomical Journal","issn_l:0004-6256"
j-bench-journal-of-fluid-mechanics-0134,POSI-J-023450,"Journal of Fluid Mechanics","issn_l:0022-1120"
j-bench-transactions-of-the-american-mathematica-0135,POSI-J-023451,"Transactions of the American Mathematical Society","issn_l:0002-9947"
j-bench-ieee-sensors-journal-0136,POSI-J-023452,"IEEE Sensors Journal","issn_l:1530-437X"
j-bench-water-0137,POSI-J-023453,"Water","issn_l:2073-4441"
j-bench-polymers-0138,POSI-J-023454,"Polymers","issn_l:2073-4360"
j-bench-surface-and-coatings-technology-0139,POSI-J-023455,"Surface and Coatings Technology","issn_l:0257-8972"
j-bench-nuclear-physics-b-0140,POSI-J-000546,"Nuclear Physics B","issn_l:0550-3213"
j-bench-water-research-0141,POSI-J-023456,"Water Research","issn_l:0043-1354"
j-bench-organometallics-0142,POSI-J-023457,"Organometallics","issn_l:0276-7333"
j-bench-journal-of-non-crystalline-solids-0143,POSI-J-023458,"Journal of Non-Crystalline Solids","issn_l:0022-3093"
j-bench-separation-and-purification-technology-0144,POSI-J-023459,"Separation and Purification Technology","issn_l:1383-5866"
j-bench-zeitschrift-f-r-physikalische-chemie-0145,POSI-J-023460,"Zeitschrift für Physikalische Chemie","issn_l:0044-3336"
j-bench-the-international-journal-of-advanced-ma-0146,POSI-J-023461,"The International Journal of Advanced Manufacturing Technology","issn_l:0268-3768"
j-bench-analytical-biochemistry-0147,POSI-J-023462,"Analytical Biochemistry","issn_l:0003-2697"
j-bench-microelectronics-reliability-0148,POSI-J-023463,"Microelectronics Reliability","issn_l:0026-2714"
j-bench-journal-of-materials-science-materials-i-0149,POSI-J-023464,"Journal of Materials Science Materials in Electronics","issn_l:0957-4522"
j-bench-electronics-0150,POSI-J-023465,"Electronics","issn_l:2079-9292"
j-bench-carbon-0151,POSI-J-023466,"Carbon","issn_l:0008-6223"
j-bench-new-journal-of-chemistry-0152,POSI-J-023467,"New Journal of Chemistry","issn_l:0398-9836"
j-bench-journal-of-environmental-management-0153,POSI-J-023468,"Journal of Environmental Management","issn_l:0301-4797"
j-bench-chemistry-letters-0154,POSI-J-023469,"Chemistry Letters","issn_l:0366-7022"
j-bench-water-science-technology-0155,POSI-J-000552,"Water Science & Technology","issn_l:0273-1223"
j-bench-journal-of-hydrology-0156,POSI-J-023470,"Journal of Hydrology","issn_l:0022-1694"
j-bench-journal-of-sound-and-vibration-0157,POSI-J-023471,"Journal of Sound and Vibration","issn_l:0022-460X"
j-bench-ifac-papersonline-0158,POSI-J-023472,"IFAC-PapersOnLine","issn_l:2405-8963"
j-bench-ieee-transactions-on-instrumentation-and-0159,POSI-J-023473,"IEEE Transactions on Instrumentation and Measurement","issn_l:0018-9456"
j-bench-acs-nano-0160,POSI-J-023474,"ACS Nano","issn_l:1936-0851"
j-bench-environmental-pollution-0161,POSI-J-023475,"Environmental Pollution","issn_l:0269-7491"
j-bench-physica-c-superconductivity-0162,POSI-J-023476,"Physica C Superconductivity","issn_l:0921-4534"
j-bench-aiaa-journal-0163,POSI-J-023477,"AIAA Journal","issn_l:0001-1452"
j-bench-physics-of-plasmas-0164,POSI-J-023478,"Physics of Plasmas","issn_l:1070-664X"
j-bench-journal-of-molecular-liquids-0165,POSI-J-023479,"Journal of Molecular Liquids","issn_l:0167-7322"
j-bench-chemistry-of-materials-0166,POSI-J-023480,"Chemistry of Materials","issn_l:0897-4756"
j-bench-applied-energy-0167,POSI-J-023481,"Applied Energy","issn_l:0306-2619"
j-bench-mathematics-0168,POSI-J-000554,"Mathematics","issn_l:2227-7390"
j-bench-renewable-energy-0169,POSI-J-023482,"Renewable Energy","issn_l:0960-1481"
j-bench-marine-pollution-bulletin-0170,POSI-J-023483,"Marine Pollution Bulletin","issn_l:0025-326X"
j-bench-journal-of-the-american-statistical-asso-0171,POSI-J-023484,"Journal of the American Statistical Association","issn_l:0162-1459"
j-bench-neurocomputing-0172,POSI-J-023485,"Neurocomputing","issn_l:0925-2312"
j-bench-advances-in-space-research-0173,POSI-J-023486,"Advances in Space Research","issn_l:0273-1177"
j-bench-journal-of-pharmaceutical-sciences-0174,POSI-J-023487,"Journal of Pharmaceutical Sciences","issn_l:0022-3549"
j-bench-nano-letters-0175,POSI-J-023488,"Nano Letters","issn_l:1530-6984"
j-bench-materials-chemistry-and-physics-0176,POSI-J-023489,"Materials Chemistry and Physics","issn_l:0254-0584"
j-bench-ieee-transactions-on-geoscience-and-remo-0177,POSI-J-023490,"IEEE Transactions on Geoscience and Remote Sensing","issn_l:0196-2892"
j-bench-energy-fuels-0178,POSI-J-023491,"Energy & Fuels","issn_l:0887-0624"
j-bench-ieee-transactions-on-automatic-control-0179,POSI-J-023492,"IEEE Transactions on Automatic Control","issn_l:0018-9286"
j-bench-ocean-engineering-0180,POSI-J-023493,"Ocean Engineering","issn_l:0029-8018"
j-bench-journal-of-membrane-science-0181,POSI-J-023494,"Journal of Membrane Science","issn_l:0376-7388"
j-bench-spectrochimica-acta-part-a-molecular-and-0182,POSI-J-023495,"Spectrochimica Acta Part A Molecular and Biomolecular Spectroscopy","issn_l:1386-1425"
j-bench-public-health-0183,POSI-J-023496,"Public Health","issn_l:0033-3506"
j-bench-journal-of-mathematical-physics-0184,POSI-J-023497,"Journal of Mathematical Physics","issn_l:0022-2488"
j-bench-ieee-transactions-on-microwave-theory-an-0185,POSI-J-023498,"IEEE Transactions on Microwave Theory and Techniques","issn_l:0018-9480"
j-bench-journal-of-radioanalytical-and-nuclear-c-0186,POSI-J-023499,"Journal of Radioanalytical and Nuclear Chemistry","issn_l:0236-5731"
j-bench-geochimica-et-cosmochimica-acta-0187,POSI-J-023500,"Geochimica et Cosmochimica Acta","issn_l:0016-7037"
j-bench-journal-of-thermal-analysis-and-calorime-0188,POSI-J-023501,"Journal of Thermal Analysis and Calorimetry","issn_l:1388-6150"
j-bench-colloid-polymer-science-0189,POSI-J-023502,"Colloid & Polymer Science","issn_l:0303-402X"
j-bench-ecology-0190,POSI-J-023503,"Ecology","issn_l:0012-9658"
j-bench-mayo-clinic-proceedings-0191,POSI-J-023504,"Mayo Clinic Proceedings","issn_l:0025-6196"
j-bench-environmental-health-perspectives-0192,POSI-J-000556,"Environmental Health Perspectives","issn_l:0091-6765"
j-bench-bulletin-of-the-american-meteorological--0193,POSI-J-023505,"Bulletin of the American Meteorological Society","issn_l:0003-0007"
j-bench-organic-biomolecular-chemistry-0194,POSI-J-023506,"Organic & Biomolecular Chemistry","issn_l:1477-0520"
j-bench-ieee-transactions-on-power-electronics-0195,POSI-J-023507,"IEEE Transactions on Power Electronics","issn_l:0885-8993"
j-bench-applied-physics-a-0196,POSI-J-023508,"Applied Physics A","issn_l:0947-8396"
j-bench-ieee-transactions-on-antennas-and-propag-0197,POSI-J-023509,"IEEE Transactions on Antennas and Propagation","issn_l:0018-926X"
j-bench-applied-mathematics-and-computation-0198,POSI-J-023510,"Applied Mathematics and Computation","issn_l:0096-3003"
j-bench-journal-of-materials-chemistry-c-0199,POSI-J-023511,"Journal of Materials Chemistry C","issn_l:2050-7526"
j-bench-journal-of-lightwave-technology-0200,POSI-J-023512,"Journal of Lightwave Technology","issn_l:0733-8724"
j-bench-ieee-transactions-on-applied-superconduc-0201,POSI-J-023513,"IEEE Transactions on Applied Superconductivity","issn_l:1051-8223"
j-bench-nanotechnology-0202,POSI-J-023514,"Nanotechnology","issn_l:0957-4484"
j-bench-the-european-physical-journal-a-0203,POSI-J-023515,"The European Physical Journal A","issn_l:1434-6001"
j-bench-journal-of-the-american-oil-chemists-soc-0204,POSI-J-023516,"Journal of the American Oil Chemists Society","issn_l:0003-021X"
j-bench-the-european-physical-journal-c-0205,POSI-J-000560,"The European Physical Journal C","issn_l:1434-6044"
j-bench-journal-of-environmental-chemical-engine-0206,POSI-J-023517,"Journal of environmental chemical engineering","issn_l:2213-2929"
j-bench-journal-of-biomechanics-0207,POSI-J-023518,"Journal of Biomechanics","issn_l:0021-9290"
j-bench-microchemical-journal-0208,POSI-J-023519,"Microchemical Journal","issn_l:0026-265X"
j-bench-journal-of-solid-state-chemistry-0209,POSI-J-023520,"Journal of Solid State Chemistry","issn_l:0022-4596"
j-bench-wear-0210,POSI-J-023521,"Wear","issn_l:0043-1648"
j-bench-journal-of-experimental-biology-0211,POSI-J-023522,"Journal of Experimental Biology","issn_l:0022-0949"
j-bench-european-journal-of-organic-chemistry-0212,POSI-J-023523,"European Journal of Organic Chemistry","issn_l:1099-0690"
j-bench-ieee-photonics-technology-letters-0213,POSI-J-023524,"IEEE Photonics Technology Letters","issn_l:1041-1135"
j-bench-journal-of-catalysis-0214,POSI-J-023525,"Journal of Catalysis","issn_l:0021-9517"
j-bench-hydrobiologia-0215,POSI-J-023526,"Hydrobiologia","issn_l:0018-8158"
j-bench-water-resources-research-0216,POSI-J-000561,"Water Resources Research","issn_l:0043-1397"
j-bench-powder-technology-0217,POSI-J-023527,"Powder Technology","issn_l:0032-5910"
j-bench-environmental-research-0218,POSI-J-023528,"Environmental Research","issn_l:0013-9351"
j-bench-synthesis-0219,POSI-J-023529,"Synthesis","issn_l:0039-7881"
j-bench-journal-of-forestry-0220,POSI-J-023530,"Journal of Forestry","issn_l:0022-1201"
j-bench-chemistryselect-0221,POSI-J-023531,"ChemistrySelect","issn_l:2365-6549"
j-bench-ieee-transactions-on-vehicular-technolog-0222,POSI-J-023532,"IEEE Transactions on Vehicular Technology","issn_l:0018-9545"
j-bench-engineering-structures-0223,POSI-J-023533,"Engineering Structures","issn_l:0141-0296"
j-bench-nanomaterials-0224,POSI-J-000564,"Nanomaterials","issn_l:2079-4991"
j-bench-biomaterials-0225,POSI-J-023534,"Biomaterials","issn_l:0142-9612"
j-bench-thermochimica-acta-0226,POSI-J-023535,"Thermochimica Acta","issn_l:0040-6031"
j-bench-energy-conversion-and-management-0227,POSI-J-023536,"Energy Conversion and Management","issn_l:0196-8904"
j-bench-ieee-transactions-on-industrial-electron-0228,POSI-J-023537,"IEEE Transactions on Industrial Electronics","issn_l:0278-0046"
j-bench-optik-0229,POSI-J-023538,"Optik","issn_l:0030-4026"
j-bench-journal-of-physics-and-chemistry-of-soli-0230,POSI-J-023539,"Journal of Physics and Chemistry of Solids","issn_l:0022-3697"
j-bench-europhysics-letters-epl-0231,POSI-J-023540,"Europhysics Letters (EPL)","issn_l:0295-5075"
j-bench-atmospheric-environment-0232,POSI-J-023541,"Atmospheric Environment","issn_l:1352-2310"
j-bench-journal-of-energy-storage-0233,POSI-J-023542,"Journal of Energy Storage","issn_l:2352-152X"
j-bench-microwave-and-optical-technology-letters-0234,POSI-J-023543,"Microwave and Optical Technology Letters","issn_l:0895-2477"
j-bench-carbohydrate-research-0235,POSI-J-023544,"Carbohydrate Research","issn_l:0008-6215"
j-bench-zamm-journal-of-applied-mathematics-and--0236,POSI-J-023545,"ZAMM ‐ Journal of Applied Mathematics and Mechanics / Zeitschrift für Angewandte Mathematik und Mechanik","issn_l:0044-2267"
j-bench-measurement-0237,POSI-J-023546,"Measurement","issn_l:0263-2241"
j-bench-multimedia-tools-and-applications-0238,POSI-J-023547,"Multimedia Tools and Applications","issn_l:1380-7501"
j-bench-earth-and-planetary-science-letters-0239,POSI-J-023548,"Earth and Planetary Science Letters","issn_l:0012-821X"
j-bench-acta-materialia-0240,POSI-J-023549,"Acta Materialia","issn_l:1359-6454"
j-bench-synthetic-metals-0241,POSI-J-023550,"Synthetic Metals","issn_l:0379-6779"
j-bench-mathematical-problems-in-engineering-0242,POSI-J-023551,"Mathematical Problems in Engineering","issn_l:1024-123X"
j-bench-journal-of-computational-physics-0243,POSI-J-023552,"Journal of Computational Physics","issn_l:0021-9991"
j-bench-postgraduate-medicine-0244,POSI-J-023553,"Postgraduate Medicine","issn_l:0032-5481"
j-bench-physical-review-e-0245,POSI-J-023554,"Physical review. E","issn_l:2470-0045"
j-bench-journal-of-luminescence-0246,POSI-J-023555,"Journal of Luminescence","issn_l:0022-2313"
j-bench-processes-0247,POSI-J-023556,"Processes","issn_l:2227-9717"
j-bench-soft-matter-0248,POSI-J-023557,"Soft Matter","issn_l:1744-683X"
j-bench-advanced-science-0249,POSI-J-000572,"Advanced Science","issn_l:2198-3844"
j-bench-scientific-reports-0250,POSI-J-000505,"Scientific Reports","issn_l:2045-2322"
j-bench-journal-of-biological-chemistry-0251,POSI-J-000506,"Journal of Biological Chemistry","issn_l:0021-9258"
j-bench-proceedings-of-the-national-academy-of-s-0252,POSI-J-023558,"Proceedings of the National Academy of Sciences","issn_l:0027-8424"
j-bench-international-journal-of-molecular-scien-0253,POSI-J-023559,"International Journal of Molecular Sciences","issn_l:1422-0067"
j-bench-biochemical-and-biophysical-research-com-0254,POSI-J-023560,"Biochemical and Biophysical Research Communications","issn_l:0006-291X"
j-bench-nature-communications-0255,POSI-J-000512,"Nature Communications","issn_l:2041-1723"
j-bench-annals-of-the-new-york-academy-of-scienc-0256,POSI-J-023561,"Annals of the New York Academy of Sciences","issn_l:0077-8923"
j-bench-brain-research-0257,POSI-J-023562,"Brain Research","issn_l:0006-8993"
j-bench-febs-letters-0258,POSI-J-023563,"FEBS Letters","issn_l:0014-5793"
j-bench-frontiers-in-immunology-0259,POSI-J-000099,"Frontiers in Immunology","issn_l:1664-3224"
j-bench-nucleic-acids-research-0260,POSI-J-000521,"Nucleic Acids Research","issn_l:0305-1048"
j-bench-journal-of-bacteriology-0261,POSI-J-000522,"Journal of Bacteriology","issn_l:0021-9193"
j-bench-frontiers-in-psychology-0262,POSI-J-000103,"Frontiers in Psychology","issn_l:1664-1078"
j-bench-journal-of-virology-0263,POSI-J-000526,"Journal of Virology","issn_l:0022-538X"
j-bench-the-journal-of-physiology-0264,POSI-J-023564,"The Journal of Physiology","issn_l:0022-3751"
j-bench-european-journal-of-pharmacology-0265,POSI-J-023565,"European Journal of Pharmacology","issn_l:0014-2999"
j-bench-journal-of-dairy-science-0266,POSI-J-000532,"Journal of Dairy Science","issn_l:0022-0302"
j-bench-journal-of-neuroscience-0267,POSI-J-023566,"Journal of Neuroscience","issn_l:0270-6474"
j-bench-european-journal-of-cancer-0268,POSI-J-023567,"European Journal of Cancer","issn_l:0959-8049"
j-bench-frontiers-in-microbiology-0269,POSI-J-000118,"Frontiers in Microbiology","issn_l:1664-302X"
j-bench-journal-of-medicinal-chemistry-0270,POSI-J-023568,"Journal of Medicinal Chemistry","issn_l:0022-2623"
j-bench-neuroscience-letters-0271,POSI-J-023569,"Neuroscience Letters","issn_l:0304-3940"
j-bench-the-journal-of-infectious-diseases-0272,POSI-J-023570,"The Journal of Infectious Diseases","issn_l:0022-1899"
j-bench-life-sciences-0273,POSI-J-023571,"Life Sciences","issn_l:0024-3205"
j-bench-biochemical-journal-0274,POSI-J-023572,"Biochemical Journal","issn_l:0264-6021"
j-bench-journal-of-clinical-investigation-0275,POSI-J-000535,"Journal of Clinical Investigation","issn_l:0021-9738"
j-bench-plant-physiology-0276,POSI-J-023573,"PLANT PHYSIOLOGY","issn_l:0032-0889"
j-bench-journal-of-molecular-biology-0277,POSI-J-023574,"Journal of Molecular Biology","issn_l:0022-2836"
j-bench-journal-of-economic-entomology-0278,POSI-J-023575,"Journal of Economic Entomology","issn_l:0022-0493"
j-bench-phytochemistry-0279,POSI-J-023576,"Phytochemistry","issn_l:0031-9422"
j-bench-cellular-and-molecular-life-sciences-0280,POSI-J-000497,"Cellular and Molecular Life Sciences","issn_l:1420-682X"
j-bench-frontiers-in-plant-science-0281,POSI-J-000121,"Frontiers in Plant Science","issn_l:1664-462X"
j-bench-poultry-science-0282,POSI-J-000539,"Poultry Science","issn_l:0032-5791"
j-bench-archives-of-biochemistry-and-biophysics-0283,POSI-J-023577,"Archives of Biochemistry and Biophysics","issn_l:0003-9861"
j-bench-journal-of-applied-physiology-0284,POSI-J-023578,"Journal of Applied Physiology","issn_l:0161-7567"
j-bench-infection-and-immunity-0285,POSI-J-000541,"Infection and Immunity","issn_l:0019-9567"
j-bench-fems-microbiology-letters-0286,POSI-J-023579,"FEMS Microbiology Letters","issn_l:0378-1097"
j-bench-antimicrobial-agents-and-chemotherapy-0287,POSI-J-023580,"Antimicrobial Agents and Chemotherapy","issn_l:0066-4804"
j-bench-biochemical-pharmacology-0288,POSI-J-023581,"Biochemical Pharmacology","issn_l:0006-2952"
j-bench-journal-of-clinical-microbiology-0289,POSI-J-000543,"Journal of Clinical Microbiology","issn_l:0095-1137"
j-bench-international-journal-of-cancer-0290,POSI-J-023582,"International Journal of Cancer","issn_l:0020-7136"
j-bench-journal-of-neurochemistry-0291,POSI-J-023583,"Journal of Neurochemistry","issn_l:0022-3042"
j-bench-bioorganic-medicinal-chemistry-letters-0292,POSI-J-023584,"Bioorganic & Medicinal Chemistry Letters","issn_l:0960-894X"
j-bench-elife-0293,POSI-J-000550,"eLife","issn_l:2050-084X"
j-bench-molecular-and-cellular-biology-0294,POSI-J-023585,"Molecular and Cellular Biology","issn_l:0270-7306"
j-bench-biological-psychiatry-0295,POSI-J-023586,"Biological Psychiatry","issn_l:0006-3223"
j-bench-hortscience-0296,POSI-J-000545,"HortScience","issn_l:0018-5345"
j-bench-frontiers-in-pharmacology-0297,POSI-J-000105,"Frontiers in Pharmacology","issn_l:1663-9812"
j-bench-open-forum-infectious-diseases-0298,POSI-J-000547,"Open Forum Infectious Diseases","issn_l:2328-8957"
j-bench-biochemical-society-transactions-0299,POSI-J-023587,"Biochemical Society Transactions","issn_l:0300-5127"
j-bench-clinical-chemistry-0300,POSI-J-023588,"Clinical Chemistry","issn_l:0009-9147"
j-bench-clinica-chimica-acta-0301,POSI-J-023589,"Clinica Chimica Acta","issn_l:0009-8981"
j-bench-virology-0302,POSI-J-023590,"Virology","issn_l:0042-6822"
j-bench-journal-of-neurology-neurosurgery-psychi-0303,POSI-J-023591,"Journal of Neurology Neurosurgery & Psychiatry","issn_l:0022-3050"
j-bench-neuroscience-0304,POSI-J-023592,"Neuroscience","issn_l:0306-4522"
j-bench-chemical-and-pharmaceutical-bulletin-0305,POSI-J-023593,"Chemical and Pharmaceutical Bulletin","issn_l:0009-2363"
j-bench-perceptual-and-motor-skills-0306,POSI-J-023594,"Perceptual and Motor Skills","issn_l:0031-5125"
j-bench-the-journal-of-cell-biology-0307,POSI-J-023595,"The Journal of Cell Biology","issn_l:0021-9525"
j-bench-american-journal-of-botany-0308,POSI-J-023596,"American Journal of Botany","issn_l:0002-9122"
j-bench-neuroimage-0309,POSI-J-000553,"NeuroImage","issn_l:1053-8119"
j-bench-gene-0310,POSI-J-023597,"Gene","issn_l:0378-1119"
j-bench-journal-of-food-science-0311,POSI-J-023598,"Journal of Food Science","issn_l:0022-1147"
j-bench-international-journal-of-pharmaceutics-0312,POSI-J-023599,"International Journal of Pharmaceutics","issn_l:0378-5173"
j-bench-biomed-research-international-0313,POSI-J-023600,"BioMed Research International","issn_l:1110-7243"
j-bench-oncotarget-0314,POSI-J-023601,"Oncotarget","issn_l:1949-2553"
j-bench-aquaculture-0315,POSI-J-023602,"Aquaculture","issn_l:0044-8486"
j-bench-plant-disease-0316,POSI-J-023603,"Plant Disease","issn_l:0191-2917"
j-bench-carbohydrate-polymers-0317,POSI-J-023604,"Carbohydrate Polymers","issn_l:0144-8617"
j-bench-cell-0318,POSI-J-023605,"Cell","issn_l:0092-8674"
j-bench-european-food-research-and-technology-0319,POSI-J-023606,"European Food Research and Technology","issn_l:0373-0174"
j-bench-british-journal-of-pharmacology-0320,POSI-J-023607,"British Journal of Pharmacology","issn_l:0007-1188"
j-bench-foods-0321,POSI-J-000557,"Foods","issn_l:2304-8158"
j-bench-f1000research-0322,POSI-J-000593,"F1000Research","issn_l:2046-1402"
j-bench-helvetica-chimica-acta-0323,POSI-J-023608,"Helvetica Chimica Acta","issn_l:0018-019X"
j-bench-the-journal-of-experimental-medicine-0324,POSI-J-023609,"The Journal of Experimental Medicine","issn_l:0022-1007"
j-bench-current-biology-0325,POSI-J-023610,"Current Biology","issn_l:0960-9822"
j-bench-the-journal-of-comparative-neurology-0326,POSI-J-023611,"The Journal of Comparative Neurology","issn_l:0021-9967"
j-bench-agronomy-journal-0327,POSI-J-023612,"Agronomy Journal","issn_l:0002-1962"
j-bench-clinical-neurophysiology-0328,POSI-J-023613,"Clinical Neurophysiology","issn_l:1388-2457"
j-bench-journal-of-the-science-of-food-and-agric-0329,POSI-J-023614,"Journal of the Science of Food and Agriculture","issn_l:0022-5142"
j-bench-naunyn-schmiedeberg-s-archives-of-pharma-0330,POSI-J-023615,"Naunyn-Schmiedeberg s Archives of Pharmacology","issn_l:0028-1298"
j-bench-pfl-gers-archiv-european-journal-of-phys-0331,POSI-J-023616,"Pflügers Archiv - European Journal of Physiology","issn_l:0031-6768"
j-bench-animals-0332,POSI-J-000066,"Animals","issn_l:2076-2615"
j-bench-the-american-naturalist-0333,POSI-J-023617,"The American Naturalist","issn_l:0003-0147"
j-bench-crop-science-0334,POSI-J-023618,"Crop Science","issn_l:0011-183X"
j-bench-journal-of-cell-science-0335,POSI-J-023619,"Journal of Cell Science","issn_l:0021-9533"
j-bench-annals-of-surgical-oncology-0336,POSI-J-023620,"Annals of Surgical Oncology","issn_l:1068-9265"
j-bench-new-phytologist-0337,POSI-J-023621,"New Phytologist","issn_l:0028-646X"
j-bench-school-science-and-mathematics-0338,POSI-J-023622,"School Science and Mathematics","issn_l:0036-6803"
j-bench-developmental-biology-0339,POSI-J-023623,"Developmental Biology","issn_l:0012-1606"
j-bench-journal-of-neurophysiology-0340,POSI-J-023624,"Journal of Neurophysiology","issn_l:0022-3077"
j-bench-plants-0341,POSI-J-000563,"Plants","issn_l:2223-7747"
j-bench-molecular-therapy-0342,POSI-J-023625,"Molecular Therapy","issn_l:1525-0016"
j-bench-journal-of-antimicrobial-chemotherapy-0343,POSI-J-023626,"Journal of Antimicrobial Chemotherapy","issn_l:0305-7453"
j-bench-journal-of-ethnopharmacology-0344,POSI-J-023627,"Journal of Ethnopharmacology","issn_l:0378-8741"
j-bench-genetics-0345,POSI-J-023628,"Genetics","issn_l:0016-6731"
j-bench-the-embo-journal-0346,POSI-J-000565,"The EMBO Journal","issn_l:0261-4189"
j-bench-applied-microbiology-and-biotechnology-0347,POSI-J-000566,"Applied Microbiology and Biotechnology","issn_l:0175-7598"
j-bench-evolution-0348,POSI-J-023629,"Evolution","issn_l:0014-3820"
j-bench-peerj-0349,POSI-J-000082,"PeerJ","issn_l:2167-8359"
j-bench-soil-science-society-of-america-journal-0350,POSI-J-023630,"Soil Science Society of America Journal","issn_l:0361-5995"
j-bench-cells-0351,POSI-J-000567,"Cells","issn_l:2073-4409"
j-bench-plant-and-soil-0352,POSI-J-023631,"Plant and Soil","issn_l:0032-079X"
j-bench-biomedicine-pharmacotherapy-0353,POSI-J-023632,"Biomedicine & Pharmacotherapy","issn_l:0753-3322"
j-bench-european-journal-of-immunology-0354,POSI-J-023633,"European Journal of Immunology","issn_l:0014-2980"
j-bench-development-0355,POSI-J-023634,"Development","issn_l:0950-1991"
j-bench-the-journal-of-biochemistry-0356,POSI-J-023635,"The Journal of Biochemistry","issn_l:0021-924X"
j-bench-mycologia-0357,POSI-J-023636,"Mycologia","issn_l:0027-5514"
j-bench-biosensors-and-bioelectronics-0358,POSI-J-023637,"Biosensors and Bioelectronics","issn_l:0956-5663"
j-bench-toxicon-0359,POSI-J-023638,"Toxicon","issn_l:0041-0101"
j-bench-proceedings-of-the-royal-society-b-biolo-0360,POSI-J-023639,"Proceedings of the Royal Society B Biological Sciences","issn_l:0080-4649"
j-bench-biochimica-et-biophysica-acta-bba-biomem-0361,POSI-J-023640,"Biochimica et Biophysica Acta (BBA) - Biomembranes","issn_l:0005-2736"
j-bench-lwt-0362,POSI-J-000576,"LWT","issn_l:0023-6438"
j-bench-agronomy-0363,POSI-J-000580,"Agronomy","issn_l:2073-4395"
j-bench-arteriosclerosis-thrombosis-and-vascular-0364,POSI-J-023641,"Arteriosclerosis Thrombosis and Vascular Biology","issn_l:1079-5642"
j-bench-journal-of-cellular-physiology-0365,POSI-J-023642,"Journal of Cellular Physiology","issn_l:0021-9541"
j-bench-cell-and-tissue-research-0366,POSI-J-023643,"Cell and Tissue Research","issn_l:0302-766X"
j-bench-biotechnology-and-bioengineering-0367,POSI-J-023644,"Biotechnology and Bioengineering","issn_l:0006-3592"
j-bench-journal-of-experimental-botany-0368,POSI-J-023645,"Journal of Experimental Botany","issn_l:0022-0957"
j-bench-bioinformatics-0369,POSI-J-000582,"Bioinformatics","issn_l:1367-4803"
j-bench-frontiers-in-neuroscience-0370,POSI-J-000094,"Frontiers in Neuroscience","issn_l:1662-453X"
j-bench-bmc-genomics-0371,POSI-J-000581,"BMC Genomics","issn_l:1471-2164"
j-bench-brain-0372,POSI-J-023646,"Brain","issn_l:0006-8950"
j-bench-journal-of-crohn-s-and-colitis-0373,POSI-J-023647,"Journal of Crohn s and Colitis","issn_l:1873-9946"
j-bench-food-research-international-0374,POSI-J-023648,"Food Research International","issn_l:0963-9969"
j-bench-cancer-letters-0375,POSI-J-023649,"Cancer Letters","issn_l:0304-3835"
j-bench-clinical-pharmacology-therapeutics-0376,POSI-J-023650,"Clinical Pharmacology & Therapeutics","issn_l:0009-9236"
j-bench-physiologia-plantarum-0377,POSI-J-023651,"Physiologia Plantarum","issn_l:0031-9317"
j-bench-toxicology-and-applied-pharmacology-0378,POSI-J-023652,"Toxicology and Applied Pharmacology","issn_l:0041-008X"
j-bench-journal-of-pharmacy-and-pharmacology-0379,POSI-J-023653,"Journal of Pharmacy and Pharmacology","issn_l:0022-3573"
j-bench-microorganisms-0380,POSI-J-000588,"Microorganisms","issn_l:2076-2607"
j-bench-psychopharmacology-0381,POSI-J-023654,"Psychopharmacology","issn_l:0033-3158"
j-bench-journal-of-controlled-release-0382,POSI-J-023655,"Journal of Controlled Release","issn_l:0168-3659"
j-bench-journal-of-theoretical-biology-0383,POSI-J-023656,"Journal of Theoretical Biology","issn_l:0022-5193"
j-bench-plant-systematics-and-evolution-0384,POSI-J-023657,"Plant Systematics and Evolution","issn_l:0029-8948"
j-bench-journal-of-general-virology-0385,POSI-J-023658,"Journal of General Virology","issn_l:0022-1317"
j-bench-biotechnology-advances-0386,POSI-J-023659,"Biotechnology Advances","issn_l:0734-9750"
j-bench-biomedicines-0387,POSI-J-000601,"Biomedicines","issn_l:2227-9059"
j-bench-neuroscience-research-0388,POSI-J-000599,"Neuroscience Research","issn_l:0168-0102"
j-bench-animal-behaviour-0389,POSI-J-023660,"Animal Behaviour","issn_l:0003-3472"
j-bench-phytopathology-0390,POSI-J-023661,"Phytopathology","issn_l:0031-949X"
j-bench-frontiers-in-genetics-0391,POSI-J-000119,"Frontiers in Genetics","issn_l:1664-8021"
j-bench-microchimica-acta-0392,POSI-J-023662,"Microchimica Acta","issn_l:0026-3672"
j-bench-planta-0393,POSI-J-023663,"Planta","issn_l:0032-0935"
j-bench-pharmacology-biochemistry-and-behavior-0394,POSI-J-023664,"Pharmacology Biochemistry and Behavior","issn_l:0091-3057"
j-bench-cell-reports-0395,POSI-J-000604,"Cell Reports","issn_l:2211-1247"
j-bench-biochimica-et-biophysica-acta-bba-genera-0396,POSI-J-023665,"Biochimica et Biophysica Acta (BBA) - General Subjects","issn_l:0304-4165"
j-bench-behavioural-brain-research-0397,POSI-J-023666,"Behavioural Brain Research","issn_l:0166-4328"
j-bench-bioscience-0398,POSI-J-023667,"BioScience","issn_l:0006-3568"
j-bench-scientia-horticulturae-0399,POSI-J-023668,"Scientia Horticulturae","issn_l:0304-4238"
j-bench-experimental-brain-research-0400,POSI-J-023669,"Experimental Brain Research","issn_l:0014-4819"
j-bench-experimental-neurology-0401,POSI-J-023670,"Experimental Neurology","issn_l:0014-4886"
j-bench-iscience-0402,POSI-J-000607,"iScience","issn_l:2589-0042"
j-bench-international-immunopharmacology-0403,POSI-J-023671,"International Immunopharmacology","issn_l:1567-5769"
j-bench-journal-of-cellular-biochemistry-0404,POSI-J-023672,"Journal of Cellular Biochemistry","issn_l:0730-2312"
j-bench-human-immunology-0405,POSI-J-023673,"Human Immunology","issn_l:0198-8859"
j-bench-european-journal-of-neuroscience-0406,POSI-J-023674,"European Journal of Neuroscience","issn_l:0953-816X"
j-bench-vision-research-0407,POSI-J-023675,"Vision Research","issn_l:0042-6989"
j-bench-annals-of-botany-0408,POSI-J-023676,"Annals of Botany","issn_l:0305-7364"
j-bench-aids-0409,POSI-J-023677,"AIDS","issn_l:0269-9370"
j-bench-british-journal-of-clinical-pharmacology-0410,POSI-J-023678,"British Journal of Clinical Pharmacology","issn_l:0306-5251"
j-bench-ecology-and-evolution-0411,POSI-J-000609,"Ecology and Evolution","issn_l:2045-7758"
j-bench-journal-of-biotechnology-0412,POSI-J-023679,"Journal of Biotechnology","issn_l:0168-1656"
j-bench-oncology-letters-0413,POSI-J-023680,"Oncology Letters","issn_l:1792-1074"
j-bench-plant-and-cell-physiology-0414,POSI-J-023681,"Plant and Cell Physiology","issn_l:0032-0781"
j-bench-molecular-microbiology-0415,POSI-J-023682,"Molecular Microbiology","issn_l:0950-382X"
j-bench-ieee-transactions-on-biomedical-engineer-0416,POSI-J-023683,"IEEE Transactions on Biomedical Engineering","issn_l:0018-9294"
j-bench-american-journal-of-physiology-regulator-0417,POSI-J-023684,"American Journal of Physiology-Regulatory, Integrative and Comparative Physiology","issn_l:0363-6119"
j-bench-international-journal-of-systematic-and--0418,POSI-J-023685,"INTERNATIONAL JOURNAL OF SYSTEMATIC AND EVOLUTIONARY MICROBIOLOGY","issn_l:1466-5026"
j-bench-analytical-methods-0419,POSI-J-023686,"Analytical Methods","issn_l:1759-9660"
j-bench-archives-of-virology-0420,POSI-J-023687,"Archives of Virology","issn_l:0003-9012"
j-bench-neuropharmacology-0421,POSI-J-023688,"Neuropharmacology","issn_l:0028-3908"
j-bench-bulletin-of-the-korean-chemical-society-0422,POSI-J-023689,"Bulletin of the Korean Chemical Society","issn_l:0253-2964"
j-bench-genes-0423,POSI-J-023690,"Genes","issn_l:2073-4425"
j-bench-molecular-pharmacology-0424,POSI-J-023691,"Molecular Pharmacology","issn_l:0026-895X"
j-bench-molecular-biology-reports-0425,POSI-J-023692,"Molecular Biology Reports","issn_l:0301-4851"
j-bench-pharmaceutics-0426,POSI-J-000620,"Pharmaceutics","issn_l:1999-4923"
j-bench-journal-of-heredity-0427,POSI-J-023693,"Journal of Heredity","issn_l:0022-1503"
j-bench-bioscience-biotechnology-and-biochemistr-0428,POSI-J-023694,"Bioscience Biotechnology and Biochemistry","issn_l:0916-8451"
j-bench-radiation-physics-and-chemistry-0429,POSI-J-023695,"Radiation Physics and Chemistry","issn_l:0969-806X"
j-bench-taxon-0430,POSI-J-023696,"Taxon","issn_l:0040-0262"
j-bench-sexually-transmitted-infections-0431,POSI-J-023697,"Sexually Transmitted Infections","issn_l:0007-134X"
j-bench-biochimica-et-biophysica-acta-bba-bioene-0432,POSI-J-023698,"Biochimica et Biophysica Acta (BBA) - Bioenergetics","issn_l:0005-2728"
j-bench-food-hydrocolloids-0433,POSI-J-023699,"Food Hydrocolloids","issn_l:0268-005X"
j-bench-neuron-0434,POSI-J-023700,"Neuron","issn_l:0896-6273"
j-bench-theoretical-and-applied-genetics-0435,POSI-J-023701,"Theoretical and Applied Genetics","issn_l:0040-5752"
j-bench-alimentary-pharmacology-therapeutics-0436,POSI-J-023702,"Alimentary Pharmacology & Therapeutics","issn_l:0269-2813"
j-bench-experimental-eye-research-0437,POSI-J-023703,"Experimental Eye Research","issn_l:0014-4835"
j-bench-human-molecular-genetics-0438,POSI-J-023704,"Human Molecular Genetics","issn_l:0964-6906"
j-bench-carcinogenesis-0439,POSI-J-023705,"Carcinogenesis","issn_l:0143-3334"
j-bench-molecular-medicine-reports-0440,POSI-J-023706,"Molecular Medicine Reports","issn_l:1791-2997"
j-bench-annals-of-the-entomological-society-of-a-0441,POSI-J-023707,"Annals of the Entomological Society of America","issn_l:0013-8746"
j-bench-agriculture-0442,POSI-J-000633,"Agriculture","issn_l:2077-0472"
j-bench-frontiers-in-human-neuroscience-0443,POSI-J-000096,"Frontiers in Human Neuroscience","issn_l:1662-5161"
j-bench-general-and-comparative-endocrinology-0444,POSI-J-023708,"General and Comparative Endocrinology","issn_l:0016-6480"
j-bench-nutrition-reviews-0445,POSI-J-023709,"Nutrition Reviews","issn_l:0029-6643"
j-bench-the-plant-journal-0446,POSI-J-023710,"The Plant Journal","issn_l:0960-7412"
j-bench-forensic-science-international-0447,POSI-J-023711,"Forensic Science International","issn_l:0379-0738"
j-bench-frontiers-in-cell-and-developmental-biol-0448,POSI-J-000132,"Frontiers in Cell and Developmental Biology","issn_l:2296-634X"
j-bench-microbiology-0449,POSI-J-000631,"Microbiology","issn_l:1350-0872"
j-bench-oncology-reports-0450,POSI-J-023712,"Oncology Reports","issn_l:1021-335X"
j-bench-neuroreport-0451,POSI-J-023713,"Neuroreport","issn_l:0959-4965"
j-bench-food-control-0452,POSI-J-023714,"Food Control","issn_l:0956-7135"
j-bench-plos-neglected-tropical-diseases-0453,POSI-J-000076,"PLoS neglected tropical diseases","issn_l:1935-2727"
j-bench-biomolecules-0454,POSI-J-000634,"Biomolecules","issn_l:2218-273X"
j-bench-inflammatory-bowel-diseases-0455,POSI-J-023715,"Inflammatory Bowel Diseases","issn_l:1078-0998"
j-bench-experimental-and-therapeutic-medicine-0456,POSI-J-023716,"Experimental and Therapeutic Medicine","issn_l:1792-0981"
j-bench-american-journal-of-agricultural-economi-0457,POSI-J-023717,"American Journal of Agricultural Economics","issn_l:0002-9092"
j-bench-frontiers-in-veterinary-science-0458,POSI-J-000116,"Frontiers in Veterinary Science","issn_l:2297-1769"
j-bench-american-journal-of-physiology-cell-phys-0459,POSI-J-023718,"American Journal of Physiology-Cell Physiology","issn_l:0363-6143"
j-bench-bmc-bioinformatics-0460,POSI-J-000637,"BMC Bioinformatics","issn_l:1471-2105"
j-bench-american-journal-of-medical-genetics-par-0461,POSI-J-023719,"American Journal of Medical Genetics Part A","issn_l:1552-4825"
j-bench-soil-biology-and-biochemistry-0462,POSI-J-023720,"Soil Biology and Biochemistry","issn_l:0038-0717"
j-bench-journal-of-forensic-sciences-0463,POSI-J-023721,"Journal of Forensic Sciences","issn_l:0022-1198"
j-bench-american-journal-of-physiology-renal-phy-0464,POSI-J-023722,"American Journal of Physiology-Renal Physiology","issn_l:1522-1466"
j-bench-molecular-and-cellular-biochemistry-0465,POSI-J-023723,"Molecular and Cellular Biochemistry","issn_l:0300-8177"
j-bench-data-in-brief-0466,POSI-J-000640,"Data in Brief","issn_l:2352-3409"
j-bench-human-genetics-0467,POSI-J-023724,"Human Genetics","issn_l:0018-7348"
j-bench-journal-of-food-protection-0468,POSI-J-000641,"Journal of Food Protection","issn_l:0362-028X"
j-bench-plos-computational-biology-0469,POSI-J-000072,"PLoS Computational Biology","issn_l:1553-734X"
j-bench-journal-of-neuroscience-research-0470,POSI-J-023725,"Journal of Neuroscience Research","issn_l:0360-4012"
j-bench-biochimie-0471,POSI-J-023726,"Biochimie","issn_l:0037-9042"
j-bench-molecular-ecology-0472,POSI-J-023727,"Molecular Ecology","issn_l:0962-1083"
j-bench-plos-pathogens-0473,POSI-J-000073,"PLoS Pathogens","issn_l:1553-7366"
j-bench-international-journal-of-legal-medicine-0474,POSI-J-023728,"International Journal of Legal Medicine","issn_l:0044-3433"
j-bench-molecular-cancer-therapeutics-0475,POSI-J-023729,"Molecular Cancer Therapeutics","issn_l:1535-7163"
j-bench-molecular-and-cellular-endocrinology-0476,POSI-J-023730,"Molecular and Cellular Endocrinology","issn_l:0303-7207"
j-bench-african-journal-of-biotechnology-0477,POSI-J-023731,"AFRICAN JOURNAL OF BIOTECHNOLOGY","issn_l:1684-5315"
j-bench-biopolymers-0478,POSI-J-023732,"Biopolymers","issn_l:0006-3525"
j-bench-fish-shellfish-immunology-0479,POSI-J-023733,"Fish & Shellfish Immunology","issn_l:1050-4648"
j-bench-international-journal-of-food-microbiolo-0480,POSI-J-023734,"International Journal of Food Microbiology","issn_l:0168-1605"
j-bench-cellular-immunology-0481,POSI-J-023735,"Cellular Immunology","issn_l:0008-8749"
j-bench-toxicology-0482,POSI-J-023736,"Toxicology","issn_l:0300-483X"
j-bench-the-plant-cell-0483,POSI-J-023737,"The Plant Cell","issn_l:1040-4651"
j-bench-canadian-journal-of-microbiology-0484,POSI-J-023738,"Canadian Journal of Microbiology","issn_l:0008-4166"
j-bench-breast-cancer-research-and-treatment-0485,POSI-J-023739,"Breast Cancer Research and Treatment","issn_l:0167-6806"
j-bench-veterinary-microbiology-0486,POSI-J-023740,"Veterinary Microbiology","issn_l:0378-1135"
j-bench-cell-death-and-disease-0487,POSI-J-000655,"Cell Death and Disease","issn_l:2041-4889"
j-bench-pharmacological-research-0488,POSI-J-000651,"Pharmacological Research","issn_l:1043-6618"
j-bench-peptides-0489,POSI-J-023741,"Peptides","issn_l:0196-9781"
j-bench-international-journal-of-food-science-te-0490,POSI-J-000653,"International Journal of Food Science & Technology","issn_l:0950-5423"
j-bench-frontiers-in-cellular-and-infection-micr-0491,POSI-J-000141,"Frontiers in Cellular and Infection Microbiology","issn_l:2235-2988"
j-bench-brain-research-bulletin-0492,POSI-J-000652,"Brain Research Bulletin","issn_l:0361-9230"
j-bench-journal-of-food-engineering-0493,POSI-J-023742,"Journal of Food Engineering","issn_l:0260-8774"
j-bench-neuropsychologia-0494,POSI-J-023743,"Neuropsychologia","issn_l:0028-3932"
j-bench-geoderma-0495,POSI-J-000657,"Geoderma","issn_l:0016-7061"
j-bench-international-journal-of-antimicrobial-a-0496,POSI-J-023744,"International Journal of Antimicrobial Agents","issn_l:0924-8579"
j-bench-cytokine-0497,POSI-J-023745,"Cytokine","issn_l:1043-4666"
j-bench-nature-genetics-0498,POSI-J-023746,"Nature Genetics","issn_l:1061-4036"
j-bench-euphytica-0499,POSI-J-023747,"Euphytica","issn_l:0014-2336"
j-bench-science-0500,POSI-J-023748,"Science","issn_l:0036-8075"
j-bench-jama-0501,POSI-J-023749,"JAMA","issn_l:0002-9955"
j-bench-new-england-journal-of-medicine-0502,POSI-J-023750,"New England Journal of Medicine","issn_l:0028-4793"
j-bench-sustainability-0503,POSI-J-023751,"Sustainability","issn_l:2071-1050"
j-bench-international-journal-of-environmental-r-0504,POSI-J-023752,"International Journal of Environmental Research and Public Health","issn_l:1660-4601"
j-bench-annals-of-internal-medicine-0505,POSI-J-023753,"Annals of Internal Medicine","issn_l:0003-4819"
j-bench-journal-of-the-franklin-institute-0506,POSI-J-023754,"Journal of the Franklin Institute","issn_l:0016-0032"
j-bench-american-journal-of-psychiatry-0507,POSI-J-023755,"American Journal of Psychiatry","issn_l:0002-953X"
j-bench-environmental-science-and-pollution-rese-0508,POSI-J-023756,"Environmental Science and Pollution Research","issn_l:0944-1344"
j-bench-the-journal-of-nervous-and-mental-diseas-0509,POSI-J-023757,"The Journal of Nervous and Mental Disease","issn_l:0022-3018"
j-bench-transportation-research-record-journal-o-0510,POSI-J-023758,"Transportation Research Record Journal of the Transportation Research Board","issn_l:0361-1981"
j-bench-international-affairs-0511,POSI-J-023759,"International Affairs","issn_l:0020-5850"
j-bench-american-political-science-review-0512,POSI-J-023760,"American Political Science Review","issn_l:0003-0554"
j-bench-the-british-journal-of-psychiatry-0513,POSI-J-023761,"The British Journal of Psychiatry","issn_l:0007-1250"
j-bench-vaccine-0514,POSI-J-023762,"Vaccine","issn_l:0264-410X"
j-bench-the-annals-of-the-american-academy-of-po-0515,POSI-J-023763,"The Annals of the American Academy of Political and Social Science","issn_l:0002-7162"
j-bench-jnci-journal-of-the-national-cancer-inst-0516,POSI-J-023764,"JNCI Journal of the National Cancer Institute","issn_l:0027-8874"
j-bench-expert-systems-with-applications-0517,POSI-J-023765,"Expert Systems with Applications","issn_l:0957-4174"
j-bench-psychological-reports-0518,POSI-J-023766,"Psychological Reports","issn_l:0033-2941"
j-bench-frontiers-in-public-health-0519,POSI-J-000089,"Frontiers in Public Health","issn_l:2296-2565"
j-bench-american-journal-of-sociology-0520,POSI-J-023767,"American Journal of Sociology","issn_l:0002-9602"
j-bench-psychiatric-services-0521,POSI-J-023768,"Psychiatric Services","issn_l:0022-1597"
j-bench-european-journal-of-operational-research-0522,POSI-J-023769,"European Journal of Operational Research","issn_l:0377-2217"
j-bench-modern-language-journal-0523,POSI-J-023770,"Modern Language Journal","issn_l:0026-7902"
j-bench-geographical-journal-0524,POSI-J-023771,"Geographical Journal","issn_l:0016-7398"
j-bench-social-science-medicine-0525,POSI-J-023772,"Social Science & Medicine","issn_l:0277-9536"
j-bench-social-forces-0526,POSI-J-023773,"Social Forces","issn_l:0037-7732"
j-bench-american-journal-of-epidemiology-0527,POSI-J-023774,"American Journal of Epidemiology","issn_l:0002-9262"
j-bench-information-sciences-0528,POSI-J-023775,"Information Sciences","issn_l:0020-0255"
j-bench-american-psychologist-0529,POSI-J-023776,"American Psychologist","issn_l:0003-066X"
j-bench-physiology-behavior-0530,POSI-J-023777,"Physiology & Behavior","issn_l:0031-9384"
j-bench-the-economic-journal-0531,POSI-J-023778,"The Economic Journal","issn_l:0013-0133"
j-bench-the-journal-of-higher-education-0532,POSI-J-023779,"The Journal of Higher Education","issn_l:0022-1546"
j-bench-journal-of-the-operational-research-soci-0533,POSI-J-023780,"Journal of the Operational Research Society","issn_l:0160-5682"
j-bench-computer-0534,POSI-J-023781,"Computer","issn_l:0018-9162"
j-bench-journal-of-personality-and-social-psycho-0535,POSI-J-023782,"Journal of Personality and Social Psychology","issn_l:0022-3514"
j-bench-child-development-0536,POSI-J-023783,"Child Development","issn_l:0009-3920"
j-bench-personality-and-individual-differences-0537,POSI-J-023784,"Personality and Individual Differences","issn_l:0191-8869"
j-bench-behavioral-and-brain-sciences-0538,POSI-J-023785,"Behavioral and Brain Sciences","issn_l:0140-525X"
j-bench-healthcare-0539,POSI-J-023786,"Healthcare","issn_l:2227-9032"
j-bench-mind-0540,POSI-J-023787,"Mind","issn_l:0026-4423"
j-bench-jama-network-open-0541,POSI-J-000606,"JAMA Network Open","issn_l:2574-3805"
j-bench-sleep-medicine-0542,POSI-J-023788,"Sleep Medicine","issn_l:1389-9457"
j-bench-the-journal-of-finance-0543,POSI-J-023789,"The Journal of Finance","issn_l:0022-1082"
j-bench-journal-of-political-economy-0544,POSI-J-023790,"Journal of Political Economy","issn_l:0022-3808"
j-bench-ps-political-science-politics-0545,POSI-J-023791,"PS Political Science & Politics","issn_l:0030-8269"
j-bench-economics-letters-0546,POSI-J-023792,"Economics Letters","issn_l:0165-1765"
j-bench-language-0547,POSI-J-023793,"Language","issn_l:0097-8507"
j-bench-teachers-college-record-the-voice-of-sch-0548,POSI-J-023794,"Teachers College Record The Voice of Scholarship in Education","issn_l:0040-0475"
j-bench-journal-of-marketing-0549,POSI-J-023795,"Journal of Marketing","issn_l:0022-2429"
j-bench-human-pathology-0550,POSI-J-023796,"Human Pathology","issn_l:0046-8177"
j-bench-industrial-and-labor-relations-review-0551,POSI-J-023797,"Industrial and Labor Relations Review","issn_l:0019-7939"
j-bench-management-science-0552,POSI-J-023798,"Management Science","issn_l:0025-1909"
j-bench-international-journal-of-epidemiology-0553,POSI-J-023799,"International Journal of Epidemiology","issn_l:0300-5771"
j-bench-the-journal-of-economic-history-0554,POSI-J-023800,"The Journal of Economic History","issn_l:0022-0507"
j-bench-applied-economics-0555,POSI-J-023801,"Applied Economics","issn_l:0003-6846"
j-bench-journal-of-applied-psychology-0556,POSI-J-023802,"Journal of Applied Psychology","issn_l:0021-9010"
j-bench-american-sociological-review-0557,POSI-J-023803,"American Sociological Review","issn_l:0003-1224"
j-bench-journal-of-business-research-0558,POSI-J-023804,"Journal of Business Research","issn_l:0148-2963"
j-bench-journal-of-intelligent-fuzzy-systems-0559,POSI-J-023805,"Journal of Intelligent & Fuzzy Systems","issn_l:1064-1246"
j-bench-the-journal-of-philosophy-0560,POSI-J-023806,"The Journal of Philosophy","issn_l:0022-362X"
j-bench-journal-of-educational-psychology-0561,POSI-J-023807,"Journal of Educational Psychology","issn_l:0022-0663"
j-bench-science-education-0562,POSI-J-023808,"Science Education","issn_l:0036-8326"
j-bench-the-journal-of-politics-0563,POSI-J-023809,"The Journal of Politics","issn_l:0022-3816"
j-bench-journal-of-clinical-psychology-0564,POSI-J-023810,"Journal of Clinical Psychology","issn_l:0021-9762"
j-bench-developmental-psychology-0565,POSI-J-023811,"Developmental Psychology","issn_l:0012-1649"
j-bench-journal-of-consulting-and-clinical-psych-0566,POSI-J-023812,"Journal of Consulting and Clinical Psychology","issn_l:0022-006X"
j-bench-the-accounting-review-0567,POSI-J-023813,"The Accounting Review","issn_l:0001-4826"
j-bench-journal-of-epidemiology-community-health-0568,POSI-J-023814,"Journal of Epidemiology & Community Health","issn_l:0141-7681"
j-bench-applied-ergonomics-0569,POSI-J-023815,"Applied Ergonomics","issn_l:0003-6870"
j-bench-psychological-bulletin-0570,POSI-J-023816,"Psychological Bulletin","issn_l:0033-2909"
j-bench-fuzzy-sets-and-systems-0571,POSI-J-023817,"Fuzzy Sets and Systems","issn_l:0165-0114"
j-bench-current-psychology-0572,POSI-J-023818,"Current Psychology","issn_l:1046-1310"
j-bench-soft-computing-0573,POSI-J-023819,"Soft Computing","issn_l:1432-7643"
j-bench-synthese-0574,POSI-J-023820,"Synthese","issn_l:0039-7857"
j-bench-southern-economic-journal-0575,POSI-J-023821,"Southern Economic Journal","issn_l:0038-4038"
j-bench-african-affairs-0576,POSI-J-023822,"African Affairs","issn_l:0001-9909"
j-bench-urban-studies-0577,POSI-J-023823,"Urban Studies","issn_l:0042-0980"
j-bench-the-elementary-school-journal-0578,POSI-J-023824,"The Elementary School Journal","issn_l:0013-5984"
j-bench-de-economist-0579,POSI-J-023825,"De Economist","issn_l:0013-063X"
j-bench-journal-of-business-ethics-0580,POSI-J-023826,"Journal of Business Ethics","issn_l:0167-4544"
j-bench-asian-survey-0581,POSI-J-023827,"Asian Survey","issn_l:0004-4687"
j-bench-medical-clinics-of-north-america-0582,POSI-J-023828,"Medical Clinics of North America","issn_l:0025-7125"
j-bench-the-philosophical-review-0583,POSI-J-023829,"The Philosophical Review","issn_l:0031-8108"
j-bench-american-journal-of-orthopsychiatry-0584,POSI-J-023830,"American Journal of Orthopsychiatry","issn_l:0002-9432"
j-bench-journal-of-geography-0585,POSI-J-023831,"Journal of Geography","issn_l:0022-1341"
j-bench-chemotherapy-0586,POSI-J-023832,"Chemotherapy","issn_l:0009-3157"
j-bench-sage-open-0587,POSI-J-000703,"SAGE Open","issn_l:2158-2440"
j-bench-technological-forecasting-and-social-cha-0588,POSI-J-023833,"Technological Forecasting and Social Change","issn_l:0040-1625"
j-bench-mathematics-and-computers-in-simulation-0589,POSI-J-023834,"Mathematics and Computers in Simulation","issn_l:0378-4754"
j-bench-american-economic-review-0590,POSI-J-023835,"American Economic Review","issn_l:0002-8282"
j-bench-journal-of-clinical-epidemiology-0591,POSI-J-023836,"Journal of Clinical Epidemiology","issn_l:0895-4356"
j-bench-journal-of-public-health-0592,POSI-J-023837,"Journal of Public Health","issn_l:0943-1853"
j-bench-applied-economics-letters-0593,POSI-J-023838,"Applied Economics Letters","issn_l:1350-4851"
j-bench-world-development-0594,POSI-J-023839,"World Development","issn_l:0305-750X"
j-bench-annals-of-operations-research-0595,POSI-J-023840,"Annals of Operations Research","issn_l:0254-5330"
j-bench-medical-care-0596,POSI-J-023841,"Medical Care","issn_l:0025-7079"
j-bench-the-library-quarterly-0597,POSI-J-023842,"The Library Quarterly","issn_l:0024-2519"
j-bench-finance-research-letters-0598,POSI-J-023843,"Finance research letters","issn_l:1544-6123"
j-bench-children-and-youth-services-review-0599,POSI-J-023844,"Children and Youth Services Review","issn_l:0190-7409"
j-bench-chemical-society-reviews-0600,POSI-J-023845,"Chemical Society Reviews","issn_l:0306-0012"
j-bench-international-journal-of-production-econ-0601,POSI-J-023846,"International Journal of Production Economics","issn_l:0925-5273"
j-bench-international-migration-review-0602,POSI-J-023847,"International Migration Review","issn_l:0197-9183"
j-bench-environment-development-and-sustainabili-0603,POSI-J-023848,"Environment Development and Sustainability","issn_l:1387-585X"
j-bench-computers-in-human-behavior-0604,POSI-J-023849,"Computers in Human Behavior","issn_l:0747-5632"
j-bench-jahrb-cher-f-r-national-konomie-und-stat-0605,POSI-J-023850,"Jahrbücher für Nationalökonomie und Statistik","issn_l:0021-4027"
j-bench-economic-geography-0606,POSI-J-023851,"Economic Geography","issn_l:0013-0095"
j-bench-social-work-0607,POSI-J-023852,"Social Work","issn_l:0037-8046"
j-bench-ergonomics-0608,POSI-J-023853,"Ergonomics","issn_l:0014-0139"
j-bench-energy-economics-0609,POSI-J-023854,"Energy Economics","issn_l:0140-9883"
j-bench-education-sciences-0610,POSI-J-000748,"Education Sciences","issn_l:2227-7102"
j-bench-ecological-economics-0611,POSI-J-023855,"Ecological Economics","issn_l:0921-8009"
j-bench-educational-and-psychological-measuremen-0612,POSI-J-023856,"Educational and Psychological Measurement","issn_l:0013-1644"
j-bench-public-administration-review-0613,POSI-J-023857,"Public Administration Review","issn_l:0033-3352"
j-bench-perspectives-on-politics-0614,POSI-J-023858,"Perspectives on Politics","issn_l:1537-5927"
j-bench-current-anthropology-0615,POSI-J-023859,"Current Anthropology","issn_l:0011-3204"
j-bench-behaviour-research-and-therapy-0616,POSI-J-023860,"Behaviour Research and Therapy","issn_l:0005-7967"
j-bench-transportation-research-procedia-0617,POSI-J-023861,"Transportation research procedia","issn_l:2352-1457"
j-bench-american-journal-of-psychotherapy-0618,POSI-J-023862,"American Journal of Psychotherapy","issn_l:0002-9564"
j-bench-child-abuse-neglect-0619,POSI-J-023863,"Child Abuse & Neglect","issn_l:0145-2134"
j-bench-clinical-therapeutics-0620,POSI-J-023864,"Clinical Therapeutics","issn_l:0149-2918"
j-bench-humanities-and-social-sciences-communica-0621,POSI-J-000804,"Humanities and Social Sciences Communications","issn_l:2055-1045"
j-bench-the-korean-journal-of-internal-medicine-0622,POSI-J-000750,"The Korean Journal of Internal Medicine","issn_l:1226-3303"
j-bench-operations-research-0623,POSI-J-023865,"Operations Research","issn_l:0030-364X"
j-bench-scientometrics-0624,POSI-J-023866,"Scientometrics","issn_l:0138-9130"
j-bench-philosophy-and-phenomenological-research-0625,POSI-J-023867,"Philosophy and Phenomenological Research","issn_l:0031-8205"
j-bench-south-atlantic-quarterly-0626,POSI-J-023868,"South Atlantic Quarterly","issn_l:0038-2876"
j-bench-frontiers-in-environmental-science-0627,POSI-J-000143,"Frontiers in Environmental Science","issn_l:2296-665X"
j-bench-imf-working-paper-0628,POSI-J-023869,"IMF Working Paper","issn_l:1018-5941"
j-bench-the-computer-journal-0629,POSI-J-023870,"The Computer Journal","issn_l:0010-4620"
j-bench-economica-0630,POSI-J-023871,"Economica","issn_l:0013-0427"
j-bench-the-british-journal-of-social-work-0631,POSI-J-023872,"The British Journal of Social Work","issn_l:0045-3102"
j-bench-the-journal-of-social-psychology-0632,POSI-J-023873,"The Journal of Social Psychology","issn_l:0022-4545"
j-bench-the-aeronautical-journal-0633,POSI-J-023874,"The Aeronautical Journal","issn_l:0001-9240"
j-bench-cities-0634,POSI-J-023875,"Cities","issn_l:0264-2751"
j-bench-journal-of-child-psychology-and-psychiat-0635,POSI-J-023876,"Journal of Child Psychology and Psychiatry","issn_l:0021-9630"
j-bench-journal-of-economic-behavior-organizatio-0636,POSI-J-023877,"Journal of Economic Behavior & Organization","issn_l:0167-2681"
j-bench-frontiers-in-education-0637,POSI-J-000138,"Frontiers in Education","issn_l:2504-284X"
j-bench-college-research-libraries-0638,POSI-J-000781,"College & Research Libraries","issn_l:0010-0870"
j-bench-journal-of-counseling-psychology-0639,POSI-J-023878,"Journal of Counseling Psychology","issn_l:0022-0167"
j-bench-sociology-0640,POSI-J-023879,"Sociology","issn_l:0038-0385"
j-bench-long-range-planning-0641,POSI-J-023880,"Long Range Planning","issn_l:0024-6301"
j-bench-comparative-education-review-0642,POSI-J-023881,"Comparative Education Review","issn_l:0010-4086"
j-bench-the-review-of-economics-and-statistics-0643,POSI-J-023882,"The Review of Economics and Statistics","issn_l:0034-6535"
j-bench-journal-of-orthopaedic-science-0644,POSI-J-023883,"Journal of Orthopaedic Science","issn_l:0949-2658"
j-bench-public-opinion-quarterly-0645,POSI-J-023884,"Public Opinion Quarterly","issn_l:0033-362X"
j-bench-journal-of-marketing-research-0646,POSI-J-023885,"Journal of Marketing Research","issn_l:0022-2437"
j-bench-journal-of-interpersonal-violence-0647,POSI-J-023886,"Journal of Interpersonal Violence","issn_l:0886-2605"
j-bench-environment-and-planning-a-economy-and-s-0648,POSI-J-023887,"Environment and Planning A Economy and Space","issn_l:0308-518X"
j-bench-journal-of-banking-finance-0649,POSI-J-023888,"Journal of Banking & Finance","issn_l:0378-4266"
j-bench-journal-of-speech-language-and-hearing-r-0650,POSI-J-023889,"Journal of Speech Language and Hearing Research","issn_l:1092-4388"
j-bench-ieee-aerospace-and-electronic-systems-ma-0651,POSI-J-023890,"IEEE Aerospace and Electronic Systems Magazine","issn_l:0885-8985"
j-bench-psychological-review-0652,POSI-J-023891,"Psychological Review","issn_l:0033-295X"
j-bench-journal-of-travel-research-0653,POSI-J-023892,"Journal of Travel Research","issn_l:0047-2875"
j-bench-scottish-medical-journal-0654,POSI-J-023893,"Scottish Medical Journal","issn_l:0036-9330"
j-bench-econometrica-0655,POSI-J-023894,"Econometrica","issn_l:0012-9682"
j-bench-the-police-journal-theory-practice-and-p-0656,POSI-J-023895,"The Police Journal Theory Practice and Principles","issn_l:0032-258X"
j-bench-human-vaccines-immunotherapeutics-0657,POSI-J-000813,"Human Vaccines & Immunotherapeutics","issn_l:2164-5515"
j-bench-computers-education-0658,POSI-J-023896,"Computers & Education","issn_l:0360-1315"
j-bench-british-journal-of-sociology-0659,POSI-J-023897,"British Journal of Sociology","issn_l:0007-1315"
j-bench-metrologia-0660,POSI-J-023898,"Metrologia","issn_l:0026-1394"
j-bench-the-sociological-review-0661,POSI-J-023899,"The Sociological Review","issn_l:0038-0261"
j-bench-journal-of-marriage-and-the-family-0662,POSI-J-023900,"Journal of Marriage and the Family","issn_l:0022-2445"
j-bench-psychology-in-the-schools-0663,POSI-J-023901,"Psychology in the Schools","issn_l:0033-3085"
j-bench-annals-of-epidemiology-0664,POSI-J-023902,"Annals of Epidemiology","issn_l:1047-2797"
j-bench-econometric-reviews-0665,POSI-J-023903,"Econometric Reviews","issn_l:0747-4938"
j-bench-academy-of-management-journal-0666,POSI-J-023904,"Academy of Management Journal","issn_l:0001-4273"
j-bench-social-problems-0667,POSI-J-023905,"Social Problems","issn_l:0037-7791"
j-bench-economic-modelling-0668,POSI-J-023906,"Economic Modelling","issn_l:0264-9993"
j-bench-behavioral-sciences-0669,POSI-J-000849,"Behavioral Sciences","issn_l:2076-328X"
j-bench-journal-of-pragmatics-0670,POSI-J-023907,"Journal of Pragmatics","issn_l:0378-2166"
j-bench-risk-analysis-0671,POSI-J-023908,"Risk Analysis","issn_l:0272-4332"
j-bench-philosophical-studies-0672,POSI-J-023909,"Philosophical Studies","issn_l:0031-8116"
j-bench-the-quarterly-journal-of-economics-0673,POSI-J-023910,"The Quarterly Journal of Economics","issn_l:0033-5533"
j-bench-quality-of-life-research-0674,POSI-J-023911,"Quality of Life Research","issn_l:0962-9343"
j-bench-resources-policy-0675,POSI-J-023912,"Resources Policy","issn_l:0301-4207"
j-bench-cognition-0676,POSI-J-023913,"Cognition","issn_l:0010-0277"
j-bench-international-journal-of-eating-disorder-0677,POSI-J-023914,"International Journal of Eating Disorders","issn_l:0276-3478"
j-bench-quarterly-journal-of-speech-0678,POSI-J-023915,"Quarterly Journal of Speech","issn_l:0033-5630"
j-bench-annals-of-tourism-research-0679,POSI-J-023916,"Annals of Tourism Research","issn_l:0160-7383"
j-bench-health-policy-0680,POSI-J-023917,"Health Policy","issn_l:0168-8510"
j-bench-the-korean-journal-of-thoracic-and-cardi-0681,POSI-J-005251,"The Korean Journal of Thoracic and Cardiovascular Surgery","issn_l:0301-2859"
j-bench-social-indicators-research-0682,POSI-J-023918,"Social Indicators Research","issn_l:0303-8300"
j-bench-british-medical-bulletin-0683,POSI-J-023919,"British Medical Bulletin","issn_l:0007-1420"
j-bench-tourism-management-0684,POSI-J-023920,"Tourism Management","issn_l:0261-5177"
j-bench-journal-of-econometrics-0685,POSI-J-023921,"Journal of Econometrics","issn_l:0304-4076"
j-bench-the-journal-of-psychology-0686,POSI-J-023922,"The Journal of Psychology","issn_l:0022-3980"
j-bench-the-philosophical-quarterly-0687,POSI-J-023923,"The Philosophical Quarterly","issn_l:0031-8094"
j-bench-archives-of-sexual-behavior-0688,POSI-J-023924,"Archives of Sexual Behavior","issn_l:0004-0002"
j-bench-system-0689,POSI-J-023925,"System","issn_l:0346-251X"
j-bench-kybernetes-0690,POSI-J-023926,"Kybernetes","issn_l:0368-492X"
j-bench-health-psychology-0691,POSI-J-023927,"Health Psychology","issn_l:0278-6133"
j-bench-journal-of-experimental-child-psychology-0692,POSI-J-023928,"Journal of Experimental Child Psychology","issn_l:0022-0965"
j-bench-journal-of-economic-theory-0693,POSI-J-023929,"Journal of Economic Theory","issn_l:0022-0531"
j-bench-international-journal-of-science-and-res-0694,POSI-J-023930,"International Journal of Science and Research Archive","issn_l:2582-8185"
j-bench-educational-researcher-0695,POSI-J-023931,"Educational Researcher","issn_l:0013-189X"
j-bench-simulation-0696,POSI-J-023932,"SIMULATION","issn_l:0037-5497"
j-bench-elt-journal-0697,POSI-J-023933,"ELT Journal","issn_l:0951-0893"
j-bench-european-economic-review-0698,POSI-J-023934,"European Economic Review","issn_l:0014-2921"
j-bench-ethnic-and-racial-studies-0699,POSI-J-023935,"Ethnic and Racial Studies","issn_l:0141-9870"
j-bench-american-behavioral-scientist-0700,POSI-J-023936,"American Behavioral Scientist","issn_l:0002-7642"
j-bench-geoforum-0701,POSI-J-023937,"Geoforum","issn_l:0016-7185"
j-bench-business-horizons-0702,POSI-J-023938,"Business Horizons","issn_l:0007-6813"
j-bench-ieee-transactions-on-engineering-managem-0703,POSI-J-023939,"IEEE Transactions on Engineering Management","issn_l:0018-9391"
j-bench-the-journal-of-toxicological-sciences-0704,POSI-J-023940,"The Journal of Toxicological Sciences","issn_l:0388-1350"
j-bench-isprs-international-journal-of-geo-infor-0705,POSI-J-000878,"ISPRS International Journal of Geo-Information","issn_l:2220-9964"
j-bench-international-journal-of-disaster-risk-r-0706,POSI-J-023941,"International Journal of Disaster Risk Reduction","issn_l:2212-4209"
j-bench-british-journal-of-educational-studies-0707,POSI-J-023942,"British Journal of Educational Studies","issn_l:0007-1005"
j-bench-physics-reports-0708,POSI-J-023943,"Physics Reports","issn_l:0370-1573"
j-bench-journal-of-the-formosan-medical-associat-0709,POSI-J-000881,"Journal of the Formosan Medical Association","issn_l:0929-6646"
j-bench-the-professional-geographer-0710,POSI-J-023944,"The Professional Geographer","issn_l:0033-0124"
j-bench-lingua-0711,POSI-J-023945,"Lingua","issn_l:0024-3841"
j-bench-sex-roles-0712,POSI-J-023946,"Sex Roles","issn_l:0360-0025"
j-bench-der-nervenarzt-0713,POSI-J-023947,"Der Nervenarzt","issn_l:0028-2804"
j-bench-the-british-journal-of-criminology-0714,POSI-J-023948,"The British Journal of Criminology","issn_l:0007-0955"
j-bench-international-review-of-economics-financ-0715,POSI-J-000900,"International Review of Economics & Finance","issn_l:1059-0560"
j-bench-journal-of-economic-issues-0716,POSI-J-023949,"Journal of Economic Issues","issn_l:0021-3624"
j-bench-the-monist-0717,POSI-J-023950,"The Monist","issn_l:0026-9662"
j-bench-review-of-educational-research-0718,POSI-J-023951,"Review of Educational Research","issn_l:0034-6543"
j-bench-biochemistry-moscow-0719,POSI-J-023952,"Biochemistry (Moscow)","issn_l:0006-2979"
j-bench-personality-and-social-psychology-bullet-0720,POSI-J-023953,"Personality and Social Psychology Bulletin","issn_l:0146-1672"
j-bench-town-planning-review-0721,POSI-J-023954,"Town Planning Review","issn_l:0041-0020"
j-bench-regional-studies-0722,POSI-J-023955,"Regional Studies","issn_l:0034-3404"
j-bench-journal-of-teacher-education-0723,POSI-J-023956,"Journal of Teacher Education","issn_l:0022-4871"
j-bench-journal-of-human-evolution-0724,POSI-J-023957,"Journal of Human Evolution","issn_l:0047-2484"
j-bench-professional-psychology-research-and-pra-0725,POSI-J-023958,"Professional Psychology Research and Practice","issn_l:0735-7028"
j-bench-social-psychiatry-and-psychiatric-epidem-0726,POSI-J-023959,"Social Psychiatry and Psychiatric Epidemiology","issn_l:0933-7954"
j-bench-journal-of-applied-social-psychology-0727,POSI-J-023960,"Journal of Applied Social Psychology","issn_l:0021-9029"
j-bench-american-journal-of-primatology-0728,POSI-J-023961,"American Journal of Primatology","issn_l:0275-2565"
j-bench-change-the-magazine-of-higher-learning-0729,POSI-J-023962,"Change The Magazine of Higher Learning","issn_l:0009-1383"
j-bench-hormones-and-behavior-0730,POSI-J-023963,"Hormones and Behavior","issn_l:0018-506X"
j-bench-public-administration-0731,POSI-J-023964,"Public Administration","issn_l:0033-3298"
j-bench-peabody-journal-of-education-0732,POSI-J-023965,"Peabody Journal of Education","issn_l:0161-956X"
j-bench-academy-of-management-review-0733,POSI-J-023966,"Academy of Management Review","issn_l:0363-7425"
j-bench-public-choice-0734,POSI-J-023967,"Public Choice","issn_l:0048-5829"
j-bench-teaching-and-teacher-education-0735,POSI-J-023968,"Teaching and Teacher Education","issn_l:0742-051X"
j-bench-cognitive-science-0736,POSI-J-023969,"Cognitive Science","issn_l:0364-0213"
j-bench-exceptional-children-0737,POSI-J-023970,"Exceptional Children","issn_l:0014-4029"
j-bench-international-journal-of-mathematical-ed-0738,POSI-J-023971,"International Journal of Mathematical Education in Science and Technology","issn_l:0020-739X"
j-bench-the-american-journal-of-comparative-law-0739,POSI-J-023972,"The American Journal of Comparative Law","issn_l:0002-919X"
j-bench-transportation-research-part-a-policy-an-0740,POSI-J-023973,"Transportation Research Part A Policy and Practice","issn_l:0965-8564"
j-bench-infant-behavior-and-development-0741,POSI-J-023974,"Infant Behavior and Development","issn_l:0163-6383"
j-bench-journal-of-the-experimental-analysis-of--0742,POSI-J-023975,"Journal of the Experimental Analysis of Behavior","issn_l:0022-5002"
j-bench-journal-of-policy-analysis-and-managemen-0743,POSI-J-023976,"Journal of Policy Analysis and Management","issn_l:0276-8739"
j-bench-financial-analysts-journal-0744,POSI-J-023977,"Financial Analysts Journal","issn_l:0015-198X"
j-bench-behavior-research-methods-0745,POSI-J-023978,"Behavior Research Methods","issn_l:1554-351X"
j-bench-journal-of-learning-disabilities-0746,POSI-J-023979,"Journal of Learning Disabilities","issn_l:0022-2194"
j-bench-journal-of-construction-engineering-and--0747,POSI-J-023980,"Journal of Construction Engineering and Management","issn_l:0733-9364"
j-bench-quality-and-reliability-engineering-inte-0748,POSI-J-023981,"Quality and Reliability Engineering International","issn_l:0748-8017"
j-bench-business-history-0749,POSI-J-023982,"Business History","issn_l:0007-6791"
j-bench-nature-0750,POSI-J-023983,"Nature","issn_l:0028-0836"
j-bench-plos-one-0751,POSI-J-000069,"PLoS ONE","issn_l:1932-6203"
j-bench-blood-0752,POSI-J-023984,"Blood","issn_l:0006-4971"
j-bench-journal-of-clinical-oncology-0753,POSI-J-023985,"Journal of Clinical Oncology","issn_l:0732-183X"
j-bench-the-medical-journal-of-australia-0754,POSI-J-023986,"The Medical Journal of Australia","issn_l:0025-729X"
j-bench-the-faseb-journal-0755,POSI-J-023987,"The FASEB Journal","issn_l:0892-6638"
j-bench-journal-of-the-american-college-of-cardi-0756,POSI-J-023988,"Journal of the American College of Cardiology","issn_l:0735-1097"
j-bench-circulation-0757,POSI-J-023989,"Circulation","issn_l:0009-7322"
j-bench-cureus-0758,POSI-J-023990,"Cureus","issn_l:2168-8184"
j-bench-investigative-ophthalmology-visual-scien-0759,POSI-J-000510,"Investigative Ophthalmology & Visual Science","issn_l:0146-0404"
j-bench-neurology-0760,POSI-J-023991,"Neurology","issn_l:0028-3878"
j-bench-american-journal-of-obstetrics-and-gynec-0761,POSI-J-023992,"American Journal of Obstetrics and Gynecology","issn_l:0002-9378"
j-bench-plastic-reconstructive-surgery-0762,POSI-J-023993,"Plastic & Reconstructive Surgery","issn_l:0032-1052"
j-bench-annals-of-the-rheumatic-diseases-0763,POSI-J-023994,"Annals of the Rheumatic Diseases","issn_l:0003-4967"
j-bench-european-heart-journal-0764,POSI-J-023995,"European Heart Journal","issn_l:0195-668X"
j-bench-annals-of-oncology-0765,POSI-J-023996,"Annals of Oncology","issn_l:0923-7534"
j-bench-alzheimer-s-dementia-0766,POSI-J-023997,"Alzheimer s & Dementia","issn_l:1552-5260"
j-bench-molecules-0767,POSI-J-000065,"Molecules","issn_l:1420-3049"
j-bench-bmj-0768,POSI-J-023998,"BMJ","issn_l:1756-1833"
j-bench-radiology-0769,POSI-J-023999,"Radiology","issn_l:0033-8419"
j-bench-fertility-and-sterility-0770,POSI-J-024000,"Fertility and Sterility","issn_l:0015-0282"
j-bench-pediatrics-0771,POSI-J-024001,"PEDIATRICS","issn_l:0031-4005"
j-bench-journal-of-agricultural-and-food-chemist-0772,POSI-J-024002,"Journal of Agricultural and Food Chemistry","issn_l:0021-8561"
j-bench-transplantation-0773,POSI-J-024003,"Transplantation","issn_l:0041-1337"
j-bench-journal-of-hepatology-0774,POSI-J-024004,"Journal of Hepatology","issn_l:0168-8278"
j-bench-anesthesiology-0775,POSI-J-024005,"Anesthesiology","issn_l:0003-3022"
j-bench-critical-care-medicine-0776,POSI-J-024006,"Critical Care Medicine","issn_l:0090-3493"
j-bench-journal-of-allergy-and-clinical-immunolo-0777,POSI-J-024007,"Journal of Allergy and Clinical Immunology","issn_l:0091-6749"
j-bench-the-american-journal-of-cardiology-0778,POSI-J-024008,"The American Journal of Cardiology","issn_l:0002-9149"
j-bench-cancer-0779,POSI-J-024009,"Cancer","issn_l:0008-543X"
j-bench-the-journal-of-clinical-endocrinology-me-0780,POSI-J-024010,"The Journal of Clinical Endocrinology & Metabolism","issn_l:0021-972X"
j-bench-journal-of-clinical-medicine-0781,POSI-J-024011,"Journal of Clinical Medicine","issn_l:2077-0383"
j-bench-food-chemistry-0782,POSI-J-024012,"Food Chemistry","issn_l:0308-8146"
j-bench-endocrinology-0783,POSI-J-024013,"Endocrinology","issn_l:0013-7227"
j-bench-medicine-0784,POSI-J-000527,"Medicine","issn_l:0025-7974"
j-bench-the-journal-of-pediatrics-0785,POSI-J-024014,"The Journal of Pediatrics","issn_l:0022-3476"
j-bench-american-journal-of-ophthalmology-0786,POSI-J-024015,"American Journal of Ophthalmology","issn_l:0002-9394"
j-bench-stroke-0787,POSI-J-024016,"Stroke","issn_l:0039-2499"
j-bench-pediatric-research-0788,POSI-J-024017,"Pediatric Research","issn_l:0031-3998"
j-bench-journal-of-molecular-structure-0789,POSI-J-024018,"Journal of Molecular Structure","issn_l:0022-2860"
j-bench-the-annals-of-thoracic-surgery-0790,POSI-J-024019,"The Annals of Thoracic Surgery","issn_l:0003-4975"
j-bench-experimental-biology-and-medicine-0791,POSI-J-000112,"Experimental Biology and Medicine","issn_l:0071-3384"
j-bench-anesthesia-analgesia-0792,POSI-J-024020,"Anesthesia & Analgesia","issn_l:0003-2999"
j-bench-heliyon-0793,POSI-J-000530,"Heliyon","issn_l:2405-8440"
j-bench-bmj-open-0794,POSI-J-000531,"BMJ Open","issn_l:2044-6055"
j-bench-british-journal-of-dermatology-0795,POSI-J-024021,"British Journal of Dermatology","issn_l:0007-0963"
j-bench-nephrology-dialysis-transplantation-0796,POSI-J-024022,"Nephrology Dialysis Transplantation","issn_l:0931-0509"
j-bench-journal-of-thoracic-and-cardiovascular-s-0797,POSI-J-024023,"Journal of Thoracic and Cardiovascular Surgery","issn_l:0022-5223"
j-bench-american-heart-journal-0798,POSI-J-024024,"American Heart Journal","issn_l:0002-8703"
j-bench-the-american-journal-of-surgery-0799,POSI-J-024025,"The American Journal of Surgery","issn_l:0002-9610"
j-bench-journal-of-molecular-medicine-0800,POSI-J-024026,"Journal of Molecular Medicine","issn_l:0946-2716"
j-bench-the-laryngoscope-0801,POSI-J-024027,"The Laryngoscope","issn_l:0023-852X"
j-bench-international-journal-of-cardiology-0802,POSI-J-024028,"International Journal of Cardiology","issn_l:0167-5273"
j-bench-urology-0803,POSI-J-024029,"Urology","issn_l:0090-4295"
j-bench-nutrients-0804,POSI-J-024030,"Nutrients","issn_l:2072-6643"
j-bench-frontiers-in-oncology-0805,POSI-J-000110,"Frontiers in Oncology","issn_l:2234-943X"
j-bench-annals-of-surgery-0806,POSI-J-024031,"Annals of Surgery","issn_l:0003-4932"
j-bench-clinical-infectious-diseases-0807,POSI-J-024032,"Clinical Infectious Diseases","issn_l:1058-4838"
j-bench-journal-of-pediatric-surgery-0808,POSI-J-024033,"Journal of Pediatric Surgery","issn_l:0022-3468"
j-bench-cancers-0809,POSI-J-024034,"Cancers","issn_l:2072-6694"
j-bench-atherosclerosis-0810,POSI-J-024035,"Atherosclerosis","issn_l:0021-9150"
j-bench-american-journal-of-roentgenology-0811,POSI-J-024036,"American Journal of Roentgenology","issn_l:0002-9580"
j-bench-european-neuropsychopharmacology-0812,POSI-J-024037,"European Neuropsychopharmacology","issn_l:0924-977X"
j-bench-die-naturwissenschaften-0813,POSI-J-024038,"Die Naturwissenschaften","issn_l:0028-1042"
j-bench-archives-of-disease-in-childhood-0814,POSI-J-024039,"Archives of Disease in Childhood","issn_l:0003-9888"
j-bench-bmc-public-health-0815,POSI-J-000540,"BMC Public Health","issn_l:1471-2458"
j-bench-the-american-journal-of-medicine-0816,POSI-J-024040,"The American Journal of Medicine","issn_l:0002-9343"
j-bench-the-journal-of-the-american-dental-assoc-0817,POSI-J-024041,"The Journal of the American Dental Association","issn_l:0002-8177"
j-bench-european-respiratory-journal-0818,POSI-J-024042,"European Respiratory Journal","issn_l:0903-1936"
j-bench-inorganica-chimica-acta-0819,POSI-J-024043,"Inorganica Chimica Acta","issn_l:0020-1693"
j-bench-american-journal-of-health-system-pharma-0820,POSI-J-024044,"American Journal of Health-System Pharmacy","issn_l:1079-2082"
j-bench-hepatology-0821,POSI-J-024045,"Hepatology","issn_l:0270-9139"
j-bench-acta-paediatrica-0822,POSI-J-024046,"Acta Paediatrica","issn_l:0365-1436"
j-bench-american-anthropologist-0823,POSI-J-024047,"American Anthropologist","issn_l:0002-7294"
j-bench-ultrasound-in-obstetrics-and-gynecology-0824,POSI-J-024048,"Ultrasound in Obstetrics and Gynecology","issn_l:0960-7692"
j-bench-otolaryngology-0825,POSI-J-024049,"Otolaryngology","issn_l:0161-6439"
j-bench-circulation-research-0826,POSI-J-024050,"Circulation Research","issn_l:0009-7330"
j-bench-obstetrics-and-gynecology-0827,POSI-J-024051,"Obstetrics and Gynecology","issn_l:0029-7844"
j-bench-journal-of-nutrition-0828,POSI-J-024052,"Journal of Nutrition","issn_l:0022-3166"
j-bench-archives-of-pediatrics-and-adolescent-me-0829,POSI-J-024053,"Archives of Pediatrics and Adolescent Medicine","issn_l:1072-4710"
j-bench-british-journal-of-anaesthesia-0830,POSI-J-024054,"British Journal of Anaesthesia","issn_l:0007-0912"
j-bench-neuro-oncology-0831,POSI-J-024055,"Neuro-Oncology","issn_l:1522-8517"
j-bench-british-journal-of-haematology-0832,POSI-J-024056,"British Journal of Haematology","issn_l:0007-1048"
j-bench-anaesthesia-0833,POSI-J-024057,"Anaesthesia","issn_l:0003-2409"
j-bench-american-journal-of-public-health-0834,POSI-J-024058,"American Journal of Public Health","issn_l:0090-0036"
j-bench-bjog-an-international-journal-of-obstetr-0835,POSI-J-024059,"BJOG An International Journal of Obstetrics & Gynaecology","issn_l:0306-5456"
j-bench-international-journal-of-gynecology-obst-0836,POSI-J-024060,"International Journal of Gynecology & Obstetrics","issn_l:0020-6695"
j-bench-british-journal-of-radiology-0837,POSI-J-024061,"British Journal of Radiology","issn_l:0007-1285"
j-bench-journal-of-pediatric-gastroenterology-an-0838,POSI-J-024062,"Journal of Pediatric Gastroenterology and Nutrition","issn_l:0277-2116"
j-bench-american-journal-of-clinical-nutrition-0839,POSI-J-024063,"American Journal of Clinical Nutrition","issn_l:0002-9165"
j-bench-gynecologic-oncology-0840,POSI-J-024064,"Gynecologic Oncology","issn_l:0090-8258"
j-bench-journal-of-the-american-veterinary-medic-0841,POSI-J-024065,"Journal of the American Veterinary Medical Association","issn_l:0003-1488"
j-bench-journal-of-thoracic-oncology-0842,POSI-J-024066,"Journal of Thoracic Oncology","issn_l:1556-0864"
j-bench-british-journal-of-cancer-0843,POSI-J-024067,"British Journal of Cancer","issn_l:0007-0920"
j-bench-cochrane-database-of-systematic-reviews-0844,POSI-J-024068,"Cochrane Database of Systematic Reviews","issn_l:1361-6137"
j-bench-journal-of-surgical-research-0845,POSI-J-024069,"Journal of Surgical Research","issn_l:0022-4804"
j-bench-clinical-orthopaedics-and-related-resear-0846,POSI-J-024070,"Clinical Orthopaedics and Related Research","issn_l:0009-921X"
j-bench-human-reproduction-0847,POSI-J-024071,"Human Reproduction","issn_l:0268-1161"
j-bench-clinical-cancer-research-0848,POSI-J-024072,"Clinical Cancer Research","issn_l:1078-0432"
j-bench-free-radical-biology-and-medicine-0849,POSI-J-024073,"Free Radical Biology and Medicine","issn_l:0891-5849"
j-bench-journal-of-bone-and-joint-surgery-0850,POSI-J-024074,"Journal of Bone and Joint Surgery","issn_l:0021-9355"
j-bench-lung-cancer-0851,POSI-J-024075,"Lung Cancer","issn_l:0169-5002"
j-bench-lara-d-veeken-0852,POSI-J-024076,"Lara D. Veeken","issn_l:1462-0324"
j-bench-military-medicine-0853,POSI-J-024077,"Military Medicine","issn_l:0026-4075"
j-bench-european-urology-0854,POSI-J-024078,"European Urology","issn_l:0302-2838"
j-bench-academic-medicine-0855,POSI-J-024079,"Academic Medicine","issn_l:1040-2446"
j-bench-heart-0856,POSI-J-024080,"Heart","issn_l:1355-6037"
j-bench-experimental-cell-research-0857,POSI-J-024081,"Experimental Cell Research","issn_l:0014-4827"
j-bench-journal-of-neurosurgery-0858,POSI-J-024082,"Journal of neurosurgery","issn_l:0022-3085"
j-bench-journal-of-the-american-geriatrics-socie-0859,POSI-J-024083,"Journal of the American Geriatrics Society","issn_l:0002-8614"
j-bench-british-journal-of-ophthalmology-0860,POSI-J-024084,"British Journal of Ophthalmology","issn_l:0007-1161"
j-bench-world-neurosurgery-0861,POSI-J-024085,"World Neurosurgery","issn_l:1878-8750"
j-bench-kidney-international-0862,POSI-J-024086,"Kidney International","issn_l:0085-2538"
j-bench-hypertension-0863,POSI-J-024087,"Hypertension","issn_l:0194-911X"
j-bench-american-journal-of-kidney-diseases-0864,POSI-J-024088,"American Journal of Kidney Diseases","issn_l:0272-6386"
j-bench-gut-0865,POSI-J-024089,"Gut","issn_l:0017-5749"
j-bench-frontiers-in-medicine-0866,POSI-J-000128,"Frontiers in Medicine","issn_l:2296-858X"
j-bench-journal-of-the-american-college-of-surge-0867,POSI-J-024090,"Journal of the American College of Surgeons","issn_l:1072-7515"
j-bench-thrombosis-and-haemostasis-0868,POSI-J-024091,"Thrombosis and Haemostasis","issn_l:0340-6245"
j-bench-journal-of-molecular-and-cellular-cardio-0869,POSI-J-024092,"Journal of Molecular and Cellular Cardiology","issn_l:0022-2828"
j-bench-digestive-diseases-and-sciences-0870,POSI-J-024093,"Digestive Diseases and Sciences","issn_l:0163-2116"
j-bench-american-journal-of-tropical-medicine-an-0871,POSI-J-024094,"American Journal of Tropical Medicine and Hygiene","issn_l:0002-9637"
j-bench-spine-0872,POSI-J-024095,"Spine","issn_l:0362-2436"
j-bench-world-journal-of-gastroenterology-0873,POSI-J-024096,"World Journal of Gastroenterology","issn_l:1007-9327"
j-bench-journal-of-affective-disorders-0874,POSI-J-024097,"Journal of Affective Disorders","issn_l:0165-0327"
j-bench-journal-of-prosthetic-dentistry-0875,POSI-J-024098,"Journal of Prosthetic Dentistry","issn_l:0022-3913"
j-bench-polyhedron-0876,POSI-J-024099,"Polyhedron","issn_l:0277-5387"
j-bench-optometry-and-vision-science-0877,POSI-J-024100,"Optometry and Vision Science","issn_l:1040-5488"
j-bench-archives-of-gynecology-and-obstetrics-0878,POSI-J-000562,"Archives of Gynecology and Obstetrics","issn_l:0003-9128"
j-bench-schizophrenia-research-0879,POSI-J-024101,"Schizophrenia Research","issn_l:0920-9964"
j-bench-archiv-f-r-pathologische-anatomie-und-ph-0880,POSI-J-024102,"Archiv für Pathologische Anatomie und Physiologie und für Klinische Medicin","issn_l:0945-6317"
j-bench-ophthalmology-0881,POSI-J-024103,"Ophthalmology","issn_l:0161-6420"
j-bench-postgraduate-medical-journal-0882,POSI-J-024104,"Postgraduate Medical Journal","issn_l:0032-5473"
j-bench-european-archives-of-oto-rhino-laryngolo-0883,POSI-J-024105,"European Archives of Oto-Rhino-Laryngology","issn_l:0937-4477"
j-bench-diabetes-care-0884,POSI-J-024106,"Diabetes Care","issn_l:0149-5992"
j-bench-transplantation-and-cellular-therapy-0885,POSI-J-024107,"Transplantation and Cellular Therapy","issn_l:1083-8791"
j-bench-american-journal-of-physiology-heart-and-0886,POSI-J-024108,"American Journal of Physiology-Heart and Circulatory Physiology","issn_l:0363-6135"
j-bench-ep-europace-0887,POSI-J-024109,"EP Europace","issn_l:1099-5129"
j-bench-frontiers-in-neurology-0888,POSI-J-000090,"Frontiers in Neurology","issn_l:1664-2295"
j-bench-biology-of-reproduction-0889,POSI-J-024110,"Biology of Reproduction","issn_l:0006-3363"
j-bench-european-journal-of-endocrinology-0890,POSI-J-024111,"European Journal of Endocrinology","issn_l:0804-4643"
j-bench-physical-therapy-0891,POSI-J-024112,"Physical Therapy","issn_l:0031-9023"
j-bench-heart-rhythm-0892,POSI-J-024113,"Heart Rhythm","issn_l:1547-5271"
j-bench-journal-of-neurology-0893,POSI-J-024114,"Journal of Neurology","issn_l:0012-1037"
j-bench-osteoarthritis-and-cartilage-0894,POSI-J-024115,"Osteoarthritis and Cartilage","issn_l:1063-4584"
j-bench-critical-care-0895,POSI-J-000574,"Critical Care","issn_l:1364-8535"
j-bench-digestive-and-liver-disease-0896,POSI-J-024116,"Digestive and Liver Disease","issn_l:1590-8658"
j-bench-frontiers-in-endocrinology-0897,POSI-J-000104,"Frontiers in Endocrinology","issn_l:1664-2392"
j-bench-journal-of-clinical-pathology-0898,POSI-J-024117,"Journal of Clinical Pathology","issn_l:0021-9746"
j-bench-bmc-cancer-0899,POSI-J-000570,"BMC Cancer","issn_l:1471-2407"
j-bench-injury-0900,POSI-J-024118,"Injury","issn_l:0020-1383"
j-bench-clinical-nuclear-medicine-0901,POSI-J-024119,"Clinical Nuclear Medicine","issn_l:0363-9762"
j-bench-journal-of-cardiac-failure-0902,POSI-J-024120,"Journal of Cardiac Failure","issn_l:1071-9164"
j-bench-archives-of-dermatological-research-0903,POSI-J-024121,"Archives of Dermatological Research","issn_l:0003-9187"
j-bench-thrombosis-research-0904,POSI-J-024122,"Thrombosis Research","issn_l:0049-3848"
j-bench-nature-biotechnology-0905,POSI-J-024123,"Nature Biotechnology","issn_l:0733-222X"
j-bench-international-journal-of-infectious-dise-0906,POSI-J-000577,"International Journal of Infectious Diseases","issn_l:1201-9712"
j-bench-transactions-of-the-royal-society-of-tro-0907,POSI-J-024124,"Transactions of the Royal Society of Tropical Medicine and Hygiene","issn_l:0035-9203"
j-bench-transfusion-0908,POSI-J-024125,"Transfusion","issn_l:0041-1132"
j-bench-frontiers-in-physiology-0909,POSI-J-000102,"Frontiers in Physiology","issn_l:1664-042X"
j-bench-thorax-0910,POSI-J-024126,"Thorax","issn_l:0040-6376"
j-bench-surgical-endoscopy-0911,POSI-J-024127,"Surgical Endoscopy","issn_l:0930-2794"
j-bench-journal-of-the-royal-society-of-medicine-0912,POSI-J-024128,"Journal of the Royal Society of Medicine","issn_l:0141-0768"
j-bench-journal-of-the-european-academy-of-derma-0913,POSI-J-024129,"Journal of the European Academy of Dermatology and Venereology","issn_l:0926-9959"
j-bench-diagnostics-0914,POSI-J-000586,"Diagnostics","issn_l:2075-4418"
j-bench-european-journal-of-pediatrics-0915,POSI-J-024130,"European Journal of Pediatrics","issn_l:0340-6199"
j-bench-journal-of-dental-research-0916,POSI-J-024131,"Journal of Dental Research","issn_l:0022-0345"
j-bench-international-journal-of-dermatology-0917,POSI-J-024132,"International Journal of Dermatology","issn_l:0011-9059"
j-bench-oncogene-0918,POSI-J-024133,"Oncogene","issn_l:0950-9232"
j-bench-bone-0919,POSI-J-024134,"Bone","issn_l:1873-2763"
j-bench-pain-0920,POSI-J-024135,"Pain","issn_l:0304-3959"
j-bench-frontiers-in-psychiatry-0921,POSI-J-000124,"Frontiers in Psychiatry","issn_l:1664-0640"
j-bench-theriogenology-0922,POSI-J-024136,"Theriogenology","issn_l:0093-691X"
j-bench-european-journal-of-obstetrics-gynecolog-0923,POSI-J-024137,"European Journal of Obstetrics & Gynecology and Reproductive Biology","issn_l:0028-2243"
j-bench-arthroscopy-the-journal-of-arthroscopic--0924,POSI-J-024138,"Arthroscopy The Journal of Arthroscopic and Related Surgery","issn_l:0749-8063"
j-bench-developmental-medicine-child-neurology-0925,POSI-J-024139,"Developmental Medicine & Child Neurology","issn_l:0012-1622"
j-bench-european-journal-of-anaesthesiology-0926,POSI-J-024140,"European Journal of Anaesthesiology","issn_l:0265-0215"
j-bench-the-american-journal-of-emergency-medici-0927,POSI-J-024141,"The American Journal of Emergency Medicine","issn_l:0735-6757"
j-bench-acta-radiologica-0928,POSI-J-024142,"Acta Radiologica","issn_l:0284-1851"
j-bench-food-and-chemical-toxicology-0929,POSI-J-024143,"Food and Chemical Toxicology","issn_l:0278-6915"
j-bench-clinical-radiology-0930,POSI-J-024144,"Clinical Radiology","issn_l:0009-9260"
j-bench-infection-control-and-hospital-epidemiol-0931,POSI-J-024145,"Infection Control and Hospital Epidemiology","issn_l:0899-823X"
j-bench-bmc-health-services-research-0932,POSI-J-000592,"BMC Health Services Research","issn_l:1472-6963"
j-bench-annals-of-otology-rhinology-laryngology-0933,POSI-J-024146,"Annals of Otology Rhinology & Laryngology","issn_l:0003-4894"
j-bench-epilepsia-0934,POSI-J-024147,"Epilepsia","issn_l:0013-9580"
j-bench-journal-of-cataract-refractive-surgery-0935,POSI-J-024148,"Journal of Cataract & Refractive Surgery","issn_l:0146-2776"
j-bench-journal-of-the-chemical-society-dalton-t-0936,POSI-J-024149,"Journal of the Chemical Society Dalton Transactions","issn_l:1364-5447"
j-bench-graefe-s-archive-for-clinical-and-experi-0937,POSI-J-024150,"Graefe s Archive for Clinical and Experimental Ophthalmology","issn_l:0721-832X"
j-bench-american-journal-of-hypertension-0938,POSI-J-024151,"American Journal of Hypertension","issn_l:0895-7061"
j-bench-viruses-0939,POSI-J-000594,"Viruses","issn_l:1999-4915"
j-bench-annals-of-neurology-0940,POSI-J-024152,"Annals of Neurology","issn_l:0364-5134"
j-bench-international-journal-of-surgery-0941,POSI-J-024153,"International Journal of Surgery","issn_l:1743-9159"
j-bench-the-pediatric-infectious-disease-journal-0942,POSI-J-024154,"The Pediatric Infectious Disease Journal","issn_l:0891-3668"
j-bench-european-radiology-0943,POSI-J-024155,"European Radiology","issn_l:0938-7994"
j-bench-american-journal-of-veterinary-research-0944,POSI-J-000595,"American Journal of Veterinary Research","issn_l:0002-9645"
j-bench-the-spine-journal-0945,POSI-J-024156,"The Spine Journal","issn_l:1529-9430"
j-bench-langenbeck-s-archives-of-surgery-0946,POSI-J-024157,"Langenbeck s Archives of Surgery","issn_l:0023-8236"
j-bench-diseases-of-the-colon-rectum-0947,POSI-J-024158,"Diseases of the Colon & Rectum","issn_l:0012-3706"
j-bench-bmc-infectious-diseases-0948,POSI-J-000598,"BMC Infectious Diseases","issn_l:1471-2334"
j-bench-respiratory-care-0949,POSI-J-024159,"Respiratory Care","issn_l:0020-1324"
j-bench-clinical-nutrition-0950,POSI-J-024160,"Clinical Nutrition","issn_l:0261-5614"
j-bench-the-gerontologist-0951,POSI-J-024161,"The Gerontologist","issn_l:0016-9013"
j-bench-european-journal-of-cardio-thoracic-surg-0952,POSI-J-024162,"European Journal of Cardio-Thoracic Surgery","issn_l:1010-7940"
j-bench-radiation-protection-dosimetry-0953,POSI-J-024163,"Radiation Protection Dosimetry","issn_l:0144-8420"
j-bench-resuscitation-0954,POSI-J-024164,"Resuscitation","issn_l:0300-9572"
j-bench-british-journal-of-nutrition-0955,POSI-J-024165,"British Journal Of Nutrition","issn_l:0007-1145"
j-bench-journal-of-cancer-research-and-clinical--0956,POSI-J-000602,"Journal of Cancer Research and Clinical Oncology","issn_l:0084-5353"
j-bench-acta-obstetricia-et-gynecologica-scandin-0957,POSI-J-000600,"Acta Obstetricia Et Gynecologica Scandinavica","issn_l:0001-6349"
j-bench-acta-psychiatrica-scandinavica-0958,POSI-J-024166,"Acta Psychiatrica Scandinavica","issn_l:0001-690X"
j-bench-journal-of-natural-products-0959,POSI-J-024167,"Journal of Natural Products","issn_l:0163-3864"
j-bench-the-journal-of-arthroplasty-0960,POSI-J-024168,"The Journal of Arthroplasty","issn_l:0883-5403"
j-bench-journal-of-advanced-nursing-0961,POSI-J-024169,"Journal of Advanced Nursing","issn_l:0309-2402"
j-bench-world-journal-of-surgery-0962,POSI-J-024170,"World Journal of Surgery","issn_l:0364-2313"
j-bench-cardiovascular-research-0963,POSI-J-024171,"Cardiovascular Research","issn_l:0008-6363"
j-bench-annals-of-pharmacotherapy-0964,POSI-J-024172,"Annals of Pharmacotherapy","issn_l:0012-6578"
j-bench-nature-medicine-0965,POSI-J-024173,"Nature Medicine","issn_l:1078-8956"
j-bench-vox-sanguinis-0966,POSI-J-024174,"Vox Sanguinis","issn_l:0042-9007"
j-bench-age-and-ageing-0967,POSI-J-024175,"Age and Ageing","issn_l:0002-0729"
j-bench-the-journal-of-hand-surgery-0968,POSI-J-024176,"The Journal Of Hand Surgery","issn_l:0363-5023"
j-bench-british-journal-of-urology-0969,POSI-J-024177,"British Journal of Urology","issn_l:1464-4096"
j-bench-archives-de-p-diatrie-0970,POSI-J-024178,"Archives de Pédiatrie","issn_l:0929-693X"
j-bench-diabetes-research-and-clinical-practice-0971,POSI-J-024179,"Diabetes Research and Clinical Practice","issn_l:0168-8227"
j-bench-annals-of-plastic-surgery-0972,POSI-J-024180,"Annals of Plastic Surgery","issn_l:0148-7043"
j-bench-neurobiology-of-aging-0973,POSI-J-024181,"Neurobiology of Aging","issn_l:0197-4580"
j-bench-american-journal-of-infection-control-0974,POSI-J-024182,"American Journal of Infection Control","issn_l:0196-6553"
j-bench-magnetic-resonance-in-medicine-0975,POSI-J-024183,"Magnetic Resonance in Medicine","issn_l:0740-3194"
j-bench-intensive-care-medicine-0976,POSI-J-024184,"Intensive Care Medicine","issn_l:0342-4642"
j-bench-canadian-medical-association-journal-0977,POSI-J-000608,"Canadian Medical Association Journal","issn_l:0820-3946"
j-bench-diabetologia-0978,POSI-J-024185,"Diabetologia","issn_l:0012-186X"
j-bench-journal-of-cardiovascular-pharmacology-0979,POSI-J-024186,"Journal of Cardiovascular Pharmacology","issn_l:0160-2446"
j-bench-dermatologic-surgery-0980,POSI-J-024187,"Dermatologic Surgery","issn_l:1076-0512"
j-bench-allergy-0981,POSI-J-024188,"Allergy","issn_l:0105-4538"
j-bench-journal-of-cardiothoracic-and-vascular-a-0982,POSI-J-024189,"Journal of Cardiothoracic and Vascular Anesthesia","issn_l:1053-0770"
j-bench-journal-of-medical-virology-0983,POSI-J-024190,"Journal of Medical Virology","issn_l:0146-6615"
j-bench-psychiatry-research-0984,POSI-J-024191,"Psychiatry Research","issn_l:0165-1781"
j-bench-journal-of-general-internal-medicine-0985,POSI-J-024192,"Journal of General Internal Medicine","issn_l:0884-8734"
j-bench-american-journal-of-orthodontics-and-den-0986,POSI-J-024193,"American Journal of Orthodontics and Dentofacial Orthopedics","issn_l:0889-5406"
j-bench-journal-of-endocrinology-0987,POSI-J-024194,"Journal of Endocrinology","issn_l:0022-0795"
j-bench-irish-journal-of-medical-science-1971-0988,POSI-J-024195,"Irish Journal of Medical Science (1971 -)","issn_l:0021-1265"
j-bench-surgery-0989,POSI-J-024196,"Surgery","issn_l:0039-6060"
j-bench-ophthalmologica-0990,POSI-J-024197,"Ophthalmologica","issn_l:0030-3755"
j-bench-emerging-infectious-diseases-0991,POSI-J-000612,"Emerging infectious diseases","issn_l:1080-6040"
j-bench-pacing-and-clinical-electrophysiology-0992,POSI-J-024198,"Pacing and Clinical Electrophysiology","issn_l:0147-8389"
j-bench-journal-of-investigative-medicine-0993,POSI-J-024199,"Journal of Investigative Medicine","issn_l:1081-5589"
j-bench-photochemistry-and-photobiology-0994,POSI-J-024200,"Photochemistry and Photobiology","issn_l:0031-8655"
j-bench-metabolism-0995,POSI-J-024201,"Metabolism","issn_l:0026-0495"
j-bench-australian-journal-of-chemistry-0996,POSI-J-024202,"Australian Journal of Chemistry","issn_l:0004-9425"
j-bench-molecular-immunology-0997,POSI-J-024203,"Molecular Immunology","issn_l:0161-5890"
j-bench-canadian-journal-of-anesthesia-journal-c-0998,POSI-J-024204,"Canadian Journal of Anesthesia/Journal canadien d anesthésie","issn_l:0832-610X"
j-bench-eye-0999,POSI-J-024205,"Eye","issn_l:0078-5334"