posi_id,title,issn_print,issn_online,publisher,open_access,minted
POSI-J-026389,"Acta Ophthalmologica",1755-375X,1755-3776,"Wiley (Blackwell Publishing)",false,true
POSI-J-026390,"Transboundary and Emerging Diseases",1865-1674,1865-1682,"Hindawi Limited",false,true
POSI-J-026391,"Health & Social Care in the Community",0966-0410,1365-2524,"Hindawi Limited",false,true
POSI-J-026392,"ChemViews",,2190-3735,"Wiley (John Wiley & Sons)",false,true
POSI-J-026393,"Pediatrics International",1328-8067,1442-200X,"Wiley (Blackwell Publishing)",false,true
POSI-J-026394,"Animal Science Journal",1344-3941,1344-3941,"Wiley (Blackwell Publishing)",false,true
POSI-J-026395,"Journal of Nursing Management",0966-0429,1365-2834,"Hindawi Limited",false,true
POSI-J-026396,"Journal of Food Biochemistry",0145-8884,1745-4514,"Hindawi Limited",false,true
POSI-J-026397,"BioMed Research International",2314-6133,2314-6141,"Hindawi Limited",false,true
POSI-J-026398,"Depression and Anxiety",1091-4269,1520-6394,"Hindawi Limited",false,true
POSI-J-026399,"International Journal of Intelligent Systems",0884-8173,1098-111X,"Hindawi Limited",false,true
POSI-J-026400,"Journal of Food Processing and Preservation",0145-8892,1745-4549,"Hindawi Limited",false,true
POSI-J-026401,"Indoor Air",0905-6947,1600-0668,"Hindawi Limited",false,true
POSI-J-026402,"Africa Research Bulletin Political Social and Cultural Series",0001-9844,1467-825X,"Wiley (Blackwell Publishing)",false,true
POSI-J-026403,"Journal of Clinical Pharmacy and Therapeutics",0269-4727,1365-2710,"Hindawi Limited",false,true
POSI-J-026404,"Global Change Biology",1354-1013,1365-2486,"Wiley (Blackwell Publishing)",false,true
POSI-J-026405,"Nachrichten aus der Chemie",1439-9598,1868-0054,"Wiley (John Wiley & Sons)",false,true
POSI-J-026406,"Anaesthesia Reports",2637-3726,2637-3726,"Wiley (John Wiley & Sons)",false,true
POSI-J-026407,"Africa Research Bulletin Economic Financial and Technical Series",0001-9852,1467-6346,"Wiley (Blackwell Publishing)",false,true
POSI-J-026408,"Andrologia",0303-4569,1439-0272,"Hindawi Limited",false,true
POSI-J-026409,"Acta Neurologica Scandinavica",0001-6314,1600-0404,"Hindawi Limited",false,true
POSI-J-026410,"Journal of Cardiac Surgery",0886-0440,1540-8191,"Hindawi Limited",false,true
POSI-J-026411,"International Journal of Rheumatic Diseases",1756-1841,1756-185X,"Wiley (Blackwell Publishing)",false,true
POSI-J-026412,"Journal of Sensors",1687-725X,1687-7268,"Hindawi Limited",false,true
POSI-J-026413,"Skin Research and Technology",0909-752X,1600-0846,"Wiley (Blackwell Publishing)",false,true
POSI-J-026414,"Wireless Communications and Mobile Computing",1530-8669,1530-8677,"Hindawi Limited",false,true
POSI-J-026415,"Soil Use and Management",0266-0032,1475-2743,"Wiley (Blackwell Publishing)",false,true
POSI-J-026416,"Island Arc",1038-4871,1440-1738,"Wiley (Blackwell Publishing)",false,true
POSI-J-026417,"International Journal of RF and Microwave Computer-Aided Engineering",1096-4290,1099-047X,"Hindawi Limited",false,true
POSI-J-026418,"Mobile Information Systems",1574-017X,1875-905X,"Hindawi Limited",false,true
POSI-J-026419,"International Journal of Tourism Research",1099-2340,1522-1970,"Wiley (John Wiley & Sons)",false,true
POSI-J-026420,"Nursing Forum",0029-6473,1744-6198,"Hindawi Limited",false,true
POSI-J-026421,"Computational Intelligence and Neuroscience",1687-5265,1687-5273,"Hindawi Limited",false,true
POSI-J-026422,"Journal of Separation Science",1615-9306,1615-9314,"Wiley (John Wiley & Sons)",false,true
POSI-J-026423,"Echocardiography",0742-2822,1540-8175,"Wiley (Blackwell Publishing)",false,true
POSI-J-026424,"Polymers for Advanced Technologies",1042-7147,1099-1581,"Wiley (John Wiley & Sons)",false,true
POSI-J-026425,"Cell Biochemistry and Function",0263-6484,1099-0844,"Wiley (John Wiley & Sons)",false,true
POSI-J-026426,"Stat",2049-1573,2049-1573,"Wiley (John Wiley & Sons)",false,true
POSI-J-026427,"Applied Cognitive Psychology",0888-4080,1099-0720,"Wiley (John Wiley & Sons)",false,true
POSI-J-026428,"JDDG Journal der Deutschen Dermatologischen Gesellschaft",1610-0379,1610-0387,"Wiley (Blackwell Publishing)",false,true
POSI-J-026429,"The Political Quarterly",0032-3179,1467-923X,"Wiley (Blackwell Publishing)",false,true
POSI-J-026430,"Journal of Phytopathology",0931-1785,1439-0434,"Wiley (Blackwell Publishing)",false,true
POSI-J-026431,"HLA",2059-2302,2059-2310,"Wiley (Blackwell Publishing)",false,true
POSI-J-026432,"New Disease Reports",2044-0588,2044-0588,"Wiley (John Wiley & Sons)",false,true
POSI-J-026433,"Aquatic Conservation Marine and Freshwater Ecosystems",1052-7613,1099-0755,"Wiley (John Wiley & Sons)",false,true
POSI-J-026434,"Hastings Center Report",,1552-146X,"Project MUSE",false,true
POSI-J-026435,"Quarterly Journal of the Royal Meteorological Society",0035-9009,1477-870X,"Wiley (John Wiley & Sons)",false,true
POSI-J-026436,"Lakes & Reservoirs Science Policy and Management for Sustainable Use",1320-5331,1440-1770,"Wiley (Blackwell Publishing)",false,true
POSI-J-026437,"The Hastings Center Report",0093-0334,1552-146X,"Wiley (John Wiley & Sons)",false,true
POSI-J-026438,"EFSA Supporting Publications",2397-8325,2397-8325,"Publications Office of the European Union",false,true
POSI-J-026439,"Advanced Healthcare Materials",2192-2640,2192-2659,"Wiley (John Wiley & Sons)",false,true
POSI-J-026440,"European Journal of Cancer Care",0961-5423,1365-2354,"Maximum Academic Press",false,true
POSI-J-026441,"Scientific Programming",1058-9244,1875-919X,"Hindawi Limited",false,true
POSI-J-026442,"Journal of Food Process Engineering",0145-8876,1745-4530,"Wiley (Blackwell Publishing)",false,true
POSI-J-026443,"Experimental Dermatology",0906-6705,1600-0625,"Wiley (Blackwell Publishing)",false,true
POSI-J-026444,"Architectural Design",0003-8504,1554-2769,"Wiley (John Wiley & Sons)",false,true
POSI-J-026445,"Pediatric Diabetes",1399-543X,1399-5448,"Maximum Academic Press",false,true
POSI-J-026446,"Current Protocols",2691-1299,2691-1299,"Wiley (John Wiley & Sons)",false,true
POSI-J-026447,"Resource Geology",1344-1698,1751-3928,"Wiley (Blackwell Publishing)",false,true
POSI-J-026448,"Oil and Energy Trends",0950-1045,1744-7992,"Wiley (Blackwell Publishing)",false,true
POSI-J-026449,"Water Environment Research",1061-4303,1554-7531,"Wiley (John Wiley & Sons)",false,true
POSI-J-026450,"Journal of Applied Ichthyology",0175-8659,1439-0426,"Maximum Academic Press",false,true
POSI-J-026451,"Clinical Transplantation",0902-0063,1399-0012,"Wiley (Blackwell Publishing)",false,true
POSI-J-026452,"Basin Research",0950-091X,1365-2117,"Wiley (Blackwell Publishing)",false,true
POSI-J-026453,"Curator The Museum Journal",0011-3069,2151-6952,"Wiley (Blackwell Publishing)",false,true
POSI-J-026454,"Advanced Energy Materials",1614-6832,1614-6840,"Wiley (John Wiley & Sons)",false,true
POSI-J-026455,"Scandinavian Journal of Medicine and Science in Sports",0905-7188,1600-0838,"Wiley (Blackwell Publishing)",false,true
POSI-J-026456,"Helicobacter",1083-4389,1523-5378,"Wiley (Blackwell Publishing)",false,true
POSI-J-026457,"Luminescence",1522-7235,1522-7243,"Wiley (John Wiley & Sons)",false,true
POSI-J-026458,"Knee Surgery Sports Traumatology Arthroscopy",0942-2056,1433-7347,"Wiley (John Wiley & Sons)",false,true
POSI-J-026459,"Clinical Psychology & Psychotherapy",1063-3995,1099-0879,"Wiley (John Wiley & Sons)",false,true
POSI-J-026460,"Human Mutation",1059-7794,1098-1004,"Hindawi Limited",false,true
POSI-J-026461,"Oxidative Medicine and Cellular Longevity",1942-0900,1942-0994,"Hindawi Limited",false,true
POSI-J-026462,"Comprehensive Reviews in Food Science and Food Safety",1541-4337,1541-4337,"Wiley (Blackwell Publishing)",false,true
POSI-J-026463,"Ecology Letters",1461-023X,1461-0248,"Wiley (Blackwell Publishing)",false,true
POSI-J-026464,"The Ecumenical Review",0013-0796,1758-6623,"Wiley (Blackwell Publishing)",false,true
POSI-J-026465,"Journal of Vegetation Science",1100-9233,1654-1103,"Wiley (Blackwell Publishing)",false,true
POSI-J-026466,"American Water Works Association",0003-150X,1551-8833,"Wiley (John Wiley & Sons)",false,true
POSI-J-026467,"The Journal of Gene Medicine",1099-498X,1521-2254,"Wiley (John Wiley & Sons)",false,true
POSI-J-026468,"European Journal of Soil Science",1351-0754,1365-2389,"Wiley (Blackwell Publishing)",false,true
POSI-J-026469,"Child Care Health and Development",0305-1862,1365-2214,"Wiley (Blackwell Publishing)",false,true
POSI-J-026470,"Psycho-Oncology",1057-9249,1099-1611,"Wiley (John Wiley & Sons)",false,true
POSI-J-026471,"International Journal of Imaging Systems and Technology",0899-9457,1098-1098,"Wiley (John Wiley & Sons)",false,true
POSI-J-026472,"Information Display",0362-0972,2637-496X,"Wiley (John Wiley & Sons)",false,true
POSI-J-026473,"Chemical Biology & Drug Design",1747-0277,1747-0285,"Wiley (Blackwell Publishing)",false,true
POSI-J-026474,"Perspectives In Psychiatric Care",0031-5990,1744-6163,"Hindawi Limited",false,true
POSI-J-026475,"Opflow",0149-8029,1551-8701,"Wiley (John Wiley & Sons)",false,true
POSI-J-026476,"Physik in unserer Zeit",0031-9252,1521-3943,"Wiley (John Wiley & Sons)",false,true
POSI-J-026477,"Reviews in Medical Virology",1052-9276,1099-1654,"Wiley (John Wiley & Sons)",false,true
POSI-J-026478,"International Journal of Surgical Oncology",2090-1402,2090-1410,"Hindawi Limited",false,true
POSI-J-026479,"Chemistry & Industry",0009-3068,2047-6329,"Wiley (John Wiley & Sons)",false,true
POSI-J-026480,"Journal of Plant Registrations",1936-5209,1940-3496,"Wiley (John Wiley & Sons)",false,true
POSI-J-026481,"physica status solidi (a)",1862-6300,1862-6319,"Wiley (John Wiley & Sons)",false,true
POSI-J-026482,"The German Quarterly",0016-8831,1756-1183,"Wiley (Blackwell Publishing)",false,true
POSI-J-026483,"Journal of Applied Corporate Finance",1078-1196,1745-6622,"Wiley (Blackwell Publishing)",false,true
POSI-J-026484,"Journal of Integrative Plant Biology",1672-9072,1744-7909,"Wiley (Blackwell Publishing)",false,true
POSI-J-026485,"Economic Outlook",0140-489X,1468-0319,"Wiley (Blackwell Publishing)",false,true
POSI-J-026486,"Groundwater Monitoring & Remediation",1069-3629,1745-6592,"Wiley (Blackwell Publishing)",false,true
POSI-J-026487,"Materialwissenschaft und Werkstofftechnik",0933-5137,1521-4052,"Wiley (John Wiley & Sons)",false,true
POSI-J-026488,"Mycoses",0933-7407,1439-0507,"Wiley (Blackwell Publishing)",false,true
POSI-J-026489,"Hydrological Processes",0885-6087,1099-1085,"Wiley (John Wiley & Sons)",false,true
POSI-J-026490,"In Practice",0263-841X,2042-7689,"Wiley (John Wiley & Sons)",false,true
POSI-J-026491,"College Athletics and the Law",1552-8774,1943-7579,"Wiley (John Wiley & Sons)",false,true
POSI-J-026492,"Archives of Insect Biochemistry and Physiology",0739-4462,1520-6327,"Wiley (John Wiley & Sons)",false,true
POSI-J-026493,"Reproduction in Domestic Animals",0936-6768,1439-0531,"Wiley (Blackwell Publishing)",false,true
POSI-J-026494,"Pediatric Allergy and Immunology",0905-6157,1399-3038,"Wiley (Blackwell Publishing)",false,true
POSI-J-026495,"Women in Higher Education",1060-8303,2331-5466,"Wiley (John Wiley & Sons)",false,true
POSI-J-026496,"International Social Security Review",0020-871X,1468-246X,"Wiley (Blackwell Publishing)",false,true
POSI-J-026497,"Internal Medicine Journal",1444-0903,1445-5994,"Wiley (Blackwell Publishing)",false,true
POSI-J-026498,"International Journal of Geriatric Psychiatry",0885-6230,1099-1166,"Wiley (John Wiley & Sons)",false,true
POSI-J-026499,"Prenatal Diagnosis",0197-3851,1097-0223,"Wiley (John Wiley & Sons)",false,true
POSI-J-026500,"Advanced Materials Technologies",2365-709X,2365-709X,"Wiley (John Wiley & Sons)",false,true
POSI-J-026501,"Crops & Soils",0162-5098,2325-3606,"Wiley (John Wiley & Sons)",false,true
POSI-J-026502,"Asian Politics & Policy",1943-0779,1943-0787,"Wiley (Blackwell Publishing)",false,true
POSI-J-026503,"Wiley Interdisciplinary Reviews Computational Molecular Science",1759-0876,1759-0884,"Wiley (John Wiley & Sons)",false,true
POSI-J-026504,"Photodermatology Photoimmunology & Photomedicine",0905-4383,1600-0781,"Wiley (Blackwell Publishing)",false,true
POSI-J-026505,"Assessment Update",1041-6099,1536-0725,"Wiley (John Wiley & Sons)",false,true
POSI-J-026506,"Bulletin of Latin American Research",0261-3050,1470-9856,"Wiley (Blackwell Publishing)",false,true
POSI-J-026507,"Journal of the London Mathematical Society",0024-6107,1469-7750,"London Mathematical Society",false,true
POSI-J-026508,"Molecular Reproduction and Development",1040-452X,1098-2795,"Wiley (John Wiley & Sons)",false,true
POSI-J-026509,"Aggressive Behavior",0096-140X,1098-2337,"Wiley (John Wiley & Sons)",false,true
POSI-J-026510,"Rehabilitation Research and Practice",2090-2867,2090-2875,"Hindawi Limited",false,true
POSI-J-026511,"Progress in Neurology and Psychiatry",1367-7543,1931-227X,"Wiley (John Wiley & Sons)",false,true
POSI-J-026512,"China & World Economy",1671-2234,1749-124X,"Wiley (Blackwell Publishing)",false,true
POSI-J-026513,"Movement Disorders",0885-3185,1531-8257,"Wiley (John Wiley & Sons)",false,true
POSI-J-026514,"Biometrical Journal",0323-3847,1521-4036,"Wiley (John Wiley & Sons)",false,true
POSI-J-026515,"Development and Change",0012-155X,1467-7660,"Wiley (Blackwell Publishing)",false,true
POSI-J-026516,"Ecological Management & Restoration",1442-7001,1442-8903,"Wiley (Blackwell Publishing)",false,true
POSI-J-026517,"Hematological Oncology",0278-0232,1099-1069,"Wiley (John Wiley & Sons)",false,true
POSI-J-026518,"Journal of Biochemical and Molecular Toxicology",1095-6670,1099-0461,"Wiley (John Wiley & Sons)",false,true
POSI-J-026519,"Environmental and Molecular Mutagenesis",0893-6692,1098-2280,"Wiley (John Wiley & Sons)",false,true
POSI-J-026520,"Food Risk Assess Europe",2940-1399,2940-1399,"Publications Office of the European Union",false,true
POSI-J-026521,"Economic Anthropology",2330-4847,2330-4847,"Wiley (John Wiley & Sons)",false,true
POSI-J-026522,"Advanced Optical Materials",2195-1071,2195-1071,"Wiley (John Wiley & Sons)",false,true
POSI-J-026523,"Journal of Lipids",2090-3030,2090-3049,"Hindawi Limited",false,true
POSI-J-026524,"Wiley Interdisciplinary Reviews Nanomedicine and Nanobiotechnology",1939-5116,1939-0041,"Wiley (John Wiley & Sons)",false,true
POSI-J-026525,"Journal of Digestive Diseases",1751-2972,1751-2980,"Wiley (Blackwell Publishing)",false,true
POSI-J-026526,"The Obstetrician & Gynaecologist",1467-2561,1744-4667,"Wiley (Blackwell Publishing)",false,true
POSI-J-026527,"Applied Vegetation Science",1402-2001,1654-109X,"Wiley (Blackwell Publishing)",false,true
POSI-J-026528,"American Journal of Reproductive Immunology",1046-7408,1600-0897,"Wiley (Blackwell Publishing)",false,true
POSI-J-026529,"Journal of Biomedical Materials Research Part B Applied Biomaterials",1552-4973,1552-4981,"Wiley (John Wiley & Sons)",false,true
POSI-J-026530,"Astronomische Nachrichten",0004-6337,1521-3994,"Wiley (John Wiley & Sons)",false,true
POSI-J-026531,"Weather",0043-1656,1477-8696,"Wiley (John Wiley & Sons)",false,true
POSI-J-026532,"Alcohol Clinical and Experimental Research",2993-7175,2993-7175,"Wiley (Blackwell Publishing)",false,true
POSI-J-026533,"Ethics & Human Research",2578-2355,2578-2363,"Wiley (John Wiley & Sons)",false,true
POSI-J-026534,"JSFA reports",2573-5098,2573-5098,"Wiley (John Wiley & Sons)",false,true
POSI-J-026535,"Birth Defects Research",2472-1727,2472-1727,"Wiley (John Wiley & Sons)",false,true
POSI-J-026536,"Solar RRL",2367-198X,2367-198X,"Wiley (John Wiley & Sons)",false,true
POSI-J-026537,"Digest of Middle East Studies",1060-4367,1949-3606,"Wiley (Blackwell Publishing)",false,true
POSI-J-026538,"Wiley Interdisciplinary Reviews Computational Statistics",1939-5108,1939-0068,"Wiley (John Wiley & Sons)",false,true
POSI-J-026539,"Security and Communication Networks",1939-0114,1939-0122,"Hindawi Limited",false,true
POSI-J-026540,"Journal of Contemporary Water Research & Education",1936-7031,1936-704X,"Wiley (Blackwell Publishing)",false,true
POSI-J-026541,"Prescriber",0959-6682,1931-2253,"Wiley (John Wiley & Sons)",false,true
POSI-J-026542,"Journal of Biophotonics",1864-063X,1864-0648,"Wiley (John Wiley & Sons)",false,true
POSI-J-026543,"Laser & Photonics Review",1863-8880,1863-8899,"Wiley (John Wiley & Sons)",false,true
POSI-J-026544,"Biotechnology Journal",1860-6768,1860-7314,"Wiley (John Wiley & Sons)",false,true
POSI-J-026545,"Journal of Cancer Epidemiology",1687-8558,1687-8566,"Hindawi Limited",false,true
POSI-J-026546,"Chemistry & Biodiversity",1612-1872,1612-1880,"Wiley (John Wiley & Sons)",false,true
POSI-J-026547,"Journal of Pineal Research",0742-3098,1600-079X,"Wiley (Blackwell Publishing)",false,true
POSI-J-026548,"Journal of Midwifery & Women s Health",1526-9523,1542-2011,"Wiley (Blackwell Publishing)",false,true
POSI-J-026549,"Headache The Journal of Head and Face Pain",0017-8748,1526-4610,"Wiley (Blackwell Publishing)",false,true
POSI-J-026550,"Pediatric Dermatology",0736-8046,1525-1470,"Wiley (Blackwell Publishing)",false,true
POSI-J-026551,"Diabetes/Metabolism Research and Reviews",1520-7552,1520-7560,"Wiley (John Wiley & Sons)",false,true
POSI-J-026552,"Palaeontology",0031-0239,1475-4983,"Wiley (Blackwell Publishing)",false,true
POSI-J-026553,"International Journal of Urban and Regional Research",0309-1317,1468-2427,"Wiley (Blackwell Publishing)",false,true
POSI-J-026554,"Austral Ecology",1442-9985,1442-9993,"Wiley (Blackwell Publishing)",false,true
POSI-J-026555,"Clinical and Experimental Ophthalmology",1442-6404,1442-9071,"Wiley (Blackwell Publishing)",false,true
POSI-J-026556,"Stahlbau",0038-9145,1437-1049,"Wiley (John Wiley & Sons)",false,true
POSI-J-026557,"Xenotransplantation",0908-665X,1399-3089,"Wiley (Blackwell Publishing)",false,true
POSI-J-026558,"Clinical & Experimental Allergy",0954-7894,1365-2222,"Wiley (Blackwell Publishing)",false,true
POSI-J-026559,"Child Abuse Review",0952-9136,1099-0852,"Wiley (John Wiley & Sons)",false,true
POSI-J-026560,"Proteoglycan Research",2832-3556,2832-3556,"Wiley (John Wiley & Sons)",false,true
POSI-J-026561,"Journal of Theoretical Social Psychology",2475-0387,2475-0387,"Hindawi Limited",false,true
POSI-J-026562,"Transactions on Emerging Telecommunications Technologies",2161-3915,2161-3915,"Wiley (John Wiley & Sons)",false,true
POSI-J-026563,"Transportation Journal",0041-1612,2157-328X,"Wiley (John Wiley & Sons)",false,true
POSI-J-026564,"Papers in Palaeontology",2056-2799,2056-2802,"Wiley (John Wiley & Sons)",false,true
POSI-J-026565,"Trends in Urology & Men s Health",2044-3730,2044-3749,"Wiley (John Wiley & Sons)",false,true
POSI-J-026566,"steel research international",1611-3683,1869-344X,"Wiley (John Wiley & Sons)",false,true
POSI-J-026567,"Entomological Research",1738-2297,1748-5967,"Wiley (Blackwell Publishing)",false,true
POSI-J-026568,"International Journal of Ecology",1687-9708,1687-9716,"Hindawi Limited",false,true
POSI-J-026569,"Journal of Nanomaterials",1687-4110,1687-4129,"Hindawi Limited",false,true
POSI-J-026570,"Traffic",1398-9219,1600-0854,"Wiley (Blackwell Publishing)",false,true
POSI-J-026571,"Wound Repair and Regeneration",1067-1927,1524-475X,"Wiley (Blackwell Publishing)",false,true
POSI-J-026572,"CHEMKON",0944-5846,1521-3730,"Wiley (John Wiley & Sons)",false,true
POSI-J-026573,"Beton- und Stahlbetonbau",0005-9900,1437-1006,"Wiley (John Wiley & Sons)",false,true
POSI-J-026574,"Geology Today",0266-6979,1365-2451,"Wiley (Blackwell Publishing)",false,true
POSI-J-026575,"International Journal of Osteoarchaeology",1047-482X,1099-1212,"Wiley (John Wiley & Sons)",false,true
POSI-J-026576,"Journal of GeoEnergy",2976-5501,2976-5501,"Hindawi Limited",false,true
POSI-J-026577,"Journal of Renewable Energy",2314-4386,2314-4394,"Hindawi Limited",false,true
POSI-J-026578,"Energy Technology",2194-4288,2194-4296,"Wiley (John Wiley & Sons)",false,true
POSI-J-026579,"Comprehensive Physiology",2040-4603,2040-4603,"Wiley (John Wiley & Sons)",false,true
POSI-J-026580,"Cytoskeleton",1949-3584,1949-3592,"Wiley (John Wiley & Sons)",false,true
POSI-J-026581,"Journal of Tissue Engineering and Regenerative Medicine",1932-6254,1932-7005,"Hindawi Limited",false,true
POSI-J-026582,"Nihon Kyukyu Igakukai Zasshi Journal of Japanese Association for Acute Medicine",0915-924X,1883-3772,"Wiley (John Wiley & Sons)",false,true
POSI-J-026583,"Topics in Cognitive Science",1756-8757,1756-8765,"Wiley (Blackwell Publishing)",false,true
POSI-J-026584,"Biotropica",0006-3606,1744-7429,"Wiley (Blackwell Publishing)",false,true
POSI-J-026585,"FEBS Journal",1742-464X,1742-4658,"Wiley (Blackwell Publishing)",false,true
POSI-J-026586,"Learned Publishing",0953-1513,1741-4857,"Wiley (John Wiley & Sons)",false,true
POSI-J-026587,"Journal of Environmental and Public Health",1687-9805,1687-9813,"Hindawi Limited",false,true
POSI-J-026588,"Journal of Inherited Metabolic Disease",0141-8955,1573-2665,"Wiley (John Wiley & Sons)",false,true
POSI-J-026589,"Cytometry Part B Clinical Cytometry",1552-4949,1552-4957,"Wiley (John Wiley & Sons)",false,true
POSI-J-026590,"CA A Cancer Journal for Clinicians",0007-9235,1542-4863,"Wiley (American Cancer Society)",false,true
POSI-J-026591,"Electrophoresis",0173-0835,1522-2683,"Wiley (John Wiley & Sons)",false,true
POSI-J-026592,"Propellants Explosives Pyrotechnics",0721-3115,1521-4087,"Wiley (John Wiley & Sons)",false,true
POSI-J-026593,"Macromolecular Chemistry and Physics",1022-1352,1521-3935,"Wiley (John Wiley & Sons)",false,true
POSI-J-026594,"Journal of the History of the Behavioral Sciences",0022-5061,1520-6696,"Wiley (John Wiley & Sons)",false,true
POSI-J-026595,"Geobiology",1472-4677,1472-4669,"Wiley (Blackwell Publishing)",false,true
POSI-J-026596,"Metaphilosophy",0026-1068,1467-9973,"Wiley (Blackwell Publishing)",false,true
POSI-J-026597,"Teaching Statistics",0141-982X,1467-9639,"Wiley (Blackwell Publishing)",false,true
POSI-J-026598,"Environmental Microbiology",1462-2912,1462-2920,"Wiley (Blackwell Publishing)",false,true
POSI-J-026599,"Anatomia Histologia Embryologia",0340-2096,1439-0264,"Wiley (Blackwell Publishing)",false,true
POSI-J-026600,"Bautechnik",0932-8351,1437-0999,"Wiley (John Wiley & Sons)",false,true
POSI-J-026601,"Neuropathology and Applied Neurobiology",0305-1846,1365-2990,"Wiley (Blackwell Publishing)",false,true
POSI-J-026602,"JACCP JOURNAL OF THE AMERICAN COLLEGE OF CLINICAL PHARMACY",2574-9870,2574-9870,"Wiley (John Wiley & Sons)",false,true
POSI-J-026603,"Advanced Quantum Technologies",2511-9044,2511-9044,"Wiley (John Wiley & Sons)",false,true
POSI-J-026604,"Consumer Psychology Review",2476-1273,2476-1281,"Wiley (John Wiley & Sons)",false,true
POSI-J-026605,"Small Methods",2366-9608,2366-9608,"Wiley (John Wiley & Sons)",false,true
POSI-J-026606,"Journal of the Chinese Chemical Society",0009-4536,2192-6549,"Wiley (John Wiley & Sons)",false,true
POSI-J-026607,"Journal of Healthcare Risk Management",1074-4797,2040-0861,"Wiley (John Wiley & Sons)",false,true
POSI-J-026608,"Limnology and Oceanography",0024-3590,0024-3590,"Wiley (Blackwell Publishing)",false,true
POSI-J-026609,"PM&R",1934-1482,1934-1563,"Wiley (John Wiley & Sons)",false,true
POSI-J-026610,"Journal of Dental Education",0022-0337,1930-7837,"Wiley (John Wiley & Sons)",false,true
POSI-J-026611,"Asian Journal of Endoscopic Surgery",1758-5902,1758-5910,"Wiley (Blackwell Publishing)",false,true
POSI-J-026612,"Australian Veterinary Journal",0005-0423,1751-0813,"Wiley (Blackwell Publishing)",false,true
POSI-J-026613,"Geography Compass",1749-8198,1749-8198,"Wiley (Blackwell Publishing)",false,true
POSI-J-026614,"Journal of Esthetic and Restorative Dentistry",1496-4155,1708-8240,"Wiley (Blackwell Publishing)",false,true
POSI-J-026615,"International Journal of Rheumatology",1687-9260,1687-9279,"Hindawi Limited",false,true
POSI-J-026616,"PROTEOMICS",1615-9853,1615-9861,"Wiley (John Wiley & Sons)",false,true
POSI-J-026617,"Molecular Nutrition & Food Research",1613-4125,1613-4133,"Wiley (John Wiley & Sons)",false,true
POSI-J-026618,"Journal of Oral Pathology and Medicine",0904-2512,1600-0714,"Wiley (Blackwell Publishing)",false,true
POSI-J-026619,"New Directions for Child and Adolescent Development",1520-3247,1534-8687,"Hindawi Limited",false,true
POSI-J-026620,"Advanced Engineering Materials",1438-1656,1527-2648,"Wiley (John Wiley & Sons)",false,true
POSI-J-026621,"Mathematische Nachrichten",0025-584X,1522-2616,"Wiley (John Wiley & Sons)",false,true
POSI-J-026622,"Macromolecular Rapid Communications",1022-1336,1521-3927,"Wiley (John Wiley & Sons)",false,true
POSI-J-026623,"Starch - Stärke",0038-9056,1521-379X,"Wiley (John Wiley & Sons)",false,true
POSI-J-026624,"Nursing in Critical Care",1362-1017,1478-5153,"Wiley (Blackwell Publishing)",false,true
POSI-J-026625,"Journal of Cosmetic Dermatology",1473-2130,1473-2165,"Wiley (Blackwell Publishing)",false,true
POSI-J-026626,"Physiotherapy Research International",1358-2267,1471-2865,"Wiley (John Wiley & Sons)",false,true
POSI-J-026627,"International Journal of Consumer Studies",1470-6423,1470-6431,"Wiley (Blackwell Publishing)",false,true
POSI-J-026628,"Corporate Governance An International Review",0964-8410,1467-8683,"Wiley (Blackwell Publishing)",false,true
POSI-J-026629,"Colorectal Disease",1462-8910,1463-1318,"Wiley (Blackwell Publishing)",false,true
POSI-J-026630,"Psychiatry and Clinical Neurosciences",1323-1316,1440-1819,"Wiley (Blackwell Publishing)",false,true
POSI-J-026631,"Journal of Paediatrics and Child Health",1034-4810,1440-1754,"Wiley (Blackwell Publishing)",false,true
POSI-J-026632,"Plant Cell & Environment",0140-7791,1365-3040,"Wiley (Blackwell Publishing)",false,true
POSI-J-026633,"Parasite Immunology",0141-9838,1365-3024,"Wiley (Blackwell Publishing)",false,true
POSI-J-026634,"The International Journal of Health Planning and Management",0749-6753,1099-1751,"Wiley (John Wiley & Sons)",false,true
POSI-J-026635,"Pharmacoepidemiology and Drug Safety",1053-8569,1099-1557,"Wiley (John Wiley & Sons)",false,true
POSI-J-026636,"Journal of Multi-Criteria Decision Analysis",1057-9214,1099-1360,"Wiley (John Wiley & Sons)",false,true
POSI-J-026637,"Archaeological Prospection",1075-2196,1099-0763,"Wiley (John Wiley & Sons)",false,true
POSI-J-026638,"Computer Animation and Virtual Worlds",1546-4261,1546-427X,"Wiley (John Wiley & Sons)",false,true
POSI-J-026639,"Journal for Specialists in Pediatric Nursing",1539-0136,1744-6155,"Wiley (Blackwell Publishing)",false,true
POSI-J-026640,"Journal of Supply Chain Management",1523-2409,1745-493X,"Wiley (Blackwell Publishing)",false,true
POSI-J-026641,"Catheterization and Cardiovascular Interventions",1522-1946,1522-726X,"Wiley (John Wiley & Sons)",false,true
POSI-J-026642,"Materials and Corrosion",0947-5117,1521-4176,"Wiley (John Wiley & Sons)",false,true
POSI-J-026643,"Fortschritte der Physik",0015-8208,1521-3978,"Wiley (John Wiley & Sons)",false,true
POSI-J-026644,"Nations and Nationalism",1345-5078,1469-8129,"Wiley (Blackwell Publishing)",false,true
POSI-J-026645,"The Heythrop Journal",0018-1196,1468-2265,"Wiley (Blackwell Publishing)",false,true
POSI-J-026646,"Singapore Journal of Tropical Geography",0129-7619,1467-9493,"Wiley (Blackwell Publishing)",false,true
POSI-J-026647,"British Journal of Management",1045-3172,1467-8551,"Wiley (Blackwell Publishing)",false,true
POSI-J-026648,"Journal of Obstetrics and Gynaecology Research",1341-8076,1341-8076,"Wiley (Blackwell Publishing)",false,true
POSI-J-026649,"Digestive Endoscopy",0915-5635,1443-1661,"Wiley (Blackwell Publishing)",false,true
POSI-J-026650,"International Journal of Urology",0919-8172,1442-2042,"Wiley (Blackwell Publishing)",false,true
POSI-J-026651,"Development Growth & Differentiation",0012-1592,1440-169X,"Wiley (Blackwell Publishing)",false,true
POSI-J-026652,"European Journal of Lipid Science and Technology",1438-7697,1438-9312,"Wiley (John Wiley & Sons)",false,true
POSI-J-026653,"Sarcoma",1357-714X,1369-1643,"Hindawi Limited",false,true
POSI-J-026654,"International Endodontic Journal",0143-2885,1365-2591,"Wiley (Blackwell Publishing)",false,true
POSI-J-026655,"Phytotherapy Research",0951-418X,1099-1573,"Wiley (John Wiley & Sons)",false,true
POSI-J-026656,"Journal of Physical Organic Chemistry",0894-3230,1099-1395,"Wiley (John Wiley & Sons)",false,true
POSI-J-026657,"Journal of Applied Econometrics",0883-7252,1099-1255,"Wiley (John Wiley & Sons)",false,true
POSI-J-026658,"Synapse",0887-4476,1098-2396,"Wiley (John Wiley & Sons)",false,true
POSI-J-026659,"Rapid Communications in Mass Spectrometry",0951-4198,1097-0231,"Wiley (John Wiley & Sons)",false,true
POSI-J-026660,"Developmental Dynamics",1058-8388,1097-0177,"Wiley (John Wiley & Sons)",false,true
POSI-J-026661,"Journal of Mass Spectrometry",1076-5174,1096-9888,"Wiley (John Wiley & Sons)",false,true
POSI-J-026662,"Earth Surface Processes and Landforms",0197-9337,1096-9837,"Wiley (John Wiley & Sons)",false,true
POSI-J-026663,"Lasers in Surgery and Medicine",0196-8092,1096-9101,"Wiley (John Wiley & Sons)",false,true
POSI-J-026664,"Infectious Diseases in Obstetrics and Gynecology",1064-7449,1098-0997,"Hindawi Limited",false,true
POSI-J-026665,"Veterinary Radiology & Ultrasound",1058-8183,1740-8261,"Wiley (Blackwell Publishing)",false,true
POSI-J-026666,"Ecological Applications",1051-0761,1939-5582,"Wiley (John Wiley & Sons)",false,true
POSI-J-026667,"BioFactors",0951-6433,1872-8081,"Wiley (John Wiley & Sons)",false,true
POSI-J-026668,"Reading Research Quarterly",0034-0553,1936-2722,"Wiley (John Wiley & Sons)",false,true
POSI-J-026669,"Mathematika",0025-5793,2041-7942,"London Mathematical Society",false,true
POSI-J-026670,"Chinese Journal of Chemistry",1001-604X,1614-7065,"Wiley (John Wiley & Sons)",false,true
POSI-J-026671,"American Journal of Hematology",0361-8609,1096-8652,"Wiley (John Wiley & Sons)",false,true
POSI-J-026672,"International Journal of Robust and Nonlinear Control",1049-8923,1099-1239,"Wiley (John Wiley & Sons)",false,true
POSI-J-026673,"The Economic History Review",0013-0117,1468-0289,"Wiley (Blackwell Publishing)",false,true
POSI-J-026674,"Geriatrics and Gerontology International",1444-1586,1444-1586,"Wiley (Blackwell Publishing)",false,true
POSI-J-026675,"Sustainable Development",0968-0802,1099-1719,"Wiley (John Wiley & Sons)",false,true
POSI-J-026676,"Veterinary Clinical Pathology",0275-6382,1939-165X,"Wiley (Blackwell Publishing)",false,true
POSI-J-026677,"ChemPhysChem",1439-4235,1439-7641,"Wiley (John Wiley & Sons)",false,true
POSI-J-026678,"Food Science & Nutrition",2048-7177,2048-7177,"Wiley (John Wiley & Sons)",false,true
POSI-J-026679,"Therapeutic Apheresis and Dialysis",1744-9987,1744-9979,"Wiley (Blackwell Publishing)",false,true
POSI-J-026680,"Polymer Composites",0272-8397,1548-0569,"Wiley (John Wiley & Sons)",false,true
POSI-J-026681,"Journal of Magnetic Resonance Imaging",1053-1807,1522-2586,"Wiley (John Wiley & Sons)",false,true
POSI-J-026682,"Diabetes Obesity and Metabolism",1462-8902,1463-1326,"Wiley (Blackwell Publishing)",false,true
POSI-J-026683,"Pediatric Anesthesia",1155-5645,1460-9592,"Wiley (Blackwell Publishing)",false,true
POSI-J-026684,"Veterinary Dermatology",0959-4493,1365-3164,"Wiley (Blackwell Publishing)",false,true
POSI-J-026685,"Pediatric Pulmonology",8755-6863,1099-0496,"Wiley (John Wiley & Sons)",false,true
POSI-J-026686,"Heat Transfer",2688-4534,2688-4542,"Wiley (John Wiley & Sons)",false,true
POSI-J-026687,"The Canadian Journal of Chemical Engineering",0008-4034,1939-019X,"Wiley (John Wiley & Sons)",false,true
POSI-J-026688,"Rare Metals",1001-0521,1867-7185,"Wiley (John Wiley & Sons)",false,true
POSI-J-026689,"Chemistry - An Asian Journal",1861-4728,1861-471X,"Wiley (John Wiley & Sons)",false,true
POSI-J-026690,"Counselling and Psychotherapy Research",1473-3145,1746-1405,"Wiley (John Wiley & Sons)",false,true
POSI-J-026691,"Emergency Medicine Australasia",1742-6731,1742-6723,"Wiley (Blackwell Publishing)",false,true
POSI-J-026692,"Oral Diseases",1354-523X,1601-0825,"Wiley (Blackwell Publishing)",false,true
POSI-J-026693,"Journal of Field Robotics",1556-4959,1556-4967,"Wiley (John Wiley & Sons)",false,true
POSI-J-026694,"Journal of Ultrasound in Medicine",0278-4297,1550-9613,"Wiley (John Wiley & Sons)",false,true
POSI-J-026695,"Natural Resources Forum",0165-0209,1477-8947,"Wiley (Blackwell Publishing)",false,true
POSI-J-026696,"BJOG An International Journal of Obstetrics & Gynaecology",1470-0328,1471-0528,"Wiley (Blackwell Publishing)",false,true
POSI-J-026697,"Journal of Applied Research in Intellectual Disabilities",1360-2322,1468-3148,"Wiley (Blackwell Publishing)",false,true
POSI-J-026698,"Bioethics",0269-9702,1467-8519,"Wiley (Blackwell Publishing)",false,true
POSI-J-026699,"Head & Neck",1043-3074,1097-0347,"Wiley (John Wiley & Sons)",false,true
POSI-J-026700,"Fatigue & Fracture of Engineering Materials & Structures",8756-758X,1460-2695,"Wiley (Blackwell Publishing)",false,true
POSI-J-026701,"Advanced Sustainable Systems",2366-7486,2366-7486,"Wiley (John Wiley & Sons)",false,true
POSI-J-026702,"British Journal of Educational Psychology",0007-0998,2044-8279,"Wiley (Blackwell Publishing)",false,true
POSI-J-026703,"Equine Veterinary Education",0957-7734,,"Wiley (Blackwell Publishing)",false,true
POSI-J-026704,"Environmental Progress & Sustainable Energy",1944-7442,1944-7450,"Wiley (John Wiley & Sons)",false,true
POSI-J-026705,"Risk Hazards & Crisis in Public Policy",1944-4079,1944-4079,"Wiley (Blackwell Publishing)",false,true
POSI-J-026706,"Journal of Operations Management",0272-6963,1873-1317,"Wiley (Blackwell Publishing)",false,true
POSI-J-026707,"ChemSusChem",1864-5631,1864-564X,"Wiley (John Wiley & Sons)",false,true
POSI-J-026708,"Worldviews on Evidence-Based Nursing",1545-102X,1741-6787,"Wiley (Blackwell Publishing)",false,true
POSI-J-026709,"Macromolecular Bioscience",1616-5187,1616-5195,"Wiley (John Wiley & Sons)",false,true
POSI-J-026710,"Contact Dermatitis",0105-1873,1600-0536,"Wiley (Blackwell Publishing)",false,true
POSI-J-026711,"Lubrication Science",0954-0075,1557-6833,"Wiley (John Wiley & Sons)",false,true
POSI-J-026712,"Journal of Nursing Scholarship",1527-6546,1547-5069,"Wiley (Blackwell Publishing)",false,true
POSI-J-026713,"Environmental Toxicology",1520-4081,1522-7278,"Wiley (John Wiley & Sons)",false,true
POSI-J-026714,"Psychogeriatrics",1346-3500,1479-8301,"Wiley (Blackwell Publishing)",false,true
POSI-J-026715,"Psychophysiology",0048-5772,1469-8986,"Wiley (Blackwell Publishing)",false,true
POSI-J-026716,"JCMS Journal of Common Market Studies",0021-9886,1468-5965,"Wiley (Blackwell Publishing)",false,true
POSI-J-026717,"The Russian Review",0036-0341,1467-9434,"Wiley (Blackwell Publishing)",false,true
POSI-J-026718,"Computational Intelligence",0824-7935,1467-8640,"Wiley (Blackwell Publishing)",false,true
POSI-J-026719,"International Journal of Language & Communication Disorders",1368-2822,1460-6984,"Wiley (Blackwell Publishing)",false,true
POSI-J-026720,"Transfusion Medicine",0958-7578,1365-3148,"Wiley (Blackwell Publishing)",false,true
POSI-J-026721,"Land Degradation and Development",1085-3278,1099-145X,"Wiley (John Wiley & Sons)",false,true
POSI-J-026722,"Diagnostic Cytopathology",8755-1039,1097-0339,"Wiley (John Wiley & Sons)",false,true
POSI-J-026723,"Applied Research",2702-4288,2702-4288,"Wiley (John Wiley & Sons)",false,true
POSI-J-026724,"Advanced Biology",2701-0198,2701-0198,"Wiley (John Wiley & Sons)",false,true
POSI-J-026725,"World Water Policy",2639-541X,2639-541X,"Wiley (John Wiley & Sons)",false,true
POSI-J-026726,"Energy Storage",2578-4862,2578-4862,"Wiley (John Wiley & Sons)",false,true
POSI-J-026727,"Separation Science Plus",2573-1815,2573-1815,"Wiley (John Wiley & Sons)",false,true
POSI-J-026728,"Advanced Theory and Simulations",2513-0390,2513-0390,"Wiley (John Wiley & Sons)",false,true
POSI-J-026729,"Internet Technology Letters",2476-1508,2476-1508,"Wiley (John Wiley & Sons)",false,true
POSI-J-026730,"Advanced Therapeutics",2366-3987,2366-3987,"Wiley (John Wiley & Sons)",false,true
POSI-J-026731,"Movement Disorders Clinical Practice",2330-1619,2330-1619,"Wiley (John Wiley & Sons)",false,true
POSI-J-026732,"Asian Journal of Organic Chemistry",2193-5807,2193-5815,"Wiley (John Wiley & Sons)",false,true
POSI-J-026733,"United European Gastroenterology Journal",2050-6406,2050-6414,"Wiley (John Wiley & Sons)",false,true
POSI-J-026734,"Wiley Interdisciplinary Reviews Water",2049-1948,2049-1948,"Wiley (John Wiley & Sons)",false,true
POSI-J-026735,"British Journal of Social Psychology",0144-6665,2044-8309,"Wiley (Blackwell Publishing)",false,true
POSI-J-026736,"International Forum of Allergy & Rhinology",2042-6976,2042-6984,"Wiley (John Wiley & Sons)",false,true
POSI-J-026737,"Equine Veterinary Journal",0425-1644,2042-3306,"Wiley (Blackwell Publishing)",false,true
POSI-J-026738,"Cereal Chemistry",0009-0352,1943-3638,"Wiley (John Wiley & Sons)",false,true
POSI-J-026739,"Strategic Entrepreneurship Journal",1932-4391,1932-443X,"Wiley (John Wiley & Sons)",false,true
POSI-J-026740,"IEEJ Transactions on Electrical and Electronic Engineering",1931-4973,1931-4981,"Wiley (John Wiley & Sons)",false,true
POSI-J-026741,"Pharmacotherapy The Journal of Human Pharmacology and Drug Therapy",0277-0008,1875-9114,"Wiley (John Wiley & Sons)",false,true
POSI-J-026742,"Journal of Hepato-Biliary-Pancreatic Sciences",1868-6974,1868-6982,"Wiley (John Wiley & Sons)",false,true
POSI-J-026743,"PROTEOMICS - CLINICAL APPLICATIONS",1862-8346,1862-8354,"Wiley (John Wiley & Sons)",false,true
POSI-J-026744,"physica status solidi (RRL) - Rapid Research Letters",1862-6254,1862-6270,"Wiley (John Wiley & Sons)",false,true
POSI-J-026745,"ChemMedChem",1860-7179,1860-7187,"Wiley (John Wiley & Sons)",false,true
POSI-J-026746,"Archaeology in Oceania",0003-8121,1834-4453,"Wiley (John Wiley & Sons)",false,true
POSI-J-026747,"Research Synthesis Methods",1759-2879,1759-2887,"Cambridge University Press",false,true
POSI-J-026748,"Clinical Obesity",1758-8103,1758-8111,"Wiley (Blackwell Publishing)",false,true
POSI-J-026749,"Global Policy",1758-5880,1758-5899,"Wiley (Blackwell Publishing)",false,true
POSI-J-026750,"Asia-Pacific Psychiatry",1758-5864,1758-5872,"Wiley (Blackwell Publishing)",false,true
POSI-J-026751,"Die Unterrichtspraxis/Teaching German",0042-062X,1756-1221,"Wiley (Blackwell Publishing)",false,true
POSI-J-026752,"Special Care in Dentistry",0275-1879,1754-4505,"Wiley (Blackwell Publishing)",false,true
POSI-J-026753,"Integrative Zoology",1749-4868,1749-4877,"Wiley (Blackwell Publishing)",false,true
POSI-J-026754,"Clinical Otolaryngology",1749-4478,1749-4486,"Wiley (Blackwell Publishing)",false,true
POSI-J-026755,"Journal of Sensory Studies",0887-8250,1745-459X,"Wiley (Blackwell Publishing)",false,true
POSI-J-026756,"Journal of Food Safety",0149-6085,1745-4546,"Wiley (Blackwell Publishing)",false,true
POSI-J-026757,"The Clinical Teacher",1743-4971,1743-498X,"Wiley (Blackwell Publishing)",false,true
POSI-J-026758,"Acta Paediatrica",0803-5253,1651-2227,"Wiley (Blackwell Publishing)",false,true
POSI-J-026759,"Orthodontics and Craniofacial Research",1601-6335,1601-6343,"Wiley (Blackwell Publishing)",false,true
POSI-J-026760,"Genes Brain & Behavior",1601-1848,1601-183X,"Wiley (Blackwell Publishing)",false,true
POSI-J-026761,"European Journal Of Haematology",0902-4441,1600-0609,"Wiley (Blackwell Publishing)",false,true
POSI-J-026762,"Apmis",0903-4641,1600-0463,"Wiley (Blackwell Publishing)",false,true
POSI-J-026763,"Journal of Neuroimaging",1051-2284,1552-6569,"Wiley (Blackwell Publishing)",false,true
POSI-J-026764,"Review of Policy Research",1541-132X,1541-1338,"Wiley (Blackwell Publishing)",false,true
POSI-J-026765,"Canadian Geographies / Géographies canadiennes",0008-3658,1541-0064,"Wiley (Blackwell Publishing)",false,true
POSI-J-026766,"Social Science Quarterly",0038-4941,1540-6237,"Wiley (Blackwell Publishing)",false,true
POSI-J-026767,"Geographical Analysis",0016-7363,1538-4632,"Wiley (Blackwell Publishing)",false,true
POSI-J-026768,"Corporate Social Responsibility and Environmental Management",1535-3958,1535-3966,"Wiley (John Wiley & Sons)",false,true
POSI-J-026769,"River Research and Applications",1535-1459,1535-1467,"Wiley (John Wiley & Sons)",false,true
POSI-J-026770,"Concurrency and Computation Practice and Experience",1532-0626,1532-0634,"Wiley (John Wiley & Sons)",false,true
POSI-J-026771,"Journal of the Peripheral Nervous System",1085-9489,1529-8027,"Wiley (Blackwell Publishing)",false,true
POSI-J-026772,"Feddes Repertorium",0014-8962,1522-239X,"Wiley (John Wiley & Sons)",false,true
POSI-J-026773,"IUBMB Life",1521-6543,1521-6551,"Wiley (John Wiley & Sons)",false,true
POSI-J-026774,"Chemical Engineering & Technology",0930-7516,1521-4125,"Wiley (John Wiley & Sons)",false,true
POSI-J-026775,"Journal of Basic Microbiology",0233-111X,1521-4028,"Wiley (John Wiley & Sons)",false,true
POSI-J-026776,"Zeitschrift für anorganische und allgemeine Chemie",0044-2313,1521-3749,"Wiley (John Wiley & Sons)",false,true
POSI-J-026777,"Neurourology and Urodynamics",0733-2467,1520-6777,"Wiley (John Wiley & Sons)",false,true
POSI-J-026778,"Journal of Public Affairs",1472-3891,1479-1854,"Wiley (John Wiley & Sons)",false,true
POSI-J-026779,"Journal of Consumer Behaviour",1472-0817,1479-1838,"Wiley (John Wiley & Sons)",false,true
POSI-J-026780,"The Journal of Financial Research",0270-2592,1475-6803,"Wiley (Blackwell Publishing)",false,true
POSI-J-026781,"Global Networks",1470-2266,1471-0374,"Wiley (Blackwell Publishing)",false,true
POSI-J-026782,"Journal of Zoology",0952-8369,1469-7998,"Wiley (Blackwell Publishing)",false,true
POSI-J-026783,"British Educational Research Journal",0141-1926,1469-3518,"Wiley (John Wiley & Sons)",false,true
POSI-J-026784,"Journal for the Theory of Social Behaviour",0021-8308,1468-5914,"Wiley (Blackwell Publishing)",false,true
POSI-J-026785,"International Journal of Social Welfare",1369-6866,1468-2397,"Wiley (Blackwell Publishing)",false,true
POSI-J-026786,"Modern Law Review",0026-7961,1468-2230,"Wiley (Blackwell Publishing)",false,true
POSI-J-026787,"HIV Medicine",1464-2662,1468-1293,"Wiley (Blackwell Publishing)",false,true
POSI-J-026788,"Mind & Language",0268-1064,1468-0017,"Wiley (Blackwell Publishing)",false,true
POSI-J-026789,"Journal of Time Series Analysis",0143-9782,1467-9892,"Wiley (Blackwell Publishing)",false,true
POSI-J-026790,"Transactions in GIS",1361-1682,1467-9671,"Wiley (Blackwell Publishing)",false,true
POSI-J-026791,"Studies in Applied Mathematics",0022-2526,1467-9590,"Wiley (Blackwell Publishing)",false,true
POSI-J-026792,"Sociology of Health & Illness",0141-9889,1467-9566,"Wiley (Blackwell Publishing)",false,true
POSI-J-026793,"Review of International Economics",0965-7576,1467-9396,"Wiley (Blackwell Publishing)",false,true
POSI-J-026794,"Journal of Personality",0022-3506,1467-6494,"Wiley (Blackwell Publishing)",false,true
POSI-J-026795,"Journal of Industrial Economics",0022-1821,1467-6451,"Wiley (Blackwell Publishing)",false,true
POSI-J-026796,"Kyklos",0023-5962,1467-6435,"Wiley (Blackwell Publishing)",false,true
POSI-J-026797,"Journal of Family Therapy",0163-4445,1467-6427,"Wiley (Blackwell Publishing)",false,true
POSI-J-026798,"Economic Inquiry",0095-2583,1465-7295,"Wiley (Blackwell Publishing)",false,true
POSI-J-026799,"Contemporary Economic Policy",1074-3529,1465-7287,"Wiley (Blackwell Publishing)",false,true
POSI-J-026800,"Zoologica Scripta",0300-3256,1463-6409,"Wiley (Blackwell Publishing)",false,true
POSI-J-026801,"Nephrology",1320-5358,1440-1797,"Wiley (Blackwell Publishing)",false,true
POSI-J-026802,"Marine Ecology",0173-9565,1439-0485,"Wiley (Blackwell Publishing)",false,true
POSI-J-026803,"Acta Anaesthesiologica Scandinavica",0001-5172,1399-6576,"Wiley (Blackwell Publishing)",false,true
POSI-J-026804,"Clinical Genetics",0009-9163,1399-0004,"Wiley (Blackwell Publishing)",false,true
POSI-J-026805,"Tropical Medicine & International Health",1360-2276,1365-3156,"Wiley (Blackwell Publishing)",false,true
POSI-J-026806,"Paediatric and Perinatal Epidemiology",0269-5022,1365-3016,"Wiley (Blackwell Publishing)",false,true
POSI-J-026807,"Neurogastroenterology & Motility",1350-1925,1365-2982,"Wiley (Blackwell Publishing)",false,true
POSI-J-026808,"Medical Education",0308-0110,1365-2923,"Wiley (Blackwell Publishing)",false,true
POSI-J-026809,"Journal of Viral Hepatitis",1352-0504,1365-2893,"Wiley (Blackwell Publishing)",false,true
POSI-J-026810,"Journal of Sleep Research",0962-1105,1365-2869,"Wiley (Blackwell Publishing)",false,true
POSI-J-026811,"Journal of Psychiatric and Mental Health Nursing",1351-0126,1365-2850,"Wiley (Blackwell Publishing)",false,true
POSI-J-026812,"Journal of Computer Assisted Learning",0266-4909,1365-2729,"Wiley (Blackwell Publishing)",false,true
POSI-J-026813,"Journal of Applied Ecology",0021-8901,1365-2664,"Wiley (Blackwell Publishing)",false,true
POSI-J-026814,"Journal of Animal Ecology",0021-8790,1365-2656,"Wiley (Blackwell Publishing)",false,true
POSI-J-026815,"Information Systems Journal",1350-1917,1365-2575,"Wiley (Blackwell Publishing)",false,true
POSI-J-026816,"Clinical Endocrinology",0300-0664,1365-2265,"Wiley (Blackwell Publishing)",false,true
POSI-J-026817,"Child & Family Social Work",1356-7500,1365-2206,"Wiley (Blackwell Publishing)",false,true
POSI-J-026818,"Animal Genetics",0268-9146,1365-2052,"Wiley (Blackwell Publishing)",false,true
POSI-J-026819,"Environmetrics",1180-4009,1099-095X,"Wiley (John Wiley & Sons)",false,true
POSI-J-026820,"Numerical Linear Algebra with Applications",1070-5325,1099-1506,"Wiley (John Wiley & Sons)",false,true
POSI-J-026821,"NMR in Biomedicine",0952-3480,1099-1492,"Wiley (John Wiley & Sons)",false,true
POSI-J-026822,"Journal of Organizational Behavior",0894-3796,1099-1379,"Wiley (John Wiley & Sons)",false,true
POSI-J-026823,"Journal of Molecular Recognition",0952-3499,1099-1352,"Wiley (John Wiley & Sons)",false,true
POSI-J-026824,"Computer Applications in Engineering Education",1061-3773,1099-0542,"Wiley (John Wiley & Sons)",false,true
POSI-J-026825,"Human Resource Management",0090-4848,1099-050X,"Wiley (John Wiley & Sons)",false,true
POSI-J-026826,"Journal of Raman Spectroscopy",0377-0486,1097-4555,"Wiley (John Wiley & Sons)",false,true
POSI-J-026827,"Journal of Computational Chemistry",0192-8651,1096-987X,"Wiley (John Wiley & Sons)",false,true
POSI-J-026828,"Earthquake Engineering & Structural Dynamics",0098-8847,1096-9845,"Wiley (John Wiley & Sons)",false,true
POSI-J-026829,"Journal of Surgical Oncology",0022-4790,1096-9098,"Wiley (John Wiley & Sons)",false,true
POSI-J-026830,"Journal of Fish Biology",0022-1112,1095-8649,"Wiley (Blackwell Publishing)",false,true
POSI-J-026831,"Cell Biology International",1065-6995,1095-8355,"Wiley (John Wiley & Sons)",false,true
POSI-J-026832,"Federal Grants & Contracts",1949-3177,1949-3185,"Wiley (John Wiley & Sons)",false,true
POSI-J-026833,"The Membership Management Report",1932-2739,2325-8640,"Wiley (John Wiley & Sons)",false,true
POSI-J-026834,"The Major Gifts Report",1549-7712,2325-8608,"Wiley (John Wiley & Sons)",false,true
POSI-J-026835,"Arthritis & Rheumatology",2326-5191,2326-5205,"Wiley (John Wiley & Sons)",false,true
POSI-J-026836,"Plant Biology",1435-8603,1438-8677,"Wiley (Blackwell Publishing)",false,true
POSI-J-026837,"The Prostate",0270-4137,1097-0045,"Wiley (John Wiley & Sons)",false,true
POSI-J-026838,"International Journal for Numerical and Analytical Methods in Geomechanics",0363-9061,1096-9853,"Wiley (John Wiley & Sons)",false,true
POSI-J-026839,"International Journal of Applied Ceramic Technology",1546-542X,1744-7402,"Wiley (Blackwell Publishing)",false,true
POSI-J-026840,"Oikos",0030-1299,1600-0706,"Wiley (Blackwell Publishing)",false,true
POSI-J-026841,"International Journal of Psychology",0020-7594,1464-066X,"Wiley (John Wiley & Sons)",false,true
POSI-J-026842,"Histopathology",0309-0167,1365-2559,"Wiley (Blackwell Publishing)",false,true
POSI-J-026843,"Journal of Hospital Medicine",1553-5592,1553-5606,"Wiley (John Wiley & Sons)",false,true
POSI-J-026844,"AIChE Journal",0001-1541,1547-5905,"Wiley (John Wiley & Sons)",false,true
POSI-J-026845,"Pediatric Blood & Cancer",1545-5009,1545-5017,"Wiley (John Wiley & Sons)",false,true
POSI-J-026846,"Social Policy and Administration",0144-5596,1467-9515,"Wiley (Blackwell Publishing)",false,true
POSI-J-026847,"Microscopy Research and Technique",1059-910X,1097-0029,"Wiley (John Wiley & Sons)",false,true
POSI-J-026848,"Journal of Polymer Science",2642-4150,2642-4169,"Wiley (John Wiley & Sons)",false,true
POSI-J-026849,"Peptide Science",2475-8817,2475-8817,"Wiley (John Wiley & Sons)",false,true
POSI-J-026850,"Clinical Pharmacology in Drug Development",2160-763X,2160-7648,"Wiley (John Wiley & Sons)",false,true
POSI-J-026851,"Molecular Oral Microbiology",2041-1006,2041-1014,"Wiley (Blackwell Publishing)",false,true
POSI-J-026852,"Process Safety Progress",1066-8527,1547-5913,"Wiley (John Wiley & Sons)",false,true
POSI-J-026853,"Family Process",0014-7370,1545-5300,"Wiley (Blackwell Publishing)",false,true
POSI-J-026854,"Journal of Cardiovascular Electrophysiology",1045-3873,1540-8167,"Wiley (Blackwell Publishing)",false,true
POSI-J-026855,"Pain Practice",1530-7085,1533-2500,"Wiley (Blackwell Publishing)",false,true
POSI-J-026856,"Conservation Biology",0888-8892,1523-1739,"Wiley (Blackwell Publishing)",false,true
POSI-J-026857,"Naval Research Logistics (NRL)",0894-069X,1520-6750,"Wiley (John Wiley & Sons)",false,true
POSI-J-026858,"International Transactions in Operational Research",0969-6016,1475-3995,"Wiley (Blackwell Publishing)",false,true
POSI-J-026859,"Journal of Contingencies and Crisis Management",0966-0879,1468-5973,"Wiley (Blackwell Publishing)",false,true
POSI-J-026860,"Manchester School",1463-6786,1467-9957,"Wiley (Blackwell Publishing)",false,true
POSI-J-026861,"Journal of Biogeography",0305-0270,1365-2699,"Wiley (Blackwell Publishing)",false,true
POSI-J-026862,"International Journal of Paediatric Dentistry",0960-7439,1365-263X,"Wiley (Blackwell Publishing)",false,true
POSI-J-026863,"Addiction",0965-2140,1360-0443,"Wiley (Blackwell Publishing)",false,true
POSI-J-026864,"Journal of Labelled Compounds and Radiopharmaceuticals",0362-4803,1099-1344,"Wiley (John Wiley & Sons)",false,true
POSI-J-026865,"Medicinal Research Reviews",0198-6325,1098-1128,"Wiley (John Wiley & Sons)",false,true
POSI-J-026866,"International Journal for Numerical Methods in Fluids",0271-2091,1097-0363,"Wiley (John Wiley & Sons)",false,true
POSI-J-026867,"International Journal for Numerical Methods in Engineering",0029-5981,1097-0207,"Wiley (John Wiley & Sons)",false,true
POSI-J-026868,"Journal of Clinical Ultrasound",0091-2751,1097-0096,"Wiley (John Wiley & Sons)",false,true
POSI-J-026869,"Journal of Adolescence",0140-1971,1095-9254,"Wiley (John Wiley & Sons)",false,true
POSI-J-026870,"Biotechnology Progress",8756-7938,1520-6033,"Wiley (John Wiley & Sons)",false,true
POSI-J-026871,"Business Ethics the Environment & Responsibility",2694-6416,2694-6424,"Wiley (Blackwell Publishing)",false,true
POSI-J-026872,"American Journal of Biological Anthropology",2692-7691,2692-7691,"Wiley (John Wiley & Sons)",false,true
POSI-J-026873,"PhotonicsViews",2626-1294,2626-1308,"Wiley (John Wiley & Sons)",false,true
POSI-J-026874,"Advanced Control for Applications",2578-0727,2578-0727,"Wiley (John Wiley & Sons)",false,true
POSI-J-026875,"Economics of Transition and Institutional Change",2577-6975,2577-6983,"Wiley (Blackwell Publishing)",false,true
POSI-J-026876,"Batteries & Supercaps",2566-6223,2566-6223,"Wiley (John Wiley & Sons)",false,true
POSI-J-026877,"Advances in Digestive Medicine",2351-9800,2351-9800,"Wiley (John Wiley & Sons)",false,true
POSI-J-026878,"Journal of Addictions & Offender Counseling",1055-3835,2161-1874,"Wiley (John Wiley & Sons)",false,true
POSI-J-026879,"Education Research International",2090-4002,2090-4010,"Hindawi Limited",false,true
POSI-J-026880,"Cochrane Clinical Answers",,2050-4217,"Wiley (John Wiley & Sons)",false,true
POSI-J-026881,"Pediatric Obesity",2047-6302,2047-6310,"Wiley (Blackwell Publishing)",false,true
POSI-J-026882,"Andrology",2047-2919,2047-2927,"Wiley (Blackwell Publishing)",false,true
POSI-J-026883,"British Journal of Developmental Psychology",0261-510X,,"Wiley (Blackwell Publishing)",false,true
POSI-J-026884,"Global Strategy Journal",2042-5791,2042-5805,"Wiley (John Wiley & Sons)",false,true
POSI-J-026885,"Epileptic Disorders",1294-9361,1950-6945,"Wiley (John Wiley & Sons)",false,true
POSI-J-026886,"Journal of Heterocyclic Chemistry",0022-152X,1943-5193,"Wiley (John Wiley & Sons)",false,true
POSI-J-026887,"The Anatomical Record",1932-8486,1932-8494,"Wiley (John Wiley & Sons)",false,true
POSI-J-026888,"Global Business and Organizational Excellence",1932-2054,1932-2062,"Wiley (John Wiley & Sons)",false,true
POSI-J-026889,"Review of Financial Economics",1058-3300,1873-5924,"Wiley (John Wiley & Sons)",false,true
POSI-J-026890,"Israel Journal of Chemistry",0021-2148,1869-5868,"Wiley (John Wiley & Sons)",false,true
POSI-J-026891,"Environmental Policy and Governance",1756-932X,1756-9338,"Wiley (John Wiley & Sons)",false,true
POSI-J-026892,"Molecular Ecology Resources",1755-098X,1755-0998,"Wiley (Blackwell Publishing)",false,true
POSI-J-026893,"Journal of Public Health Dentistry",0022-4006,1752-7325,"Wiley (Blackwell Publishing)",false,true
POSI-J-026894,"Oral Surgery",1752-2471,1752-248X,"Wiley (Blackwell Publishing)",false,true
POSI-J-026895,"British Journal of Psychotherapy",0265-9883,1752-0118,"Wiley (Blackwell Publishing)",false,true
POSI-J-026896,"Mind Brain and Education",1751-2271,1751-228X,"Wiley (Blackwell Publishing)",false,true
POSI-J-026897,"Journal of Small Animal Practice",0022-4510,1748-5827,"Wiley (Blackwell Publishing)",false,true
POSI-J-026898,"Australian Endodontic Journal",1329-1947,1747-4477,"Wiley (Blackwell Publishing)",false,true
POSI-J-026899,"Evidence-based Complementary and Alternative Medicine",1741-427X,1741-4288,"Hindawi Limited",false,true
POSI-J-026900,"Journal of Empirical Legal Studies",1740-1453,1740-1461,"Wiley (Blackwell Publishing)",false,true
POSI-J-026901,"European Journal Of Oral Sciences",0909-8836,1600-0722,"Wiley (Blackwell Publishing)",false,true
POSI-J-026902,"Journal Of Clinical Periodontology",0303-6979,1600-051X,"Wiley (Blackwell Publishing)",false,true
POSI-J-026903,"Clinical Oral Implants Research",0905-7161,1600-0501,"Wiley (Blackwell Publishing)",false,true
POSI-J-026904,"Polymer Engineering & Science",0032-3888,1548-2634,"Wiley (John Wiley & Sons)",false,true
POSI-J-026905,"Medical Anthropology Quarterly",0745-5194,1548-1387,"Wiley (Blackwell Publishing)",false,true
POSI-J-026906,"Journal of Vinyl and Additive Technology",1083-5601,1548-0585,"Wiley (John Wiley & Sons)",false,true
POSI-J-026907,"Population Space and Place",1544-8444,1544-8452,"Wiley (John Wiley & Sons)",false,true
POSI-J-026908,"Conflict Resolution Quarterly",1536-5581,1541-1508,"Wiley (John Wiley & Sons)",false,true
POSI-J-026909,"Journal of Risk & Insurance",0022-4367,1539-6975,"Wiley (Blackwell Publishing)",false,true
POSI-J-026910,"Infancy",1525-0008,1532-7078,"Wiley (Blackwell Publishing)",false,true
POSI-J-026911,"European Journal of Pain",1090-3801,1532-2149,"Wiley (John Wiley & Sons)",false,true
POSI-J-026912,"Analyses of Social Issues and Public Policy",1529-7489,1530-2415,"Wiley (Blackwell Publishing)",false,true
POSI-J-026913,"Pest Management Science",1526-498X,1526-4998,"Wiley (John Wiley & Sons)",false,true
POSI-J-026914,"Birth",0730-7659,1523-536X,"Wiley (Blackwell Publishing)",false,true
POSI-J-026915,"Contributions to Plasma Physics",0863-1042,1521-3986,"Wiley (John Wiley & Sons)",false,true
POSI-J-026916,"Environmental Quality Management",1088-1913,1520-6483,"Wiley (John Wiley & Sons)",false,true
POSI-J-026917,"Color Research & Application",0361-2317,1520-6378,"Wiley (John Wiley & Sons)",false,true
POSI-J-026918,"Agribusiness",0742-4477,1520-6297,"Wiley (John Wiley & Sons)",false,true
POSI-J-026919,"Sociological Inquiry",0038-0245,1475-682X,"Wiley (Blackwell Publishing)",false,true
POSI-J-026920,"Personal Relationships",1350-4126,1475-6811,"Wiley (Blackwell Publishing)",false,true
POSI-J-026921,"Ibis",0019-1019,1474-919X,"Wiley (Blackwell Publishing)",false,true
POSI-J-026922,"International Journal of Applied Linguistics",0802-6106,1473-4192,"Wiley (Blackwell Publishing)",false,true
POSI-J-026923,"Journal of Anatomy",0021-8782,1469-7580,"Wiley (Blackwell Publishing)",false,true
POSI-J-026924,"Journal of Business Finance &amp Accounting",0306-686X,1468-5957,"Wiley (Blackwell Publishing)",false,true
POSI-J-026925,"Journal of Applied Philosophy",0264-3758,1468-5930,"Wiley (Blackwell Publishing)",false,true
POSI-J-026926,"Journal of Analytical Psychology",0021-8774,1465-5922,"Wiley (Blackwell Publishing)",false,true
POSI-J-026927,"Industrial Relations Journal",0019-8692,1468-2338,"Wiley (Blackwell Publishing)",false,true
POSI-J-026928,"Higher Education Quarterly",0951-5224,1468-2273,"Wiley (Blackwell Publishing)",false,true
POSI-J-026929,"Governance",0952-1895,1468-0491,"Wiley (Blackwell Publishing)",false,true
POSI-J-026930,"Pacific Philosophical Quarterly",0031-5621,1468-0114,"Wiley (Blackwell Publishing)",false,true
POSI-J-026931,"Oxford Journal of Archaeology",0262-5253,1468-0092,"Wiley (Blackwell Publishing)",false,true
POSI-J-026932,"New Technology Work and Employment",0268-1072,1468-005X,"Wiley (Blackwell Publishing)",false,true
POSI-J-026933,"Journal of Social Philosophy",0047-2786,1467-9833,"Wiley (Blackwell Publishing)",false,true
POSI-J-026934,"Review of Development Economics",1363-6669,1467-9361,"Wiley (Blackwell Publishing)",false,true
POSI-J-026935,"Computer Graphics Forum",0167-7055,1467-8659,"Wiley (Blackwell Publishing)",false,true
POSI-J-026936,"Australian Economic Papers",0004-900X,1467-8454,"Wiley (Blackwell Publishing)",false,true
POSI-J-026937,"Development Policy Review",0950-6764,1467-7679,"Wiley (Blackwell Publishing)",false,true
POSI-J-026938,"Journal of Economic Surveys",0950-0804,1467-6419,"Wiley (Blackwell Publishing)",false,true
POSI-J-026939,"International Nursing Review",0020-8132,1466-7657,"Wiley (Blackwell Publishing)",false,true
POSI-J-026940,"Drug and Alcohol Review",0959-5236,1465-3362,"Wiley (Blackwell Publishing)",false,true
POSI-J-026941,"Diabetic Medicine",0742-3071,1464-5491,"Wiley (Blackwell Publishing)",false,true
POSI-J-026942,"Applied Psychology",0269-994X,1464-0597,"Wiley (Blackwell Publishing)",false,true
POSI-J-026943,"Veterinary Ophthalmology",1463-5216,1463-5224,"Wiley (Blackwell Publishing)",false,true
POSI-J-026944,"Clinical and Experimental Pharmacology and Physiology",0305-1870,1440-1681,"Wiley (Blackwell Publishing)",false,true
POSI-J-026945,"Journal of Animal Physiology and Animal Nutrition",0931-2439,1439-0396,"Wiley (Blackwell Publishing)",false,true
POSI-J-026946,"Ethology",0179-1613,1439-0310,"Wiley (Blackwell Publishing)",false,true
POSI-J-026947,"Journal of Microscopy",0022-2720,1365-2818,"Wiley (Blackwell Publishing)",false,true
POSI-J-026948,"Journal of Ecology",0022-0477,1365-2745,"Wiley (Blackwell Publishing)",false,true
POSI-J-026949,"Fisheries Management and Ecology",0969-997X,1365-2400,"Wiley (Blackwell Publishing)",false,true
POSI-J-026950,"Mathematical Methods in the Applied Sciences",0170-4214,1099-1476,"Wiley (John Wiley & Sons)",false,true
POSI-J-026951,"Journal of Forecasting",0277-6693,1099-131X,"Wiley (John Wiley & Sons)",false,true
POSI-J-026952,"International Journal of Finance & Economics",1076-9307,1099-1158,"Wiley (John Wiley & Sons)",false,true
POSI-J-026953,"Flavour and Fragrance Journal",0882-5734,1099-1026,"Wiley (John Wiley & Sons)",false,true
POSI-J-026954,"Molecular Carcinogenesis",0899-1987,1098-2744,"Wiley (John Wiley & Sons)",false,true
POSI-J-026955,"Journal of Research in Science Teaching",0022-4308,1098-2736,"Wiley (John Wiley & Sons)",false,true
POSI-J-026956,"Clinical Anatomy",0897-3806,1098-2353,"Wiley (John Wiley & Sons)",false,true
POSI-J-026957,"Journal of Morphology",0362-2525,1097-4687,"Wiley (John Wiley & Sons)",false,true
POSI-J-026958,"Magnetic Resonance in Chemistry",0749-1581,1097-458X,"Wiley (John Wiley & Sons)",false,true
POSI-J-026959,"American Journal of Industrial Medicine",0271-3586,1097-0274,"Wiley (John Wiley & Sons)",false,true
POSI-J-026960,"Strategic Management Journal",0143-2095,1097-0266,"Wiley (John Wiley & Sons)",false,true
POSI-J-026961,"Journal of Graph Theory",0364-9024,1097-0118,"Wiley (John Wiley & Sons)",false,true
POSI-J-026962,"Networks",0028-3045,1097-0037,"Wiley (John Wiley & Sons)",false,true
POSI-J-026963,"Journal of the Royal Anthropological Institute",1359-0987,1467-9655,"Wiley (Blackwell Publishing)",false,true
POSI-J-026964,"International Journal of Quantum Chemistry",0020-7608,1097-461X,"Wiley (John Wiley & Sons)",false,true
POSI-J-026965,"ANZ Journal of Surgery",1445-1433,1445-2197,"Wiley (Blackwell Publishing)",false,true
POSI-J-026966,"Advanced Synthesis & Catalysis",1615-4150,1615-4169,"Wiley (John Wiley & Sons)",false,true
POSI-J-026967,"Biological Reviews",1464-7931,1469-185X,"Wiley (Blackwell Publishing)",false,true
POSI-J-026968,"Cochrane Database of Systematic Reviews",1469-493X,1465-1858,"Wiley (John Wiley & Sons)",false,true
POSI-J-026969,"Journal of Philanthropy and Marketing",2691-1361,2691-1361,"Wiley (John Wiley & Sons)",false,true
POSI-J-026970,"Structural Concrete",1464-4177,1751-7648,"Wiley (John Wiley & Sons)",false,true
POSI-J-026971,"Journal of Orthopaedic Research®",0736-0266,1554-527X,"Wiley (John Wiley & Sons)",false,true
POSI-J-026972,"Applied Stochastic Models in Business and Industry",1524-1904,1526-4025,"Wiley (John Wiley & Sons)",false,true
POSI-J-026973,"American Journal of Human Biology",1042-0533,1520-6300,"Wiley (John Wiley & Sons)",false,true
POSI-J-026974,"Journal of Clinical Nursing",0962-1067,1365-2702,"Wiley (Blackwell Publishing)",false,true
POSI-J-026975,"International Journal of Climatology",0899-8418,1097-0088,"Wiley (John Wiley & Sons)",false,true
POSI-J-026976,"JPGN Reports",2691-171X,2691-171X,"Wiley (John Wiley & Sons)",false,true
POSI-J-026977,"Analysis & Sensing",2629-2742,2629-2742,"Wiley (John Wiley & Sons)",false,true
POSI-J-026978,"Journal of the Association for Information Science and Technology",2330-1635,2330-1643,"Wiley (John Wiley & Sons)",false,true
POSI-J-026979,"Asian Journal of Control",1561-8625,1934-6093,"Wiley (John Wiley & Sons)",false,true
POSI-J-026980,"Molecular Informatics",1868-1743,1868-1751,"Wiley (John Wiley & Sons)",false,true
POSI-J-026981,"Zoonoses and Public Health",1863-1959,1863-2378,"Wiley (Blackwell Publishing)",false,true
POSI-J-026982,"Ground Water",0017-467X,1745-6584,"Wiley (Blackwell Publishing)",false,true
POSI-J-026983,"Asia-Pacific Journal of Clinical Oncology",1743-7555,1743-7563,"Wiley (Blackwell Publishing)",false,true
POSI-J-026984,"Cytometry Part A",1552-4922,1552-4930,"Wiley (John Wiley & Sons)",false,true
POSI-J-026985,"The Journal of Clinical Pharmacology",0091-2700,1552-4604,"Wiley (John Wiley & Sons)",false,true
POSI-J-026986,"Irrigation and Drainage",1531-0353,1531-0361,"Wiley (John Wiley & Sons)",false,true
POSI-J-026987,"Restoration Ecology",1061-2971,1526-100X,"Wiley (Blackwell Publishing)",false,true
POSI-J-026988,"Electroanalysis",1040-0397,1521-4109,"Wiley (John Wiley & Sons)",false,true
POSI-J-026989,"International Journal of Medical Robotics and Computer Assisted Surgery",1478-5951,1478-596X,"Wiley (Robotic Publications)",false,true
POSI-J-026990,"Archaeometry",0003-813X,1475-4754,"Wiley (Blackwell Publishing)",false,true
POSI-J-026991,"Industrial Relations A Journal of Economy and Society",0019-8676,1468-232X,"Wiley (Blackwell Publishing)",false,true
POSI-J-026992,"History",0018-2648,1468-229X,"Wiley (Blackwell Publishing)",false,true
POSI-J-026993,"Expert Systems",0266-4720,1468-0394,"Wiley (Blackwell Publishing)",false,true
POSI-J-026994,"Creativity and Innovation Management",0963-1690,1467-8691,"Wiley (Blackwell Publishing)",false,true
POSI-J-026995,"Bulletin of Economic Research",0307-3378,1467-8586,"Wiley (Blackwell Publishing)",false,true
POSI-J-026996,"International Journal of Mental Health Nursing",1445-8330,1447-0349,"Wiley (Blackwell Publishing)",false,true
POSI-J-026997,"ChemBioChem",1439-4227,1439-7633,"Wiley (John Wiley & Sons)",false,true
POSI-J-026998,"Journal of Internal Medicine",0954-6820,1365-2796,"Wiley (Blackwell Publishing)",false,true
POSI-J-026999,"Immunology",0019-2805,1365-2567,"Wiley (Blackwell Publishing)",false,true
POSI-J-027000,"Drug Development Research",0272-4391,1098-2299,"Wiley (John Wiley & Sons)",false,true
POSI-J-027001,"Glia",0894-1491,1098-1136,"Wiley (John Wiley & Sons)",false,true
POSI-J-027002,"Polymer International",0959-8103,1097-0126,"Wiley (John Wiley & Sons)",false,true
POSI-J-027003,"The Journal of Creative Behavior",0022-0175,2162-6057,"Wiley (John Wiley & Sons)",false,true
POSI-J-027004,"Journal of Multicultural Counseling and Development",0883-8534,2161-1912,"Wiley (John Wiley & Sons)",false,true
POSI-J-027005,"Veterinary Record Case Reports",2052-6121,2052-6121,"Wiley (John Wiley & Sons)",false,true
POSI-J-027006,"Neurology and Clinical Neuroscience",2049-4173,2049-4173,"Wiley (John Wiley & Sons)",false,true
POSI-J-027007,"International Journal of Applied Glass Science",2041-1286,2041-1294,"Wiley (Blackwell Publishing)",false,true
POSI-J-027008,"Journal of Healthcare Engineering",2040-2295,2040-2309,"Hindawi Limited",false,true
POSI-J-027009,"Meteoritics and Planetary Science",1086-9379,1945-5100,"Wiley (Blackwell Publishing)",false,true
POSI-J-027010,"Suicide and Life-Threatening Behavior",0363-0234,1943-278X,"Wiley (Blackwell Publishing)",false,true
POSI-J-027011,"Drug Testing and Analysis",1942-7603,1942-7611,"Wiley (John Wiley & Sons)",false,true
POSI-J-027012,"Journal of Parenteral and Enteral Nutrition",0148-6071,1941-2444,"Wiley (John Wiley & Sons)",false,true
POSI-J-027013,"Cancer Cytopathology",1934-662X,1934-6638,"Wiley (John Wiley & Sons)",false,true
POSI-J-027014,"Biofuels Bioproducts and Biorefining",1932-104X,1932-1031,"Wiley (John Wiley & Sons)",false,true
POSI-J-027015,"Contemporary Accounting Research",0823-9150,1911-3846,"Wiley (Blackwell Publishing)",false,true
POSI-J-027016,"International Journal of Gynecology & Obstetrics",0020-7292,1879-3479,"Wiley (John Wiley & Sons)",false,true
POSI-J-027017,"Macromolecular Reaction Engineering",1862-832X,1862-8338,"Wiley (John Wiley & Sons)",false,true
POSI-J-027018,"Pigment Cell & Melanoma Research",1755-1471,1755-148X,"Wiley (Blackwell Publishing)",false,true
POSI-J-027019,"Reviews in Aquaculture",1753-5123,1753-5131,"Wiley (Blackwell Publishing)",false,true
POSI-J-027020,"Asian Social Work and Policy Review",1753-1403,1753-1411,"Wiley (Blackwell Publishing)",false,true
POSI-J-027021,"Insect Conservation and Diversity",1752-458X,1752-4598,"Wiley (Blackwell Publishing)",false,true
POSI-J-027022,"Early Intervention in Psychiatry",1751-7885,1751-7893,"Wiley (Blackwell Publishing)",false,true
POSI-J-027023,"International Journal of Laboratory Hematology",1751-5521,1365-2257,"Wiley (Blackwell Publishing)",false,true
POSI-J-027024,"Journal of School Health",0022-4391,1746-1561,"Wiley (Blackwell Publishing)",false,true
POSI-J-027025,"The Developing Economies",0012-1533,1746-1049,"Wiley (Blackwell Publishing)",false,true
POSI-J-027026,"New Zealand Geographer",0028-8144,1745-7939,"Wiley (Blackwell Publishing)",false,true
POSI-J-027027,"Journal of Educational Measurement",0022-0655,1745-3984,"Wiley (Blackwell Publishing)",false,true
POSI-J-027028,"International Journal of Economic Theory",1742-7355,1742-7363,"Wiley (Blackwell Publishing)",false,true
POSI-J-027029,"International Journal of Applied Psychoanalytic Studies",1742-3341,1556-9187,"Wiley (John Wiley & Sons)",false,true
POSI-J-027030,"Clinical Implant Dentistry and Related Research",1523-0899,1708-8208,"Wiley (Blackwell Publishing)",false,true
POSI-J-027031,"The Electronic Journal of Information Systems in Developing Countries",1681-4835,1681-4835,"Wiley (John Wiley & Sons)",false,true
POSI-J-027032,"PAMM",1617-7061,1617-7061,"Wiley (John Wiley & Sons)",false,true
POSI-J-027033,"Plasma Processes and Polymers",1612-8850,1612-8869,"Wiley (John Wiley & Sons)",false,true
POSI-J-027034,"Journal of Surfactants and Detergents",1097-3958,1558-9293,"Wiley (John Wiley & Sons)",false,true
POSI-J-027035,"Journal of Experimental Zoology Part B Molecular and Developmental Evolution",1552-5007,1552-5015,"Wiley (John Wiley & Sons)",false,true
POSI-J-027036,"Microcirculation",1073-9688,1549-8719,"Wiley (Blackwell Publishing)",false,true
POSI-J-027037,"Journal of Product Innovation Management",0737-6782,1540-5885,"Wiley (Blackwell Publishing)",false,true
POSI-J-027038,"Limnology and Oceanography Bulletin",1539-607X,1539-6088,"Wiley (Blackwell Publishing)",false,true
POSI-J-027039,"Stress and Health",1532-3005,1532-2998,"Wiley (John Wiley & Sons)",false,true
POSI-J-027040,"Journal of Phycology",0022-3646,1529-8817,"Wiley (Blackwell Publishing)",false,true
POSI-J-027041,"Seminars in Dialysis",0894-0959,1525-139X,"Wiley (Blackwell Publishing)",false,true
POSI-J-027042,"Infant and Child Development",1522-7227,1522-7219,"Wiley (John Wiley & Sons)",false,true
POSI-J-027043,"BioEssays",0265-9247,1521-1878,"Wiley (John Wiley & Sons)",false,true
POSI-J-027044,"Psychology and Marketing",0742-6046,1520-6793,"Wiley (John Wiley & Sons)",false,true
POSI-J-027045,"Human Factors and Ergonomics in Manufacturing & Service Industries",1090-8471,1520-6564,"Wiley (John Wiley & Sons)",false,true
POSI-J-027046,"International Journal of Dairy Technology",1364-727X,1471-0307,"Wiley (Blackwell Publishing)",false,true
POSI-J-027047,"International Migration",0020-7985,1468-2435,"Wiley (Blackwell Publishing)",false,true
POSI-J-027048,"Gender Work and Organization",0968-6673,1468-0432,"Wiley (Blackwell Publishing)",false,true
POSI-J-027049,"Peace &amp Change",0149-0508,1468-0130,"Wiley (Blackwell Publishing)",false,true
POSI-J-027050,"Oxford Bulletin of Economics and Statistics",0305-9049,1468-0084,"Wiley (Blackwell Publishing)",false,true
POSI-J-027051,"Law & Policy",0265-8240,1467-9930,"Wiley (Blackwell Publishing)",false,true
POSI-J-027052,"World Economy",0378-5920,1467-9701,"Wiley (Blackwell Publishing)",false,true
POSI-J-027053,"Social Development",0961-205X,1467-9507,"Wiley (Blackwell Publishing)",false,true
POSI-J-027054,"Scandinavian Journal of Psychology",0036-5564,1467-9450,"Wiley (Blackwell Publishing)",false,true
POSI-J-027055,"R and D Management",0033-6807,1467-9310,"Wiley (Blackwell Publishing)",false,true
POSI-J-027056,"Political Psychology",0162-895X,1467-9221,"Wiley (Blackwell Publishing)",false,true
POSI-J-027057,"Philosophical Investigations",0190-0536,1467-9205,"Wiley (Blackwell Publishing)",false,true
POSI-J-027058,"British Journal of Educational Technology",0007-1013,1467-8535,"Wiley (Blackwell Publishing)",false,true
POSI-J-027059,"African Development Review",1017-6772,1467-8268,"Wiley (Blackwell Publishing)",false,true
POSI-J-027060,"Abacus",0001-3072,1467-6281,"Wiley (Blackwell Publishing)",false,true
POSI-J-027061,"European Journal of Education",0141-8211,1465-3435,"Wiley (Blackwell Publishing)",false,true
POSI-J-027062,"Nursing and Health Sciences",1441-0745,1442-2018,"Wiley (Blackwell Publishing)",false,true
POSI-J-027063,"Respirology",1323-7799,1440-1843,"Wiley (Blackwell Publishing)",false,true
POSI-J-027064,"Nursing Inquiry",1320-7881,1440-1800,"Wiley (Blackwell Publishing)",false,true
POSI-J-027065,"Pediatric Transplantation",1397-3142,1399-3046,"Wiley (Blackwell Publishing)",false,true
POSI-J-027066,"Scandinavian Journal of Immunology",0300-9475,1365-3083,"Wiley (Blackwell Publishing)",false,true
POSI-J-027067,"Plant Pathology",0032-0862,1365-3059,"Wiley (Blackwell Publishing)",false,true
POSI-J-027068,"Journal of Oral Rehabilitation",0305-182X,1365-2842,"Wiley (Blackwell Publishing)",false,true
POSI-J-027069,"Freshwater Biology",0046-5070,1365-2427,"Wiley (Blackwell Publishing)",false,true
POSI-J-027070,"Managerial and Decision Economics",0143-6570,1099-1468,"Wiley (John Wiley & Sons)",false,true
POSI-J-027071,"International Journal of Communication Systems",1074-5351,1099-1131,"Wiley (John Wiley & Sons)",false,true
POSI-J-027072,"International Journal of Adaptive Control and Signal Processing",0890-6327,1099-1115,"Wiley (John Wiley & Sons)",false,true
POSI-J-027073,"Dyslexia",1076-9242,1099-0909,"Wiley (John Wiley & Sons)",false,true
POSI-J-027074,"Children & Society",0951-0605,1099-0860,"Wiley (Blackwell Publishing)",false,true
POSI-J-027075,"Applied Organometallic Chemistry",0268-2605,1099-0739,"Wiley (John Wiley & Sons)",false,true
POSI-J-027076,"Research in Nursing & Health",0160-6891,1098-240X,"Wiley (John Wiley & Sons)",false,true
POSI-J-027077,"Developmental Psychobiology",0012-1630,1098-2302,"Wiley (John Wiley & Sons)",false,true
POSI-J-027078,"Hippocampus",1050-9631,1098-1063,"Wiley (John Wiley & Sons)",false,true
POSI-J-027079,"Journal of Chemical Technology & Biotechnology",0268-2575,1097-4660,"Wiley (John Wiley & Sons)",false,true
POSI-J-027080,"Muscle & Nerve",0148-639X,1097-4598,"Wiley (John Wiley & Sons)",false,true
POSI-J-027081,"Infant Mental Health Journal Infancy and Early Childhood",0163-9641,1097-0355,"Wiley (John Wiley & Sons)",false,true
POSI-J-027082,"Software Practice and Experience",0038-0644,1097-024X,"Wiley (John Wiley & Sons)",false,true
POSI-J-027083,"Veterinary Record",0042-4900,2042-7670,"Wiley (John Wiley & Sons)",false,true
POSI-J-027084,"Transplant Infectious Disease",1398-2273,1399-3062,"Wiley (Blackwell Publishing)",false,true
POSI-J-027085,"ChemNanoMat",2199-692X,2199-692X,"Wiley (John Wiley & Sons)",false,true
POSI-J-027086,"Hepatology Research",1386-6346,1872-034X,"Wiley (Blackwell Publishing)",false,true
POSI-J-027087,"Journal of Intellectual Disability Research",0964-2633,1365-2788,"Wiley (Blackwell Publishing)",false,true
POSI-J-027088,"The Journal of Pathology",0022-3417,1096-9896,"Wiley (John Wiley & Sons)",false,true
POSI-J-027089,"Anatomical Sciences Education",1935-9772,1935-9780,"Wiley (John Wiley & Sons)",false,true
POSI-J-027090,"Musculoskeletal Care",1478-2189,1557-0681,"Wiley (John Wiley & Sons)",false,true
POSI-J-027091,"Arthritis Care & Research",2151-464X,2151-4658,"Wiley (John Wiley & Sons)",false,true
POSI-J-027092,"Autism Research",1939-3792,1939-3806,"Wiley (John Wiley & Sons)",false,true
POSI-J-027093,"The Journal of Wildlife Management",0022-541X,1937-2817,"Wiley (John Wiley & Sons)",false,true
POSI-J-027094,"Nordic Journal of Botany",0107-055X,1756-1051,"Wiley (Blackwell Publishing)",false,true
POSI-J-027095,"Language and Linguistics Compass",1749-818X,1749-818X,"Wiley (Blackwell Publishing)",false,true
POSI-J-027096,"Canadian Journal of Statistics",0319-5724,1708-945X,"Wiley (John Wiley & Sons)",false,true
POSI-J-027097,"The Photogrammetric Record",0031-868X,1477-9730,"Wiley (Blackwell Publishing)",false,true
POSI-J-027098,"Metroeconomica",0026-1386,1467-999X,"Wiley (Blackwell Publishing)",false,true
POSI-J-027099,"Journal of Applied Entomology",0931-2048,1439-0418,"Wiley (Blackwell Publishing)",false,true
POSI-J-027100,"Insect Molecular Biology",0962-1075,1365-2583,"Wiley (Blackwell Publishing)",false,true
POSI-J-027101,"Proteins Structure Function and Bioinformatics",0887-3585,1097-0134,"Wiley (John Wiley & Sons)",false,true
POSI-J-027102,"Journal for the Anthropology of North America",2475-5389,2475-5389,"Wiley (John Wiley & Sons)",false,true
POSI-J-027103,"AEM Education and Training",2472-5390,2472-5390,"Wiley (John Wiley & Sons)",false,true
POSI-J-027104,"Greenhouse Gases Science and Technology",2152-3878,2152-3878,"Wiley (John Wiley & Sons)",false,true
POSI-J-027105,"Wiley Interdisciplinary Reviews Cognitive Science",1939-5078,1939-5086,"Wiley (John Wiley & Sons)",false,true
POSI-J-027106,"Ecohydrology",1936-0584,1936-0592,"Wiley (John Wiley & Sons)",false,true
POSI-J-027107,"Disease Markers",0278-0240,1875-8630,"Hindawi Limited",false,true
POSI-J-027108,"International Journal of Developmental Neuroscience",0736-5748,1873-474X,"Wiley (John Wiley & Sons)",false,true
POSI-J-027109,"ChemCatChem",1867-3880,1867-3899,"Wiley (John Wiley & Sons)",false,true
POSI-J-027110,"Applied Psychology Health and Well-Being",1758-0846,1758-0854,"Wiley (Blackwell Publishing)",false,true
POSI-J-027111,"Water and Environment Journal",1747-6585,1747-6593,"Wiley (Blackwell Publishing)",false,true
POSI-J-027112,"Insect Science",1672-9609,1744-7917,"Wiley (Blackwell Publishing)",false,true
POSI-J-027113,"Annals of Applied Biology",0003-4746,1744-7348,"Wiley (Blackwell Publishing)",false,true
POSI-J-027114,"International Journal of Immunogenetics",1744-3121,1744-313X,"Wiley (Blackwell Publishing)",false,true
POSI-J-027115,"Entomologia Experimentalis et Applicata",0013-8703,1570-7458,"Wiley (Blackwell Publishing)",false,true
POSI-J-027116,"Ethos",0091-2131,1548-1352,"Wiley (Blackwell Publishing)",false,true
POSI-J-027117,"TESOL Quarterly",0039-8322,1545-7249,"Wiley (John Wiley & Sons)",false,true
POSI-J-027118,"Nonprofit Management and Leadership",1048-6682,1542-7854,"Wiley (John Wiley & Sons)",false,true
POSI-J-027119,"Financial Review",0732-8516,1540-6288,"Wiley (Blackwell Publishing)",false,true
POSI-J-027120,"Real Estate Economics",1080-8620,1540-6229,"Wiley (Blackwell Publishing)",false,true
POSI-J-027121,"The Chemical Record",1527-8999,1528-0691,"Wiley (John Wiley & Sons)",false,true
POSI-J-027122,"Australian and New Zealand Journal of Obstetrics and Gynaecology",0004-8666,1479-828X,"Wiley (Blackwell Publishing)",false,true
POSI-J-027123,"Transactions of the Institute of British Geographers",0020-2754,1475-5661,"Wiley (Blackwell Publishing)",false,true
POSI-J-027124,"Review of Income and Wealth",0034-6586,1475-4991,"Wiley (Blackwell Publishing)",false,true
POSI-J-027125,"Bulletin of the London Mathematical Society",0024-6093,1469-2120,"London Mathematical Society",false,true
POSI-J-027126,"British Journal of Learning Disabilities",1354-4187,1468-3156,"Wiley (Blackwell Publishing)",false,true
POSI-J-027127,"European Financial Management",1354-7798,1468-036X,"Wiley (Blackwell Publishing)",false,true
POSI-J-027128,"Modern Theology",0266-7177,1468-0025,"Wiley (Blackwell Publishing)",false,true
POSI-J-027129,"British Journal of Special Education",0952-3383,1476-8578,"Wiley (Blackwell Publishing)",false,true
POSI-J-027130,"British Journal of Industrial Relations",0007-1080,1467-8543,"Wiley (Blackwell Publishing)",false,true
POSI-J-027131,"Accounting and Finance",0810-5391,1467-629X,"Wiley (Blackwell Publishing)",false,true
POSI-J-027132,"Agricultural and Forest Entomology",1461-9555,1461-9563,"Wiley (Blackwell Publishing)",false,true
POSI-J-027133,"Ecological Research",0912-3814,1440-1703,"Wiley (Blackwell Publishing)",false,true
POSI-J-027134,"Sedimentology",0037-0746,1365-3091,"Wiley (Blackwell Publishing)",false,true
POSI-J-027135,"Ecological Entomology",0307-6946,1365-2311,"Wiley (Blackwell Publishing)",false,true
POSI-J-027136,"Optimal Control Applications and Methods",0143-2087,1099-1514,"Wiley (John Wiley & Sons)",false,true
POSI-J-027137,"Human Psychopharmacology Clinical and Experimental",0885-6222,1099-1077,"Wiley (John Wiley & Sons)",false,true
POSI-J-027138,"European Journal of Social Psychology",0046-2772,1099-0992,"Wiley (John Wiley & Sons)",false,true
POSI-J-027139,"Statistics in Medicine",0277-6715,1097-0258,"Wiley (John Wiley & Sons)",false,true
POSI-J-027140,"Alcoholism & Drug Abuse Weekly",1042-1394,1556-7591,"Wiley (John Wiley & Sons)",false,true
POSI-J-027141,"Mental Health Weekly",1058-1103,1556-7583,"Wiley (John Wiley & Sons)",false,true
POSI-J-027142,"Academic Emergency Medicine",1069-6563,1553-2712,"Wiley (Blackwell Publishing)",false,true
POSI-J-027143,"Phytochemical Analysis",0958-0344,1099-1565,"Wiley (John Wiley & Sons)",false,true
POSI-J-027144,"Journal of Biomedical Materials Research Part A",1549-3296,1552-4965,"Wiley (John Wiley & Sons)",false,true
POSI-J-027145,"Journal of Consumer Psychology",1057-7408,1532-7663,"Wiley (John Wiley & Sons)",false,true
POSI-J-027146,"Community Dentistry And Oral Epidemiology",0301-5661,1600-0528,"Wiley (Blackwell Publishing)",false,true
POSI-J-027147,"American Journal of Economics and Sociology",0002-9246,1536-7150,"Wiley (Blackwell Publishing)",false,true
POSI-J-027148,"Health Services Research",0017-9124,1475-6773,"Wiley (Blackwell Publishing)",false,true
POSI-J-027149,"Asian Journal Of Social Psychology",1367-2223,1467-839X,"Wiley (Blackwell Publishing)",false,true
POSI-J-027150,"Obesity Reviews",1467-7881,1467-789X,"Wiley (Blackwell Publishing)",false,true
POSI-J-027151,"Journal of Gastroenterology and Hepatology",0815-9319,1440-1746,"Wiley (Blackwell Publishing)",false,true
POSI-J-027152,"Journal of Quaternary Science",0267-8179,1099-1417,"Wiley (John Wiley & Sons)",false,true
POSI-J-027153,"Business Strategy and the Environment",0964-4733,1099-0836,"Wiley (John Wiley & Sons)",false,true
POSI-J-027154,"Review of Education",2049-6613,2049-6613,"Wiley (John Wiley & Sons)",false,true
POSI-J-027155,"International Journal for Numerical Methods in Biomedical Engineering",2040-7939,2040-7947,"Wiley (John Wiley & Sons)",false,true
POSI-J-027156,"Asia-Pacific Journal of Chemical Engineering",1932-2135,1932-2143,"Wiley (John Wiley & Sons)",false,true
POSI-J-027157,"Journal of Medical Imaging and Radiation Oncology",1754-9477,1754-9485,"Wiley (Blackwell Publishing)",false,true
POSI-J-027158,"International Journal of Urological Nursing",1749-7701,1749-771X,"Wiley (Blackwell Publishing)",false,true
POSI-J-027159,"Australasian Journal on Ageing",1440-6381,1741-6612,"Wiley (Blackwell Publishing)",false,true
POSI-J-027160,"Journal of Periodontal Research",0022-3484,1600-0765,"Wiley (Blackwell Publishing)",false,true
POSI-J-027161,"Journal of Genetic Counseling",1059-7700,1573-3599,"Wiley (John Wiley & Sons)",false,true
POSI-J-027162,"Journal of Agricultural Economics",0021-857X,1477-9552,"Wiley (Blackwell Publishing)",false,true
POSI-J-027163,"Australasian Journal of Dermatology",0004-8380,1440-0960,"Wiley (Blackwell Publishing)",false,true
POSI-J-027164,"Systematic Entomology",0307-6970,1365-3113,"Wiley (Blackwell Publishing)",false,true
POSI-J-027165,"Journal of Human Nutrition and Dietetics",0952-3871,1365-277X,"Wiley (Blackwell Publishing)",false,true
POSI-J-027166,"Journal of Fish Diseases",0140-7775,1365-2761,"Wiley (Blackwell Publishing)",false,true
POSI-J-027167,"Biomedical Chromatography",0269-3879,1099-0801,"Wiley (John Wiley & Sons)",false,true
POSI-J-027168,"Journal of Futures Markets",0270-7314,1096-9934,"Wiley (John Wiley & Sons)",false,true
POSI-J-027169,"WIREs Mechanisms of Disease",2692-9368,2692-9368,"Wiley (John Wiley & Sons)",false,true
POSI-J-027170,"Quantum Engineering",2577-0470,2577-0470,"Hindawi Limited",false,true
POSI-J-027171,"Health Promotion Journal of Australia",1036-1073,2201-1617,"Wiley (John Wiley & Sons)",false,true
POSI-J-027172,"ChemBioEng Reviews",2196-9744,2196-9744,"Wiley (John Wiley & Sons)",false,true
POSI-J-027173,"ChemPlusChem",2192-6506,2192-6506,"Wiley (John Wiley & Sons)",false,true
POSI-J-027174,"Legal and Criminological Psychology",1355-3259,2044-8333,"Wiley (Blackwell Publishing)",false,true
POSI-J-027175,"World Medical & Health Policy",1948-4682,1948-4682,"Wiley (Blackwell Publishing)",false,true
POSI-J-027176,"The Reading Teacher",0034-0561,1936-2714,"Wiley (John Wiley & Sons)",false,true
POSI-J-027177,"Obesity",1930-7381,1930-739X,"Wiley (Blackwell Publishing)",false,true
POSI-J-027178,"South African Journal of Economics",0038-2280,1813-6982,"Wiley (Blackwell Publishing)",false,true
POSI-J-027179,"Clinical and Experimental Neuroimmunology",1759-1961,1759-1961,"Wiley (Blackwell Publishing)",false,true
POSI-J-027180,"Canadian Review of Sociology/Revue canadienne de sociologie",1755-6171,1755-618X,"Wiley (Blackwell Publishing)",false,true
POSI-J-027181,"Studies in Ethnicity and Nationalism",1473-8481,1754-9469,"Wiley (Blackwell Publishing)",false,true
POSI-J-027182,"Journal of Texture Studies",0022-4901,1745-4603,"Wiley (Blackwell Publishing)",false,true
POSI-J-027183,"Educational Theory",0013-2004,1741-5446,"Wiley (Blackwell Publishing)",false,true
POSI-J-027184,"Population and Development Review",0098-7921,1728-4457,"Wiley (Blackwell Publishing)",false,true
POSI-J-027185,"Fuel Cells",1615-6846,1615-6854,"Wiley (John Wiley & Sons)",false,true
POSI-J-027186,"European Journal Of Dental Education",1396-5883,1600-0579,"Wiley (Blackwell Publishing)",false,true
POSI-J-027187,"Journal of Cutaneous Pathology",0303-6987,1600-0560,"Wiley (Blackwell Publishing)",false,true
POSI-J-027188,"Journal of Traumatic Stress",0894-9867,1573-6598,"Wiley (John Wiley & Sons)",false,true
POSI-J-027189,"PoLAR Political and Legal Anthropology Review",1081-6976,1555-2934,"Wiley (Blackwell Publishing)",false,true
POSI-J-027190,"Policy Studies Journal",0190-292X,1541-0072,"Wiley (Blackwell Publishing)",false,true
POSI-J-027191,"Dialog",0012-2033,1540-6385,"Wiley (Blackwell Publishing)",false,true
POSI-J-027192,"Biochemistry and Molecular Biology Education",1470-8175,1539-3429,"Wiley (John Wiley & Sons)",false,true
POSI-J-027193,"Pharmaceutical Statistics",1539-1604,1539-1612,"Wiley (John Wiley & Sons)",false,true
POSI-J-027194,"Journal of money credit and banking",0022-2879,1538-4616,"Wiley (Blackwell Publishing)",false,true
POSI-J-027195,"Journal of Research on Adolescence",1050-8392,1532-7795,"Wiley (Blackwell Publishing)",false,true
POSI-J-027196,"Human Resource Development Quarterly",1044-8004,1532-1096,"Wiley (John Wiley & Sons)",false,true
POSI-J-027197,"Artificial Organs",0160-564X,1525-1594,"Wiley (Blackwell Publishing)",false,true
POSI-J-027198,"GAMM-Mitteilungen",0936-7195,1522-2608,"Wiley (John Wiley & Sons)",false,true
POSI-J-027199,"Chemie in unserer Zeit",0009-2851,1521-3781,"Wiley (John Wiley & Sons)",false,true
POSI-J-027200,"Fundamental and Clinical Pharmacology",0767-3981,1472-8206,"Wiley (Blackwell Publishing)",false,true
POSI-J-027201,"Scandinavian Journal of Caring Sciences",0283-9318,1471-6712,"Wiley (Blackwell Publishing)",false,true
POSI-J-027202,"Biotechnology and Applied Biochemistry",0885-4513,1470-8744,"Wiley (John Wiley & Sons)",false,true
POSI-J-027203,"International Journal of Cosmetic Science",0142-5463,1467-2494,"Wiley (Blackwell Publishing)",false,true
POSI-J-027204,"Growth and Change",0017-4815,1468-2257,"Wiley (Blackwell Publishing)",false,true
POSI-J-027205,"Gender & History",0953-5233,1468-0424,"Wiley (Blackwell Publishing)",false,true
POSI-J-027206,"Financial Markets Institutions and Instruments",0963-8008,1468-0416,"Wiley (Blackwell Publishing)",false,true
POSI-J-027207,"Economics and Politics",0954-1985,1468-0343,"Wiley (Blackwell Publishing)",false,true
POSI-J-027208,"Language Learning",0023-8333,1467-9922,"Wiley (Blackwell Publishing)",false,true
POSI-J-027209,"Labour",1121-7081,1467-9914,"Wiley (Blackwell Publishing)",false,true
POSI-J-027210,"Journal of Public Economic Theory",1097-3923,1467-9779,"Wiley (Blackwell Publishing)",false,true
POSI-J-027211,"Tijdschrift voor Economische en Sociale Geografie",0040-747X,1467-9663,"Wiley (Blackwell Publishing)",false,true
POSI-J-027212,"Support for Learning",0268-2141,1467-9604,"Wiley (Blackwell Publishing)",false,true
POSI-J-027213,"Scandinavian Journal of Economics",0347-0520,1467-9442,"Wiley (Blackwell Publishing)",false,true
POSI-J-027214,"Ratio Juris",0952-1917,1467-9337,"Wiley (Blackwell Publishing)",false,true
POSI-J-027215,"Australian Journal of Politics & History",0004-9522,1467-8497,"Wiley (Blackwell Publishing)",false,true
POSI-J-027216,"Phycological Research",1322-0829,1440-1835,"Wiley (Blackwell Publishing)",false,true
POSI-J-027217,"Immunology and Cell Biology",0818-9641,1440-1711,"Wiley (Blackwell Publishing)",false,true
POSI-J-027218,"Australian Occupational Therapy Journal",0045-0766,1440-1630,"Wiley (Blackwell Publishing)",false,true
POSI-J-027219,"Population Ecology",1438-3896,1438-390X,"Wiley (John Wiley & Sons)",false,true
POSI-J-027220,"Journal of Veterinary Pharmacology and Therapeutics",0140-7783,1365-2885,"Wiley (Blackwell Publishing)",false,true
POSI-J-027221,"Journal of Evaluation in Clinical Practice",1356-1294,1365-2753,"Wiley (Blackwell Publishing)",false,true
POSI-J-027222,"Fisheries Oceanography",1054-6006,1365-2419,"Wiley (Blackwell Publishing)",false,true
POSI-J-027223,"System Dynamics Review",0883-7066,1099-1727,"Wiley (John Wiley & Sons)",false,true
POSI-J-027224,"Packaging Technology and Science",0894-3214,1099-1522,"Wiley (John Wiley & Sons)",false,true
POSI-J-027225,"Journal of Peptide Science",1075-2617,1099-1387,"Wiley (John Wiley & Sons)",false,true
POSI-J-027226,"International Journal of Auditing",1090-6738,1099-1123,"Wiley (Blackwell Publishing)",false,true
POSI-J-027227,"Health Economics",1057-9230,1099-1050,"Wiley (John Wiley & Sons)",false,true
POSI-J-027228,"Geological Journal",0072-1050,1099-1034,"Wiley (John Wiley & Sons)",false,true
POSI-J-027229,"Fire and Materials",0308-0501,1099-1018,"Wiley (John Wiley & Sons)",false,true
POSI-J-027230,"Journal of Clinical Apheresis",0733-2459,1098-1101,"Wiley (John Wiley & Sons)",false,true
POSI-J-027231,"International Journal of Circuit Theory and Applications",0098-9886,1097-007X,"Wiley (John Wiley & Sons)",false,true
POSI-J-027232,"Surface and Interface Analysis",0142-2421,1096-9918,"Wiley (John Wiley & Sons)",false,true
POSI-J-027233,"Nonprofit Communications Report",1549-778X,2325-8616,"Wiley (John Wiley & Sons)",false,true
POSI-J-027234,"The Volunteer Management Report",1091-3777,2325-8578,"Wiley (John Wiley & Sons)",false,true
POSI-J-027235,"Successful Fundraising",1070-9061,2325-8624,"Wiley (John Wiley & Sons)",false,true
POSI-J-027236,"Special Events Galore",1538-1625,2325-8586,"Wiley (John Wiley & Sons)",false,true
POSI-J-027237,"Frontiers in Ecology and the Environment",1540-9295,1540-9309,"Wiley (John Wiley & Sons)",false,true
POSI-J-027238,"Environmental Microbiology Reports",1758-2229,1758-2229,"Wiley (Blackwell Publishing)",false,true
POSI-J-027239,"Crystal Research and Technology",0232-1300,1521-4079,"Wiley (John Wiley & Sons)",false,true
POSI-J-027240,"Annals of Human Genetics",0003-4800,1469-1809,"Wiley (Blackwell Publishing)",false,true
POSI-J-027241,"Progress in Photovoltaics Research and Applications",1062-7995,1099-159X,"Wiley (John Wiley & Sons)",false,true
POSI-J-027242,"British Journal of Health Psychology",1359-107X,2044-8287,"Wiley (Blackwell Publishing)",false,true
POSI-J-027243,"The Journal of Periodontology",1049-8885,1943-3670,"American Academy of Periodontology",false,true
POSI-J-027244,"Steel Construction",1867-0520,1867-0539,"Wiley (John Wiley & Sons)",false,true
POSI-J-027245,"Journal of Management Studies",0022-2380,1467-6486,"Wiley (Blackwell Publishing)",false,true
POSI-J-027246,"Plant Breeding",0179-9541,1439-0523,"Wiley (Blackwell Publishing)",false,true
POSI-J-027247,"The Bulletin of the Ecological Society of America",2327-6096,2327-6096,"Wiley (John Wiley & Sons)",false,true
POSI-J-027248,"Journal of Employment Counseling",0022-0787,2161-1920,"Wiley (John Wiley & Sons)",false,true
POSI-J-027249,"Near Surface Geophysics",1569-4445,1873-0604,"Wiley (John Wiley & Sons)",false,true
POSI-J-027250,"CLEAN - Soil Air Water",1863-0650,1863-0669,"Wiley (John Wiley & Sons)",false,true
POSI-J-027251,"Financial Management",0046-3892,1755-053X,"Wiley (Blackwell Publishing)",false,true
POSI-J-027252,"Nutrition & Dietetics",1446-6368,1747-0080,"Wiley (Blackwell Publishing)",false,true
POSI-J-027253,"Grassland Science",1744-6961,1744-697X,"Wiley (Blackwell Publishing)",false,true
POSI-J-027254,"Literacy",1741-4350,1741-4369,"Wiley (Blackwell Publishing)",false,true
POSI-J-027255,"Family Relations",0197-6664,1741-3729,"Wiley (Blackwell Publishing)",false,true
POSI-J-027256,"Journal of Policy and Practice in Intellectual Disabilities",1741-1122,1741-1130,"Wiley (Blackwell Publishing)",false,true
POSI-J-027257,"Immunological Reviews",0105-2896,1600-065X,"Wiley (Blackwell Publishing)",false,true
POSI-J-027258,"American Journal of Community Psychology",0091-0562,1573-2770,"Wiley (John Wiley & Sons)",false,true
POSI-J-027259,"Anthropology & Humanism",1559-9167,1548-1409,"Wiley (Blackwell Publishing)",false,true
POSI-J-027260,"City & Society",0893-0465,1548-744X,"Wiley (Blackwell Publishing)",false,true
POSI-J-027261,"American Ethnologist",0094-0496,1548-1425,"Wiley (Blackwell Publishing)",false,true
POSI-J-027262,"Journal of Prosthodontics",1059-941X,1532-849X,"Wiley (Blackwell Publishing)",false,true
POSI-J-027263,"Clinical Physiology and Functional Imaging",1475-0961,1475-097X,"Wiley (Blackwell Publishing)",false,true
POSI-J-027264,"Developing World Bioethics",1471-8731,1471-8847,"Wiley (Blackwell Publishing)",false,true
POSI-J-027265,"The Curriculum Journal",0958-5176,1469-3704,"Wiley (John Wiley & Sons)",false,true
POSI-J-027266,"International Finance",1367-0271,1468-2362,"Wiley (Blackwell Publishing)",false,true
POSI-J-027267,"International Economic Review",0020-6598,1468-2354,"Wiley (Blackwell Publishing)",false,true
POSI-J-027268,"Scandinavian Journal of Statistics",0303-6898,1467-9469,"Wiley (Blackwell Publishing)",false,true
POSI-J-027269,"Ratio",0034-0006,1467-9329,"Wiley (Blackwell Publishing)",false,true
POSI-J-027270,"Antipode",0066-4812,1467-8330,"Wiley (Blackwell Publishing)",false,true
POSI-J-027271,"Developmental Science",1363-755X,1467-7687,"Wiley (Blackwell Publishing)",false,true
POSI-J-027272,"Global Ecology and Biogeography",1466-822X,1466-822X,"Wiley (Blackwell Publishing)",false,true
POSI-J-027273,"Journal of Neuroendocrinology",0953-8194,1365-2826,"Wiley (Blackwell Publishing)",false,true
POSI-J-027274,"Grass and Forage Science",0142-5242,1365-2494,"Wiley (Blackwell Publishing)",false,true
POSI-J-027275,"Geophysical Prospecting",0016-8025,1365-2478,"Wiley (Blackwell Publishing)",false,true
POSI-J-027276,"European Journal of Clinical Investigation",0014-2972,1365-2362,"Wiley (Blackwell Publishing)",false,true
POSI-J-027277,"Cytopathology",0956-5507,1365-2303,"Wiley (Blackwell Publishing)",false,true
POSI-J-027278,"The Journal of Dermatology",0385-2407,1346-8138,"Wiley (Blackwell Publishing)",false,true
POSI-J-027279,"International Journal of Numerical Modelling Electronic Networks Devices and Fields",0894-3370,1099-1204,"Wiley (John Wiley & Sons)",false,true
POSI-J-027280,"X-Ray Spectrometry",0049-8246,1097-4539,"Wiley (John Wiley & Sons)",false,true
POSI-J-027281,"Yeast",0749-503X,1097-0061,"Wiley (Blackwell Publishing)",false,true
POSI-J-027282,"Board & Administrator for Administrators Only",1525-7878,1949-3215,"Wiley (John Wiley & Sons)",false,true
POSI-J-027283,"European Journal of Inorganic Chemistry",1434-1948,1099-0682,"Wiley (John Wiley & Sons)",false,true
POSI-J-027284,"The Brown University Child and Adolescent Behavior Letter",1058-1073,1556-7575,"Wiley (John Wiley & Sons)",false,true
POSI-J-027285,"European Journal of Philosophy",0966-8373,1468-0378,"Wiley (Blackwell Publishing)",false,true
POSI-J-027286,"Japanese Psychological Research",0021-5368,1468-5884,"Wiley (Blackwell Publishing)",false,true
POSI-J-027287,"TESOL Journal",1949-3533,,"Wiley (John Wiley & Sons)",false,true
POSI-J-027288,"TESOL Journal",1056-7941,1949-3533,"Wiley (John Wiley & Sons)",false,true
POSI-J-027289,"Energy & Environmental Materials",2575-0356,2575-0356,"Wiley (John Wiley & Sons)",false,true
POSI-J-027290,"Business Strategy & Development",2572-3170,2572-3170,"Wiley (John Wiley & Sons)",false,true
POSI-J-027291,"Security and Privacy",2475-6725,2475-6725,"Wiley (John Wiley & Sons)",false,true
POSI-J-027292,"Journal of Experimental Zoology Part A Ecological and Integrative Physiology",2471-5638,2471-5646,"Wiley (John Wiley & Sons)",false,true
POSI-J-027293,"European Policy Analysis",2380-6567,2380-6567,"Wiley (John Wiley & Sons)",false,true
POSI-J-027294,"AI Magazine",0738-4602,0738-4602,"Wiley (John Wiley & Sons)",false,true
POSI-J-027295,"Journal of Geophysical Research Atmospheres",2169-897X,2169-8996,"American Geophysical Union",false,true
POSI-J-027296,"The Howard Journal of Crime and Justice",2059-1098,2059-1101,"Wiley (Blackwell Publishing)",false,true
POSI-J-027297,"British Journal of Clinical Psychology",0144-6657,2044-8260,"Wiley (Blackwell Publishing)",false,true
POSI-J-027298,"Applied Economic Perspectives and Policy",2040-5790,2040-5804,"Wiley (John Wiley & Sons)",false,true
POSI-J-027299,"Wiley Interdisciplinary Reviews Data Mining and Knowledge Discovery",1942-4787,1942-4795,"Wiley (John Wiley & Sons)",false,true
POSI-J-027300,"Australian Dental Journal",0045-0421,1834-7819,"Wiley (Blackwell Publishing)",false,true
POSI-J-027301,"Regulation & Governance",1748-5983,1748-5991,"Wiley (Blackwell Publishing)",false,true
POSI-J-027302,"Journal of Consumer Affairs",0022-0078,1745-6606,"Wiley (Blackwell Publishing)",false,true
POSI-J-027303,"Educational Measurement Issues and Practice",0731-1745,1745-3992,"Wiley (Blackwell Publishing)",false,true
POSI-J-027304,"Basic & Clinical Pharmacology & Toxicology",1742-7835,1742-7843,"Wiley (Blackwell Publishing)",false,true
POSI-J-027305,"Gerodontology",0734-0664,1741-2358,"Wiley (Blackwell Publishing)",false,true
POSI-J-027306,"Counselor Education and Supervision",0011-0035,1556-6978,"Wiley (John Wiley & Sons)",false,true
POSI-J-027307,"American Journal of Medical Genetics Part C Seminars in Medical Genetics",1552-4868,1552-4876,"Wiley (John Wiley & Sons)",false,true
POSI-J-027308,"Journal of Eukaryotic Microbiology",1066-5234,1550-7408,"Wiley (Blackwell Publishing)",false,true
POSI-J-027309,"Journal of Environmental Quality",0047-2425,1537-2537,"Wiley (John Wiley & Sons)",false,true
POSI-J-027310,"Journal of Economics & Management Strategy",1058-6407,1530-9134,"Wiley (Blackwell Publishing)",false,true
POSI-J-027311,"Liver International",1478-3223,1478-3231,"Wiley (Blackwell Publishing)",false,true
POSI-J-027312,"Journal of Accounting Research",0021-8456,1475-679X,"Wiley (Blackwell Publishing)",false,true
POSI-J-027313,"Strain",0039-2103,1475-1305,"Wiley (Blackwell Publishing)",false,true
POSI-J-027314,"Health Information & Libraries Journal",1471-1834,1471-1842,"Wiley (Blackwell Publishing)",false,true
POSI-J-027315,"International Journal of Systematic Theology",1463-1652,1463-1652,"Wiley (Blackwell Publishing)",false,true
POSI-J-027316,"Journal of Religious Ethics",0384-9694,1467-9795,"Wiley (Blackwell Publishing)",false,true
POSI-J-027317,"Australian and New Zealand Journal of Family Therapy",0814-723X,1467-8438,"Wiley (Blackwell Publishing)",false,true
POSI-J-027318,"Journal of International Financial Management and Accounting",0954-1314,1467-646X,"Wiley (Blackwell Publishing)",false,true
POSI-J-027319,"Pathology International",1320-5463,1440-1827,"Wiley (Blackwell Publishing)",false,true
POSI-J-027320,"Neuropathology",0919-6544,1440-1789,"Wiley (Blackwell Publishing)",false,true
POSI-J-027321,"Journal of Animal Breeding and Genetics",0931-2668,1439-0388,"Wiley (Blackwell Publishing)",false,true
POSI-J-027322,"Haemophilia",1351-8216,1365-2516,"Wiley (Blackwell Publishing)",false,true
POSI-J-027323,"Journal of Applied Toxicology",0260-437X,1099-1263,"Wiley (John Wiley & Sons)",false,true
POSI-J-027324,"European Eating Disorders Review",1072-4133,1099-0968,"Wiley (John Wiley & Sons)",false,true
POSI-J-027325,"Random Structures and Algorithms",1042-9832,1098-2418,"Wiley (John Wiley & Sons)",false,true
POSI-J-027326,"International Journal of Chemical Kinetics",0538-8066,1097-4601,"Wiley (John Wiley & Sons)",false,true
POSI-J-027327,"Cladistics",0748-3007,1096-0031,"Wiley (Blackwell Publishing)",false,true
POSI-J-027328,"Corporate Philanthropy Report",0885-8365,1949-3207,"Wiley (John Wiley & Sons)",false,true
POSI-J-027329,"Campus Legal Advisor",1531-3999,1945-6239,"Wiley (John Wiley & Sons)",false,true
POSI-J-027330,"Climate and Energy",2692-3831,2692-3823,"Wiley (John Wiley & Sons)",false,true
POSI-J-027331,"Annals of Anthropological Practice",2153-957X,2153-9588,"Wiley (Blackwell Publishing)",false,true
POSI-J-027332,"British Journal of Mathematical and Statistical Psychology",0007-1102,2044-8317,"Wiley (Blackwell Publishing)",false,true
POSI-J-027333,"Acta Physiologica",1748-1708,1748-1716,"Wiley (Blackwell Publishing)",false,true
POSI-J-027334,"Dental Traumatology",1600-4469,1600-9657,"Wiley (Blackwell Publishing)",false,true
POSI-J-027335,"Veterinary and Comparative Oncology",1476-5810,1476-5829,"Wiley (Blackwell Publishing)",false,true
POSI-J-027336,"Economic Notes",0391-5026,1468-0300,"Wiley (Blackwell Publishing)",false,true
POSI-J-027337,"Terra Nova",0954-4879,1365-3121,"Wiley (Blackwell Publishing)",false,true
POSI-J-027338,"Oral Science International",1348-8643,1881-4204,"Wiley (John Wiley & Sons)",false,true
POSI-J-027339,"Wiley Interdisciplinary Reviews Climate Change",1757-7780,1757-7799,"Wiley (John Wiley & Sons)",false,true
POSI-J-027340,"Journal of Evidence-Based Medicine",1756-5383,1756-5391,"Wiley (Blackwell Publishing)",false,true
POSI-J-027341,"Geostandards and Geoanalytical Research",1639-4488,1751-908X,"Wiley (Blackwell Publishing)",false,true
POSI-J-027342,"Journal of Neuropsychology",1748-6645,1748-6653,"Wiley (Blackwell Publishing)",false,true
POSI-J-027343,"Geographical Research",1745-5863,1745-5871,"Wiley (Blackwell Publishing)",false,true
POSI-J-027344,"European Management Review",1740-4754,1740-4762,"Wiley (Blackwell Publishing)",false,true
POSI-J-027345,"Sociological Forum",0884-8971,1573-7861,"Wiley (Blackwell Publishing)",false,true
POSI-J-027346,"Limnology and Oceanography Methods",1541-5856,1541-5856,"Wiley (Blackwell Publishing)",false,true
POSI-J-027347,"Veterinary Surgery",0161-3499,1532-950X,"Wiley (Blackwell Publishing)",false,true
POSI-J-027348,"Criminal Behaviour and Mental Health",0957-9664,1471-2857,"Wiley (John Wiley & Sons)",false,true
POSI-J-027349,"Journal for the Scientific Study of Religion",0021-8294,1468-5906,"Wiley (Blackwell Publishing)",false,true
POSI-J-027350,"Journal of Regional Science",0022-4146,1467-9787,"Wiley (Blackwell Publishing)",false,true
POSI-J-027351,"Australian Journal of Public Administration",0313-6647,1467-8500,"Wiley (Blackwell Publishing)",false,true
POSI-J-027352,"Australian Economic Review",0004-9018,1467-8462,"Wiley (Blackwell Publishing)",false,true
POSI-J-027353,"Fish and Fisheries",1467-2960,1467-2979,"Wiley (Blackwell Publishing)",false,true
POSI-J-027354,"Acta Zoologica",0001-7272,1463-6395,"Wiley (Blackwell Publishing)",false,true
POSI-J-027355,"Weed Research",0043-1737,1365-3180,"Wiley (Blackwell Publishing)",false,true
POSI-J-027356,"Mammal Review",0305-1838,1365-2907,"Wiley (Blackwell Publishing)",false,true
POSI-J-027357,"Software Testing Verification and Reliability",0960-0833,1099-1689,"Wiley (John Wiley & Sons)",false,true
POSI-J-027358,"Journal of Chemometrics",0886-9383,1099-128X,"Wiley (John Wiley & Sons)",false,true
POSI-J-027359,"International Journal of Network Management",1055-7148,1099-1190,"Wiley (John Wiley & Sons)",false,true
POSI-J-027360,"World Psychiatry",1723-8617,2051-5545,"Wiley (John Wiley & Sons)",false,true
POSI-J-027361,"Nonprofit Business Advisor",1531-5428,1949-3193,"Wiley (John Wiley & Sons)",false,true
POSI-J-027362,"Board Leadership",1061-4249,1542-7862,"Wiley (John Wiley & Sons)",false,true
POSI-J-027363,"JAWRA Journal of the American Water Resources Association",1093-474X,1752-1688,"Wiley (Blackwell Publishing)",false,true
POSI-J-027364,"Area",0004-0894,1475-4762,"Wiley (Blackwell Publishing)",false,true
POSI-J-027365,"Nutrition in Clinical Practice",0884-5336,1941-2452,"Wiley (John Wiley & Sons)",false,true
POSI-J-027366,"Japan Journal of Nursing Science",1742-7932,1742-7924,"Wiley (Blackwell Publishing)",false,true
POSI-J-027367,"Zoo Biology",0733-3188,1098-2361,"Wiley (John Wiley & Sons)",false,true
POSI-J-027368,"Journal of Engineering Education",1069-4730,2168-9830,"Wiley (John Wiley & Sons)",false,true
POSI-J-027369,"Depression Research and Treatment",2090-1321,2090-133X,"Hindawi Limited",false,true
POSI-J-027370,"Psychology and Psychotherapy Theory Research and Practice",1476-0835,2044-8341,"Wiley (Blackwell Publishing)",false,true
POSI-J-027371,"British Journal of Psychology",0007-1269,2044-8295,"Wiley (Blackwell Publishing)",false,true
POSI-J-027372,"Natural Resource Modeling",0890-8575,1939-7445,"Wiley (Blackwell Publishing)",false,true
POSI-J-027373,"Journal of Family Theory & Review",1756-2570,1756-2589,"Wiley (Blackwell Publishing)",false,true
POSI-J-027374,"Journal of Child and Adolescent Psychiatric Nursing",1073-6077,1744-6171,"Wiley (Blackwell Publishing)",false,true
POSI-J-027375,"Journal of Oncology",1687-8450,1687-8469,"Hindawi Limited",false,true
POSI-J-027376,"Journal of Medical Primatology",0047-2565,1600-0684,"Wiley (Blackwell Publishing)",false,true
POSI-J-027377,"Agricultural Economics",0169-5150,1574-0862,"Wiley (Blackwell Publishing)",false,true
POSI-J-027378,"Evolutionary Anthropology Issues News and Reviews",1060-1538,1520-6505,"Wiley (John Wiley & Sons)",false,true
POSI-J-027379,"International Social Science Journal",0020-8701,1468-2451,"Wiley (Blackwell Publishing)",false,true
POSI-J-027380,"Financial Accountability and Management",0267-4424,1468-0408,"Wiley (Blackwell Publishing)",false,true
POSI-J-027381,"Scottish Journal of Political Economy",0036-9292,1467-9485,"Wiley (Blackwell Publishing)",false,true
POSI-J-027382,"Scandinavian Political Studies",0080-6757,1467-9477,"Wiley (Blackwell Publishing)",false,true
POSI-J-027383,"Public Administration and Development",0271-2075,1099-162X,"Wiley (John Wiley & Sons)",false,true
POSI-J-027384,"Communications on Pure and Applied Mathematics",0010-3640,1097-0312,"Wiley (John Wiley & Sons)",false,true
POSI-J-027385,"Chirality",0899-0042,1520-636X,"Wiley (John Wiley & Sons)",false,true
POSI-J-027386,"Milbank Quarterly",0887-378X,1468-0009,"Wiley (Blackwell Publishing)",false,true
POSI-J-027387,"Japanese Journal of Sociology",2769-1365,2769-1357,"Wiley (Blackwell Publishing)",false,true
POSI-J-027388,"Australasian Journal of Ultrasound in Medicine",1836-6864,2205-0140,"Wiley (John Wiley & Sons)",false,true
POSI-J-027389,"Sociology Compass",1751-9020,1751-9020,"Wiley (Blackwell Publishing)",false,true
POSI-J-027390,"Social and Personality Psychology Compass",1751-9004,1751-9004,"Wiley (Blackwell Publishing)",false,true
POSI-J-027391,"Surgical Practice",1744-1625,1744-1633,"Wiley (Blackwell Publishing)",false,true
POSI-J-027392,"Periodontology 2000",0906-6713,1600-0757,"Wiley (Blackwell Publishing)",false,true
POSI-J-027393,"Ecology Of Freshwater Fish",0906-6691,1600-0633,"Wiley (Blackwell Publishing)",false,true
POSI-J-027394,"The Structural Design of Tall and Special Buildings",1541-7794,1541-7808,"Wiley (John Wiley & Sons)",false,true
POSI-J-027395,"Journal of Plant Nutrition and Soil Science",1436-8730,1522-2624,"Wiley (John Wiley & Sons)",false,true
POSI-J-027396,"Coloration Technology",1472-3581,1478-4408,"Wiley (Blackwell Publishing)",false,true
POSI-J-027397,"International Journal of Management Reviews",1460-8545,1468-2370,"Wiley (Blackwell Publishing)",false,true
POSI-J-027398,"Annals of Public and Cooperative Economics",1370-4788,1467-8292,"Wiley (Blackwell Publishing)",false,true
POSI-J-027399,"Weed Biology and Management",1444-6162,1445-6664,"Wiley (Blackwell Publishing)",false,true
POSI-J-027400,"International Journal of Nursing Practice",1322-7114,1440-172X,"Wiley (Blackwell Publishing)",false,true
POSI-J-027401,"Systems Research and Behavioral Science",1092-7026,1099-1743,"Wiley (John Wiley & Sons)",false,true
POSI-J-027402,"Behavioral Interventions",1072-0847,1099-078X,"Wiley (John Wiley & Sons)",false,true
POSI-J-027403,"Dean and Provost",1527-6562,1943-7587,"Wiley (John Wiley & Sons)",false,true
POSI-J-027404,"Management Report for Nonunion Organizations",0745-4880,1530-8286,"Wiley (John Wiley & Sons)",false,true
POSI-J-027405,"The Brown University Child & Adolescent Psychopharmacology Update",1527-8395,1556-7567,"Wiley (John Wiley & Sons)",false,true
POSI-J-027406,"Forest Pathology",1437-4781,1439-0329,"Wiley (Blackwell Publishing)",false,true
POSI-J-027407,"Journal of Agronomy and Crop Science",0931-2250,1439-037X,"Wiley (Blackwell Publishing)",false,true
POSI-J-027408,"Journal of Research in Special Educational Needs",1471-3802,1471-3802,"Wiley (Blackwell Publishing)",false,true
POSI-J-027409,"The Journal of Rural Health",0890-765X,1748-0361,"Wiley (Blackwell Publishing)",false,true
POSI-J-027410,"Journal of Counseling & Development",0748-9633,1556-6676,"Wiley (John Wiley & Sons)",false,true
POSI-J-027411,"Rural Sociology",0036-0112,,"Wiley (Blackwell Publishing)",false,true
POSI-J-027412,"The Journal of American Culture",1542-7331,1542-734X,"Wiley (Blackwell Publishing)",false,true
POSI-J-027413,"Australian Journal of Agricultural and Resource Economics",1364-985X,1467-8489,"Wiley (Blackwell Publishing)",false,true
POSI-J-027414,"Journal of the Agricultural and Applied Economics Association",2769-2485,2769-2485,"Wiley (John Wiley & Sons)",false,true
POSI-J-027415,"ChemPhotoChem",2367-0932,2367-0932,"Wiley (John Wiley & Sons)",false,true
POSI-J-027416,"ETS Research Report Series",,2330-8516,"Educational Testing Service",false,true
POSI-J-027417,"Journal of Natural Resources and Life Sciences Education",2168-8281,2168-8281,"Wiley (John Wiley & Sons)",false,true
POSI-J-027418,"Analytic Philosophy",2153-9596,2153-960X,"Wiley (Blackwell Publishing)",false,true
POSI-J-027419,"Asymmetric Alkylation of α-Alkyl-α-amino Acid Derivatives for the Synthesis of α α-Dialkyl-α-amino Acids",,2050-0394,"Georg Thieme Verlag KG",false,true
POSI-J-027420,"Review of European Comparative & International Environmental Law",2050-0386,2050-0394,"Wiley (John Wiley & Sons)",false,true
POSI-J-027421,"Journal of Applied Behavior Analysis",0021-8855,1938-3703,"Wiley (John Wiley & Sons)",false,true
POSI-J-027422,"Journal of Marital and Family Therapy",0194-472X,1752-0606,"Wiley (Blackwell Publishing)",false,true
POSI-J-027423,"Marine Mammal Science",0824-0469,1748-7692,"Wiley (Blackwell Publishing)",false,true
POSI-J-027424,"International Journal of Dental Hygiene",1601-5029,1601-5037,"Wiley (Blackwell Publishing)",false,true
POSI-J-027425,"Anthropology of Consciousness",1053-4202,1556-3537,"Wiley (Blackwell Publishing)",false,true
POSI-J-027426,"Journal of Investigative Psychology and Offender Profiling",1544-4759,1544-4767,"Wiley (John Wiley & Sons)",false,true
POSI-J-027427,"The Journal of Popular Culture",0022-3840,1540-5931,"Wiley (Blackwell Publishing)",false,true
POSI-J-027428,"Journal of Combinatorial Designs",1063-8539,1520-6610,"Wiley (John Wiley & Sons)",false,true
POSI-J-027429,"Nutrition Bulletin",1471-9827,1467-3010,"Wiley (Blackwell Publishing)",false,true
POSI-J-027430,"Journal of Agrarian Change",1471-0358,1471-0366,"Wiley (Blackwell Publishing)",false,true
POSI-J-027431,"International Journal of Training and Development",1360-3736,1468-2419,"Wiley (Blackwell Publishing)",false,true
POSI-J-027432,"Noûs",0029-4624,1468-0068,"Wiley (Blackwell Publishing)",false,true
POSI-J-027433,"Mathematical Finance",0960-1627,1467-9965,"Wiley (Blackwell Publishing)",false,true
POSI-J-027434,"Journal of Research in Reading",0141-0423,1467-9817,"Wiley (Blackwell Publishing)",false,true
POSI-J-027435,"Statistica Neerlandica",0039-0402,1467-9574,"Wiley (Blackwell Publishing)",false,true
POSI-J-027436,"Business and Society Review",0045-3609,1467-8594,"Wiley (Blackwell Publishing)",false,true
POSI-J-027437,"Asia Pacific Viewpoint",1360-7456,1467-8373,"Wiley (Blackwell Publishing)",false,true
POSI-J-027438,"Genes to Cells",1356-9597,1365-2443,"Wiley (Blackwell Publishing)",false,true
POSI-J-027439,"Microbiology and Immunology",0385-5600,1348-0421,"Wiley (Blackwell Publishing)",false,true
POSI-J-027440,"Philosophy &amp Public Affairs",0048-3915,1088-4963,"Wiley (Blackwell Publishing)",false,true
POSI-J-027441,"Recruiting & Retaining Adult Learners",2155-644X,2155-6458,"Wiley (John Wiley & Sons)",false,true
POSI-J-027442,"CSA News",1529-9163,1529-9163,"Wiley (John Wiley & Sons)",false,true
POSI-J-027443,"Intelligent Systems in Accounting Finance and Management",1550-1949,2160-0074,"Wiley (John Wiley & Sons)",false,true
POSI-J-027444,"Journal of Pharmacy Practice and Research",1445-937X,2055-2335,"Wiley (John Wiley & Sons)",false,true
POSI-J-027445,"Economic Papers A journal of applied economics and policy",0812-0439,1759-3441,"Wiley (Blackwell Publishing)",false,true
POSI-J-027446,"OPEC Energy Review",1753-0229,1753-0237,"Wiley (Blackwell Publishing)",false,true
POSI-J-027447,"Politics &amp Policy",1555-5623,1747-1346,"Wiley (Blackwell Publishing)",false,true
POSI-J-027448,"Presidential Studies Quarterly",0360-4918,,"Wiley (Blackwell Publishing)",false,true
POSI-J-027449,"Arabian archaeology and epigraphy",0905-7196,1600-0471,"Wiley (Blackwell Publishing)",false,true
POSI-J-027450,"Ecological Monographs",0012-9615,1557-7015,"Wiley (John Wiley & Sons)",false,true
POSI-J-027451,"Journal of Metamorphic Geology",0263-4929,1525-1314,"Wiley (Blackwell Publishing)",false,true
POSI-J-027452,"Critical Quarterly",0011-1562,1467-8705,"Wiley (Blackwell Publishing)",false,true
POSI-J-027453,"Australian & New Zealand Journal of Statistics",1369-1473,1467-842X,"Wiley (Blackwell Publishing)",false,true
POSI-J-027454,"Plant Species Biology",0913-557X,1442-1984,"Wiley (Blackwell Publishing)",false,true
POSI-J-027455,"Genetic Epidemiology",0741-0395,1098-2272,"Wiley (John Wiley & Sons)",false,true
POSI-J-027456,"Early Medieval Europe",0963-9462,1468-0254,"Wiley (Blackwell Publishing)",false,true
POSI-J-027457,"Journal of International Development",0954-1748,1099-1328,"Wiley (John Wiley & Sons)",false,true
POSI-J-027458,"Remediation Journal",1051-5658,1520-6831,"Wiley (John Wiley & Sons)",false,true
POSI-J-027459,"Child and Adolescent Mental Health",1475-357X,1475-3588,"Wiley (Blackwell Publishing)",false,true
POSI-J-027460,"Bipolar Disorders",1398-5647,1399-5618,"Wiley (Blackwell Publishing)",false,true
POSI-J-027461,"Sexuality Gender & Policy",2639-5355,2639-5355,"Wiley (John Wiley & Sons)",false,true
POSI-J-027462,"International Journal of Reproductive Medicine",2356-7104,2314-5757,"Hindawi Limited",false,true
POSI-J-027463,"Journal of Occupational and Organizational Psychology",0963-1798,2044-8325,"Wiley (Blackwell Publishing)",false,true
POSI-J-027464,"Policy & Internet",1944-2866,1944-2866,"Wiley (Blackwell Publishing)",false,true
POSI-J-027465,"Swiss Political Science Review",1424-7755,1662-6370,"Wiley (John Wiley & Sons)",false,true
POSI-J-027466,"Public Health Nursing",0737-1209,1525-1446,"Wiley (Blackwell Publishing)",false,true
POSI-J-027467,"Evolution & Development",1520-541X,1525-142X,"Wiley (Blackwell Publishing)",false,true
POSI-J-027468,"Particle & Particle Systems Characterization",0934-0866,1521-4117,"Wiley (John Wiley & Sons)",false,true
POSI-J-027469,"Bioelectromagnetics",0197-8462,1521-186X,"Wiley (John Wiley & Sons)",false,true
POSI-J-027470,"Systems Engineering",1098-1241,1520-6858,"Wiley (John Wiley & Sons)",false,true
POSI-J-027471,"Journal of Community Psychology",0090-4392,1520-6629,"Wiley (John Wiley & Sons)",false,true
POSI-J-027472,"Renaissance Studies",0269-1213,1477-4658,"Wiley (Blackwell Publishing)",false,true
POSI-J-027473,"Biopharmaceutics & Drug Disposition",0142-2782,1099-081X,"Wiley (John Wiley & Sons)",false,true
POSI-J-027474,"Numerical Methods for Partial Differential Equations",0749-159X,1098-2426,"Wiley (John Wiley & Sons)",false,true
POSI-J-027475,"Constellations",1351-0487,1467-8675,"Wiley (Blackwell Publishing)",false,true
POSI-J-027476,"Clinical Advances in Periodontics",2573-8046,2163-0097,"Wiley (John Wiley & Sons)",false,true
POSI-J-027477,"Australian Journal of Social Issues",0157-6321,1839-4655,"Wiley (John Wiley & Sons)",false,true
POSI-J-027478,"Crop Forage & Turfgrass Management",2374-3832,2374-3832,"Wiley (John Wiley & Sons)",false,true
POSI-J-027479,"Journal of Leadership Studies",1935-2611,1935-262X,"Wiley (John Wiley & Sons)",false,true
POSI-J-027480,"Statistical Analysis and Data Mining The ASA Data Science Journal",1932-1864,1932-1872,"Wiley (John Wiley & Sons)",false,true
POSI-J-027481,"Journal of Cell Communication and Signaling",1873-9601,1873-961X,"Wiley (John Wiley & Sons)",false,true
POSI-J-027482,"Australian Accounting Review",1035-6908,1835-2561,"Wiley (Blackwell Publishing)",false,true
POSI-J-027483,"Decision Sciences Journal of Innovative Education",1540-4595,1540-4609,"Wiley (Blackwell Publishing)",false,true
POSI-J-027484,"Animal Conservation",1367-9430,1469-1795,"Wiley (Blackwell Publishing)",false,true
POSI-J-027485,"Journal of Religious History",0022-4227,1467-9809,"Wiley (Blackwell Publishing)",false,true
POSI-J-027486,"Australian Journal of Rural Health",1038-5282,1440-1584,"Wiley (Blackwell Publishing)",false,true
POSI-J-027487,"International Journal of Experimental Pathology",0959-9673,1365-2613,"Wiley (Blackwell Publishing)",false,true
POSI-J-027488,"New Zealand Journal of Botany",0028-825X,1175-8643,"Wiley (John Wiley & Sons)",false,true
POSI-J-027489,"Disability Compliance for Higher Education",1086-1335,1943-8001,"Wiley (John Wiley & Sons)",false,true
POSI-J-027490,"Student Affairs Today",1098-5166,1943-7552,"Wiley (John Wiley & Sons)",false,true
POSI-J-027491,"The Successful Registrar",1534-7710,1943-7560,"Wiley (John Wiley & Sons)",false,true
POSI-J-027492,"Foreign Language Annals",0015-718X,1944-9720,"Wiley (Blackwell Publishing)",false,true
POSI-J-027493,"Canadian Journal of Agricultural Economics/Revue canadienne d agroeconomie",0008-3976,1744-7976,"Wiley (Blackwell Publishing)",false,true
POSI-J-027494,"Symbolic Interaction",0195-6086,1533-8665,"Wiley (John Wiley & Sons)",false,true
POSI-J-027495,"Protein Science",0961-8368,1469-896X,"Wiley (John Wiley & Sons)",false,true
POSI-J-027496,"EPPO Bulletin",0250-8052,1365-2338,"Wiley (Blackwell Publishing)",false,true
POSI-J-027497,"Journal of Advanced Manufacturing and Processing",2637-403X,2637-403X,"Wiley (John Wiley & Sons)",false,true
POSI-J-027498,"Perspectives on Sexual and Reproductive Health",1538-6341,1931-2393,"Wiley (Blackwell Publishing)",false,true
POSI-J-027499,"Journal of Renal Care",1755-6678,1755-6686,"Wiley (Blackwell Publishing)",false,true
POSI-J-027500,"Journal for Eighteenth-Century Studies",1754-0194,1754-0208,"Wiley (Blackwell Publishing)",false,true
POSI-J-027501,"Journal of Family and Consumer Sciences",1552-3934,,"American Association of Family and Consumer Sciences",false,true
POSI-J-027502,"Anthropology & Education Quarterly",0161-7761,1548-1492,"Wiley (Blackwell Publishing)",false,true
POSI-J-027503,"Public Budgeting &amp Finance",0275-1100,1540-5850,"Wiley (Blackwell Publishing)",false,true
POSI-J-027504,"genesis",1526-954X,1526-968X,"Wiley (John Wiley & Sons)",false,true
POSI-J-027505,"International Journal of Selection and Assessment",0965-075X,1468-2389,"Wiley (Blackwell Publishing)",false,true
POSI-J-027506,"Asian-Pacific Economic Literature",0818-9935,1467-8411,"Wiley (Blackwell Publishing)",false,true
POSI-J-027507,"Journal of Community & Applied Social Psychology",1052-9284,1099-1298,"Wiley (John Wiley & Sons)",false,true
POSI-J-027508,"Family and Consumer Sciences Research Journal",1077-727X,1552-3934,"Wiley (John Wiley & Sons)",false,true
POSI-J-027509,"Journal of Systematics and Evolution",1674-4918,1759-6831,"Wiley (Blackwell Publishing)",false,true
POSI-J-027510,"Geoarchaeology",0883-6353,1520-6548,"Wiley (John Wiley & Sons)",false,true
POSI-J-027511,"Austral Entomology",2052-174X,2052-1758,"Wiley (Blackwell Publishing)",false,true
POSI-J-027512,"Legislative Studies Quarterly",0362-9805,1939-9162,"Wiley (Blackwell Publishing)",false,true
POSI-J-027513,"Journal of Legal Studies Education",0896-5811,1744-1722,"Wiley (Blackwell Publishing)",false,true
POSI-J-027514,"International Journal of Art & Design Education",1476-8062,1476-8070,"Wiley (Blackwell Publishing)",false,true
POSI-J-027515,"Sociologia Ruralis",0038-0199,1467-9523,"Wiley (Blackwell Publishing)",false,true
POSI-J-027516,"Medical and Veterinary Entomology",0269-283X,1365-2915,"Wiley (Blackwell Publishing)",false,true
POSI-J-027517,"Behavioral Sciences & the Law",0735-3936,1099-0798,"Wiley (John Wiley & Sons)",false,true
POSI-J-027518,"Financial Planning Review",2573-8615,2573-8615,"Wiley (John Wiley & Sons)",false,true
POSI-J-027519,"American Journal on Addictions",1055-0496,1521-0391,"Wiley (Blackwell Publishing)",false,true
POSI-J-027520,"New Zealand Journal of Crop and Horticultural Science",0114-0671,1175-8783,"Wiley (John Wiley & Sons)",false,true
POSI-J-027521,"Journal of Business Logistics",0735-3766,2158-1592,"Wiley (John Wiley & Sons)",false,true
POSI-J-027522,"PsyCh Journal",2046-0252,2046-0260,"Wiley (John Wiley & Sons)",true,true
POSI-J-027523,"Asian Economic Policy Review",1832-8105,1748-3131,"Wiley (Blackwell Publishing)",false,true
POSI-J-027524,"The Journal of World Intellectual Property",1422-2213,1747-1796,"Wiley (Blackwell Publishing)",false,true
POSI-J-027525,"Fiscal Studies",0143-5671,1475-5890,"Wiley (Blackwell Publishing)",false,true
POSI-J-027526,"Middle East Policy",1061-1924,1475-4967,"Wiley (Blackwell Publishing)",false,true
POSI-J-027527,"Physiological Entomology",0307-6962,1365-3032,"Wiley (Blackwell Publishing)",false,true
POSI-J-027528,"Journal of Corporate Accounting & Finance",1044-8136,1097-0053,"Wiley (John Wiley & Sons)",false,true
POSI-J-027529,"AORN Journal",0001-2092,1878-0369,"Wiley (John Wiley & Sons)",false,true
POSI-J-027530,"New Zealand Journal of Marine and Freshwater Research",0028-8330,1175-8805,"Wiley (John Wiley & Sons)",false,true
POSI-J-027531,"Earthquake Spectra",8755-2930,1944-8201,"Wiley (John Wiley & Sons)",false,true
POSI-J-027532,"International Journal of Older People Nursing",1748-3735,1748-3743,"Wiley (Blackwell Publishing)",false,true
POSI-J-027533,"Congenital Anomalies",0914-3505,1741-5420,"Wiley (Blackwell Publishing)",false,true
POSI-J-027534,"Permafrost and Periglacial Processes",1045-6740,1099-1530,"Wiley (John Wiley & Sons)",false,true
POSI-J-027535,"New Zealand Journal of Geology and Geophysics",0028-8306,1175-8791,"Wiley (John Wiley & Sons)",false,true
POSI-J-027536,"Clinical and Public Health Guidelines",2836-3973,2836-3973,"Wiley (John Wiley & Sons)",false,true
POSI-J-027537,"Sonography",2202-8323,2054-6750,"Wiley (John Wiley & Sons)",false,true
POSI-J-027538,"American Business Law Journal",0002-7766,1744-1714,"Wiley (Blackwell Publishing)",false,true
POSI-J-027539,"Lipids",0024-4201,1558-9307,"Wiley (John Wiley & Sons)",false,true
POSI-J-027540,"International Journal of Satellite Communications and Networking",1542-0973,1542-0981,"Wiley (John Wiley & Sons)",false,true
POSI-J-027541,"Canadian Journal of Economics/Revue canadienne d économique",0008-4085,1540-5982,"Wiley (Blackwell Publishing)",false,true
POSI-J-027542,"Campus Security Report",1551-2800,1945-6247,"Wiley (John Wiley & Sons)",false,true
POSI-J-027543,"The Brown University Psychopharmacology Update",1068-5308,1556-7532,"Wiley (John Wiley & Sons)",false,true
POSI-J-027544,"Alternatives to the High Cost of Litigation",1549-4373,1549-4381,"Wiley (John Wiley & Sons)",false,true
POSI-J-027545,"The Philosophical Forum",0031-806X,1467-9191,"Wiley (Blackwell Publishing)",false,true
POSI-J-027546,"Microsurgery",0738-1085,1098-2752,"Wiley (John Wiley & Sons)",false,true
POSI-J-027547,"Journal of Geophysical Research Solid Earth",2169-9313,2169-9356,"American Geophysical Union",false,true
POSI-J-027548,"Journal of Geophysical Research Planets",2169-9097,2169-9100,"American Geophysical Union",false,true
POSI-J-027549,"Journal of Geophysical Research Earth Surface",2169-9003,2169-9011,"American Geophysical Union",false,true
POSI-J-027550,"Journal of Geophysical Research Biogeosciences",2169-8953,2169-8961,"American Geophysical Union",false,true
POSI-J-027551,"Asia-Pacific Journal of Financial Studies",2041-9945,2041-6156,"Wiley (Blackwell Publishing)",false,true
POSI-J-027552,"Global Biogeochemical Cycles",0886-6236,1944-9224,"American Geophysical Union",false,true
POSI-J-027553,"Wildlife Monographs",0084-0173,1938-5455,"Wiley (John Wiley & Sons)",false,true
POSI-J-027554,"Journal of Adolescent & Adult Literacy",1081-3004,1936-2706,"Wiley (John Wiley & Sons)",false,true
POSI-J-027555,"Religion Compass",1749-8171,1749-8171,"Wiley (Blackwell Publishing)",false,true
POSI-J-027556,"Philosophy Compass",1747-9991,1747-9991,"Wiley (Blackwell Publishing)",false,true
POSI-J-027557,"International Journal of Corrosion",1687-9325,1687-9333,"Hindawi Limited",false,true
POSI-J-027558,"American Journal of Political Science",0092-5853,1540-5907,"Wiley (Blackwell Publishing)",false,true
POSI-J-027559,"History Compass",1478-0542,1478-0542,"Wiley (Blackwell Publishing)",false,true
POSI-J-027560,"Journal of the Royal Society of New Zealand",0303-6758,1175-8899,"Wiley (John Wiley & Sons)",false,true
POSI-J-027561,"Enrollment Management Report",1094-3757,1945-6263,"Wiley (John Wiley & Sons)",false,true
POSI-J-027562,"Asia‐Pacific Economic History Review",2832-157X,2832-157X,"Wiley (Blackwell Publishing)",false,true
POSI-J-027563,"Accounting Perspectives",1911-382X,1911-3838,"Wiley (Blackwell Publishing)",false,true
POSI-J-027564,"Journal of Topology",1753-8416,1753-8424,"London Mathematical Society",false,true
POSI-J-027565,"Orbis Litterarum",0105-7510,1600-0730,"Wiley (Blackwell Publishing)",false,true
POSI-J-027566,"Paleoceanography and Paleoclimatology",2572-4517,2572-4525,"American Geophysical Union",false,true
POSI-J-027567,"Journal of Geophysical Research Space Physics",2169-9380,2169-9402,"American Geophysical Union",false,true
POSI-J-027568,"Journal of Geophysical Research Oceans",2169-9275,2169-9291,"American Geophysical Union",false,true
POSI-J-027569,"Tectonics",0278-7407,1944-9194,"American Geophysical Union",false,true
POSI-J-027570,"International Review of Finance",1369-412X,1468-2443,"Wiley (Blackwell Publishing)",false,true
POSI-J-027571,"Strategic Change",1086-1718,1099-1697,"Wiley (John Wiley & Sons)",false,true
POSI-J-027572,"Mass Spectrometry Reviews",0277-7037,1098-2787,"Wiley (John Wiley & Sons)",false,true
POSI-J-027573,"Anthropology Today",0268-540X,1467-8322,"Wiley (Blackwell Publishing)",false,true
POSI-J-027574,"Leader to Leader",1087-8149,1531-5355,"Wiley (John Wiley & Sons)",false,true
POSI-J-027575,"New Zealand Journal of Zoology",0301-4223,1175-8821,"Wiley (John Wiley & Sons)",false,true
POSI-J-027576,"Futures & Foresight Science",2573-5152,2573-5152,"Wiley (John Wiley & Sons)",false,true
POSI-J-027577,"Personality and Mental Health",1932-8621,1932-863X,"Wiley (John Wiley & Sons)",false,true
POSI-J-027578,"Canadian Public Administration",0008-4840,1754-7121,"Wiley (Blackwell Publishing)",false,true
POSI-J-027579,"Human Resource Management Journal",0954-5395,1748-8583,"Wiley (Blackwell Publishing)",false,true
POSI-J-027580,"Personnel Psychology",0031-5826,1744-6570,"Wiley (Blackwell Publishing)",false,true
POSI-J-027581,"American Journal of Medical Genetics Part B Neuropsychiatric Genetics",1552-4841,1552-485X,"Wiley (John Wiley & Sons)",false,true
POSI-J-027582,"Journal of Behavioral Decision Making",0894-3257,1099-0771,"Wiley (John Wiley & Sons)",false,true
POSI-J-027583,"Macromolecular Symposia",1022-1360,1521-3900,"Wiley (John Wiley & Sons)",false,true
POSI-J-027584,"Reviews in Religion and Theology",1350-7303,1467-9418,"Wiley (Blackwell Publishing)",false,true
POSI-J-027585,"African Journal of Ecology",0141-6707,1365-2028,"Wiley (Blackwell Publishing)",false,true
POSI-J-027586,"Economic Affairs",0265-0665,1468-0270,"Wiley (Blackwell Publishing)",false,true
POSI-J-027587,"Vietnam Journal of Chemistry",0866-7144,2572-8288,"Wiley (John Wiley & Sons)",false,true
POSI-J-027588,"Acta Geologica Sinica - English Edition",1000-9515,1755-6724,"Wiley (Blackwell Publishing)",false,true
POSI-J-027589,"European Law Journal",1351-5993,1468-0386,"Wiley (Blackwell Publishing)",false,true
POSI-J-027590,"Lebensmittelchemie",0937-1478,1521-3811,"Wiley (John Wiley & Sons)",false,true
POSI-J-027591,"CITplus",1436-2597,1439-0663,"Wiley (John Wiley & Sons)",false,true
POSI-J-027592,"Geomechanics and Tunnelling",1865-7362,1865-7389,"Wiley (John Wiley & Sons)",false,true
POSI-J-027593,"Parliamentary History",0264-2824,1750-0206,"Wiley (Blackwell Publishing)",false,true
POSI-J-027594,"Bauphysik",0171-5445,1437-0980,"Wiley (John Wiley & Sons)",false,true
POSI-J-027595,"Genes Chromosomes and Cancer",1045-2257,1098-2264,"Wiley (John Wiley & Sons)",false,true
POSI-J-027596,"Insight",2156-485X,2156-4868,"Wiley (John Wiley & Sons)",false,true
POSI-J-027597,"Practical Diabetes",2047-2897,2047-2900,"Wiley (John Wiley & Sons)",false,true
POSI-J-027598,"Vakuum in Forschung und Praxis",0947-076X,1522-2454,"Wiley (John Wiley & Sons)",false,true
POSI-J-027599,"New Zealand Journal of Agricultural Research",0028-8233,1175-8775,"Wiley (John Wiley & Sons)",false,true
POSI-J-027600,"Proceedings of the London Mathematical Society",0024-6115,1234-5678,"London Mathematical Society",false,true
POSI-J-027601,"The National Teaching & Learning Forum",1057-2880,2166-3327,"Wiley (John Wiley & Sons)",false,true
POSI-J-027602,"World Employment and Social Outlook",2059-3031,2059-3031,"Wiley (John Wiley & Sons)",false,true
POSI-J-027603,"Theoria",1755-2567,0040-5825,"Wiley (Blackwell Publishing)",false,true
POSI-J-027604,"Criminology",0011-1384,1745-9125,"Wiley (Blackwell Publishing)",false,true
POSI-J-027605,"Mathematical Logic Quarterly",0044-3050,1521-3870,"Wiley (John Wiley & Sons)",false,true
POSI-J-027606,"Dermatological Reviews",2637-7489,2637-7489,"Wiley (John Wiley & Sons)",false,true
POSI-J-027607,"Journal of the Society for Information Display",1071-0922,1938-3657,"Wiley (John Wiley & Sons)",false,true
POSI-J-027608,"Diabetes Obesity and Metabolism Now",2688-8939,2688-8939,"Wiley (John Wiley & Sons)",false,true
POSI-J-027609,"Biology of the Cell",0248-4900,1768-322X,"Wiley (Blackwell Publishing)",false,true
POSI-J-027610,"Decision Sciences",0011-7315,1540-5915,"Wiley (Blackwell Publishing)",false,true
POSI-J-027611,"Journal of Sociolinguistics",1360-6441,1467-9841,"Wiley (Blackwell Publishing)",false,true
POSI-J-027612,"International Insolvency Review",1180-0518,1099-1107,"Wiley (John Wiley & Sons)",false,true
POSI-J-027613,"Radio Science",0048-6604,1944-799X,"American Geophysical Union",false,true
POSI-J-027614,"Nurse Author & Editor",1750-4910,1750-4910,"Wiley (Blackwell Publishing)",false,true
POSI-J-027615,"Wiley Interdisciplinary Reviews Forensic Science",2573-9468,2573-9468,"Wiley (John Wiley & Sons)",false,true
POSI-J-027616,"Journal of Social Issues",0022-4537,1540-4560,"Wiley (Blackwell Publishing)",false,true
POSI-J-027617,"Journal of Software Evolution and Process",2047-7473,2047-7481,"Wiley (John Wiley & Sons)",false,true
POSI-J-027618,"Studies in Family Planning",0039-3665,1728-4465,"Wiley (Blackwell Publishing)",false,true
POSI-J-027619,"Risk Management and Insurance Review",1098-1616,1540-6296,"Wiley (Blackwell Publishing)",false,true
POSI-J-027620,"Sustainable Food Proteins",2771-9693,2771-9693,"Wiley (John Wiley & Sons)",false,true
POSI-J-027621,"Advances in Operations Research",1687-9147,1687-9155,"Hindawi Limited",false,true
POSI-J-027622,"Anthropology of Work Review",0883-024X,1548-1417,"Wiley (Blackwell Publishing)",false,true
POSI-J-027623,"Thunderbird International Business Review",1096-4762,1520-6874,"Wiley (John Wiley & Sons)",false,true
POSI-J-027624,"Entomological Science",1343-8786,1479-8298,"Wiley (Blackwell Publishing)",false,true
POSI-J-027625,"Journal of Thyroid Research",2090-8067,2042-0072,"Hindawi Limited",false,true
POSI-J-027626,"Traditional & Kampo Medicine",2053-4515,2053-4515,"Wiley (John Wiley & Sons)",false,true
POSI-J-027627,"The Journal of Latin American and Caribbean Anthropology",1935-4932,1935-4940,"Wiley (Blackwell Publishing)",false,true
POSI-J-027628,"EuroChoices",1478-0917,1746-692X,"Wiley (Blackwell Publishing)",false,true
POSI-J-027629,"Invertebrate Biology",1077-8306,1744-7410,"The American Microscopical Society",false,true
POSI-J-027630,"World Englishes",0883-2919,1467-971X,"Wiley (Blackwell Publishing)",false,true
POSI-J-027631,"Economic Record",0013-0249,1475-4932,"Wiley (Blackwell Publishing)",false,true
POSI-J-027632,"Oceania",0029-8077,1834-4461,"Wiley (John Wiley & Sons)",false,true
POSI-J-027633,"Hemodialysis International",1492-7535,1542-4758,"Wiley (Blackwell Publishing)",false,true
POSI-J-027634,"Syntax",1368-0005,1467-9612,"Wiley (Blackwell Publishing)",false,true
POSI-J-027635,"Art History",0141-6790,1467-8365,"Oxford University Press",false,true
POSI-J-027636,"Disasters",0361-3666,1467-7717,"Wiley (Blackwell Publishing)",false,true
POSI-J-027637,"International Journal of Alzheimer s Disease",2090-8024,2090-0252,"Hindawi Limited",false,true
POSI-J-027638,"Journal of Law and Society",0263-323X,1467-6478,"Wiley (Blackwell Publishing)",false,true
POSI-J-027639,"Sociology Lens",2832-5796,2832-580X,"Wiley (Blackwell Publishing)",false,true
POSI-J-027640,"Journal of Optimization",2356-752X,2314-6486,"Hindawi Limited",false,true
POSI-J-027641,"The RAND Journal of Economics",0741-6261,1756-2171,"Wiley (Blackwell Publishing)",false,true
POSI-J-027642,"World Affairs",0043-8200,1940-1582,"Wiley (John Wiley & Sons)",false,true
POSI-J-027643,"Electrical Engineering in Japan",0424-7760,1520-6416,"Wiley (John Wiley & Sons)",false,true
POSI-J-027644,"Electronics and Communications in Japan",1942-9533,1942-9541,"Wiley (John Wiley & Sons)",false,true
POSI-J-027645,"Journal of Veterinary Emergency and Critical Care",1479-3261,1476-4431,"Wiley (Blackwell Publishing)",false,true
POSI-J-027646,"The Career Development Quarterly",0889-4019,2161-0045,"Wiley (John Wiley & Sons)",false,true
POSI-J-027647,"LUTS Lower Urinary Tract Symptoms",1757-5664,1757-5672,"Wiley (Blackwell Publishing)",false,true
POSI-J-027648,"Macromolecular Theory and Simulations",1022-1344,1521-3919,"Wiley (John Wiley & Sons)",false,true
POSI-J-027649,"Pacific Economic Review",1361-374X,1468-0106,"Wiley (Blackwell Publishing)",false,true
POSI-J-027650,"Asia Pacific Journal of Human Resources",1038-4111,1744-7941,"Wiley (Blackwell Publishing)",false,true
POSI-J-027651,"geotechnik",0172-6145,2190-6653,"Wiley (John Wiley & Sons)",false,true
POSI-J-027652,"Advances in Preventive Medicine",2090-3480,2090-3499,"Hindawi Limited",false,true
POSI-J-027653,"Design Management Review",1557-0614,1948-7169,"Wiley (Blackwell Publishing)",false,true
POSI-J-027654,"The Southern Journal of Philosophy",0038-4283,2041-6962,"Wiley (Blackwell Publishing)",false,true
POSI-J-027655,"Journal of Linguistic Anthropology",1055-1360,1548-1395,"Wiley (Blackwell Publishing)",false,true
POSI-J-027656,"Nursing Philosophy",1466-7681,1466-769X,"Wiley (Blackwell Publishing)",false,true
POSI-J-027657,"Latin American Policy",2041-7365,2041-7373,"Wiley (Blackwell Publishing)",false,true
POSI-J-027658,"Advances in Tribology",1687-5915,1687-5923,"Hindawi Limited",false,true
POSI-J-027659,"Poverty & Public Policy",1944-2858,1944-2858,"Wiley (Blackwell Publishing)",false,true
POSI-J-027660,"Transactions of the Philological Society",0079-1636,1467-968X,"Wiley (Blackwell Publishing)",false,true
POSI-J-027661,"Integrative Conservation",2770-9329,2770-9329,"Wiley (John Wiley & Sons)",false,true
POSI-J-027662,"Museum Anthropology",0892-8339,1548-1379,"Wiley (Blackwell Publishing)",false,true
POSI-J-027663,"Feminist Anthropology",2643-7961,2643-7961,"Wiley (John Wiley & Sons)",false,true
POSI-J-027664,"Contrast Media & Molecular Imaging",1555-4309,1555-4317,"Hindawi Limited",false,true
POSI-J-027665,"International Statistical Review",0306-7734,1751-5823,"Wiley (Blackwell Publishing)",false,true
POSI-J-027666,"Family Court Review",1531-2445,1744-1617,"Wiley (Blackwell Publishing)",false,true
POSI-J-027667,"ChemSystemsChem",2570-4206,2570-4206,"Wiley (John Wiley & Sons)",false,true
POSI-J-027668,"New Directions for Higher Education",0271-0560,1536-0741,"Wiley (John Wiley & Sons)",false,true
POSI-J-027669,"History and Theory",0018-2656,1468-2303,"Wiley (Blackwell Publishing)",false,true
POSI-J-027670,"Knowledge and Process Management",1092-4604,1099-1441,"Wiley (John Wiley & Sons)",false,true
POSI-J-027671,"Religious Studies Review",0319-485X,1748-0922,"Wiley (Blackwell Publishing)",false,true
POSI-J-027672,"ce/papers",2509-7075,2509-7075,"Wiley (John Wiley & Sons)",false,true
POSI-J-027673,"The Department Chair",1049-3255,1936-4393,"Wiley (John Wiley & Sons)",false,true
POSI-J-027674,"Wiley Interdisciplinary Reviews - RNA",1757-7004,1757-7012,"Wiley (John Wiley & Sons)",false,true
POSI-J-027675,"New Directions for Evaluation",1097-6736,1534-875X,"Wiley (John Wiley & Sons)",false,true
POSI-J-027676,"Curtis s Botanical Magazine",1355-4905,1467-8748,"Wiley (Blackwell Publishing)",false,true
POSI-J-027677,"Vom Wasser",0083-6915,2699-1721,"Wiley (John Wiley & Sons)",false,true
POSI-J-027678,"Visual Anthropology Review",1058-7187,1548-7458,"Wiley (Blackwell Publishing)",false,true
POSI-J-027679,"New Directions for Community Colleges",0194-3081,1536-0733,"Wiley (John Wiley & Sons)",false,true
POSI-J-027680,"Milton Quarterly",0026-4326,1094-348X,"Wiley (Blackwell Publishing)",false,true
POSI-J-027681,"New Directions for Student Leadership",2373-3349,2373-3357,"Wiley (John Wiley & Sons)",false,true
POSI-J-027682,"Earthquake Engineering and Resilience",2770-5706,2770-5706,"Wiley (John Wiley & Sons)",false,true
POSI-J-027683,"New Directions for Teaching and Learning",0271-0633,1536-0768,"Wiley (John Wiley & Sons)",false,true
POSI-J-027684,"Sculpture Monuments and Open Space",2993-3439,2993-3439,"Wiley (John Wiley & Sons)",false,true
POSI-J-027685,"Wiley Interdisciplinary Reviews Energy and Environment",2041-8396,2041-840X,"Wiley (John Wiley & Sons)",false,true
POSI-J-027686,"New Directions for Adult and Continuing Education",1052-2891,1536-0717,"Wiley (John Wiley & Sons)",false,true
POSI-J-027687,"General Anthropology",1537-1727,1939-3466,"Wiley (Blackwell Publishing)",false,true
POSI-J-027688,"New Directions for Student Services",0164-7970,1536-0695,"Wiley (John Wiley & Sons)",false,true
POSI-J-027689,"Teaching Theology & Religion",1368-4868,1467-9647,"Wiley (Blackwell Publishing)",false,true
POSI-J-027690,"Music Analysis",0262-5245,1468-2249,"Wiley (Blackwell Publishing)",false,true
POSI-J-027691,"Asian Economic Journal",1351-3958,1467-8381,"Wiley (Blackwell Publishing)",false,true
POSI-J-027692,"AWWA Water Science",2577-8161,2577-8161,"Wiley (John Wiley & Sons)",false,true
POSI-J-027693,"Juvenile and Family Court Journal",0161-7109,1755-6988,"Wiley (Blackwell Publishing)",false,true
POSI-J-027694,"Liver International Communications",2994-1393,2994-1393,"Wiley (John Wiley & Sons)",false,true
POSI-J-027695,"Civil Engineering Design",2625-073X,2625-073X,"Wiley (John Wiley & Sons)",false,true
POSI-J-027696,"International Review of Hydrobiology",1434-2944,1522-2632,"Wiley (John Wiley & Sons)",false,true
POSI-J-027697,"Canadian Journal of Administrative Sciences / Revue Canadienne des Sciences de l Administration",0825-0383,1936-4490,"Wiley (John Wiley & Sons)",false,true
POSI-J-027698,"The Journal of Humanistic Counseling",2159-0311,2161-1939,"Wiley (John Wiley & Sons)",false,true
POSI-J-027699,"Developmental Neurobiology",1932-8451,1932-846X,"Wiley (John Wiley & Sons)",false,true
POSI-J-027700,"Journal of Critical Infrastructure Policy",2693-3101,2693-3101,"Wiley (John Wiley & Sons)",false,true
POSI-J-027701,"Studia Linguistica",0039-3193,1467-9582,"Wiley (Blackwell Publishing)",false,true
POSI-J-027702,"Surgery Research and Practice",2356-7759,2356-6124,"Hindawi Limited",false,true
POSI-J-027703,"Advances in Cell and Gene Therapy",2573-8461,2573-8461,"Hindawi Limited",false,true
POSI-J-027704,"Pacific Focus",1225-4657,1976-5118,"Wiley (Blackwell Publishing)",false,true
POSI-J-027705,"Literature Compass",1741-4113,1741-4113,"Wiley (Blackwell Publishing)",false,true
POSI-J-027706,"Journal of Sports Medicine",2356-7651,2314-6176,"Hindawi Limited",false,true
POSI-J-027707,"Journal of Energy",2356-735X,2314-615X,"Hindawi Limited",false,true
POSI-J-027708,"Autoimmune Diseases",2090-0422,2090-0430,"Hindawi Publishing Corporation (Sage-Hindawi Access to Research)",false,true
POSI-J-027709,"SID Symposium Digest of Technical Papers",0097-966X,2168-0159,"Wiley (John Wiley & Sons)",false,true
POSI-J-027710,"The Australian Journal of Anthropology",1035-8811,1835-9310,"Wiley (Blackwell Publishing)",false,true
POSI-J-027711,"Popular Culture Review",1060-8125,2831-865X,"Wiley (John Wiley & Sons)",false,true
POSI-J-027712,"World Migration Report",1561-5502,1561-5502,"Wiley (John Wiley & Sons)",false,true
POSI-J-027713,"German Life and Letters",0016-8777,1468-0483,"Wiley (Blackwell Publishing)",false,true
POSI-J-027714,"Journal of Petroleum Geology",0141-6421,1747-5457,"Wiley (Blackwell Publishing)",false,true
POSI-J-027715,"Journal of Elder Policy",2767-7451,2767-7451,"Wiley (John Wiley & Sons)",false,true
POSI-J-027716,"Future Humanities",2770-2030,2770-2030,"Wiley (John Wiley & Sons)",false,true
POSI-J-027717,"Berichte zur Wissenschaftsgeschichte",0170-6233,1522-2365,"Wiley (John Wiley & Sons)",false,true
POSI-J-027718,"Culture Agriculture Food and Environment",2153-9553,2153-9561,"Wiley (Blackwell Publishing)",false,true
POSI-J-027719,"IPPR Progressive Review",2573-2323,2573-2331,"Wiley (Blackwell Publishing)",false,true
POSI-J-027720,"The Muslim World",0027-4909,1478-1913,"Wiley (Blackwell Publishing)",false,true
POSI-J-027721,"Advances in Medicine",2356-6752,2314-758X,"Hindawi Limited",false,true
POSI-J-027722,"World Food Policy",2372-8639,2372-8639,"Wiley (John Wiley & Sons)",false,true
POSI-J-027723,"Sleep Disorders",2090-3545,2090-3553,"Hindawi Limited",false,true
POSI-J-027724,"Reviews of Geophysics",8755-1209,1944-9208,"American Geophysical Union",false,true
POSI-J-027725,"Concepts in Magnetic Resonance Part B",1552-5031,1552-504X,"Hindawi Limited",false,true
POSI-J-027726,"International Review of Mission",0020-8582,1758-6631,"Wiley (Blackwell Publishing)",false,true
POSI-J-027727,"Journal of Pathogens",2090-3057,2090-3065,"Hindawi Limited",false,true
POSI-J-027728,"Journal of Marine Sciences",2633-4666,2633-4674,"Hindawi Limited",false,true
POSI-J-027729,"PhotoMat",2771-3164,2771-3164,"Wiley (John Wiley & Sons)",false,true
POSI-J-027730,"CyberOrient",1804-3194,1804-3194,"Wiley (John Wiley & Sons)",false,true
POSI-J-027731,"INCOSE International Symposium",2334-5837,2334-5837,"Wiley (John Wiley & Sons)",false,true
POSI-J-027732,"Archeological Papers of the American Anthropological Association",1551-823X,1551-8248,"Wiley (Blackwell Publishing)",false,true
POSI-J-027733,"Oil & Energy Trends Annual Statistical Review",0953-1033,1746-9066,"Wiley (Blackwell Publishing)",false,true
POSI-J-027734,"International Turfgrass Society Research Journal",2573-1513,2573-1513,"Wiley (John Wiley & Sons)",false,true
POSI-J-027735,"InfoScience",2769-5883,2769-5883,"Wiley (John Wiley & Sons)",true,true
POSI-J-027736,"Food Biomacromolecules",2996-2757,2996-2757,"Wiley (John Wiley & Sons)",false,true
POSI-J-027737,"New Plant Protection",2994-9890,2994-9890,"Wiley (John Wiley & Sons)",false,true
POSI-J-027738,"Organ Medicine",2994-1741,2994-175X,"Wiley (John Wiley & Sons)",false,true
POSI-J-027739,"Journal of Intelligent Medicine",2837-6749,2837-6757,"Wiley (John Wiley & Sons)",false,true
POSI-J-027740,"Philosophical Issues",1533-6077,1533-6077,"Wiley (Blackwell Publishing)",false,true
POSI-J-027741,"Social Issues and Policy Review",1751-2395,1751-2409,"Wiley (Blackwell Publishing)",false,true
POSI-J-027742,"Proceedings of the Association for Information Science and Technology",2373-9231,2373-9231,"Wiley (John Wiley & Sons)",false,true
POSI-J-027743,"Design Management Journal",1942-5074,1948-7177,"Wiley (Blackwell Publishing)",false,true
POSI-J-027744,"Earth Stewardship",2835-3617,2835-3617,"Wiley (John Wiley & Sons)",false,true
POSI-J-027745,"Ethnographic Praxis in Industry Conference Proceedings",1559-890X,1559-8918,"Wiley (Blackwell Publishing)",false,true
POSI-J-027746,"Philosophical Perspectives",1520-8583,1520-8583,"Wiley (Blackwell Publishing)",false,true
POSI-J-027747,"Translational Biophotonics",2627-1850,2627-1850,"Wiley (John Wiley & Sons)",false,true
POSI-J-027748,"Journal of Philanthropy",3064-7878,3064-7878,"Wiley (John Wiley & Sons)",false,true
POSI-J-027749,"SCI Sustainability",2997-6286,2997-6286,"Wiley (John Wiley & Sons)",false,true
POSI-J-027750,"Advanced Robotics Research",2943-9973,2943-9973,"Wiley (John Wiley & Sons)",false,true
POSI-J-027751,"SmartBot",2998-4432,2998-1891,"Wiley (John Wiley & Sons)",true,true
POSI-J-027752,"Food Chemistry International",3065-9027,3065-9027,"Wiley (John Wiley & Sons)",false,true
POSI-J-027753,"FlexTech",2771-1706,2771-1714,"Wiley (John Wiley & Sons)",false,true
POSI-J-027754,"SmartSys",2097-5430,2097-5430,"Wiley (John Wiley & Sons)",false,true
POSI-J-027755,"Cancer Nexus",2998-3517,2998-0623,"Wiley (John Wiley & Sons)",false,true
POSI-J-027756,"Sensory Neuroscience",2997-8874,2997-8874,"Wiley (John Wiley & Sons)",true,true
POSI-J-027757,"Intelligent Systems in Accounting Finance & Management",1055-615X,1099-1174,"Wiley (John Wiley & Sons)",false,true
POSI-J-027758,"Angewandte Chemie Novit",2510-9537,2510-9537,"Wiley (John Wiley & Sons)",false,true
POSI-J-027759,"Medicine Bulletin",3065-2723,3065-2731,"Wiley (John Wiley & Sons)",false,true
POSI-J-027760,"Barrier Immunity",2994-1792,2994-1806,"Wiley (John Wiley & Sons)",false,true
POSI-J-027761,"Global Change Biology Communications",3066-9200,3066-9200,"Wiley (John Wiley & Sons)",true,true
POSI-J-027762,"AgriFood Journal of Agricultural Products for Food",3066-9448,3066-9448,"Wiley (John Wiley & Sons)",false,true
POSI-J-027763,"AI & Innovation",3067-3933,3067-3941,"Wiley (John Wiley & Sons)",false,true
POSI-J-027764,"iNew Medicine",3067-2775,3067-2767,"Wiley (John Wiley & Sons)",false,true
POSI-J-027765,"JCC Plus",3066-943X,3066-943X,"Wiley (John Wiley & Sons)",false,true
POSI-J-027766,"Gut Medicine",3067-2805,3067-2791,"Wiley (John Wiley & Sons)",false,true
POSI-J-027767,"cScience",3067-6630,3067-6630,"Wiley (John Wiley & Sons)",false,true
POSI-J-027768,"Transformative Chemistry",2998-1999,2998-2006,"Wiley (John Wiley & Sons)",false,true
POSI-J-027769,"Brain Health",3067-2716,3067-2708,"Wiley (John Wiley & Sons)",false,true
POSI-J-027770,"Canadian Geographies / Géographies canadiennes",3069-0587,3069-0595,"Wiley (Blackwell Publishing)",false,true
POSI-J-027771,"Microbiota Medicine Research",2097-6941,2097-6941,"Wiley (John Wiley & Sons)",false,true
POSI-J-027772,"Environmental Psychology Research",3067-6789,3067-6789,"Wiley (John Wiley & Sons)",false,true
POSI-J-027773,"Safety Science and Technology",3068-3467,3068-3475,"Wiley (John Wiley & Sons)",false,true
POSI-J-027774,"Phytochemicals in Food and Medicine",3068-7306,3068-7306,"Wiley (John Wiley & Sons)",false,true
POSI-J-027775,"MultiPsych",3069-9711,3069-9711,"Wiley (John Wiley & Sons)",false,true
POSI-J-027776,"Advanced Chemical Engineering",3053-786X,3053-786X,"Wiley (John Wiley & Sons)",false,true
POSI-J-027777,"Carbon Innovation",3065-6001,3065-6001,"Wiley (John Wiley & Sons)",false,true
POSI-J-027778,"VIEW Medicine",3065-6028,3065-6028,"Wiley (John Wiley & Sons)",false,true
POSI-J-027779,"Thrombosis and Circulation Research",3069-8359,3069-8359,"Wiley (John Wiley & Sons)",false,true
POSI-J-027780,"National Materials",3067-6843,3067-6851,"Wiley (John Wiley & Sons)",false,true
POSI-J-027781,"Advanced Brain",3054-0895,3054-0895,"Wiley (John Wiley & Sons)",false,true
POSI-J-027782,"Advanced Computing",3054-100X,3054-100X,"Wiley (John Wiley & Sons)",false,true
POSI-J-027783,"Advanced Oncology",2512-8647,2512-8647,"Wiley (John Wiley & Sons)",false,true
POSI-J-027784,"Criminology & Public Policy",1538-6473,1745-9133,"Informa UK (Taylor & Francis)",false,true
POSI-J-027785,"Approaches in Entomology Methods Philosophies and Ethics",3070-5436,3070-5436,"Wiley (John Wiley & Sons)",false,true
POSI-J-027786,"Neuro-Drug Discovery",3071-0871,3071-088X,"Wiley (John Wiley & Sons)",false,true
POSI-J-027787,"Pediatric Adolescent & Young Adult Cancer",3068-3513,3068-3513,"Wiley (John Wiley & Sons)",false,true
POSI-J-027788,"Journal of Engineering Materials and Technology",0094-4289,1528-8889,"Wiley (John Wiley & Sons)",false,true
POSI-J-027789,"Higher Education Abstracts",0748-4364,2150-1092,"Wiley (Blackwell Publishing)",false,true
POSI-J-027790,"Anthropology News",1541-6151,1556-3502,"Wiley (Blackwell Publishing)",false,true
POSI-J-027791,"Computational and Mathematical Methods in Medicine",1748-670X,1748-6718,"Hindawi Limited",false,true
POSI-J-027792,"Research World",1567-3073,2330-4448,"Wiley (John Wiley & Sons)",false,true
POSI-J-027793,"Scanning",0161-0457,1932-8745,"Hindawi Limited",false,true
POSI-J-027794,"Laser Technik Journal",1613-7728,1863-9119,"Wiley (John Wiley & Sons)",false,true
POSI-J-027795,"London Business School Review",2057-1607,2057-1615,"Wiley (Blackwell Publishing)",false,true
POSI-J-027796,"Case Reports in Emergency Medicine",2090-648X,2090-6498,"Hindawi Limited",false,true
POSI-J-027797,"Anaesthesia Cases",2396-8397,2396-8397,"Wiley (John Wiley & Sons)",false,true
POSI-J-027798,"Plastics Engineering",0091-9578,1941-9635,"Wiley (John Wiley & Sons)",false,true
POSI-J-027799,"New Perspectives Quarterly",0893-7850,1540-5842,"Wiley (Blackwell Publishing)",false,true
POSI-J-027800,"Psychiatry Journal",2314-4327,2314-4335,"Hindawi Limited",false,true
POSI-J-027801,"Current Protocols in Microbiology",1934-8525,1934-8533,"Wiley (John Wiley & Sons)",false,true
POSI-J-027802,"JCSM Clinical Reports",2521-3555,2521-3555,"Wiley (John Wiley & Sons)",false,true
POSI-J-027803,"Current Protocols in Immunology",1934-3671,1934-368X,"Wiley (John Wiley & Sons)",false,true
POSI-J-027804,"Current Protocols in Protein Science",1934-3655,1934-3663,"Wiley (John Wiley & Sons)",false,true
POSI-J-027805,"Current Protocols in Molecular Biology",1934-3639,1934-3647,"Wiley (John Wiley & Sons)",false,true
POSI-J-027806,"International Journal of Otolaryngology",1687-9201,1687-921X,"Hindawi Limited",false,true
POSI-J-027807,"Journal of Food Science Education",1541-4329,1541-4329,"Wiley (Blackwell Publishing)",false,true
POSI-J-027808,"Journal of Business Law and Ethics Pedagogy",2577-2554,2577-2554,"Wiley (John Wiley & Sons)",false,true
POSI-J-027809,"International Journal of Chronic Diseases",2356-6981,2314-5749,"Hindawi Limited",false,true
POSI-J-027810,"Tuberculosis Research and Treatment",2090-150X,2090-1518,"Hindawi Limited",false,true
POSI-J-027811,"Strategic Enrollment Management Quarterly",2325-4750,2325-4750,"Wiley (John Wiley & Sons)",false,true
POSI-J-027812,"Schizophrenia Research and Treatment",2090-2085,2090-2093,"Hindawi Limited",false,true
POSI-J-027813,"Minimally Invasive Surgery",2090-1445,2090-1453,"Hindawi Limited",false,true
POSI-J-027814,"Current Protocols in Cytometry",1934-9297,1934-9300,"Wiley (John Wiley & Sons)",false,true
POSI-J-027815,"Current Gerontology and Geriatrics Research",1687-7063,1687-7071,"Hindawi Limited",false,true
POSI-J-027816,"Alcoholism Clinical and Experimental Research",0145-6008,1530-0277,"Wiley (Blackwell Publishing)",false,true
POSI-J-027817,"IRB Ethics and Human Research",0193-7758,2326-2222,"Wiley (John Wiley & Sons)",false,true
POSI-J-027818,"Space Weather Quarterly",1539-4964,2325-4432,"American Geophysical Union",false,true
POSI-J-027819,"Current Protocols in Human Genetics",1934-8266,1934-8258,"Wiley (John Wiley & Sons)",false,true
POSI-J-027820,"Bruce R Hopkins Nonprofit Counsel",1542-8419,1542-8427,"Wiley (John Wiley & Sons)",false,true
POSI-J-027821,"American Journal of Physical Anthropology",0002-9483,1096-8644,"Wiley (John Wiley & Sons)",false,true
POSI-J-027822,"Journal of Polymer Science Part A Polymer Chemistry",0887-624X,1099-0518,"Wiley (John Wiley & Sons)",false,true
POSI-J-027823,"Journal of Polymer Science Part B Polymer Physics",0887-6266,1099-0488,"Wiley (John Wiley & Sons)",false,true
POSI-J-027824,"Advances in Chemistry",2356-6612,2314-7571,"Hindawi Limited",false,true
POSI-J-027825,"Malaria Research and Treatment",2090-8075,2044-4362,"Hindawi Publishing Corporation (Sage-Hindawi Access to Research)",false,true
POSI-J-027826,"Advances in Acoustics and Vibration",1687-6261,1687-627X,"Hindawi Limited",false,true
POSI-J-027827,"Heat Transfer-Asian Research",1099-2871,1523-1496,"Wiley (John Wiley & Sons)",false,true
POSI-J-027828,"Business Ethics A European Review",0962-8770,1467-8608,"Wiley (Blackwell Publishing)",false,true
POSI-J-027829,"World Banking Abstracts",0265-9484,1467-9698,"Wiley (Blackwell Publishing)",false,true
POSI-J-027830,"The Journal of Competency-Based Education",2379-6154,2379-6154,"Wiley (John Wiley & Sons)",false,true
POSI-J-027831,"International Journal of Nonprofit and Voluntary Sector Marketing",1465-4520,1479-103X,"Wiley (John Wiley & Sons)",false,true
POSI-J-027832,"Journal of Investigative and Clinical Dentistry",2041-1618,2041-1626,"Wiley (Blackwell Publishing)",false,true
POSI-J-027833,"ISBT Science Series",1751-2816,1751-2824,"Wiley (Blackwell Publishing)",false,true
POSI-J-027834,"WIREs Systems Biology and Medicine",1939-5094,1939-005X,"Wiley (John Wiley & Sons)",false,true
POSI-J-027835,"Wiley Interdisciplinary Reviews Developmental Biology",1759-7684,1759-7692,"Wiley (Blackwell Publishing)",false,true
POSI-J-027836,"International Journal of Medicinal Chemistry",2090-2069,2090-2077,"Hindawi Limited",false,true
POSI-J-027837,"Regeneration",2052-4412,2052-4412,"Wiley (John Wiley & Sons)",false,true
POSI-J-027838,"Negotiation and Conflict Management Research",1750-4708,1750-4716,"Wiley (Blackwell Publishing)",false,true
POSI-J-027839,"VLSI Design",1065-514X,1563-5171,"Hindawi Limited",false,true
POSI-J-027840,"Natural Gas & Electricity",1545-7893,1545-7907,"Wiley (John Wiley & Sons)",false,true
POSI-J-027841,"Advanced Biosystems",2366-7478,2366-7478,"Wiley (John Wiley & Sons)",false,true
POSI-J-027842,"Chinese Journal of Mathematics",2314-8071,2314-8071,"Hindawi Limited",false,true
POSI-J-027843,"Pathology Research International",2090-8091,2042-003X,"Hindawi Limited",false,true
POSI-J-027844,"Child Development Research",2090-3987,2090-3995,"Hindawi Limited",false,true
POSI-J-027845,"Journal of Drug Delivery",2090-3014,2090-3022,"Hindawi Limited",false,true
POSI-J-027846,"Review of Urban and Regional Development Studies",0917-0553,1467-940X,"Wiley (Blackwell Publishing)",false,true
POSI-J-027847,"International Zoo Yearbook",0074-9664,1748-1090,"Wiley (Blackwell Publishing)",false,true
POSI-J-027848,"Anatomy Research International",2090-2743,2090-2751,"Hindawi Limited",false,true
POSI-J-027849,"Arthritis",2090-1984,2090-1992,"Hindawi Limited",false,true
POSI-J-027850,"Advances in OptoElectronics",1687-563X,1687-5648,"Hindawi Limited",false,true
POSI-J-027851,"High Frequency",2470-6981,2470-6981,"Wiley (John Wiley & Sons)",false,true
POSI-J-027852,"Neuroscience Journal",2314-4262,2314-4270,"Hindawi Limited",false,true
POSI-J-027853,"Journal of Applied Biobehavioral Research",1071-2089,1751-9861,"Wiley (Blackwell Publishing)",false,true
POSI-J-027854,"Journal of Materials",2314-4866,2314-4874,"Hindawi Limited",false,true
POSI-J-027855,"International Journal of Population Research",2090-4029,2090-4037,"Hindawi Limited",false,true
POSI-J-027856,"Journal of Political Philosophy",0963-8016,1467-9760,"Wiley (Blackwell Publishing)",false,true
POSI-J-027857,"Journal of Complex Analysis",2314-4963,2314-4971,"Hindawi Limited",false,true
POSI-J-027858,"Economics of Transition",0967-0750,1468-0351,"Wiley (Blackwell Publishing)",false,true
POSI-J-027859,"Diagnostic and Therapeutic Endoscopy",1070-3608,1029-0516,"Hindawi Limited",false,true
POSI-J-027860,"Journal of Veterinary Medicine",2356-7708,2314-6966,"Hindawi Limited",false,true
POSI-J-027861,"Biologie in unserer Zeit",0045-205X,1521-415X,"Wiley (John Wiley & Sons)",false,true
POSI-J-027862,"Optik & Photonik",1863-1460,2191-1975,"Wiley (John Wiley & Sons)",false,true
POSI-J-027863,"Mauerwerk",1432-3427,1437-1022,"Wiley (John Wiley & Sons)",false,true
POSI-J-027864,"Medical Devices & Sensors",2573-802X,2573-802X,"Wiley (John Wiley & Sons)",false,true
POSI-J-027865,"Current Protocols in Toxicology",1934-9254,1934-9262,"Wiley (John Wiley & Sons)",false,true
POSI-J-027866,"Current Protocols in Stem Cell Biology",1941-7322,1938-8969,"Wiley (John Wiley & Sons)",false,true
POSI-J-027867,"Journal of Historical Sociology",0952-1909,1467-6443,"Wiley (Blackwell Publishing)",false,true
POSI-J-027868,"Pain Research and Treatment",2090-1542,2090-1550,"Hindawi Limited",false,true
POSI-J-027869,"Cholesterol",2090-1283,2090-1291,"Hindawi Limited",false,true
POSI-J-027870,"International Journal of Spectroscopy",1687-9449,1687-9457,"Hindawi Limited",false,true
POSI-J-027871,"Journal of Geological Research",1687-8833,1687-8841,"Hindawi Limited",false,true
POSI-J-027872,"Advances in Power Electronics",2090-181X,2090-1828,"Hindawi Limited",false,true
POSI-J-027873,"Biotechnology Research International",2090-3138,2090-3146,"Hindawi Publishing Corporation (Sage-Hindawi Access to Research)",false,true
POSI-J-027874,"Journal of Botany",2090-0120,2090-0139,"Hindawi Limited",false,true
POSI-J-027875,"Journal of Blood Transfusion",2090-9187,2090-9195,"Hindawi Limited",false,true
POSI-J-027876,"Journal of Applied Chemistry",2356-7171,2314-6923,"Hindawi Limited",false,true
POSI-J-027877,"Genetics Research International",2090-3154,2090-3162,"Hindawi Limited",false,true
POSI-J-027878,"Journal of Pharmaceutics",2090-9918,2090-7818,"Hindawi (International Scholarly Research Network)",false,true
POSI-J-027879,"International Journal of Japanese Sociology",0918-7545,1475-6781,"Wiley (Blackwell Publishing)",false,true
POSI-J-027880,"Bone Marrow Research",2090-2999,2090-3006,"Hindawi Limited",false,true
POSI-J-027881,"National Civic Review",0027-9013,1542-7811,"Wiley (John Wiley & Sons)",false,true
POSI-J-027882,"New Directions for Institutional Research",0271-0579,1536-075X,"Wiley (John Wiley & Sons)",false,true
POSI-J-027883,"Sculpture Review",0747-5284,2632-3494,"Wiley (John Wiley & Sons)",false,true
POSI-J-027884,"Current Protocols in Bioinformatics",1934-3396,1934-340X,"Wiley (John Wiley & Sons)",false,true
POSI-J-027885,"Voices",1538-2680,1548-7423,"Wiley (Blackwell Publishing)",false,true
POSI-J-027886,"New Water Policy and Practice",2380-6540,2380-6540,"Wiley (John Wiley & Sons)",false,true
POSI-J-027887,"Current Protocols in Nucleic Acid Chemistry",1934-9270,1934-9289,"Wiley (John Wiley & Sons)",false,true
POSI-J-027888,"Current Protocols in Cell Biology",1934-2500,1934-2616,"Wiley (John Wiley & Sons)",false,true
POSI-J-027889,"Current Protocols in Mouse Biology",2161-2617,2161-2617,"Wiley (John Wiley & Sons)",false,true
POSI-J-027890,"Current Protocols in Chemical Biology",2160-4762,2160-4762,"Wiley (John Wiley & Sons)",false,true
POSI-J-027891,"Current Protocols in Plant Biology",2379-8068,2379-8068,"Wiley (John Wiley & Sons)",false,true
POSI-J-027892,"Current Protocols in Pharmacology",1934-8282,1934-8290,"Wiley (John Wiley & Sons)",false,true
POSI-J-027893,"Australian Economic History Review",0004-8992,1467-8446,"Wiley (Blackwell Publishing)",false,true
POSI-J-027894,"Journal of Solar Energy",2356-7635,2314-6230,"Hindawi Limited",false,true
POSI-J-027895,"International Journal of Biodiversity",2314-4149,2314-4157,"Hindawi Limited",false,true
POSI-J-027896,"Plastic Surgery International",2090-1461,2090-147X,"Hindawi Limited",false,true
POSI-J-027897,"Enzyme Research",2090-0406,2090-0414,"Hindawi Publishing Corporation (Sage-Hindawi Access to Research)",false,true
POSI-J-027898,"Journal of Interdisciplinary Nanomedicine",2058-3273,2058-3273,"Wiley (John Wiley & Sons)",false,true
POSI-J-027899,"International Journal of Engineering Mathematics",2356-7007,2314-6109,"Hindawi Limited",false,true
POSI-J-027900,"International Journal of Navigation and Observation",1687-5990,1687-6008,"Hindawi Limited",false,true
POSI-J-027901,"Advances in Bioinformatics",1687-8027,1687-8035,"Hindawi Limited",false,true
POSI-J-027902,"Forschung",0172-1518,1619-8166,"Wiley (John Wiley & Sons)",false,true
POSI-J-027903,"Journal of College Counseling",1099-0399,2161-1882,"Wiley (John Wiley & Sons)",false,true
POSI-J-027904,"Current Protocols in Neuroscience",1934-8584,1934-8576,"Wiley (John Wiley & Sons)",false,true
POSI-J-027905,"Journal of Biomedical Education",2314-5021,2314-503X,"Hindawi Limited",false,true
POSI-J-027906,"HPB Surgery",0894-8569,1607-8462,"Hindawi Limited",false,true
POSI-J-027907,"Current Protocols Essential Laboratory Techniques",1948-3430,1948-3430,"Wiley (John Wiley & Sons)",false,true
POSI-J-027908,"Employment Relations Today",0745-7790,1520-6459,"Wiley (John Wiley & Sons)",false,true
POSI-J-027909,"German Research",0172-1526,1522-2322,"Wiley (John Wiley & Sons)",false,true
POSI-J-027910,"International Journal of Analysis",2314-498X,2314-4998,"Hindawi Limited",false,true
POSI-J-027911,"Proceedings of the African Futures Conference",2573-508X,2573-508X,"Wiley (John Wiley & Sons)",false,true
POSI-J-027912,"Continuing Cardiology Education",2059-1594,2059-1594,"Wiley (John Wiley & Sons)",false,true
POSI-J-027913,"Polymer Crystallization",2573-7619,2573-7619,"Hindawi Limited",false,true
POSI-J-027914,"Advances in Physical Chemistry",1687-7985,1687-7993,"Hindawi Limited",false,true
POSI-J-027915,"Journal of Addiction",2090-7834,2090-7850,"Hindawi Limited",false,true
POSI-J-027916,"International Journal of Stochastic Analysis",2090-3332,2090-3340,"Hindawi Limited",false,true
POSI-J-027917,"Archaea",1472-3646,1472-3654,"Hindawi Limited",false,true
POSI-J-027918,"Autism Research and Treatment",2090-1925,2090-1933,"Hindawi Limited",false,true
POSI-J-027919,"International Journal of Bacteriology",2356-6957,2314-596X,"Hindawi Limited",false,true
POSI-J-027920,"Journal of Gravity",2356-7422,2314-6907,"Hindawi Limited",false,true
POSI-J-027921,"Journal of Biophysics",1687-8000,1687-8019,"Hindawi Limited",false,true
POSI-J-027922,"Multiple Sclerosis International",2090-2654,2090-2662,"Hindawi Limited",false,true
POSI-J-027923,"Impact",2048-4151,2048-416X,"Wiley (Blackwell Publishing)",false,true
POSI-J-027924,"Historical Research",0950-3471,1468-2281,"Oxford University Press",false,true
POSI-J-027925,"World Oil Trade",0950-1029,1467-9728,"Wiley (John Wiley & Sons)",false,true
POSI-J-027926,"Limnology and Oceanography e-Lectures",2164-0254,2164-0254,"Wiley (John Wiley & Sons)",false,true
POSI-J-027927,"International Scholarly Research Notices",2356-7872,2356-7872,"Hindawi Limited",false,true
POSI-J-027928,"Student Anthropologist",2330-7625,2330-7625,"Wiley (John Wiley & Sons)",false,true
POSI-J-027929,"Journal of Marine Biology",1687-9481,1687-949X,"Hindawi Limited",false,true
POSI-J-027930,"Journal of Petroleum Engineering",2314-5005,2314-5013,"Hindawi Limited",false,true
POSI-J-027931,"Journal of Metallurgy",1687-9465,1687-9473,"Hindawi Limited",false,true
POSI-J-027932,"Journal of Food Processing",2356-7384,2314-839X,"Hindawi Limited",false,true
POSI-J-027933,"Liver Cancer International",2642-3561,2642-3561,"Wiley (John Wiley & Sons)",false,true
POSI-J-027934,"Chinese Journal of Biology",,2314-7474,"Hindawi Limited",false,true
POSI-J-027935,"Journal of Biomarkers",2090-8660,2090-7699,"Hindawi Limited",false,true
POSI-J-027936,"Chemotherapy Research and Practice",2090-2107,2090-2115,"Hindawi Limited",false,true
POSI-J-027937,"Journal of Quality and Reliability Engineering",2314-8055,2314-8047,"Hindawi Limited",false,true
POSI-J-027938,"Journal of Signal Transduction",2090-1739,2090-1747,"Hindawi Limited",false,true
POSI-J-027939,"Food Science and Technology",1475-3324,2689-1816,"Oxford University Press",false,true
POSI-J-027940,"Molecular Biology International",2090-2182,2090-2190,"Hindawi Limited",false,true
POSI-J-027941,"Journal of Polymers",2356-7570,2314-6877,"Hindawi Limited",false,true
