posi_id,title,psc_category,psc_confidence,lifecycle_bucket,two_yr_mean_citedness,citation_q,percentile
POSI-J-024206,"AACE Clinical Case Reports",P3.02,high,mature,1.8585858585858586,Citation Q2,62.67
POSI-J-024207,"AACE Endocrinology and Diabetes",P3.02,high,not_yet_mature,0.39568345323741005,,
POSI-J-024208,"aBIOTECH",P4.01,high,mature,5.579234972677596,Citation Q2,62.68
POSI-J-006634,"Academic Pathology",P3.02,high,mature,0.8022598870056498,Citation Q3,33.52
POSI-J-024209,"Academic Pediatrics",P3.02,high,mature,1.1527093596059113,Citation Q3,45.88
POSI-J-024210,"Academic Radiology",P3.02,high,mature,3.2038180797304885,Citation Q1,83.06
POSI-J-024213,"Accident Analysis & Prevention",P2.11,high,mature,7.579449152542373,Citation Q1,80.71
POSI-J-024214,"Accounting Open",P5.02,low,not_yet_mature,0.3,,
POSI-J-024215,"Accounting, Organizations and Society",P5.02,high,mature,7.146067415730337,Citation Q1,82
POSI-J-024216,"Accounting Theory and Practice",P5.02,low,not_yet_mature,0.25,,
POSI-J-024218,"Acta Astronautica",P2.03,high,mature,3.713654223968566,Citation Q3,33.02
POSI-J-024219,"Acta Biomaterialia",P2.11,high,mature,8.705882352941176,Citation Q1,87.77
POSI-J-024220,"Acta Colombiana de Cuidado Intensivo",P3.02,high,mature,0.21808510638297873,Citation Q4,12.72
POSI-J-024221,"Acta Histochemica",P3.02,high,mature,1.9727891156462585,Citation Q2,65.04
POSI-J-024222,"Acta Oecologica",P1.05,high,mature,1.5849056603773586,Citation Q4,9.39
POSI-J-024223,"Acta Otorrinolaringologica (English Edition)",P3.02,high,mature,0.5965909090909091,Citation Q4,24.25
POSI-J-001364,"Acta Pharmaceutica Sinica B",P1.06,high,mature,9.322607959356478,Citation Q1,92.17
POSI-J-024225,"Acta Physico-Chimica Sinica",P2.05,high,mature,11.922857142857143,Citation Q1,92.35
POSI-J-000706,"Acta Psychologica",P3.01,high,mature,3.1515151515151514,Citation Q2,52.21
POSI-J-024227,"Acta Tropica",P3.02,high,mature,2.403914590747331,Citation Q2,74.3
POSI-J-024228,"Actas Urológicas Españolas",P3.02,high,mature,0.49264705882352944,Citation Q4,20.44
POSI-J-024229,"Actas Urológicas Españolas (English Edition)",P3.02,high,mature,0.6272401433691757,Citation Q3,26.11
POSI-J-024230,"Actualités Pharmaceutiques",P3.03,high,mature,0.03161397670549085,Citation Q4,10
POSI-J-024231,"Ad Hoc Networks",P1.02,high,mature,5.681881051175657,Citation Q1,75.45
POSI-J-011875,"Addiction Neuroscience",P3.01,high,mature,2.442622950819672,Citation Q3,31.62
POSI-J-024232,"Addictive Behaviors",P3.02,high,mature,3.51355421686747,Citation Q1,86.05
POSI-J-005301,"Addictive Behaviors Reports",P3.02,high,mature,2.4878048780487805,Citation Q1,76.36
POSI-J-024233,"Additive Manufacturing",P2.03,high,mature,7.938361131254532,Citation Q1,83.96
POSI-J-024234,"Additive Manufacturing Frontiers",P2.03,high,not_yet_mature,6.085106382978723,,
POSI-J-009032,"Additive Manufacturing Letters",P2.03,high,mature,3.7095238095238097,Citation Q3,31.13
POSI-J-013221,"Advanced AgroChem",P4.01,high,not_yet_mature,4.612676056338028,,
POSI-J-024235,"Advanced Bionics",P2.11,medium,not_yet_mature,3.7586206896551726,,
POSI-J-024236,"Advanced Design Research",P5.01,high,not_yet_mature,1.6578947368421053,,
POSI-J-024237,"Advanced Drug Delivery Reviews",P1.06,high,mature,14.416452442159382,Citation Q1,97.39
POSI-J-024238,"Advanced Engineering Informatics",P2.11,high,mature,9.87620578778135,Citation Q1,90.49
POSI-J-018196,"Advanced Exercise and Health Science",P3.02,high,not_yet_mature,2.1707317073170733,,
POSI-J-000504,"Advanced Industrial and Engineering Polymer Research",P2.05,high,mature,3.3457943925233646,Citation Q4,14.71
POSI-J-024239,"Advanced Interventional Materials",P3.02,low,not_yet_mature,0.5789473684210527,,
POSI-J-024240,"Advanced Light Materials",P2.03,low,not_yet_mature,2,,
POSI-J-013424,"Advanced Membranes",P2.03,high,mature,5.2700729927007295,Citation Q2,66.98
POSI-J-024241,"Advanced Nanocomposites",P2.05,high,not_yet_mature,10.920634920634921,,
POSI-J-024242,"Advanced Orthopaedics",P3.02,medium,not_yet_mature,1.2380952380952381,,
POSI-J-011335,"Advanced Powder Materials",P2.02,high,mature,17.901162790697676,Citation Q1,91.67
POSI-J-024243,"Advanced Powder Technology",P2.11,high,mature,4.518971848225214,Citation Q3,45.38
POSI-J-024244,"Advanced Scientific Instruments",P1.03,low,not_yet_mature,0.3684210526315789,,
POSI-J-016198,"Advanced Sensor and Energy Materials",P2.05,high,not_yet_mature,3.325,,
POSI-J-024245,"Advances in Accounting",P5.02,high,mature,1.205607476635514,Citation Q4,6.57
POSI-J-024246,"Advances in Anesthesia",P3.02,high,mature,0.8666666666666667,Citation Q3,36.1
POSI-J-024247,"Advances in Animal Biosciences",P1.06,high,mature,0,Citation Q4,1.2
POSI-J-011176,"Advances in Applied Energy",P2.02,high,mature,14.511111111111111,Citation Q1,84.26
POSI-J-024248,"Advances in Applied Mathematics",P1.01,high,mature,0.8888888888888888,Citation Q3,37.5
POSI-J-019453,"Advances in Archaeomaterials",P6.05,medium,mature,0.23076923076923078,,
POSI-J-011939,"Advances in Bamboo Science",P4.01,high,not_yet_mature,4.199004975124378,,
POSI-J-024249,"Advances in Biological Regulation",P1.06,high,mature,2.051546391752577,Citation Q3,26.31
POSI-J-016184,"Advances in Biomarker Sciences and Technology",P1.06,high,mature,2.018867924528302,Citation Q3,25.5
POSI-J-024250,"Advances in Business and Management Research",P5.02,low,not_yet_mature,1.4,,
POSI-J-013923,"Advances in Cancer Biology - Metastasis",P1.06,high,mature,2.511627906976744,Citation Q3,34.74
POSI-J-024251,"Advances in Chronic Kidney Disease",P3.02,high,mature,0,Citation Q4,2.37
POSI-J-003349,"Advances in Climate Change Research",P1.05,high,mature,4.472148541114058,Citation Q2,64.94
POSI-J-024252,"Advances in Clinical Radiology",P3.02,high,mature,0.6170212765957447,Citation Q3,25.33
POSI-J-024253,"Advances in Colloid and Interface Science",P2.05,high,mature,20.44788732394366,Citation Q1,98.24
POSI-J-024254,"Advances in Cosmetic Surgery",P3.02,high,mature,0.3488372093023256,Citation Q4,16.43
POSI-J-024255,"Advances in Engineering Software",P2.11,high,mature,6.340248962655601,Citation Q2,71.47
POSI-J-024256,"Advances in Family Practice Nursing",P3.02,high,mature,0.24,Citation Q4,13.65
POSI-J-014741,"Advances in Industrial and Manufacturing Engineering",P2.03,high,mature,2.6779661016949152,Citation Q4,17.92
POSI-J-024257,"Advances in Integrative Medicine",P3.02,high,mature,1.0207612456747406,Citation Q3,41.14
POSI-J-024258,"Advances in Kidney Disease and Health",P3.02,high,not_yet_mature,2.5544041450777204,,
POSI-J-024259,"Advances in Life Course Research",P5.09,high,mature,3.020618556701031,,
POSI-J-024260,"Advances in Mathematics",P1.01,high,mature,1.3736968724939855,Citation Q2,62.5
POSI-J-024261,"Advances in Medical Sciences",P3.02,high,mature,2.3666666666666667,Citation Q2,73.38
POSI-J-024262,"Advances in Molecular Pathology",P1.06,high,mature,0.4473684210526316,Citation Q4,3.01
POSI-J-024263,"Advances in Nutrition",P3.02,high,mature,7.5342163355408385,Citation Q1,97.06
POSI-J-024264,"Advances in Oncology",P3.02,high,mature,0.6923076923076923,Citation Q3,29.71
POSI-J-024265,"Advances in Ophthalmology and Optometry",P3.02,high,mature,0.14130434782608695,Citation Q4,10.76
POSI-J-012734,"Advances in Ophthalmology Practice and Research",P3.02,high,mature,4.3161764705882355,Citation Q1,91.09
POSI-J-005859,"Advances in Oral and Maxillofacial Surgery",P3.02,high,mature,0.3140096618357488,Citation Q4,15.4
POSI-J-024266,"Advances in Patient-Reported Outcomes",P3.02,high,not_yet_mature,0.11418685121107267,,
POSI-J-024267,"Advances in Pediatrics",P3.02,high,mature,1.0547945205479452,Citation Q3,42.07
POSI-J-024268,"Advances in Psychiatry and Behavioral Health",P5.01,high,mature,0.8111111111111111,Citation Q4,14.2
POSI-J-002104,"Advances in Radiation Oncology",P3.02,high,mature,1.6046901172529313,Citation Q2,55.97
POSI-J-014926,"Advances in Redox Research",P1.06,high,mature,3.630434782608696,Citation Q2,54.42
POSI-J-012571,"Advances in Sample Preparation",P1.04,high,mature,6.794117647058823,Citation Q1,86.9
POSI-J-024269,"Advances in Small Animal Care",P3.02,high,mature,1.6382978723404256,Citation Q2,56.9
POSI-J-024270,"Advances in Surgery",P3.02,high,mature,1.1756756756756757,Citation Q3,46.5
POSI-J-024271,"Advances in Water Resources",P1.05,high,mature,3.5209003215434085,Citation Q3,47.32
POSI-J-017987,"Advances in Wind Engineering",P1.05,high,not_yet_mature,5.397849462365591,,
POSI-J-024272,"Advancing Medical-Surgical Nursing",P3.03,high,not_yet_mature,0.13157894736842105,,
POSI-J-024273,"Aeolian Research",P1.05,high,mature,2.0194174757281553,Citation Q4,17.82
POSI-J-024274,"Aerospace Science and Technology",P2.03,high,mature,4.170871013802951,Citation Q3,40.57
POSI-J-024275,"Aerospace Traffic and Safety",P2.03,medium,not_yet_mature,3.263157894736842,,
POSI-J-024276,"AEU - International Journal of Electronics and Communications",P2.02,high,mature,3.1502546689303905,Citation Q4,23.15
POSI-J-003641,"African Journal of Emergency Medicine",P3.02,high,mature,1.1288659793814433,Citation Q3,44.75
POSI-J-024277,"African Transport Studies",P2.01,high,not_yet_mature,1.0952380952380953,,
POSI-J-024278,"Ageing Research Reviews",P3.02,high,mature,16.170517051705172,Citation Q1,99.74
POSI-J-024279,"Aggression and Violent Behavior",P5.01,high,mature,4.633333333333334,Citation Q1,84.57
POSI-J-015015,"Aging Brain",P3.01,high,mature,2.5517241379310347,Citation Q3,34.56
POSI-J-012370,"Aging and Health Research",P3.02,high,mature,2.2972972972972974,Citation Q2,71.73
POSI-J-024280,"Agricultural Environment and Sustainability",P1.05,medium,not_yet_mature,0.30434782608695654,,
POSI-J-024281,"Agricultural and Forest Meteorology",P1.05,high,mature,5.533333333333333,Citation Q1,77.2
POSI-J-024282,"Agricultural Systems",P1.06,high,mature,5.692485549132948,Citation Q1,75.7
POSI-J-000691,"Agricultural Water Management",P1.05,high,mature,6.935779816513762,Citation Q1,86.78
POSI-J-017265,"Agriculture Communications",P4.01,high,not_yet_mature,7.230769230769231,,
POSI-J-024283,"Agriculture, Ecosystems & Environment",P1.05,high,mature,6.420945945945946,Citation Q1,84.87
POSI-J-000427,"AI Open",P1.02,high,mature,6.811320754716981,Citation Q1,83.48
POSI-J-024284,"AI Thermal Fluids",P2.11,medium,not_yet_mature,1.7608695652173914,,
POSI-J-001143,"Ain Shams Engineering Journal",P2.11,high,mature,5.564169381107492,Citation Q2,64.4
POSI-J-024285,"Air Medical Journal",P3.02,high,mature,0.6132596685082873,Citation Q4,24.97
POSI-J-011075,"AJO International",P3.02,high,not_yet_mature,1.260135135135135,,
POSI-J-024286,"AJO-DO Clinical Companion",P3.02,high,mature,0.4147465437788018,Citation Q4,19.21
POSI-J-005748,"AJOG Global Reports",P3.02,high,mature,2.1684782608695654,Citation Q2,69.05
POSI-J-007368,"AJPM Focus",P3.02,high,not_yet_mature,1.5505952380952381,,
POSI-J-024287,"Alcohol",P3.02,high,mature,1.1515151515151516,Citation Q3,45.67
POSI-J-000810,"Alexandria Engineering Journal",P2.11,high,mature,8.729586023547284,Citation Q1,88.32
POSI-J-024288,"Algal Research",P2.11,high,mature,4.630420280186791,Citation Q3,47.01
POSI-J-001823,"Allergology International",P3.02,high,mature,4.334862385321101,Citation Q1,91.19
POSI-J-018690,"Allergy Medicine",P3.02,high,not_yet_mature,1.5942028985507246,,
POSI-J-004806,"American Heart Journal Plus: Cardiology Research and Practice",P3.02,high,mature,1.2717842323651452,Citation Q3,48.76
POSI-J-024289,"The American Journal of Geriatric Psychiatry",P3.02,high,mature,1.2007575757575757,Citation Q3,47.12
POSI-J-024290,"The American Journal of Geriatric Psychiatry: Open Science, Education, and Practice",P3.02,high,not_yet_mature,1.065934065934066,,
POSI-J-024291,"The American Journal of Human Genetics",P1.06,high,mature,6.8784246575342465,Citation Q1,82.13
POSI-J-024292,"The American Journal of the Medical Sciences",P3.02,high,mature,0.3391832602092474,Citation Q4,16.12
POSI-J-016145,"American Journal of Medicine Open",P3.02,high,mature,1.9452054794520548,Citation Q2,64.42
POSI-J-024293,"The American Journal of Medicine Supplements",P3.02,high,mature,0,Citation Q4,2.37
POSI-J-024294,"American Journal of Obstetrics & Gynecology MFM",P3.02,high,mature,2.1939313984168867,Citation Q2,69.46
POSI-J-001586,"American Journal of Ophthalmology Case Reports",P3.02,high,mature,0.815668202764977,Citation Q3,34.35
POSI-J-000815,"American Journal of Otolaryngology",P3.02,high,mature,1.9591836734693877,Citation Q2,64.62
POSI-J-024295,"The American Journal of Pathology",P1.06,high,mature,3.4974003466204504,Citation Q2,51.61
POSI-J-024296,"American Journal of Pharmaceutical Education",P3.02,high,mature,0.980796586059744,Citation Q3,39.5
POSI-J-002652,"American Journal of Preventive Cardiology",P3.02,high,mature,2.1663479923518163,Citation Q2,68.95
POSI-J-024297,"American Journal of Preventive Medicine",P3.02,high,mature,2.9480225988700566,Citation Q1,81.1
POSI-J-011196,"Ampersand",P6.02,high,mature,2.9043478260869566,,
POSI-J-024298,"Anaerobe",P3.02,high,mature,3.486111111111111,Citation Q1,85.63
POSI-J-024299,"Anaesthesia Critical Care & Pain Medicine",P3.02,high,mature,1.318095238095238,Citation Q3,49.9
POSI-J-024300,"Anaesthesia & Intensive Care Medicine",P3.02,high,mature,0.7065727699530516,Citation Q3,30.23
POSI-J-000913,"Anais Brasileiros de Dermatologia",P3.02,high,mature,1.7076023391812865,Citation Q2,58.75
POSI-J-024301,"Anales de Cirugía Vascular",P3.02,high,mature,0,Citation Q4,2.37
POSI-J-000704,"Anales de Pediatría",P3.02,high,mature,0.7039337474120083,Citation Q3,29.92
POSI-J-024302,"Anales de Pediatria Continuada",P3.02,high,mature,0,Citation Q4,2.37
POSI-J-002024,"Anales de Pediatría (English Edition)",P3.02,high,mature,0.5347490347490348,Citation Q4,21.99
POSI-J-024303,"Analytic Methods in Accident Research",P2.11,high,mature,7.845070422535211,Citation Q1,82.88
POSI-J-024304,"Analytica Chimica Acta: X",P1.04,medium,mature,0,,
POSI-J-024305,"Anesthésie & Réanimation",P3.02,high,mature,0.09195402298850575,Citation Q4,9.22
POSI-J-024306,"Anesthesiology Clinics",P3.02,high,mature,0.784037558685446,Citation Q3,33.01
POSI-J-024307,"Anesthesiology and Medicine",P3.02,low,not_yet_mature,0,,
POSI-J-000892,"Animal",P1.06,high,mature,3.9362808842652797,Citation Q2,57.23
POSI-J-024308,"Animal Feed Science and Technology",P1.06,high,mature,2.4699074074074074,Citation Q3,33.53
POSI-J-024309,"Animal Nutrition",P4.02,high,mature,6.266666666666667,,
POSI-J-024310,"Animal - Open Space",P4.02,high,not_yet_mature,1.0674157303370786,,
POSI-J-024311,"Animal Reproduction Science",P1.06,high,mature,2.045958795562599,Citation Q3,25.9
POSI-J-024312,"Animal - Science Proceedings",P4.02,high,mature,0.04250430786904078,,
POSI-J-024313,"Animals and Zoonoses",P1.06,high,not_yet_mature,1.990566037735849,,
POSI-J-024314,"Annales de Cardiologie et d'Angéiologie",P3.02,high,mature,0.2616822429906542,Citation Q4,14.47
POSI-J-024315,"Annales de Chirurgie Plastique Esthétique",P3.02,high,mature,0.5791666666666667,Citation Q4,23.84
POSI-J-024316,"Annales de Dermatologie et de Vénéréologie - FMC",P3.02,high,mature,0.022291021671826627,Citation Q4,5.61
POSI-J-024317,"Annales de Dermatologie et de Vénéréologie",P3.02,high,mature,0.8146718146718147,Citation Q3,34.24
POSI-J-024318,"Annales d'Endocrinologie",P3.02,high,mature,0.3322192513368984,Citation Q4,15.91
POSI-J-024319,"Annales françaises d’Oto-rhino-laryngologie et de Pathologie Cervico-faciale",P3.02,high,mature,0.003952569169960474,Citation Q4,4.79
POSI-J-024320,"Annales Médico-psychologiques, revue psychiatrique",P5.01,high,mature,0.27400468384074944,Citation Q4,4.32
POSI-J-024321,"Annales de Paléontologie",P1.05,high,mature,0.5806451612903226,Citation Q4,0.57
POSI-J-024322,"Annales de Pathologie",P3.02,high,mature,0.2289156626506024,Citation Q4,13.23
POSI-J-024323,"Annales Pharmaceutiques Françaises",P3.03,high,mature,1.3831775700934579,Citation Q2,57.27
POSI-J-012927,"Annals of 3D Printed Medicine",P2.11,high,mature,3.5730337078651684,Citation Q3,31.79
POSI-J-006782,"Annals of Agricultural Sciences",P4.01,high,mature,3.2857142857142856,Citation Q3,28.87
POSI-J-024324,"Annals of Allergy, Asthma & Immunology",P3.02,high,mature,1.0991771329579905,Citation Q3,43.72
POSI-J-024325,"Annals of Anatomy - Anatomischer Anzeiger",P3.02,high,mature,1.486206896551724,Citation Q2,53.81
POSI-J-024326,"Annals of Diagnostic Pathology",P3.02,high,mature,1.453968253968254,Citation Q2,53.09
POSI-J-024327,"Annals of Emergency Medicine",P3.02,high,mature,0.8509254627313657,Citation Q3,35.68
POSI-J-001197,"Annals of Hepatology",P3.02,high,mature,1.4628008752735229,Citation Q2,53.19
POSI-J-024328,"Annals of Medicine and Surgery",P3.02,high,mature,1.7948139797068772,Citation Q2,60.4
POSI-J-024329,"Annals of Nuclear Energy",P2.03,high,mature,2.603684459140293,Citation Q4,12.26
POSI-J-024330,"Annals of Physical and Rehabilitation Medicine",P3.02,high,mature,1.775,Citation Q2,60.09
POSI-J-024331,"Annals of Physics",P1.03,high,mature,2.3896103896103895,Citation Q3,44.05
POSI-J-024332,"Annals of Pure and Applied Logic",P1.02,high,mature,0.45,Citation Q4,1.34
POSI-J-003794,"Annals of Thoracic Surgery Short Reports",P3.02,high,not_yet_mature,0.5748427672955975,,
POSI-J-012726,"Annals of Tourism Research Empirical Insights",P5.04,high,mature,5.518518518518518,Citation Q1,81.25
POSI-J-024333,"Annals of Vascular Surgery",P3.02,high,mature,1.2045231071779745,Citation Q3,47.22
POSI-J-007766,"Annals of Vascular Surgery - Brief Reports and Innovations",P3.02,high,mature,0.32751091703056767,Citation Q4,15.71
POSI-J-024334,"Annual Reviews in Control",P2.11,high,mature,12.648148148148149,Citation Q1,96.47
POSI-J-024335,"Anthropocene",P1.05,high,mature,2.7289156626506026,Citation Q3,31.99
POSI-J-024336,"L'Anthropologie",P5.09,high,mature,0.49101796407185627,,
POSI-J-024337,"Antiviral Research",P3.02,high,mature,4.104536489151874,Citation Q1,90.16
POSI-J-024338,"Appetite",P3.02,high,mature,3.6371951219512195,Citation Q1,87.49
POSI-J-024339,"Appetite: Disordered Eating",P5.01,low,not_yet_mature,0,,
POSI-J-007066,"Applications in Energy and Combustion Science",P2.11,high,mature,2.5986622073578594,Citation Q4,16.03
POSI-J-010107,"Applications in Engineering Science",P2.11,high,mature,2.391566265060241,Citation Q4,12.23
POSI-J-024340,"Applied Acoustics",P2.11,high,mature,5.002127659574468,Citation Q2,55.16
POSI-J-024341,"Applied Animal Behaviour Science",P1.06,high,mature,2.331117021276596,Citation Q3,31.93
POSI-J-024342,"Applied Animal Science",P1.06,high,mature,1.5598290598290598,Citation Q4,14.26
POSI-J-024344,"Applied Catalysis A: General",P2.05,high,mature,3.500757575757576,Citation Q4,19.41
POSI-J-024345,"Applied Catalysis B: Environmental",P2.11,high,mature,15.926257327985189,Citation Q1,98.64
POSI-J-024346,"Applied Clay Science",P2.05,high,mature,5.335748792270532,Citation Q3,35.88
POSI-J-024347,"Applied and Computational Harmonic Analysis",P1.02,high,mature,1.8186528497409327,Citation Q4,20.09
POSI-J-009957,"Applied Computing and Geosciences",P1.05,high,mature,4.107758620689655,Citation Q2,58.81
POSI-J-024348,"Applied Corpus Linguistics",P6.02,high,mature,1.7074829931972788,,
POSI-J-001792,"Applied Food Research",P4.01,high,mature,3.473031026252983,Citation Q3,34.51
POSI-J-024349,"Applied Geochemistry",P1.05,high,mature,2.9704433497536944,Citation Q3,37.74
POSI-J-024350,"Applied Geography",P1.05,high,mature,6.663563829787234,Citation Q1,85.25
POSI-J-024351,"Applied Materials Today",P2.11,high,mature,5.865900383141763,Citation Q2,68.21
POSI-J-024352,"Applied Mathematical Modelling",P2.11,high,mature,4.836056009334889,Citation Q2,51.9
POSI-J-024353,"Applied Mathematics Letters",P1.01,high,mature,3.0775280898876405,Citation Q1,90.28
POSI-J-024354,"Applied Numerical Mathematics",P1.01,high,mature,2.49288256227758,Citation Q1,81.94
POSI-J-024355,"Applied Nursing Research",P3.03,high,mature,2.3688212927756656,Citation Q1,79.09
POSI-J-000976,"Applied Ocean Research",P2.11,high,mature,5.526637554585153,Citation Q2,63.86
POSI-J-024356,"Applied Radiation and Isotopes",P1.03,high,mature,1.872445384073291,Citation Q4,22.62
POSI-J-024357,"Applied Soft Computing",P1.02,high,mature,6.016700519070187,Citation Q1,77.23
POSI-J-024358,"Applied Soil Ecology",P1.06,high,mature,4.522775423728813,Citation Q2,64.46
POSI-J-024359,"Applied Studies in Innovative Learning and Teaching",P5.03,low,not_yet_mature,0.14285714285714285,,
POSI-J-003998,"Applied Surface Science Advances",P2.05,high,mature,5.553846153846154,Citation Q3,44.12
POSI-J-024360,"Apunts Sports Medicine",P3.02,high,mature,2.2686567164179103,Citation Q2,71.22
POSI-J-024361,"Aquacultural Engineering",P1.05,high,mature,3.475609756097561,Citation Q3,45.79
POSI-J-024362,"Aquaculture and Fisheries",P1.05,high,mature,2.3130841121495327,Citation Q3,25.1
POSI-J-001199,"Aquaculture Reports",P1.06,high,mature,2.847884306373862,Citation Q3,41.57
POSI-J-024363,"Aquatic Botany",P1.05,high,mature,1.846938775510204,Citation Q4,13.98
POSI-J-024364,"Aquatic Diversity and Ecology",P1.05,low,not_yet_mature,0.08333333333333333,,
POSI-J-024365,"Aquatic Toxicology",P1.05,high,mature,4.503858875413451,Citation Q2,65.71
POSI-J-024366,"Arab Journal of Gastroenterology",P3.02,high,mature,1.206140350877193,Citation Q3,47.32
POSI-J-024367,"Arabian Journal of Chemistry",P1.04,high,mature,5.170588235294118,Citation Q2,65.48
POSI-J-024368,"Archaeological Research in Asia",P1.05,high,mature,0.9555555555555556,Citation Q4,2.49
POSI-J-024369,"Archives of Cancer and Medically Complex Rehabilitation",P3.02,low,not_yet_mature,0,,
POSI-J-024370,"Archives of Cardiovascular Diseases",P3.02,high,mature,0.5515280739161336,Citation Q4,22.61
POSI-J-024371,"Archives of Cardiovascular Diseases Supplements",P3.02,high,mature,0,Citation Q4,2.37
POSI-J-024372,"Archives of Gerontology and Geriatrics",P3.02,high,mature,4.564943253467844,Citation Q1,92.12
POSI-J-010832,"Archives of Gerontology and Geriatrics Plus",P3.02,high,not_yet_mature,1.9710610932475885,,
POSI-J-024373,"Archives of Legal Medicine",P3.02,high,not_yet_mature,0.26744186046511625,,
POSI-J-024374,"Archives des Maladies du Cœur et des Vaisseaux - Pratique",P3.02,high,mature,0.031545741324921134,Citation Q4,6.23
POSI-J-024375,"Archives des Maladies Professionnelles et de l’Environnement",P3.03,high,mature,0.015032679738562092,Citation Q4,8.18
POSI-J-024376,"Archives of Medical Research",P3.02,high,mature,2.7459016393442623,Citation Q1,79.45
POSI-J-024377,"Archives of Oral Biology",P3.02,high,mature,2.163575042158516,Citation Q2,68.85
POSI-J-024378,"Archives of Physical Medicine and Rehabilitation",P3.02,high,mature,0.8454027664768105,Citation Q3,35.48
POSI-J-024379,"Archives of Psychiatric Nursing",P5.01,high,mature,1.9819277108433735,Citation Q3,45.06
POSI-J-006695,"Archives of Rehabilitation Research and Clinical Translation",P3.02,high,mature,1,Citation Q3,40.63
POSI-J-024380,"Archives of Stroke Rehabilitation",P3.02,low,not_yet_mature,0,,
POSI-J-024381,"Archivos de Bronconeumología",P3.02,high,mature,1.6737891737891737,Citation Q2,57.72
POSI-J-024382,"Archivos de la Sociedad Española de Oftalmología",P3.02,high,mature,0.20967741935483872,Citation Q4,12.51
POSI-J-024383,"Archivos de la Sociedad Española de Oftalmología (English Edition)",P3.02,high,mature,0.25,Citation Q4,14.37
POSI-J-003982,"Array",P1.02,high,mature,2.732824427480916,Citation Q3,27.23
POSI-J-002017,"Arthroplasty Today",P3.02,high,mature,2.0507544581618657,Citation Q2,66.79
POSI-J-024384,"Arthropod Structure & Development",P1.06,high,mature,1.0208333333333333,Citation Q4,8.23
POSI-J-002984,"Arthroscopy, Sports Medicine, and Rehabilitation",P3.02,high,mature,2.433255269320843,Citation Q1,75.23
POSI-J-001089,"Arthroscopy Techniques",P3.02,high,mature,1.0893682588597844,Citation Q3,43.41
POSI-J-024385,"Artificial Intelligence",P1.02,high,mature,3.478827361563518,Citation Q3,41.52
POSI-J-010017,"Artificial Intelligence in Agriculture",P4.01,high,mature,8.463054187192117,Citation Q1,90.85
POSI-J-016257,"Artificial Intelligence Chemistry",P2.05,high,not_yet_mature,8.872093023255815,,
POSI-J-024386,"Artificial Intelligence in Emergency Medicine",P3.02,medium,not_yet_mature,0.23076923076923078,,
POSI-J-013294,"Artificial Intelligence in Geosciences",P1.05,high,mature,2.401360544217687,Citation Q3,27.39
POSI-J-014849,"Artificial Intelligence in the Life Sciences",P1.06,high,mature,2.2857142857142856,Citation Q3,30.72
POSI-J-024387,"Artificial Intelligence in Medicine",P1.02,high,mature,8.701208981001727,Citation Q1,90.63
POSI-J-024388,"Artificial Intelligence for Transportation",P2.03,high,not_yet_mature,1.9649122807017543,,
POSI-J-024389,"The Arts in Psychotherapy",P5.01,high,mature,1.425,Citation Q4,20.37
POSI-J-016225,"Asia and the Global Economy",P5.02,high,mature,2.4375,Citation Q3,26
POSI-J-003004,"Asia-Pacific Journal of Ophthalmology",P3.02,high,mature,5.549107142857143,Citation Q1,94.49
POSI-J-004266,"Asia-Pacific Journal of Sports Medicine, Arthroscopy, Rehabilitation and Technology",P3.02,high,mature,1.1466666666666667,Citation Q3,45.37
POSI-J-024391,"Asia Pacific Management Review",P5.02,high,mature,7.359223300970874,Citation Q1,84.29
POSI-J-003824,"Asian Journal of Pharmaceutical Sciences",P3.01,high,mature,7.1878787878787875,Citation Q1,91.91
POSI-J-024392,"Asian Journal of Psychiatry",P5.01,high,mature,3.2691924227318045,Citation Q2,68.52
POSI-J-000408,"The Asian Journal of Shipping and Logistics",P5.02,high,mature,3.707692307692308,Citation Q3,46.57
POSI-J-024393,"Asian Journal of Social Science",P5.04,high,mature,0.8264462809917356,Citation Q4,10.42
POSI-J-016637,"Asian Journal of Sport and Exercise Psychology",P5.01,high,mature,1.7058823529411764,Citation Q3,32.72
POSI-J-024394,"Asian Journal of Surgery",P3.02,high,mature,0.3110720562390158,Citation Q4,15.29
POSI-J-004530,"Asian Journal of Urology",P3.02,high,mature,1.8457446808510638,Citation Q2,62.26
POSI-J-004769,"Asian Nursing Research",P3.03,high,mature,2.264044943820225,Citation Q1,75.45
POSI-J-013846,"Asian Transport Studies",P2.01,high,mature,1.8289473684210527,Citation Q4,6.86
POSI-J-017365,"Aspects of Molecular Medicine",P3.02,high,not_yet_mature,5.9868421052631575,,
POSI-J-019957,"ASPET Discovery",P3.02,medium,not_yet_mature,2.0303030303030303,,
POSI-J-024395,"Assessing Writing",P5.03,high,mature,4.040358744394619,,
POSI-J-024396,"Astronomy and Computing",P1.03,high,mature,2.250793650793651,Citation Q3,36.9
POSI-J-024397,"Astroparticle Physics",P1.03,high,mature,3.46927374301676,Citation Q2,72.62
POSI-J-000844,"Atención Primaria",P3.03,high,mature,1.135379061371841,Citation Q2,53.64
POSI-J-010867,"Atherosclerosis Plus",P3.02,high,mature,1.7464788732394365,Citation Q2,59.27
POSI-J-024398,"Atherosclerosis Supplements",P3.02,high,mature,0,Citation Q4,2.37
POSI-J-024399,"Atlas of the Oral and Maxillofacial Surgery Clinics",P3.02,high,mature,0.5,Citation Q4,20.85
POSI-J-007551,"Atmospheric Environment: X",P1.05,high,mature,1.7126436781609196,Citation Q4,11.69
POSI-J-002610,"Atmospheric and Oceanic Science Letters",P1.05,high,mature,1.4275618374558303,Citation Q4,6.7
POSI-J-024400,"Atmospheric Pollution Research",P1.05,high,mature,3.064755838641189,Citation Q3,39.66
POSI-J-024401,"Atmospheric Research",P1.05,high,mature,3.7263397947548462,Citation Q2,52.68
POSI-J-024402,"Atomic Data and Nuclear Data Tables",P1.03,high,mature,2.3225806451612905,Citation Q3,41.67
POSI-J-024403,"Auris Nasus Larynx",P3.02,high,mature,1.8207282913165266,Citation Q2,61.33
POSI-J-024404,"Australasian Emergency Care",P3.02,high,mature,1.3495934959349594,Citation Q2,50.51
POSI-J-024405,"Australian Critical Care",P3.02,high,mature,1.8196202531645569,Citation Q2,61.23
POSI-J-001015,"Australian and New Zealand Journal of Public Health",P3.02,high,mature,1.2126696832579185,Citation Q3,47.43
POSI-J-024406,"Autoimmunity Reviews",P3.02,high,mature,7.331818181818182,Citation Q1,96.96
POSI-J-024407,"Automatica",P2.11,high,mature,5.028495692511597,Citation Q2,55.71
POSI-J-024408,"Automation in Construction",P2.01,high,mature,12.056658878504672,Citation Q1,93.14
POSI-J-024409,"Autonomic Neuroscience",P3.02,high,mature,2.6135265700483092,Citation Q1,77.81
POSI-J-024410,"Autonomous Transportation Research",P2.11,low,not_yet_mature,2.0588235294117645,,
POSI-J-005381,"Avian Research",P1.05,high,mature,1.8505747126436782,Citation Q4,14.37
POSI-J-024411,"Bacteriophage",P1.05,low,not_yet_mature,0,,
POSI-J-001816,"Basic and Applied Ecology",P1.05,high,mature,3.7630522088353415,Citation Q2,53.83
POSI-J-024412,"Basketball Studies",P3.02,low,not_yet_mature,0,,
POSI-J-013647,"BBA Advances",P1.06,high,mature,3.9647058823529413,Citation Q2,57.63
POSI-J-024413,"Behavior Therapy",P5.01,high,mature,4.364864864864865,Citation Q1,82.1
POSI-J-024414,"Behavioural Processes",P1.06,high,mature,1.2989690721649485,Citation Q4,10.64
POSI-J-024415,"BenchCouncil Transactions on Benchmarks, Standards and Evaluations",P1.02,high,mature,2.857142857142857,Citation Q3,29.02
POSI-J-024416,"Best Practice & Research Clinical Anaesthesiology",P3.02,high,mature,2.4954954954954953,Citation Q1,76.57
POSI-J-024417,"Best Practice & Research Clinical Endocrinology & Metabolism",P3.02,high,mature,3.5217391304347827,Citation Q1,86.25
POSI-J-024418,"Best Practice & Research Clinical Gastroenterology",P3.02,high,mature,3.029787234042553,Citation Q1,81.41
POSI-J-024419,"Best Practice & Research Clinical Haematology",P3.02,high,mature,3.9,Citation Q1,89.24
POSI-J-024420,"Best Practice & Research Clinical Obstetrics & Gynaecology",P3.02,high,mature,4.898395721925134,Citation Q1,93.05
POSI-J-024421,"Best Practice & Research Clinical Rheumatology",P3.02,high,mature,5.355421686746988,Citation Q1,93.98
POSI-J-024422,"Big Data and Earth System",P1.05,medium,not_yet_mature,0.9130434782608695,,
POSI-J-024423,"Big Data Research",P1.02,high,mature,3.8120805369127515,Citation Q2,52.23
POSI-J-024424,"Bioactive Carbohydrates and Dietary Fibre",P4.01,high,mature,3.6209150326797386,Citation Q3,40.14
POSI-J-024425,"Bioactive Materials",P2.11,high,mature,10.204912280701754,Citation Q1,91.03
POSI-J-024426,"Biocatalysis and Agricultural Biotechnology",P1.06,high,mature,4.920502092050209,Citation Q2,70.88
POSI-J-024427,"Biochemical Engineering Journal",P1.06,high,mature,3.609492988133765,Citation Q2,53.61
POSI-J-024428,"Biochemical Systematics and Ecology",P1.06,high,mature,1.621978021978022,Citation Q4,17.47
POSI-J-001558,"Biochemistry and Biophysics Reports",P1.06,high,mature,1.771139705882353,Citation Q4,20.28
POSI-J-024429,"Biochimica et Biophysica Acta (BBA) - Gene Regulatory Mechanisms",P1.06,high,mature,3.14,Citation Q3,47.19
POSI-J-024430,"Biochimica et Biophysica Acta (BBA) - Molecular Basis of Disease",P1.06,high,mature,4.689512799339389,Citation Q2,67.67
POSI-J-024431,"Biochimica et Biophysica Acta (BBA) - Molecular and Cell Biology of Lipids",P1.06,high,mature,2.9963369963369964,Citation Q3,45.58
POSI-J-024432,"Biochimica et Biophysica Acta (BBA) - Molecular Cell Research",P1.06,high,mature,4.049792531120332,Citation Q2,58.84
POSI-J-024433,"Biochimica et Biophysica Acta (BBA) - Proteins and Proteomics",P1.06,high,mature,1.6275862068965516,Citation Q4,17.87
POSI-J-024434,"Biochimica et Biophysica Acta (BBA) - Reviews on Cancer",P1.06,high,mature,7.141868512110727,Citation Q1,84.14
POSI-J-024435,"Biochimie",P1.06,high,mature,2.9688715953307394,Citation Q3,44.78
POSI-J-024436,"Biocybernetics and Biomedical Engineering",P3.02,high,mature,4.737804878048781,Citation Q1,92.53
POSI-J-015536,"BioDesign Research",P1.06,high,mature,8.378378378378379,Citation Q1,90.56
POSI-J-024437,"Bioelectrochemistry",P1.06,high,mature,3.9831029185867894,Citation Q2,58.43
POSI-J-009223,"Biofilm",P1.06,high,mature,7.070422535211268,Citation Q1,83.73
POSI-J-014945,"Biogeotechnics",P1.05,high,not_yet_mature,7.564516129032258,,
POSI-J-024438,"Biological Conservation",P1.05,high,mature,4.1802197802197805,Citation Q2,60.34
POSI-J-024439,"Biological Control",P4.01,high,mature,3.5984251968503935,Citation Q3,38.73
POSI-J-024440,"Biological Psychiatry: Cognitive Neuroscience and Neuroimaging",P3.01,high,mature,1.7784911717495988,Citation Q4,15.44
POSI-J-004786,"Biological Psychiatry Global Open Science",P3.01,high,mature,1.9938650306748467,Citation Q4,24.26
POSI-J-024441,"Biological Psychology",P3.01,high,mature,2.301762114537445,Citation Q3,27.21
POSI-J-024442,"Biologicals",P1.06,high,mature,2.9065420560747666,Citation Q3,43.17
POSI-J-015223,"Biomarkers in Neuropsychiatry",P3.01,high,mature,2.925925925925926,Citation Q3,46.32
POSI-J-024443,"Biomass and Bioenergy",P2.11,high,mature,5.059203036053131,Citation Q2,56.79
POSI-J-022835,"Biomass Futures",P2.11,high,not_yet_mature,1.2307692307692308,,
POSI-J-024444,"Biomaterials Advances",P2.11,high,mature,5.098143236074271,Citation Q2,57.88
POSI-J-016294,"Biomaterials and Biosystems",P3.02,high,mature,5.62962962962963,Citation Q1,94.7
POSI-J-024445,"Biomaterials and Living Medicine for Pharmaceutics​",P2.05,low,not_yet_mature,0.3333333333333333,,
POSI-J-019058,"Biomedical Analysis",P1.06,high,not_yet_mature,5.660714285714286,,
POSI-J-012659,"Biomedical Engineering Advances",P3.02,high,mature,4.389380530973451,Citation Q1,91.61
POSI-J-024446,"Biomedical and Environmental Sciences",P3.02,high,mature,0,Citation Q4,2.37
POSI-J-024447,"Biomedical Instrumentation",P2.11,medium,not_yet_mature,0.8846153846153846,,
POSI-J-003300,"Biomedical Journal",P1.06,high,mature,4.475555555555555,Citation Q2,62.85
POSI-J-024448,"Biomedical Signal Processing and Control",P3.02,high,mature,4.753177531775318,Citation Q1,92.64
POSI-J-016368,"Biomedical Technology",P2.11,high,not_yet_mature,6.878378378378378,,
POSI-J-024449,"Biomimetic Intelligence and Robotics",P2.11,high,mature,4.762195121951219,Citation Q2,51.36
POSI-J-024450,"Bioorganic Chemistry",P1.04,high,mature,4.335500650195058,Citation Q2,58.33
POSI-J-024451,"Bioorganic & Medicinal Chemistry",P1.06,high,mature,2.9628865979381445,Citation Q3,44.38
POSI-J-024452,"Biophysical Chemistry",P1.06,high,mature,2.545714285714286,Citation Q3,35.94
POSI-J-024453,"Biophysical Journal",P1.06,high,mature,0.4804918949133594,Citation Q4,3.82
POSI-J-013961,"Biophysical Reports",P1.06,high,mature,1.5934065934065933,Citation Q4,16.67
POSI-J-024454,"Bioprinting",P2.11,high,mature,6.419354838709677,Citation Q2,72.55
POSI-J-024455,"Bioresource Technology Reports",P2.11,high,mature,3.042079207920792,Citation Q4,22.01
POSI-J-009351,"Biosafety and Health",P3.02,high,mature,3.303030303030303,Citation Q1,83.78
POSI-J-006085,"Biosensors and Bioelectronics: X",P2.11,high,mature,3.081967213114754,Citation Q4,22.55
POSI-J-024456,"Biosystems",P1.06,high,mature,2.224778761061947,Citation Q3,28.71
POSI-J-024457,"Biosystems Engineering",P4.01,high,mature,6.5316239316239315,Citation Q1,80.99
POSI-J-022765,"Biotechnology Notes",P1.06,high,mature,10.491228070175438,Citation Q1,94.58
POSI-J-003975,"Biotechnology Reports",P1.06,high,mature,7.028169014084507,Citation Q1,83.33
POSI-J-024458,"BJA Education",P3.02,high,mature,1.7478991596638656,Citation Q2,59.37
POSI-J-007177,"BJA Open",P3.02,high,not_yet_mature,2.2711864406779663,,
POSI-J-008617,"Blockchain: Research and Applications",P1.02,high,mature,3.357827476038339,Citation Q3,37.95
POSI-J-000868,"Blood Advances",P3.02,high,mature,5.25296630280019,Citation Q1,93.67
POSI-J-024459,"Blood Cells, Molecules, and Diseases",P3.02,high,mature,1.9380530973451326,Citation Q2,64.11
POSI-J-016825,"Blood Global Hematology",P3.02,high,not_yet_mature,0.3656716417910448,,
POSI-J-018586,"Blood Immunology & Cellular Therapy",P3.02,high,not_yet_mature,0.6125,,
POSI-J-011606,"Blood Neoplasia",P3.02,high,not_yet_mature,1.8939929328621907,,
POSI-J-017502,"Blood Red Cells & Iron",P3.02,high,not_yet_mature,0.45132743362831856,,
POSI-J-024460,"Blood Reviews",P3.02,high,mature,6.053691275167785,Citation Q1,95.01
POSI-J-013964,"Blood Vessels, Thrombosis & Hemostasis",P3.02,high,not_yet_mature,1.6161616161616161,,
POSI-J-024461,"Body Image",P5.01,high,mature,4.685,Citation Q1,85.8
POSI-J-001555,"Boletín de la Sociedad Española de Cerámica y Vidrio",P2.05,high,mature,1.6477272727272727,Citation Q4,2.94
POSI-J-024462,"Bone",P3.02,high,mature,3.382425742574257,Citation Q1,84.4
POSI-J-002120,"Bone Reports",P3.02,high,mature,2.8186274509803924,Citation Q1,80.28
POSI-J-004446,"Borsa Istanbul Review",P5.02,high,mature,5.886486486486486,Citation Q2,70.57
POSI-J-024463,"Brachytherapy",P3.02,high,mature,0.5077355836849508,Citation Q4,21.27
POSI-J-024464,"Brain and Environment",P3.01,medium,not_yet_mature,0.5,,
POSI-J-024465,"Brain, Behavior, and Immunity",P3.01,high,mature,5.568081991215227,Citation Q1,86.03
POSI-J-003302,"Brain, Behavior, & Immunity - Health",P3.01,high,mature,3.172727272727273,Citation Q2,53.68
POSI-J-014542,"Brain Behavior and Immunity Integrative",P3.01,high,not_yet_mature,1.7037037037037037,,
POSI-J-024466,"Brain and Cognition",P3.01,high,mature,2.527918781725888,Citation Q3,33.09
POSI-J-024467,"Brain and Development",P3.02,high,mature,1.3138461538461539,Citation Q3,49.69
POSI-J-024468,"Brain and Development Case Reports",P3.02,high,not_yet_mature,0.24305555555555555,,
POSI-J-010399,"Brain Disorders",P3.02,high,mature,2.3842364532019706,Citation Q2,73.69
POSI-J-010780,"Brain Hemorrhages",P3.02,high,mature,2.3421052631578947,Citation Q2,72.66
POSI-J-024469,"Brain Horizons",P3.01,low,not_yet_mature,0,,
POSI-J-024470,"Brain and Language",P3.01,high,mature,1.891566265060241,Citation Q4,18.38
POSI-J-024471,"Brain Mechanisms",P3.01,medium,not_yet_mature,0.4857142857142857,,
POSI-J-024472,"Brain Multiphysics",P3.02,high,mature,6.642857142857143,Citation Q1,96.34
POSI-J-019111,"Brain Network Disorders",P3.02,high,not_yet_mature,2.017543859649123,,
POSI-J-019051,"Brain Organoid and Systems Neuroscience Journal",P3.01,high,not_yet_mature,1.3725490196078431,,
POSI-J-024473,"Brain Science and Child Development",P5.01,low,not_yet_mature,0.23076923076923078,,
POSI-J-000882,"Brain and Spine",P3.02,high,mature,0.4733710205296043,Citation Q4,20.13
POSI-J-024474,"Brain Stimulation",P3.01,high,mature,1.8965158606344255,Citation Q4,19.85
POSI-J-002518,"Brazilian Journal of Anesthesiology (English Edition)",P3.02,high,mature,1.1184834123222749,Citation Q3,44.44
POSI-J-000811,"The Brazilian Journal of Infectious Diseases",P3.02,high,mature,0.1700545364402578,Citation Q4,11.89
POSI-J-024475,"Brazilian Journal of Otorhinolaryngology",P3.02,high,mature,1.3306666666666667,Citation Q2,50.21
POSI-J-024476,"Brazilian Journal of Physical Therapy",P3.02,high,mature,0.7362514029180696,Citation Q3,31.26
POSI-J-000681,"The Breast",P3.02,high,mature,2.0328305235137534,Citation Q2,66.27
POSI-J-024477,"The British Accounting Review",P5.02,high,mature,5.255681818181818,Citation Q2,63.14
POSI-J-024478,"British Journal of Oral and Maxillofacial Surgery",P3.02,high,mature,0.5196304849884527,Citation Q4,21.47
POSI-J-024479,"Building and Environment",P1.05,high,mature,7.785820673220137,Citation Q1,90.23
POSI-J-024480,"Bulletin de l'Académie Nationale de Médecine",P3.03,high,mature,0.10158730158730159,Citation Q4,20.91
POSI-J-024481,"Bulletin du Cancer",P3.02,high,mature,0.4125984251968504,Citation Q4,19
POSI-J-024482,"Bulletin des Sciences Mathématiques",P1.01,high,mature,1.2806539509536785,Citation Q2,56.94
POSI-J-024483,"Burns",P3.02,high,mature,1.8792372881355932,Citation Q2,62.87
POSI-J-007529,"Burns Open",P3.02,high,mature,0.953757225433526,Citation Q3,38.47
POSI-J-024484,"Cahiers de Nutrition et de Diététique",P3.02,high,mature,0.3561643835616438,Citation Q4,16.94
POSI-J-024485,"Calphad",P2.03,high,mature,1.8803088803088803,Citation Q4,8.49
POSI-J-024486,"Canadian Journal of Cardiology",P3.02,high,mature,1.104722792607803,Citation Q3,44.03
POSI-J-024487,"Canadian Journal of Diabetes",P3.02,high,mature,0.6706896551724137,Citation Q3,28.48
POSI-J-024488,"Canadian Journal of Ophthalmology",P3.02,high,mature,1.1620294599018004,Citation Q3,46.19
POSI-J-024489,"Cancer Bioscience",P1.06,low,not_yet_mature,0,,
POSI-J-024490,"Cancer Cell",P1.06,high,mature,32.21507352941177,Citation Q1,99.8
POSI-J-024491,"Cancer Epidemiology",P3.02,high,mature,2.8241563055062167,Citation Q1,80.38
POSI-J-024492,"Cancer Genetics",P3.02,high,mature,3.0360576923076925,Citation Q1,81.62
POSI-J-024493,"Cancer Neuroscience",P3.02,low,not_yet_mature,0,,
POSI-J-012641,"Cancer Pathogenesis and Therapy",P3.02,high,not_yet_mature,5.616883116883117,,
POSI-J-024494,"Cancer/Radiothérapie",P3.02,high,mature,1.3943089430894309,Citation Q2,51.75
POSI-J-003129,"Cancer Treatment and Research Communications",P3.02,high,mature,1.3375451263537905,Citation Q2,50.31
POSI-J-024495,"Cancer Treatment Reviews",P3.02,high,mature,9.343023255813954,Citation Q1,97.58
POSI-J-003286,"Carbohydrate Polymer Technologies and Applications",P2.05,high,mature,5.100381194409149,Citation Q3,34.71
POSI-J-006193,"Carbon Capture Science & Technology",P2.03,high,mature,6.3101952277657265,Citation Q1,76.42
POSI-J-024496,"Carbon Neutral Technologies",P2.11,medium,not_yet_mature,0.7741935483870968,,
POSI-J-005829,"Carbon Trends",P2.05,high,mature,6.129943502824859,Citation Q2,55.88
POSI-J-024497,"Cardiac Electrophysiology Clinics",P3.02,high,mature,0.8248587570621468,Citation Q3,34.55
POSI-J-024498,"Cardiology Clinics",P3.02,high,mature,0.7142857142857143,Citation Q3,30.43
POSI-J-024499,"Cardiovascular Digital Health Journal",P3.02,high,mature,6.8,Citation Q1,96.55
POSI-J-024500,"Cardiovascular Pathology",P3.02,high,mature,2.226519337016575,Citation Q2,70.08
POSI-J-024501,"Cardiovascular Revascularization Medicine",P3.02,high,mature,1.284580498866213,Citation Q3,49.07
POSI-J-024502,"Cardiovascular Revascularization Medicine: Interesting Cases",P3.02,high,not_yet_mature,0.0718562874251497,,
POSI-J-024503,"CASE",P3.02,high,mature,0.36890243902439024,Citation Q4,17.35
POSI-J-004541,"Case Reports in Women's Health",P3.02,high,mature,0.7803030303030303,Citation Q3,32.6
POSI-J-002740,"Case Studies in Chemical and Environmental Engineering",P1.05,high,mature,8.587058823529413,Citation Q1,92.53
POSI-J-000862,"Case Studies in Construction Materials",P2.01,high,mature,4.750210733352065,Citation Q2,50
POSI-J-000766,"Case Studies in Thermal Engineering",P2.03,high,mature,7.239675016926202,Citation Q1,80.19
POSI-J-024504,"Case Studies on Transport Policy",P2.01,high,mature,2.5250696378830084,Citation Q4,10.78
POSI-J-024505,"Catalysis Today",P2.05,high,mature,5.528023598820059,Citation Q3,41.76
POSI-J-024506,"CATENA",P1.05,high,mature,5.459392945036916,Citation Q1,76.44
POSI-J-024507,"Cell Biomaterials",P1.06,high,not_yet_mature,4.559322033898305,,
POSI-J-024508,"Cell Calcium",P1.06,high,mature,3.396135265700483,Citation Q3,49.6
POSI-J-024509,"Cell Chemical Biology ",P1.06,high,mature,7.75,Citation Q1,86.95
POSI-J-024510,"Cell Death",P1.06,medium,mature,0.5,,
POSI-J-005635,"Cell Genomics",P1.06,high,mature,8.229857819905213,Citation Q1,89.36
POSI-J-024512,"Cell Host & Microbe",P1.06,high,mature,14.874570446735396,Citation Q1,97.79
POSI-J-019401,"Cell Investigation",P1.06,medium,not_yet_mature,4.612244897959184,,
POSI-J-024513,"Cell Metabolism",P1.06,high,mature,28.315412186379927,Citation Q1,99.4
POSI-J-001902,"Cell Reports Medicine",P3.02,high,mature,11.491789819376026,Citation Q1,98.71
POSI-J-004129,"Cell Reports Methods",P1.06,high,mature,4.561616161616161,Citation Q2,66.06
POSI-J-001595,"Cell Reports Physical Science",P2.02,high,mature,5.872120730738682,Citation Q2,69.44
POSI-J-010490,"Cell Reports Sustainability",P1.05,high,not_yet_mature,4.686930091185411,,
POSI-J-024514,"Cell Stem Cell",P1.06,high,mature,18.1,Citation Q1,98.19
POSI-J-001884,"Cell Stress and Chaperones",P1.06,high,mature,5.4636871508379885,Citation Q2,74.1
POSI-J-014468,"The Cell Surface",P1.06,high,mature,5.631578947368421,Citation Q1,75.3
POSI-J-024515,"Cell Systems",P1.06,high,mature,6.008797653958944,Citation Q1,76.91
POSI-J-024516,"Cells and Development",P1.06,high,mature,4.5,Citation Q2,63.25
POSI-J-001888,"Cellular and Molecular Gastroenterology and Hepatology",P3.02,high,mature,3.8518518518518516,Citation Q1,88.93
POSI-J-024517,"Cellular Signalling",P1.06,high,mature,3.8654592496765847,Citation Q2,55.62
POSI-J-005899,"Cement",P2.01,high,mature,3.7976190476190474,Citation Q3,36.27
POSI-J-024518,"Cement and Concrete Composites",P2.01,high,mature,14.54808510638298,Citation Q1,99.02
POSI-J-024519,"Cement and Concrete Research",P2.01,high,mature,12.768055555555556,Citation Q1,97.06
POSI-J-014052,"Central Bank Review",P5.02,high,mature,1.3650793650793651,Citation Q4,8.86
POSI-J-006869,"Cerebral Circulation - Cognition and Behavior",P3.02,high,mature,0.8183962264150944,Citation Q3,34.45
POSI-J-024520,"Chaos, Solitons & Fractals",P1.03,high,mature,5.738210986874089,Citation Q1,84.52
POSI-J-024521,"Chaos, Solitons & Fractals: X",P1.01,high,mature,4.333333333333333,Citation Q1,95.83
POSI-J-024522,"Chem",P1.04,high,mature,11.695226438188495,Citation Q1,94.05
POSI-J-024523,"Chem Catalysis",P1.04,high,mature,5.174460431654676,Citation Q2,67.86
POSI-J-024524,"Chem Circularity",P1.05,high,not_yet_mature,0.4146341463414634,,
POSI-J-024525,"Chemical Data Collections",P1.04,high,mature,2.992857142857143,Citation Q3,32.14
POSI-J-002972,"Chemical Engineering Journal Advances",P2.11,high,mature,3.975669099756691,Citation Q3,37.23
POSI-J-022777,"Chemical Engineering Journal: Green and Sustainable",P2.11,high,not_yet_mature,0.5132743362831859,,
POSI-J-024526,"Chemical Engineering and Processing - Process Intensification",P2.11,high,mature,3.94913714804723,Citation Q3,36.14
POSI-J-024527,"Chemical Engineering Research and Design",P2.11,high,mature,7.251315327955103,Citation Q1,78.26
POSI-J-024528,"Chemical Geology",P1.05,high,mature,3.1635168447000823,Citation Q3,42.34
POSI-J-024529,"Chemical Physics",P1.03,high,mature,2.596892138939671,Citation Q2,53.57
POSI-J-003496,"Chemical Physics Impact",P2.05,high,mature,7.718887262079063,Citation Q1,75.88
POSI-J-010115,"Chemical Thermodynamics and Thermal Analysis",P2.04,high,mature,1.565217391304348,,
POSI-J-024530,"Chemico-Biological Interactions",P1.06,high,mature,4.763952424519671,Citation Q2,68.88
POSI-J-014824,"Chemistry of Inorganic Materials",P2.05,high,not_yet_mature,3.8076923076923075,,
POSI-J-024531,"Chemistry and Physics of Lipids",P1.06,high,mature,2.2476190476190476,Citation Q3,29.92
POSI-J-024532,"Chemometrics and Intelligent Laboratory Systems",P1.04,high,mature,3.508361204013378,Citation Q3,44.05
POSI-J-024533,"ChemPhysMater",P2.02,high,mature,6.119658119658119,Citation Q2,73.15
POSI-J-024534,"Chest",P3.02,high,mature,0.6671607029430446,Citation Q3,28.17
POSI-J-010912,"CHEST Critical Care",P3.02,high,not_yet_mature,1.4738805970149254,,
POSI-J-011119,"CHEST Pulmonary",P3.02,high,not_yet_mature,1.245136186770428,,
POSI-J-024535,"Child and Adolescent Psychiatric Clinics of North America",P5.01,high,mature,0.625615763546798,Citation Q4,12.96
POSI-J-010143,"Child Protection and Practice",P5.01,high,not_yet_mature,1.5981873111782476,,
POSI-J-016589,"China Economic Quarterly International",P5.02,high,mature,2.977777777777778,Citation Q3,35.71
POSI-J-024536,"China Economic Review",P5.02,high,mature,5.453488372093023,Citation Q2,64.29
POSI-J-006436,"China Geology",P1.05,high,mature,2.3666666666666667,Citation Q3,25.86
POSI-J-008256,"China Journal of Accounting Research",P5.02,high,mature,2.9035087719298245,Citation Q3,34.57
POSI-J-024538,"China Welding",P2.03,high,mature,0.43478260869565216,Citation Q4,2.83
POSI-J-024539,"Chinese Astronomy and Astrophysics",P1.03,high,mature,0.509090909090909,Citation Q4,5.95
POSI-J-024540,"Chinese Chemical Letters",P1.04,high,mature,5.694420600858369,Citation Q1,75
POSI-J-018264,"Chinese General Practice Journal",P3.02,high,not_yet_mature,2.151898734177215,,
POSI-J-003773,"Chinese Herbal Medicines",P3.02,high,mature,3.867579908675799,Citation Q1,89.13
POSI-J-024541,"Chinese Journal of Aeronautics",P2.03,high,mature,4.822724161533197,Citation Q2,55.66
POSI-J-024542,"Chinese Journal of Analytical Chemistry",P1.04,high,mature,2.4756554307116105,Citation Q3,25
POSI-J-024543,"Chinese Journal of Catalysis",P2.05,high,mature,14.598258706467663,Citation Q1,97.06
POSI-J-024544,"Chinese Journal of Chemical Engineering",P2.11,high,mature,2.981243830207305,Citation Q4,21.47
POSI-J-000979,"Chinese Journal of Mechanical Engineering",P2.11,high,mature,5.065096952908587,Citation Q2,57.34
POSI-J-024545,"Chinese Journal of Mechanical Engineering: Additive Manufacturing Frontiers",P2.03,high,not_yet_mature,0,,
POSI-J-024546,"Chinese Journal of Natural Medicines",P1.06,high,mature,3.8459119496855347,Citation Q2,55.22
POSI-J-024547,"Chinese Journal of Physics",P1.03,high,mature,5.489461358313817,Citation Q1,79.76
POSI-J-011222,"Chinese Journal of Plastic and Reconstructive Surgery",P3.02,high,mature,1.8229166666666667,Citation Q2,61.43
POSI-J-024548,"Chinese Journal of Population, Resources and Environment",P1.05,high,mature,3.1825396825396823,Citation Q3,42.72
POSI-J-024549,"Chinese Journal of Structural Chemistry",P1.04,high,mature,3.578189300411523,Citation Q3,46.43
POSI-J-002172,"Chinese Journal of Traumatology",P3.02,high,mature,1.59009009009009,Citation Q2,55.66
POSI-J-024550,"Chinese Medical Journal - Pulmonary and Critical Care Medicine",P3.02,high,not_yet_mature,7.905882352941177,,
POSI-J-024551,"Chinese Medical Sciences Journal",P3.02,high,mature,1.35,Citation Q2,50.62
POSI-J-014085,"Chip",P2.02,high,mature,5.849557522123894,Citation Q2,67.59
POSI-J-016863,"Circular Economy",P1.05,high,not_yet_mature,6.581081081081081,,
POSI-J-024552,"CIRP Annals",P2.11,high,mature,5.614457831325301,Citation Q2,64.95
POSI-J-024553,"CIRP Journal of Manufacturing Science and Technology",P2.03,high,mature,5.126728110599078,Citation Q2,61.32
POSI-J-001876,"Cirugía Cardiovascular",P3.02,high,mature,0.16356877323420074,Citation Q4,11.69
POSI-J-024554,"Cirugía Española",P3.02,high,mature,0.06456953642384106,Citation Q4,8.08
POSI-J-024555,"Cirugía Española (English Edition)",P3.02,high,mature,0.38141809290953543,Citation Q4,17.97
POSI-J-024556,"Cities: Smart Futures",P2.11,low,not_yet_mature,0,,
POSI-J-024557,"City, Culture and Society",P5.09,high,mature,2.175925925925926,,
POSI-J-008817,"City and Environment Interactions",P1.05,high,mature,3.68561872909699,Citation Q2,52.3
POSI-J-002820,"CJC Open",P3.02,high,mature,1.1331114808652247,Citation Q3,44.95
POSI-J-010934,"CJC Pediatric and Congenital Heart Disease",P3.02,high,not_yet_mature,1.0828025477707006,,
POSI-J-012629,"Cleaner Chemical Engineering",P2.11,high,not_yet_mature,6.850877192982456,,
POSI-J-013075,"Cleaner and Circular Bioeconomy",P1.05,high,not_yet_mature,4.842465753424658,,
POSI-J-011580,"Cleaner Energy Systems",P2.11,high,not_yet_mature,6.119760479041916,,
POSI-J-003113,"Cleaner Engineering and Technology",P2.11,high,mature,6.281639928698752,Citation Q2,70.92
POSI-J-007728,"Cleaner Environmental Systems",P1.05,high,mature,4.5625,Citation Q2,66.86
POSI-J-009779,"Cleaner Logistics and Supply Chain",P5.02,high,mature,5.821100917431193,Citation Q2,70
POSI-J-024559,"Cleaner Manufacturing",P5.02,low,not_yet_mature,0.14285714285714285,,
POSI-J-008427,"Cleaner Materials",P2.01,high,mature,12.563981042654028,Citation Q1,95.1
POSI-J-015219,"Cleaner Production Letters",P5.02,high,mature,5.62,Citation Q2,68.29
POSI-J-007937,"Cleaner and Responsible Consumption",P5.02,high,mature,4.806451612903226,Citation Q2,58
POSI-J-006733,"Cleaner Waste Systems",P1.05,high,not_yet_mature,5.123853211009174,,
POSI-J-011095,"Cleaner Water",P1.05,high,not_yet_mature,4.016778523489933,,
POSI-J-016930,"Climate Change Ecology",P1.05,high,mature,1.6857142857142857,Citation Q4,11.3
POSI-J-024560,"Climate Physics and Atmospheric Science: Scientific Insights and Societal Challenges",P1.05,low,not_yet_mature,0.058823529411764705,,
POSI-J-004549,"Climate Risk Management",P1.05,high,mature,4.759124087591241,Citation Q2,69.54
POSI-J-005932,"Climate Services",P1.05,high,mature,4.936254980079681,Citation Q2,71.46
POSI-J-017543,"Climate Smart Agriculture",P1.06,high,not_yet_mature,4.4222222222222225,,
POSI-J-024561,"Clínica e Investigación en Arteriosclerosis",P3.02,high,mature,0.712,Citation Q3,30.33
POSI-J-024562,"Clínica e Investigación en arteriosclerosis (English edition)",P3.02,high,mature,0.6370967741935484,Citation Q3,26.52
POSI-J-024563,"Clínica e Investigación en Ginecología y Obstetricia",P3.02,high,mature,0.14432989690721648,Citation Q4,10.87
POSI-J-024564,"Clinical Biochemistry",P3.02,high,mature,1.86096256684492,Citation Q2,62.77
POSI-J-024565,"Clinical Biomechanics",P3.02,high,mature,1.5647668393782384,Citation Q2,55.36
POSI-J-024566,"Clinical Breast Cancer",P3.02,high,mature,2.2646103896103895,Citation Q2,71.11
POSI-J-024567,"Clinical Colorectal Cancer",P3.02,high,mature,1.5222929936305734,Citation Q2,54.53
POSI-J-017925,"Clinical Complementary Medicine and Pharmacology",P3.02,high,mature,20,Citation Q1,99.95
POSI-J-024568,"Clinical Dental Journal",P3.02,low,not_yet_mature,0,,
POSI-J-015645,"Clinical eHealth",P3.02,high,mature,4.107142857142857,Citation Q1,90.27
POSI-J-001853,"Clinical Epidemiology and Global Health",P3.02,high,mature,1.979293544457978,Citation Q2,65.14
POSI-J-024569,"Clinical Gastroenterology and Hepatology",P3.02,high,mature,5.599137931034483,Citation Q1,94.59
POSI-J-024570,"Clinical Genitourinary Cancer",P3.02,high,mature,2.4089403973509933,Citation Q2,74.51
POSI-J-024571,"Clinical Imaging",P3.02,high,mature,1.986013986013986,Citation Q2,65.29
POSI-J-024572,"Clinical Immunology",P1.06,high,mature,2.773472429210134,Citation Q3,39.16
POSI-J-015563,"Clinical Immunology Communications",P3.02,high,mature,1.1911764705882353,Citation Q3,46.91
POSI-J-006017,"Clinical Infection in Practice",P3.02,high,mature,0.7064516129032258,Citation Q3,30.12
POSI-J-024573,"Clinical Lung Cancer",P3.02,high,mature,2.3528138528138527,Citation Q2,73.17
POSI-J-024574,"Clinical Lymphoma Myeloma and Leukemia",P3.02,high,mature,0.3556090018897097,Citation Q4,16.84
POSI-J-000784,"Clinical Medicine",P3.02,high,mature,1.6092150170648465,Citation Q2,56.18
POSI-J-024575,"Clinical Microbiology and Infection",P3.02,high,mature,4.382692307692308,Citation Q1,91.4
POSI-J-024576,"Clinical Microbiology Newsletter",P3.02,high,mature,0.9615384615384616,Citation Q3,38.88
POSI-J-024577,"Clinical Neurology and Neurosurgery",P3.02,high,mature,2.0321802091713597,Citation Q2,66.17
POSI-J-007484,"Clinical Neurophysiology Practice",P3.02,high,mature,1.4352331606217616,Citation Q2,52.68
POSI-J-024578,"Clinical Nutrition ESPEN",P3.02,high,mature,0.9858841010401189,Citation Q3,40.01
POSI-J-015482,"Clinical Nutrition Experimental",P3.02,high,mature,0,Citation Q4,2.37
POSI-J-006722,"Clinical Nutrition Open Science",P3.02,high,mature,1.5193370165745856,Citation Q2,54.43
POSI-J-024579,"Clinical Oncology",P3.02,high,mature,1.2347480106100797,Citation Q3,48.25
POSI-J-007566,"Clinical Parkinsonism & Related Disorders",P3.02,high,mature,1.3914728682170543,Citation Q2,51.65
POSI-J-024580,"Clinical Psychology Review",P5.01,high,mature,10.026415094339622,Citation Q1,99.38
POSI-J-024581,"Clinical Simulation in Nursing",P3.02,high,mature,2.6723809523809523,Citation Q1,78.84
POSI-J-024582,"Clinical Spectroscopy",P1.06,medium,mature,0,,
POSI-J-016008,"Clinical Surgical Oncology",P3.02,high,not_yet_mature,0.6571428571428571,,
POSI-J-016514,"Clinical Traditional Medicine and Pharmacology",P3.02,high,not_yet_mature,3.15702479338843,,
POSI-J-003154,"Clinical and Translational Radiation Oncology",P3.02,high,mature,1.9108159392789374,Citation Q2,63.59
POSI-J-001085,"Clinics",P3.02,high,mature,1.8102493074792243,Citation Q2,61.02
POSI-J-024584,"Clinics in Anaesthesiology",P3.02,high,mature,0,Citation Q4,2.37
POSI-J-024585,"Clinics in Chest Medicine",P3.02,high,mature,1.545045045045045,Citation Q2,55.05
POSI-J-024586,"Clinics in Dermatology",P3.02,high,mature,2.6153846153846154,Citation Q1,77.91
POSI-J-024587,"Clinics in Gastroenterology",P3.02,high,mature,0,Citation Q4,2.37
POSI-J-024588,"Clinics in Geriatric Medicine",P3.02,high,mature,1.2331288343558282,Citation Q3,48.15
POSI-J-024589,"Clinics in Haematology",P3.02,high,mature,0,Citation Q4,2.37
POSI-J-024590,"Clinics in Integrated Care",P3.02,high,mature,0.9642857142857143,Citation Q3,38.98
POSI-J-024591,"Clinics in Laboratory Medicine",P3.02,high,mature,1.1041666666666667,Citation Q3,43.92
POSI-J-024592,"Clinics in Liver Disease",P3.02,high,mature,1.9487179487179487,Citation Q2,64.52
POSI-J-024593,"Clinics in Obstetrics and Gynaecology",P3.02,high,mature,0,Citation Q4,2.37
POSI-J-024594,"Clinics in Perinatology",P3.02,high,mature,2.1059907834101383,Citation Q2,67.71
POSI-J-024595,"Clinics in Perioperative Nursing Care",P3.02,high,not_yet_mature,0,,
POSI-J-024596,"Clinics in Plastic Surgery",P3.02,high,mature,1.0634920634920635,Citation Q3,42.17
POSI-J-024597,"Clinics in Podiatric Medicine and Surgery",P3.02,high,mature,0.7655502392344498,Citation Q3,31.98
POSI-J-024598,"Clinics and Research in Hepatology and Gastroenterology",P3.02,high,mature,1.9981785063752278,Citation Q2,65.55
POSI-J-024599,"Clinics in Rheumatic Diseases",P3.02,high,mature,0,Citation Q4,2.37
POSI-J-024600,"Clinics in Sports Medicine",P3.02,high,mature,0.5304347826086957,Citation Q4,21.78
POSI-J-014124,"CMI Communications",P3.02,high,not_yet_mature,1.5806451612903225,,
POSI-J-000877,"KSCE Journal of Civil Engineering",P2.01,high,mature,3.351578947368421,Citation Q3,30.39
POSI-J-024602,"Coastal Engineering",P1.05,high,mature,5.261121856866538,Citation Q1,75.29
POSI-J-024603,"Cognitive and Behavioral Practice",P5.01,high,mature,1.6231884057971016,Citation Q3,25.31
POSI-J-024604,"Cognitive Development",P5.01,high,mature,1.641025641025641,Citation Q3,26.54
POSI-J-024605,"Cognitive Psychology",P5.01,high,mature,8.905263157894737,Citation Q1,98.15
POSI-J-014323,"Cognitive Robotics",P1.02,high,mature,4.176470588235294,Citation Q2,59.38
POSI-J-024606,"Cognitive Systems Research",P1.02,high,mature,3.7761194029850746,Citation Q3,49.55
POSI-J-024607,"Cold Regions Science and Technology",P1.05,high,mature,3.468503937007874,Citation Q3,45.4
POSI-J-024608,"Collegian",P3.03,high,mature,2.269230769230769,Citation Q1,77.27
POSI-J-004262,"Colloid and Interface Science Communications",P2.05,high,mature,6.23021582733813,Citation Q2,57.06
POSI-J-024609,"Colloids and Surfaces B: Biointerfaces",P2.05,high,mature,5.077072224915172,Citation Q3,33.53
POSI-J-024610,"Colloids and Surfaces C: Environmental Aspects",P1.05,high,not_yet_mature,1.9866666666666666,,
POSI-J-024611,"Combustion and Flame",P2.11,high,mature,5.626050420168068,Citation Q2,65.49
POSI-J-024612,"Communications in Nonlinear Science and Numerical Simulation",P1.03,high,mature,3.011208967173739,Citation Q2,65.48
POSI-J-012472,"Communications in Transportation Research",P2.01,high,mature,8.910828025477707,Citation Q1,89.22
POSI-J-024613,"Comparative Biochemistry and Physiology Part A: Molecular & Integrative Physiology",P1.05,high,mature,2.295629820051414,Citation Q4,24.71
POSI-J-024614,"Comparative Biochemistry and Physiology Part B: Biochemistry and Molecular Biology",P1.06,high,mature,2.524017467248908,Citation Q3,35.54
POSI-J-024615,"Comparative Biochemistry and Physiology Part C: Toxicology & Pharmacology",P1.05,high,mature,3.141215106732348,Citation Q3,41.57
POSI-J-024616,"Comparative Biochemistry and Physiology Part D: Genomics and Proteomics",P1.06,high,mature,1.4719424460431654,Citation Q4,12.25
POSI-J-024617,"Comparative Immunology, Microbiology and Infectious Diseases",P1.06,high,mature,2.2085106382978723,Citation Q3,28.31
POSI-J-014582,"Comparative Immunology Reports",P1.06,high,not_yet_mature,2.5172413793103448,,
POSI-J-024618,"Complementary Therapies in Clinical Practice",P3.02,high,mature,3.1704545454545454,Citation Q1,82.44
POSI-J-001159,"Complementary Therapies in Medicine",P3.02,high,mature,3.4603580562659846,Citation Q1,85.02
POSI-J-024619,"Composite Structures",P2.11,high,mature,7.174198849630239,Citation Q1,76.9
POSI-J-024620,"Composites Communications",P2.05,high,mature,9.013774104683195,Citation Q1,86.47
POSI-J-024621,"Composites Part A: Applied Science and Manufacturing",P2.05,high,mature,7.635324675324675,Citation Q2,73.53
POSI-J-024622,"Composites Part B: Engineering",P2.11,high,mature,13.05521472392638,Citation Q1,97.01
POSI-J-005127,"Composites Part C: Open Access",P2.11,high,mature,5.23463687150838,Citation Q2,61.14
POSI-J-000830,"Comprehensive Psychiatry",P5.01,high,mature,4.757142857142857,Citation Q1,88.27
POSI-J-010070,"Comprehensive Psychoneuroendocrinology",P5.01,high,mature,2,Citation Q3,46.3
POSI-J-024624,"Computational Biology and Chemistry",P1.06,high,mature,2.857632933104631,Citation Q3,41.97
POSI-J-024625,"Computational Condensed Matter",P2.05,high,mature,3.0977859778597785,Citation Q4,10
POSI-J-024626,"Computational Geometry",P1.02,high,mature,0.6111111111111112,Citation Q4,4.02
POSI-J-024627,"Computational Materials Science",P2.05,high,mature,3.8777606574216743,Citation Q4,24.12
POSI-J-018976,"Computational Materials Today",P2.05,high,not_yet_mature,4.066666666666666,,
POSI-J-024628,"Computational Particle Mechanics",P2.11,high,mature,3.28125,Citation Q3,26.9
POSI-J-024629,"Computational Statistics & Data Analysis",P1.01,high,mature,1.261127596439169,Citation Q2,54.17
POSI-J-001166,"Computational and Structural Biotechnology Journal",P1.06,high,mature,6.053471667996807,Citation Q1,77.71
POSI-J-024630,"Computational and Structural Biotechnology Reports",P1.06,high,not_yet_mature,2.9886363636363638,,
POSI-J-024631,"Computational and Theoretical Chemistry",P1.04,high,mature,3.229420731707317,Citation Q3,36.9
POSI-J-024632,"Computational Toxicology",P1.02,high,mature,2.9574468085106385,Citation Q3,30.8
POSI-J-024633,"Computer-Aided Design",P2.11,high,mature,2.131205673758865,Citation Q4,11.14
POSI-J-024634,"Computer Aided Geometric Design",P2.11,high,mature,1.775609756097561,Citation Q4,6.79
POSI-J-024635,"Computer Communications",P1.02,high,mature,5.111587982832618,Citation Q2,69.2
POSI-J-024636,"Computer Law & Security Review",P5.06,high,mature,4.890666666666666,,
POSI-J-024637,"Computer Methods in Applied Mechanics and Engineering",P2.11,high,mature,8.696665143901324,Citation Q1,87.23
POSI-J-024638,"Computer Methods and Programs in Biomedicine",P3.02,high,mature,5.52858261550509,Citation Q1,94.39
POSI-J-011868,"Computer Methods and Programs in Biomedicine Update",P1.02,high,mature,14.1640625,Citation Q1,96.88
POSI-J-024639,"Computer Networks",P1.02,high,mature,4.588910133843212,Citation Q2,64.73
POSI-J-024640,"Computer Physics Communications",P1.03,high,mature,3.3812206572769954,Citation Q2,70.24
POSI-J-024641,"Computer Science Review",P1.02,high,mature,12.206303724928366,Citation Q1,95.09
POSI-J-024642,"Computer Speech & Language",P1.02,high,mature,2.7041800643086815,Citation Q3,25.45
POSI-J-024643,"Computer Standards & Interfaces",P1.02,high,mature,5.167235494880546,Citation Q2,70.09
POSI-J-024644,"Computer Vision and Image Understanding",P1.02,high,mature,3.6205533596837944,Citation Q3,46.88
POSI-J-024645,"Computer-Aided Civil and Infrastructure Engineering",P2.01,high,mature,6.252463054187192,Citation Q2,65.69
POSI-J-024646,"Computerized Medical Imaging and Graphics",P3.02,high,mature,5.485651214128035,Citation Q1,94.08
POSI-J-024647,"Computers in Biology and Medicine",P3.02,high,mature,7.906762589928057,Citation Q1,97.17
POSI-J-024648,"Computers & Chemical Engineering",P2.11,high,mature,4.967961165048544,Citation Q2,54.08
POSI-J-024649,"Computers and Composition",P5.04,high,mature,6.712121212121212,Citation Q1,89.58
POSI-J-005957,"Computers and Education: Artificial Intelligence",P1.02,high,mature,25.74398249452954,Citation Q1,98.66
POSI-J-009496,"Computers and Education Open",P1.02,high,mature,16.004032258064516,Citation Q1,97.77
POSI-J-014578,"Computers & Education: X Reality",P1.02,high,not_yet_mature,5.078125,,
POSI-J-024650,"Computers & Electrical Engineering",P1.02,high,mature,6.999022482893451,Citation Q1,85.27
POSI-J-024651,"Computers and Electronics in Agriculture",P4.01,high,mature,9.928403755868544,Citation Q1,96.48
POSI-J-024652,"Computers, Environment and Urban Systems",P2.01,high,mature,8.84192439862543,Citation Q1,87.25
POSI-J-024653,"Computers & Fluids",P2.11,high,mature,2.5427461139896375,Citation Q4,14.95
POSI-J-024654,"Computers & Geosciences",P1.05,high,mature,4.598019801980198,Citation Q2,67.24
POSI-J-024655,"Computers and Geotechnics",P2.01,high,mature,7.619004524886877,Citation Q1,81.37
POSI-J-024656,"Computers & Graphics",P1.02,high,mature,3.0608695652173914,Citation Q3,33.48
POSI-J-010297,"Computers in Human Behavior: Artificial Humans",P1.02,high,not_yet_mature,8.625396825396825,,
POSI-J-003513,"Computers in Human Behavior Reports",P5.01,high,mature,4.717003567181926,Citation Q1,87.04
POSI-J-024657,"Computers & Industrial Engineering",P2.11,high,mature,7.220093457943925,Citation Q1,77.45
POSI-J-024658,"Computers in Industry",P2.11,high,mature,10.357827476038338,Citation Q1,91.58
POSI-J-024659,"Computers & Mathematics with Applications",P1.01,high,mature,2.5814345991561183,Citation Q1,84.72
POSI-J-024660,"Computers & Operations Research",P2.11,high,mature,4.5941704035874436,Citation Q3,45.92
POSI-J-024661,"Computers & Security",P1.02,high,mature,8.485113835376533,Citation Q1,89.73
POSI-J-024662,"Computers & Structures",P2.11,high,mature,4.9068627450980395,Citation Q2,52.45
POSI-J-024663,"Consciousness and Cognition",P3.01,high,mature,2.2718446601941746,Citation Q3,25.74
POSI-J-024664,"Construction and Building Materials in Transportation",P2.01,low,not_yet_mature,0.2222222222222222,,
POSI-J-024665,"Contact Lens and Anterior Eye",P3.02,high,mature,2.748344370860927,Citation Q1,79.66
POSI-J-024666,"Contemporary Clinical Trials",P3.02,high,mature,1.6997319034852547,Citation Q2,58.34
POSI-J-002414,"Contemporary Clinical Trials Communications",P3.02,high,mature,1.7057356608478802,Citation Q2,58.55
POSI-J-024667,"Contemporary Educational Psychology",P5.01,high,mature,4.047058823529412,Citation Q1,78.4
POSI-J-001761,"Continence",P3.02,high,mature,0.2338156892612338,Citation Q4,13.44
POSI-J-017030,"Continence Reports",P3.02,high,not_yet_mature,0.36486486486486486,,
POSI-J-024668,"Continental Shelf Research",P1.05,high,mature,1.906801007556675,Citation Q4,15.13
POSI-J-024669,"Contraception",P3.02,high,mature,1.2236180904522613,Citation Q3,47.73
POSI-J-024670,"Contraception: X",P3.02,high,mature,2.769230769230769,Citation Q1,79.97
POSI-J-024671,"Control Engineering Practice",P2.11,high,mature,4.196634189548273,Citation Q3,41.03
POSI-J-024672,"Coordination Chemistry Research",P1.04,medium,not_yet_mature,0.8717948717948718,,
POSI-J-024673,"Coordination Chemistry Reviews",P1.04,high,mature,19.819982394366196,Citation Q1,98.81
POSI-J-010213,"Corrosion Communications",P2.05,high,mature,7.641025641025641,Citation Q2,74.71
POSI-J-024674,"Corrosion Science",P2.05,high,mature,10.5140503875969,Citation Q1,88.82
POSI-J-024675,"Cortex",P3.01,high,mature,2.7453416149068324,Citation Q3,40.44
POSI-J-024676,"Cretaceous Research",P1.05,high,mature,1.6116504854368932,Citation Q4,9.77
POSI-J-024677,"Critical Care Clinics",P3.02,high,mature,2.241025641025641,Citation Q2,70.29
POSI-J-024678,"Critical Care Nursing Clinics of North America",P3.02,high,mature,0.967032967032967,Citation Q3,39.08
POSI-J-024679,"Critical Care and Resuscitation",P3.02,high,mature,1.135135135135135,Citation Q3,45.16
POSI-J-024680,"Critical Perspectives on Accounting",P5.02,high,mature,5.591549295774648,Citation Q2,66.57
POSI-J-024681,"Critical Reviews in Oncology/Hematology",P3.02,high,mature,5.51858913250715,Citation Q1,94.28
POSI-J-017738,"Crop Design",P4.01,high,not_yet_mature,5.95,,
POSI-J-015770,"Crop and Environment",P4.01,high,not_yet_mature,7.896103896103896,,
POSI-J-024682,"The Crop Journal",P4.01,high,mature,6.014732965009208,Citation Q2,69.72
POSI-J-024683,"Crop Protection",P4.01,high,mature,3.5063291139240507,Citation Q3,35.92
POSI-J-024684,"Cryobiology",P3.02,high,mature,1.168421052631579,Citation Q3,46.29
POSI-J-024685,"Cryogenics",P2.03,high,mature,2.454022988505747,Citation Q4,10.38
POSI-J-024686,"Cure & Care",P3.02,medium,not_yet_mature,0.30434782608695654,,
POSI-J-024687,"Current Applied Physics",P2.05,high,mature,3.3388581952117864,Citation Q4,13.53
POSI-J-000645,"Current Developments in Nutrition",P3.02,high,mature,0.3869701726844584,Citation Q4,18.18
POSI-J-024688,"Current Genomics",P1.06,high,mature,6.679245283018868,Citation Q1,80.52
POSI-J-024689,"Current Opinion in Behavioral Sciences",P3.01,high,mature,5.723140495867769,Citation Q1,87.5
POSI-J-024690,"Current Opinion in Biomedical Engineering",P2.11,high,mature,3.437086092715232,Citation Q3,29.08
POSI-J-024691,"Current Opinion in Biotechnology",P1.06,high,mature,7.804749340369393,Citation Q1,87.35
POSI-J-024692,"Current Opinion in Cell Biology",P1.06,high,mature,6.618421052631579,Citation Q1,80.12
POSI-J-024693,"Current Opinion in Chemical Biology",P1.06,high,mature,7.834080717488789,Citation Q1,87.75
POSI-J-024694,"Current Opinion in Chemical Engineering",P2.11,high,mature,8.36734693877551,Citation Q1,86.14
POSI-J-024695,"Current Opinion in Colloid & Interface Science",P2.05,high,mature,8.379310344827585,Citation Q1,79.41
POSI-J-024696,"Current Opinion in Electrochemistry",P2.02,high,mature,5.3,Citation Q2,60.19
POSI-J-024697,"Current Opinion in Endocrine and Metabolic Research",P3.02,high,mature,1.853658536585366,Citation Q2,62.46
POSI-J-024698,"Current Opinion in Environmental Science & Health",P1.05,high,mature,5.1826923076923075,Citation Q2,74.52
POSI-J-024699,"Current Opinion in Environmental Sustainability",P1.05,high,mature,5.76,Citation Q1,78.74
POSI-J-024700,"Current Opinion in Food Science",P4.01,high,mature,9.051063829787234,Citation Q1,95.07
POSI-J-024701,"Current Opinion in Genetics & Development",P1.06,high,mature,5.121863799283154,Citation Q2,72.49
POSI-J-024702,"Current Opinion in Green and Sustainable Chemistry",P2.11,high,mature,11.536945812807883,Citation Q1,94.29
POSI-J-024703,"Current Opinion in Immunology",P1.06,high,mature,3.9044585987261144,Citation Q2,56.43
POSI-J-024704,"Current Opinion in Insect Science",P1.06,high,mature,4.603603603603603,Citation Q2,66.47
POSI-J-024705,"Current Opinion in Microbiology",P1.06,high,mature,6.874538745387454,Citation Q1,81.73
POSI-J-024706,"Current Opinion in Neurobiology",P3.01,high,mature,5.0064935064935066,Citation Q1,78.68
POSI-J-024707,"Current Opinion in Pharmacology",P3.02,high,mature,3.786764705882353,Citation Q1,88.31
POSI-J-024708,"Current Opinion in Physiology",P3.01,high,mature,0.7516339869281046,Citation Q4,3.68
POSI-J-024709,"Current Opinion in Plant Biology",P4.01,high,mature,6.372549019607843,Citation Q1,79.58
POSI-J-024710,"Current Opinion in Psychology",P5.01,high,mature,4.875536480686695,Citation Q1,89.51
POSI-J-024711,"Current Opinion in Solid State and Materials Science",P2.05,high,mature,12.777777777777779,Citation Q1,93.53
POSI-J-024712,"Current Opinion in Structural Biology",P1.06,high,mature,8.28721174004193,Citation Q1,89.76
POSI-J-024713,"Current Opinion in Systems Biology",P1.06,high,mature,2.9594594594594597,Citation Q3,43.98
POSI-J-024714,"Current Opinion in Toxicology",P1.05,high,mature,1.9142857142857144,Citation Q4,15.52
POSI-J-024715,"Current Opinion in Virology",P3.02,high,mature,3.0720720720720722,Citation Q1,82.03
POSI-J-024716,"Current Pharmaceutical Analysis",P1.04,high,mature,3.945273631840796,Citation Q2,55.95
POSI-J-005992,"Current Plant Biology",P4.01,high,mature,5.822085889570552,Citation Q2,65.49
POSI-J-024717,"Current Problems in Cancer",P3.02,high,mature,2.4873417721518987,Citation Q1,76.26
POSI-J-008392,"Current Problems in Cancer: Case Reports",P3.02,high,mature,0.35333333333333333,Citation Q4,16.74
POSI-J-024718,"Current Problems in Cardiology",P3.02,high,mature,4.286713286713287,Citation Q1,90.99
POSI-J-024719,"Current Problems in Diagnostic Radiology",P3.02,high,mature,1.504225352112676,Citation Q2,54.02
POSI-J-024720,"Current Problems in Pediatric and Adolescent Health Care",P5.02,high,mature,1.4108108108108108,Citation Q4,10
POSI-J-001561,"Current Problems in Surgery",P3.02,high,mature,1.6480541455160744,Citation Q2,57.42
POSI-J-024721,"Current Radiopharmaceuticals",P3.02,high,mature,1.8431372549019607,Citation Q2,62.05
POSI-J-013259,"Current Research in Behavioral Sciences",P5.01,high,mature,2.7183098591549295,Citation Q2,63.58
POSI-J-008726,"Current Research in Biotechnology",P1.06,high,mature,6.43859649122807,Citation Q1,79.32
POSI-J-024722,"Current Research in Chemical Biology",P1.06,medium,mature,0,,
POSI-J-011321,"Current Research in Ecological and Social Psychology",P5.01,high,mature,2.1979166666666665,Citation Q2,51.23
POSI-J-009533,"Current Research in Environmental Sustainability",P1.05,high,mature,4.608333333333333,Citation Q2,68.01
POSI-J-002614,"Current Research in Food Science",P4.01,high,mature,7.534117647058824,Citation Q1,86.62
POSI-J-007023,"Current Research in Green and Sustainable Chemistry",P2.05,high,mature,6.3359375,Citation Q2,60.59
POSI-J-024723,"Current Research in Immunology",P1.06,high,mature,5.833333333333333,Citation Q1,76.51
POSI-J-016449,"Current Research in Insect Science",P1.06,high,mature,4.551724137931035,Citation Q2,65.26
POSI-J-006066,"Current Research in Microbial Sciences",P1.06,high,mature,4.192488262910798,Citation Q2,60.84
POSI-J-015277,"Current Research in Neurobiology",P3.01,high,mature,2.6470588235294117,Citation Q3,37.5
POSI-J-008959,"Current Research in Parasitology and Vector-Borne Diseases",P3.02,high,mature,2.100806451612903,Citation Q2,67.4
POSI-J-011934,"Current Research in Pharmacology and Drug Discovery",P3.02,high,mature,5.935064935064935,Citation Q1,94.9
POSI-J-013837,"Current Research in Physiology",P3.02,high,mature,3.318840579710145,Citation Q1,83.99
POSI-J-013338,"Current Research in Structural Biology",P1.06,high,mature,5.555555555555555,Citation Q2,74.5
POSI-J-010328,"Current Research in Toxicology",P1.05,high,mature,4.603658536585366,Citation Q2,67.62
POSI-J-024724,"Current Research in Translational Medicine ",P3.02,high,mature,1.8066666666666666,Citation Q2,60.81
POSI-J-001589,"Current Therapeutic Research",P3.02,high,mature,3.9345794392523366,Citation Q1,89.44
POSI-J-024725,"Currents in Pharmacy Teaching and Learning",P3.02,high,mature,1.4843462246777164,Citation Q2,53.71
POSI-J-017098,"Cyber Security and Applications",P1.02,high,not_yet_mature,15.88888888888889,,
POSI-J-024726,"Cyber-Physical Energy Systems",P2.02,high,not_yet_mature,0.819672131147541,,
POSI-J-024727,"Cytokine & Growth Factor Reviews",P1.06,high,mature,12.6,Citation Q1,95.78
POSI-J-024728,"Cytokine: X",P1.06,high,mature,0,Citation Q4,1.2
POSI-J-024729,"Cytotherapy",P3.02,high,mature,1,Citation Q3,40.63
POSI-J-024730,"Damage",P2.11,low,not_yet_mature,0,,
POSI-J-012557,"Data and Information Management",P5.02,high,mature,8.620689655172415,Citation Q1,91.71
POSI-J-024731,"Data & Knowledge Engineering",P1.02,high,mature,4.51984126984127,Citation Q2,63.84
POSI-J-024732,"Data Science and Informetrics",P5.02,high,mature,0.9787234042553191,Citation Q4,4.29
POSI-J-013876,"Data Science and Management",P5.02,high,mature,8.352380952380953,Citation Q1,90.57
POSI-J-017495,"DeCarbon",P2.02,high,not_yet_mature,10.814814814814815,,
POSI-J-005864,"Decision Analytics Journal",P5.02,high,mature,8.755417956656347,Citation Q1,92.29
POSI-J-024733,"Decision Support Systems",P5.02,high,mature,7.6217616580310885,Citation Q1,86
POSI-J-018810,"Decoding Infection and Transmission",P3.02,high,not_yet_mature,2.357142857142857,,
POSI-J-012749,"Deep Brain Stimulation",P3.02,high,mature,0.7272727272727273,Citation Q3,30.74
POSI-J-024734,"Deep Resources Engineering",P2.11,high,not_yet_mature,4.402439024390244,,
POSI-J-024735,"Deep Sea Research Part I: Oceanographic Research Papers",P1.05,high,mature,2.1731343283582087,Citation Q4,21.65
POSI-J-024736,"Deep Sea Research Part II: Topical Studies in Oceanography",P1.05,high,mature,1.5395348837209302,Citation Q4,8.24
POSI-J-001836,"Defence Technology",P2.03,high,mature,4.413314840499306,Citation Q2,50
POSI-J-024737,"Dendrochronologia",P1.05,high,mature,2.1261829652996846,Citation Q4,19.35
POSI-J-024738,"Dental Abstracts",P3.02,high,mature,0.021834061135371178,Citation Q4,5.51
POSI-J-024739,"Dental Clinics of North America",P3.02,high,mature,0.828125,Citation Q3,34.76
POSI-J-024740,"Dental Materials",P3.02,high,mature,2.508116883116883,Citation Q1,76.98
POSI-J-024741,"Dental Research",P3.02,medium,not_yet_mature,3.84,,
POSI-J-012919,"Dentistry Review",P3.02,high,mature,1.3647058823529412,Citation Q2,51.13
POSI-J-024742,"Dermatologic Clinics",P3.02,high,mature,2.1218274111675126,Citation Q2,68.33
POSI-J-000578,"Desalination and Water Treatment",P1.05,high,mature,8.188453159041394,Citation Q1,91.38
POSI-J-024744,"Design and Artificial Intelligence",P1.02,medium,not_yet_mature,1.8888888888888888,,
POSI-J-024745,"Design Science Vision",P2.03,low,not_yet_mature,0.5,,
POSI-J-024746,"Design Studies",P2.03,high,mature,3.5714285714285716,Citation Q3,29.25
POSI-J-024747,"Development Engineering",P1.05,high,mature,0,Citation Q4,0.19
POSI-J-024748,"Development and Sustainability in Economics and Finance",P5.02,high,not_yet_mature,3.4640522875816995,,
POSI-J-024749,"Developmental Cell",P1.06,high,mature,10.480974124809741,Citation Q1,94.18
POSI-J-002234,"Developmental Cognitive Neuroscience",P3.01,high,mature,4.993055555555555,Citation Q1,77.21
POSI-J-024750,"Developmental & Comparative Immunology",P1.06,high,mature,1.7907869481765835,Citation Q4,22.29
POSI-J-024751,"Developmental Review",P5.01,high,mature,4.515151515151516,Citation Q1,83.33
POSI-J-003927,"Developments in the Built Environment",P2.01,high,mature,6.994169096209912,Citation Q1,75.49
POSI-J-024752,"Device",P2.11,high,not_yet_mature,7.226415094339623,,
POSI-J-011966,"Diabetes Epidemiology and Management",P3.02,high,mature,1.2314814814814814,Citation Q3,48.04
POSI-J-024753,"Diabetes & Metabolic Syndrome: Clinical Research and Reviews",P3.02,high,mature,5.031073446327683,Citation Q1,93.46
POSI-J-024754,"Diabetes & Metabolism",P3.02,high,mature,3.400900900900901,Citation Q1,84.6
POSI-J-024755,"Diagnostic Histopathology",P3.02,high,mature,0.6106870229007634,Citation Q4,24.77
POSI-J-024756,"Diagnostic and Interventional Imaging",P3.02,high,mature,6.322448979591837,Citation Q1,95.62
POSI-J-024757,"Diagnostic Microbiology and Infectious Disease",P3.02,high,mature,1.8124474348191757,Citation Q2,61.12
POSI-J-010195,"Dialogues in Health",P3.02,high,not_yet_mature,2.4327485380116958,,
POSI-J-024758,"Diamond and Related Materials",P2.05,high,mature,5.522690698422916,Citation Q3,40.59
POSI-J-024759,"Differential Geometry and its Applications",P1.01,high,mature,0.5387755102040817,Citation Q4,15.28
POSI-J-024760,"Differentiation",P1.06,high,mature,3.203252032520325,Citation Q3,47.99
POSI-J-024761,"Digestive and Liver Disease Supplements",P3.02,high,mature,0,Citation Q4,2.37
POSI-J-024762,"Digital Applications in Archaeology and Cultural Heritage",P1.05,high,mature,1.9575289575289576,Citation Q4,16.28
POSI-J-014180,"Digital Business",P5.02,high,mature,8.8,Citation Q1,92.86
POSI-J-010345,"Digital Chemical Engineering",P2.11,high,mature,4.610526315789474,Citation Q3,46.47
POSI-J-024763,"Digital Chinese Medicine",P3.02,high,mature,1.6545454545454545,Citation Q2,57.52
POSI-J-003663,"Digital Communications and Networks",P1.02,high,mature,3.97444089456869,Citation Q2,56.7
POSI-J-022776,"Digital Dentistry Journal",P3.02,high,not_yet_mature,0.6448598130841121,,
POSI-J-016110,"Digital Engineering",P2.11,high,mature,4.931297709923665,Citation Q2,52.99
POSI-J-014396,"Digital Geography and Society",P5.04,high,mature,2.9903846153846154,Citation Q2,64.58
POSI-J-024764,"Digital Signal Processing",P1.02,high,mature,2.9501340482573726,Citation Q3,29.91
POSI-J-024765,"Disability and Health Journal",P3.02,high,mature,2.5028571428571427,Citation Q1,76.78
POSI-J-024766,"Discourse, Context & Media",P6.02,high,mature,2.3176470588235296,,
POSI-J-024767,"Discrete Applied Mathematics",P1.02,high,mature,0.9807280513918629,Citation Q4,9.38
POSI-J-024768,"Discrete Mathematics",P1.02,high,mature,0.8579067990832697,Citation Q4,5.8
POSI-J-024769,"Discrete Optimization",P1.02,high,mature,0.5,Citation Q4,2.23
POSI-J-024770,"Disease-a-Month",P5.02,high,mature,1.1822033898305084,Citation Q4,6
POSI-J-024771,"Disease and Therapeutics",P3.02,low,not_yet_mature,0.10526315789473684,,
POSI-J-024772,"Displays",P1.02,high,mature,3.190998902305159,Citation Q3,35.27
POSI-J-024773,"DNA Repair",P1.06,high,mature,4.554216867469879,Citation Q2,65.66
POSI-J-024774,"Domestic Animal Endocrinology",P1.06,high,mature,1.5467625899280575,Citation Q4,13.86
POSI-J-024775,"Douleurs : Évaluation – Diagnostic – Traitement",P3.02,high,mature,0.07317073170731707,Citation Q4,8.39
POSI-J-024776,"Drug and Alcohol Dependence",P3.02,high,mature,0.9264334655607646,Citation Q3,37.74
POSI-J-007926,"Drug and Alcohol Dependence Reports",P3.02,high,mature,3.240816326530612,Citation Q1,83.37
POSI-J-024777,"Drug Discovery Today",P1.06,high,mature,8.321477428180575,Citation Q1,90.16
POSI-J-024778,"Drug Metabolism and Disposition",P3.02,high,mature,2.9139579349904396,Citation Q1,80.69
POSI-J-024779,"Drug Metabolism and Pharmacokinetics",P3.02,high,mature,0.39644218551461247,Citation Q4,18.28
POSI-J-024780,"Drug Resistance Updates",P3.02,high,mature,14.834394904458598,Citation Q1,99.23
POSI-J-024781,"Dyes and Pigments",P2.05,high,mature,3.6598746081504703,Citation Q4,20.59
POSI-J-024782,"Dynamics of Atmospheres and Oceans",P1.05,high,mature,2.1005291005291005,Citation Q4,18.97
POSI-J-024783,"EANM Innovation",P3.02,high,not_yet_mature,0.06593406593406594,,
POSI-J-024784,"The EANM Journal",P3.02,medium,not_yet_mature,1.441860465116279,,
POSI-J-024785,"Early Childhood Research Quarterly",P5.03,high,mature,2.5266457680250785,,
POSI-J-024786,"Early Human Development",P3.02,high,mature,2.120507399577167,Citation Q2,68.23
POSI-J-018647,"Earth Critical Zone",P1.05,high,not_yet_mature,4.901408450704225,,
POSI-J-019291,"Earth Energy Science",P2.11,high,not_yet_mature,5.509803921568627,,
POSI-J-019670,"Earth History and Biodiversity",P1.05,medium,not_yet_mature,1.5853658536585367,,
POSI-J-024787,"Earth and Planetary Science Advances",P1.05,low,not_yet_mature,0,,
POSI-J-024788,"Earth-Science Reviews",P1.05,high,mature,9.844155844155845,Citation Q1,96.36
POSI-J-010434,"Earth System Governance",P1.05,high,mature,2.8445945945945947,Citation Q3,34.29
POSI-J-024790,"Earthquake Research Advances",P1.05,high,mature,3.618181818181818,Citation Q2,50.38
POSI-J-004519,"Earthquake Science",P1.05,high,mature,2.6578947368421053,Citation Q3,30.84
POSI-J-024791,"Eating Behaviors",P5.01,high,mature,2.0700934579439254,Citation Q3,48.77
POSI-J-024792,"EBES Sustainable Building",P2.01,low,not_yet_mature,0.125,,
POSI-J-000857,"EBioMedicine",P1.06,high,mature,9.735576923076923,Citation Q1,92.57
POSI-J-001141,"EClinicalMedicine",P3.02,high,mature,11.525797101449275,Citation Q1,98.82
POSI-J-012372,"Eco-Environment & Health",P1.05,high,not_yet_mature,10.124260355029586,,
POSI-J-024793,"Ecohydrology & Hydrobiology",P1.05,high,mature,2.705627705627706,Citation Q3,31.61
POSI-J-024794,"Ecological Complexity",P1.05,high,mature,1.625,Citation Q4,10.15
POSI-J-024795,"Ecological Engineering",P1.05,high,mature,3.954856361149111,Citation Q2,56.51
POSI-J-024796,"Ecological Frontiers",P1.05,high,not_yet_mature,2.9978586723768736,,
POSI-J-024797,"Ecological Genetics and Genomics",P4.01,high,mature,1.5389830508474576,Citation Q4,2.11
POSI-J-000614,"Ecological Indicators",P1.05,high,mature,9.00718085106383,Citation Q1,94.06
POSI-J-001170,"Ecological Informatics",P1.05,high,mature,7.673482849604222,Citation Q1,89.85
POSI-J-024798,"Ecological Modelling",P1.05,high,mature,2.9639065817409764,Citation Q3,37.36
POSI-J-024799,"Econometrics and Statistics",P5.02,high,mature,1.1666666666666667,Citation Q4,5.43
POSI-J-010465,"EconomiA",P5.02,high,mature,1.9523809523809523,Citation Q4,16.86
POSI-J-024800,"Economic Analysis and Policy",P5.02,high,mature,7.3088834555827225,Citation Q1,83.14
POSI-J-024801,"Economic Systems",P5.02,high,mature,3.197860962566845,Citation Q3,38
POSI-J-024802,"Economics of Education Review",P5.03,high,mature,1.929245283018868,,
POSI-J-024803,"Economics & Human Biology",P3.03,high,mature,2.04,Citation Q2,66.36
POSI-J-024804,"Economics of Transportation",P5.02,high,mature,4.216666666666667,Citation Q2,53.43
POSI-J-024805,"Ecosystem Services",P1.05,high,mature,7.874576271186441,Citation Q1,91
POSI-J-000575,"Ecotoxicology and Environmental Safety",P1.05,high,mature,6.703703703703703,Citation Q1,85.63
POSI-J-001400,"Educación Médica",P3.02,high,mature,0.6256983240223464,Citation Q3,26
POSI-J-024806,"Education for Chemical Engineers",P2.11,high,mature,4.038461538461538,Citation Q3,38.32
POSI-J-024807,"Educational Research Review",P5.03,high,mature,8.130681818181818,,
POSI-J-024808,"EFB Bioeconomy Journal",P1.06,high,mature,12.5,Citation Q1,95.38
POSI-J-004072,"Egyptian Informatics Journal",P1.02,high,mature,4.353413654618474,Citation Q2,62.05
POSI-J-004890,"The Egyptian Journal of Aquatic Research",P1.05,high,mature,3.6646706586826348,Citation Q2,51.92
POSI-J-004843,"Egyptian Journal of Petroleum",P2.11,high,mature,1.054263565891473,Citation Q4,3.53
POSI-J-004751,"The Egyptian Journal of Remote Sensing and Space Science",P1.05,high,mature,3.9171597633136095,Citation Q2,55.75
POSI-J-024809,"The Egyptian Rheumatologist",P3.02,high,mature,0.8333333333333334,Citation Q3,34.86
POSI-J-007006,"EJC Pediatric Oncology",P3.02,high,not_yet_mature,1.1065989847715736,,
POSI-J-003369,"EJC Skin Cancer",P3.02,high,not_yet_mature,0.1980461811722913,,
POSI-J-000503,"EJVES Vascular Forum",P3.02,high,mature,0.6814814814814815,Citation Q3,28.99
POSI-J-024810,"Electoral Studies",P5.06,high,mature,2.236559139784946,,
POSI-J-024811,"Electric Power Systems Research",P2.02,high,mature,4.1522899690924415,Citation Q3,43.52
POSI-J-024812,"The Electricity Journal",P2.02,high,mature,3.2,Citation Q3,26.85
POSI-J-000763,"Electrochemistry Communications",P2.02,high,mature,4.5376884422110555,Citation Q2,50.93
POSI-J-024813,"Electronic Commerce Research and Applications",P5.02,high,mature,6.285714285714286,Citation Q1,75.14
POSI-J-002492,"Electronic Journal of Biotechnology",P1.06,high,mature,3.303030303030303,Citation Q3,48.8
POSI-J-024814,"EMC - AKOS - Trattato di Medicina",P3.02,high,mature,0.021739130434782608,Citation Q4,5.41
POSI-J-024815,"EMC - Anestesia-Reanimación",P3.02,high,mature,0.0425531914893617,Citation Q4,7.11
POSI-J-024816,"EMC - Anestesia-Rianimazione",P3.02,high,mature,0,Citation Q4,2.37
POSI-J-024817,"EMC - Aparato Locomotor",P3.02,high,mature,0.08928571428571429,Citation Q4,9.01
POSI-J-024818,"EMC - Cirugía General",P3.02,high,mature,0,Citation Q4,2.37
POSI-J-024819,"EMC - Cirugía Otorrinolaringológica y Cervicofacial",P3.02,high,mature,0.08333333333333333,Citation Q4,8.81
POSI-J-024820,"EMC - Cirugía Plástica Reparadora y Estética",P3.02,high,mature,0.1111111111111111,Citation Q4,9.94
POSI-J-024821,"EMC - Cosmetologia Medica e Medicina degli Inestetismi Cutanei",P3.02,high,mature,0,Citation Q4,2.37
POSI-J-024822,"EMC - Dermatología",P3.02,high,mature,0,Citation Q4,2.37
POSI-J-024823,"EMC - Ginecología-Obstetricia",P3.02,high,mature,0.06153846153846154,Citation Q4,7.88
POSI-J-024824,"EMC - Kinesiterapia - Medicina Fisica",P3.02,high,mature,0.12195121951219512,Citation Q4,10.04
POSI-J-024825,"EMC - Medicina Riabilitativa",P3.02,high,mature,0,Citation Q4,2.37
POSI-J-024826,"EMC - Neurologia",P3.02,high,mature,0,Citation Q4,2.37
POSI-J-024827,"EMC - Otorinolaringoiatria",P3.02,high,mature,0.023255813953488372,Citation Q4,5.72
POSI-J-024828,"EMC - Otorrinolaringología",P3.02,high,mature,0.0784313725490196,Citation Q4,8.5
POSI-J-024829,"EMC - Pediatría",P3.02,high,mature,0.0821917808219178,Citation Q4,8.7
POSI-J-024830,"EMC - Podología",P3.02,high,mature,0,Citation Q4,2.37
POSI-J-024831,"EMC - Técnicas Quirúrgicas - Aparato Digestivo",P3.02,high,mature,0,Citation Q4,2.37
POSI-J-024832,"EMC - Técnicas Quirúrgicas - Ortopedia y Traumatología",P3.02,high,mature,0,Citation Q4,2.37
POSI-J-024833,"EMC - Tecniche Chirurgiche Addominale",P3.02,high,mature,0.034482758620689655,Citation Q4,6.54
POSI-J-024834,"EMC - Tecniche Chirurgiche - Chirurgia Generale",P3.02,high,mature,0,Citation Q4,2.37
POSI-J-024835,"EMC - Tecniche Chirurgiche - Chirurgia ORL e Cervico-Facciale",P3.02,high,mature,0,Citation Q4,2.37
POSI-J-024836,"EMC - Tecniche Chirurgiche - Chirurgia Ortopedica",P3.02,high,mature,0,Citation Q4,2.37
POSI-J-024837,"EMC - Tecniche Chirurgiche - Chirurgia Plastica, Ricostruttiva ed Estetica",P3.02,high,mature,0,Citation Q4,2.37
POSI-J-024838,"EMC - Tecniche Chirurgiche Torace",P3.02,high,mature,0,Citation Q4,2.37
POSI-J-024839,"EMC - Tecniche Chirurgiche Vascolare",P3.02,high,mature,0,Citation Q4,2.37
POSI-J-024840,"EMC - Tratado de Medicina",P3.02,high,mature,0.16463414634146342,Citation Q4,11.79
POSI-J-024841,"EMC - Urgenze",P3.02,high,mature,0,Citation Q4,2.37
POSI-J-024842,"EMC - Urología",P3.02,high,mature,0.02127659574468085,Citation Q4,5.3
POSI-J-024843,"Emergency Medicine Clinics of North America",P3.02,high,mature,1.28125,Citation Q3,48.97
POSI-J-024844,"Emerging Animal Species",P1.06,high,not_yet_mature,2.0588235294117645,,
POSI-J-024845,"Emerging Contaminants",P1.05,high,mature,9.033742331288343,Citation Q1,94.44
POSI-J-024846,"Emerging Markets Review",P5.02,high,mature,3.7220543806646527,Citation Q3,47.14
POSI-J-011381,"Emerging Trends in Drugs, Addictions, and Health",P3.02,high,mature,0.8755980861244019,Citation Q3,36.51
POSI-J-024847,"Emotion, Space and Society",P5.04,high,mature,1.5894039735099337,Citation Q4,14.58
POSI-J-024848,"L’Encéphale",P3.02,high,mature,1.1746987951807228,Citation Q3,46.4
POSI-J-024849,"Endeavour",P6.05,high,mature,1.1029411764705883,,
POSI-J-011572,"Endocrine and Metabolic Science",P3.02,high,mature,2.6375,Citation Q1,78.42
POSI-J-024850,"Endocrine Practice",P3.02,high,mature,0.769090909090909,Citation Q3,32.08
POSI-J-024851,"Endocrinología, Diabetes y Nutrición",P3.02,high,mature,0.18760195758564438,Citation Q4,12.1
POSI-J-024852,"Endocrinología, Diabetes y Nutrición (English ed.)",P3.02,high,mature,0.6486486486486487,Citation Q3,27.03
POSI-J-024853,"Endocrinology and Metabolism Clinics of North America",P3.02,high,mature,2.4010416666666665,Citation Q2,74.1
POSI-J-009545,"Energetic Materials Frontiers",P2.11,high,mature,2.88,Citation Q4,19.29
POSI-J-024854,"Energy 360",P2.11,high,not_yet_mature,3.382716049382716,,
POSI-J-004981,"Energy and AI",P2.02,high,mature,8.261450381679388,Citation Q1,76.85
POSI-J-024855,"Energy and Buildings",P2.01,high,mature,7.366863905325443,Citation Q1,77.45
POSI-J-007110,"Energy and Built Environment",P2.01,high,mature,6.359813084112149,Citation Q2,69.61
POSI-J-024856,"Energy and Climate Change",P1.05,high,mature,4.444444444444445,Citation Q2,63.79
POSI-J-001957,"Energy Conversion and Management: X",P2.11,high,mature,4.0608591885441525,Citation Q3,38.86
POSI-J-024857,"Energy Efficiency First",P2.11,low,not_yet_mature,0.29411764705882354,,
POSI-J-024858,"Energy & Environmental Sustainability",P1.05,high,not_yet_mature,11.745454545454546,,
POSI-J-024859,"Energy Foresight",P2.11,medium,not_yet_mature,0.046511627906976744,,
POSI-J-007604,"Energy Geoscience",P2.11,high,mature,5.0548523206751055,Citation Q2,56.25
POSI-J-005304,"Energy Nexus",P1.05,high,mature,5.9714285714285715,Citation Q1,80.65
POSI-J-024860,"Energy Policy",P2.11,high,mature,7.847597597597598,Citation Q1,83.42
POSI-J-000725,"Energy Reports",P2.02,high,mature,9.29275610801543,Citation Q1,78.7
POSI-J-024861,"Energy Research & Social Science",P1.05,high,mature,6.88671611598112,Citation Q1,86.4
POSI-J-017136,"Energy Reviews",P2.02,high,not_yet_mature,19.514705882352942,,
POSI-J-024862,"Energy and Safety Science",P2.11,low,not_yet_mature,0.14285714285714285,,
POSI-J-024863,"Energy Storage Materials",P2.02,high,mature,13.33978021978022,Citation Q1,82.41
POSI-J-001916,"Energy Strategy Reviews",P2.11,high,mature,12.074468085106384,Citation Q1,95.92
POSI-J-024864,"Energy for Sustainable Development",P2.11,high,mature,5.81042654028436,Citation Q2,67.12
POSI-J-024865,"EnergyChem",P2.02,high,mature,17.6,Citation Q1,89.81
POSI-J-006180,"eNeurologicalSci",P3.02,high,mature,1.6206896551724137,Citation Q2,56.69
POSI-J-024866,"Enfermedades Infecciosas y Microbiología Clínica",P3.02,high,mature,0.7354988399071926,Citation Q3,31.15
POSI-J-024867,"Enfermedades infecciosas y microbiologia clinica (English ed.)",P3.02,high,mature,0.3627450980392157,Citation Q4,17.15
POSI-J-024868,"Enfermería Clínica",P3.03,high,mature,0.3991031390134529,Citation Q3,30
POSI-J-024869,"Enfermería Clínica (English Edition)",P3.03,high,mature,0.44,Citation Q3,33.64
POSI-J-024870,"Enfermería Intensiva",P3.02,high,mature,0.5821917808219178,Citation Q4,23.94
POSI-J-024871,"Enfermería Intensiva (English ed.)",P3.02,high,mature,0.7285714285714285,Citation Q3,30.84
POSI-J-013648,"Engineered Regeneration",P2.11,high,mature,4.6923076923076925,Citation Q2,50.27
POSI-J-001567,"Engineering",P2.11,high,mature,7.744979919678715,Citation Q1,81.25
POSI-J-024872,"Engineering Analysis with Boundary Elements",P2.11,high,mature,3.57943143812709,Citation Q3,32.34
POSI-J-024873,"Engineering Applications of Artificial Intelligence",P1.02,high,mature,6.966744217873273,Citation Q1,84.38
POSI-J-024874,"Engineering Failure Analysis",P2.03,high,mature,7.088126471577531,Citation Q1,78.3
POSI-J-024875,"Engineering Fracture Mechanics",P2.11,high,mature,6.233731739707835,Citation Q2,70.38
POSI-J-024876,"Engineering Geology",P1.05,high,mature,8.548265460030166,Citation Q1,92.15
POSI-J-014297,"Engineering Microbiology",P1.06,high,mature,4.978494623655914,Citation Q2,71.69
POSI-J-002016,"Engineering Science and Technology, an International Journal",P2.03,high,mature,4.40941512125535,Citation Q3,48.11
POSI-J-024877,"English for Specific Purposes",P6.02,high,mature,3.413793103448276,,
POSI-J-017825,"EngMedicine",P3.02,high,not_yet_mature,4.494623655913978,,
POSI-J-024878,"Entertainment Computing",P1.02,high,mature,3.7838312829525482,Citation Q2,50.45
POSI-J-000616,"Environment International",P1.05,high,mature,10.634834240475012,Citation Q1,97.51
POSI-J-005338,"Environmental Advances",P1.05,high,mature,7.50936329588015,Citation Q1,89.08
POSI-J-002466,"Environmental Challenges",P1.05,high,mature,5.018276762402089,Citation Q2,72.99
POSI-J-006547,"Environmental Chemistry and Ecotoxicology",P1.05,high,mature,5.858627858627859,Citation Q1,80.27
POSI-J-024879,"Environmental Development",P1.05,high,mature,4.302605210420841,Citation Q2,61.49
POSI-J-000858,"Environmental and Experimental Botany",P4.01,high,mature,5.890855457227139,Citation Q2,68.31
POSI-J-024880,"Environmental Functional Materials",P2.11,high,not_yet_mature,3.9523809523809526,,
POSI-J-024881,"Environmental Impact Assessment Review",P1.05,high,mature,9.345374449339207,Citation Q1,94.83
POSI-J-024882,"Environmental Innovation and Societal Transitions",P1.05,high,mature,6.213559322033898,Citation Q1,83.33
POSI-J-024885,"Environmental Modelling & Software",P1.05,high,mature,4.953512396694215,Citation Q2,71.84
POSI-J-024886,"Environmental Nanotechnology, Monitoring & Management",P1.05,high,mature,5.827067669172933,Citation Q1,79.5
POSI-J-024887,"Environmental Nexus",P1.05,medium,not_yet_mature,0.56,,
POSI-J-018155,"Environmental Pollution and Management",P1.05,high,not_yet_mature,7.235955056179775,,
POSI-J-024888,"Environmental Risk",P5.04,low,not_yet_mature,0,,
POSI-J-024889,"Environmental Science and Ecotechnology",P1.05,high,mature,15.154716981132076,Citation Q1,99.81
POSI-J-024890,"Environmental Science & Policy",P1.05,high,mature,6.258530183727034,Citation Q1,84.1
POSI-J-024891,"Environmental Surfaces and Interfaces",P1.05,high,not_yet_mature,3.2857142857142856,,
POSI-J-002834,"Environmental and Sustainability Indicators",P1.05,high,mature,3.6577777777777776,Citation Q2,51.53
POSI-J-001077,"Environmental Technology & Innovation",P1.05,high,mature,6.171132764920828,Citation Q1,82.57
POSI-J-024892,"Environmental Toxicology and Pharmacology",P1.05,high,mature,3.6419141914191417,Citation Q2,50.77
POSI-J-024893,"Enzyme and Microbial Technology",P1.06,high,mature,2.735602094240838,Citation Q3,38.76
POSI-J-004036,"Epidemics",P3.02,high,mature,3.595959595959596,Citation Q1,87.18
POSI-J-024894,"Epilepsy & Behavior",P3.02,high,mature,2.599109131403118,Citation Q1,77.7
POSI-J-006759,"Epilepsy & Behavior Reports ",P3.02,high,mature,1.778723404255319,Citation Q2,60.3
POSI-J-024895,"Epilepsy Research",P3.02,high,mature,1.9289099526066351,Citation Q2,64.01
POSI-J-024896,"e-Prime – Nexus of Electrical, Electronic, and Intelligent Engineering",P2.02,high,not_yet_mature,0.13793103448275862,,
POSI-J-024897,"Equity Neuroscience",P3.02,high,not_yet_mature,0.1746031746031746,,
POSI-J-008757,"eScience",P2.02,high,mature,30.145833333333332,Citation Q1,99.07
POSI-J-024898,"eScience Energy",P2.02,high,not_yet_mature,2.7868852459016393,,
POSI-J-010937,"ESMO Gastrointestinal Oncology",P3.02,high,not_yet_mature,1.2315436241610738,,
POSI-J-000775,"ESMO Open",P3.02,high,mature,1.5493072534637327,Citation Q2,55.15
POSI-J-024899,"ESMO Rare Cancers",P3.02,high,not_yet_mature,0.12307692307692308,,
POSI-J-000322,"ESMO Real World Data and Digital Oncology",P3.02,high,not_yet_mature,0.7205387205387206,,
POSI-J-024900,"Estuarine, Coastal and Shelf Science",P1.05,high,mature,2.423756019261637,Citation Q3,28.16
POSI-J-024901,"Ethics, Medicine and Public Health",P3.03,high,mature,0.6075581395348837,Citation Q3,39.09
POSI-J-024902,"Éthique & Santé",P3.03,high,mature,0.546875,Citation Q3,37.27
POSI-J-024903,"eTransportation",P2.02,high,mature,15.006369426751592,Citation Q1,86.11
POSI-J-013197,"EULAR Rheumatology Open",P3.02,high,not_yet_mature,0.5294117647058824,,
POSI-J-024904,"EuPA Open Proteomics",P1.06,high,mature,0,Citation Q4,1.2
POSI-J-011552,"EURO Journal on Computational Optimization",P2.11,high,mature,1.7,Citation Q4,5.71
POSI-J-014206,"EURO Journal on Decision Processes",P5.02,high,mature,3.2083333333333335,Citation Q3,38.57
POSI-J-010473,"EURO Journal on Transportation and Logistics",P2.11,high,mature,3.767857142857143,Citation Q3,34.51
POSI-J-024905,"European Annals of Otorhinolaryngology, Head and Neck Diseases",P3.02,high,mature,0.5399239543726235,Citation Q4,22.09
POSI-J-024906,"European Journal of Agronomy",P1.06,high,mature,6.45271629778672,Citation Q1,79.72
POSI-J-000611,"European Journal of Cancer Supplements",P3.02,high,mature,0,Citation Q4,2.37
POSI-J-001721,"European Journal of Cell Biology",P1.06,high,mature,4.111111111111111,Citation Q2,60.44
POSI-J-024907,"European Journal of Combinatorics",P1.01,high,mature,0.8621621621621621,Citation Q3,34.72
POSI-J-024908,"European Journal of Control",P2.11,high,mature,2.0383211678832116,Citation Q4,10.05
POSI-J-024909,"European Journal of Integrative Medicine",P3.02,high,mature,0.9915492957746479,Citation Q3,40.32
POSI-J-024910,"European Journal of Internal Medicine",P3.02,high,mature,3.4651162790697674,Citation Q1,85.12
POSI-J-024911,"European Journal of Mechanics - A/Solids",P2.11,high,mature,4.731958762886598,Citation Q2,50.82
POSI-J-024912,"European Journal of Mechanics - B/Fluids",P2.11,high,mature,1.9640591966173362,Citation Q4,9.51
POSI-J-024913,"European Journal of Medical Genetics",P1.06,high,mature,2.3850267379679146,Citation Q3,32.73
POSI-J-024914,"European Journal of Medicinal Chemistry",P1.04,high,mature,5.92264017033357,Citation Q1,77.38
POSI-J-009695,"European Journal of Medicinal Chemistry Reports",P1.04,high,mature,6.072961373390558,Citation Q1,82.14
POSI-J-024915,"European Journal of Obstetrics & Gynecology and Reproductive Biology",P3.02,high,mature,1.5135356849876949,Citation Q2,54.33
POSI-J-008053,"European Journal of Obstetrics & Gynecology and Reproductive Biology: X",P3.02,high,mature,1.544502617801047,Citation Q2,54.94
POSI-J-024916,"European Journal of Oncology Nursing",P3.02,high,mature,3.473997028231798,Citation Q1,85.43
POSI-J-024917,"European Journal of Paediatric Neurology",P3.02,high,mature,2.4639498432601883,Citation Q1,75.85
POSI-J-000714,"European Journal of Pharmaceutical Sciences",P3.01,high,mature,4.295377677564825,Citation Q2,71.32
POSI-J-024918,"European Journal of Pharmaceutics and Biopharmaceutics",P3.01,high,mature,5.054361567635904,Citation Q1,81.62
POSI-J-024919,"European Journal of Political Economy",P5.02,high,mature,3.910344827586207,Citation Q2,50
POSI-J-024920,"European Journal of Protistology",P1.05,high,mature,2.526315789473684,Citation Q3,28.93
POSI-J-024921,"The European Journal of Psychiatry",P5.01,high,mature,1.4471544715447155,Citation Q4,21.6
POSI-J-024922,"European Journal of Radiology",P3.02,high,mature,3.4244471744471743,Citation Q1,84.71
POSI-J-022759,"European Journal of Radiology Artificial Intelligence",P3.02,high,not_yet_mature,3.0504201680672267,,
POSI-J-004984,"European Journal of Radiology Open",P3.02,high,mature,2.684,Citation Q1,79.04
POSI-J-024923,"European Journal of Soil Biology",P1.06,high,mature,4.763546798029557,Citation Q2,68.47
POSI-J-024924,"European Journal of Surgical Oncology",P3.02,high,mature,0.9344225096437486,Citation Q3,37.85
POSI-J-024925,"European Journal of Trauma & Dissociation",P5.01,high,mature,1.67621776504298,Citation Q3,30.25
POSI-J-024926,"European Journal of Vascular and Endovascular Surgery",P3.02,high,mature,2.1112353269983233,Citation Q2,67.82
POSI-J-024927,"European Management Journal",P5.02,high,mature,3.6305970149253732,Citation Q3,44.86
POSI-J-024928,"European Polymer Journal",P2.05,high,mature,6.292756539235413,Citation Q2,59.41
POSI-J-010917,"European Research on Management and Business Economics",P5.02,high,mature,7.333333333333333,Citation Q1,83.71
POSI-J-018689,"European Transport Studies",P2.01,high,not_yet_mature,1.4675324675324675,,
POSI-J-024929,"European Urology Focus",P3.02,high,mature,3.7310469314079424,Citation Q1,88.21
POSI-J-024930,"European Urology Oncology",P3.02,high,mature,4.857142857142857,Citation Q1,92.95
POSI-J-000747,"European Urology Open Science",P3.02,high,mature,0.6329882184933953,Citation Q3,26.21
POSI-J-024931,"Evaluation and Program Planning",P3.03,high,mature,2.23841059602649,Citation Q2,73.64
POSI-J-024932,"Evolution and Human Behavior",P5.01,high,mature,2.057046979865772,Citation Q3,47.53
POSI-J-024933,"L'Évolution Psychiatrique",P5.01,high,mature,0.15979381443298968,Citation Q4,1.85
POSI-J-015348,"Evolving Earth",P1.05,high,not_yet_mature,1.3870967741935485,,
POSI-J-014022,"Examples and Counterexamples",P1.01,high,mature,1.168421052631579,Citation Q3,48.61
POSI-J-000761,"Experimental Gerontology",P3.02,high,mature,3.8411214953271027,Citation Q1,88.83
POSI-J-024934,"Experimental Hematology",P3.02,high,mature,0.7881656804733728,Citation Q3,33.21
POSI-J-000977,"Experimental and Molecular Pathology",P1.06,high,mature,3.5588235294117645,Citation Q2,52.81
POSI-J-024935,"Experimental Parasitology",P3.02,high,mature,1.606164383561644,Citation Q2,56.08
POSI-J-024936,"Experimental Thermal and Fluid Science",P2.11,high,mature,3.311023622047244,Citation Q3,27.45
POSI-J-024937,"Expert Systems with Applications: X",P1.02,medium,mature,0,,
POSI-J-024938,"Explorations in Economic History",P5.02,high,mature,1.8088235294117647,Citation Q4,13.43
POSI-J-004980,"Exploratory Research in Clinical and Social Pharmacy",P3.02,high,mature,2.4654255319148937,Citation Q1,75.95
POSI-J-024939,"EXPLORE",P3.02,high,mature,1.3096774193548386,Citation Q3,49.49
POSI-J-024940,"Expositiones Mathematicae",P1.01,high,mature,0.7034482758620689,Citation Q4,23.61
POSI-J-017405,"Extracellular Vesicle",P1.06,high,not_yet_mature,6.162162162162162,,
POSI-J-024941,"Extracorporeal Life Support",P3.02,low,mature,0,,
POSI-J-024942,"The Extractive Industries and Society",P2.01,high,mature,3.255083179297597,Citation Q3,28.43
POSI-J-024943,"Extreme Materials",P2.05,medium,not_yet_mature,4.435897435897436,,
POSI-J-024944,"Extreme Mechanics Letters",P2.11,high,mature,4.682191780821918,Citation Q3,49.18
POSI-J-024945,"Eye Discovery",P3.02,medium,not_yet_mature,0.08571428571428572,,
POSI-J-024946,"Facial Plastic Surgery Clinics of North America",P3.02,high,mature,0.986046511627907,Citation Q3,40.16
POSI-J-015284,"Farming System",P1.06,high,not_yet_mature,6.032258064516129,,
POSI-J-024947,"Fermented Foods",P4.01,low,not_yet_mature,0.11764705882352941,,
POSI-J-024948,"Field Crops Research",P4.01,high,mature,7.487247141600704,Citation Q1,85.21
POSI-J-024949,"Filtration Industry Analyst",P5.02,high,mature,0,Citation Q4,0.57
POSI-J-022723,"Finance Research Open",P5.02,high,not_yet_mature,1.0258064516129033,,
POSI-J-024950,"Finite Elements in Analysis and Design",P2.11,high,mature,2.7080745341614905,Citation Q4,17.66
POSI-J-024951,"Finite Fields and Their Applications",P1.02,high,mature,0.9371859296482412,Citation Q4,8.48
POSI-J-024952,"Fire Safety Journal",P2.11,high,mature,2.9026162790697674,Citation Q4,19.84
POSI-J-010057,"FirePhysChem",P2.11,high,mature,2.9693877551020407,Citation Q4,20.92
POSI-J-017452,"First Nations Health and Wellbeing - The Lowitja Journal",P5.09,high,not_yet_mature,1.1382978723404256,,
POSI-J-016601,"Fish and Shellfish Immunology Reports",P1.06,high,mature,0,Citation Q4,1.2
POSI-J-024953,"Fisheries Research",P1.05,high,mature,2.2944228274967573,Citation Q4,24.33
POSI-J-024954,"Fisioterapia",P3.02,high,mature,0.09811320754716982,Citation Q4,9.42
POSI-J-024955,"Fitoterapia",P1.06,high,mature,2.7898399443284623,Citation Q3,39.96
POSI-J-024956,"FlatChem",P2.05,high,mature,5.8320610687022905,Citation Q3,47.65
POSI-J-024957,"Flora",P1.06,high,mature,1.450632911392405,Citation Q4,11.04
POSI-J-024958,"Flow Measurement and Instrumentation",P2.11,high,mature,2.595814977973568,Citation Q4,15.49
POSI-J-024959,"Fluid Phase Equilibria",P2.04,high,mature,2.7989510489510487,,
POSI-J-024960,"FMC - Formación Médica Continuada en Atención Primaria",P3.02,high,mature,0.10946745562130178,Citation Q4,9.84
POSI-J-024961,"Focus on Catalysts",P2.11,high,mature,0.3803680981595092,Citation Q4,2.45
POSI-J-024962,"Focus on Pigments",P3.02,high,mature,0.007936507936507936,Citation Q4,4.89
POSI-J-024963,"Focus on Powder Coatings",P2.05,high,mature,0.296248382923674,Citation Q4,0.59
POSI-J-024964,"Focus on Surfactants",P3.02,high,mature,0,Citation Q4,2.37
POSI-J-024965,"Food and Bioproducts Processing",P4.01,high,mature,4.4569230769230765,Citation Q2,51.41
POSI-J-024966,"Food Bioscience",P4.01,high,mature,5.628333060690332,Citation Q2,64.08
POSI-J-002916,"Food Chemistry Advances",P4.01,high,mature,6.308707124010554,Citation Q1,76.76
POSI-J-008280,"Food Chemistry: Molecular Sciences",P4.01,high,mature,1.904,Citation Q4,4.93
POSI-J-001116,"Food Chemistry: X",P4.01,high,mature,6.0339943342776206,Citation Q2,71.13
POSI-J-024967,"Food and Humanity",P4.01,high,not_yet_mature,2.9958123953098825,,
POSI-J-010984,"Food Hydrocolloids for Health",P4.01,high,mature,3.576923076923077,Citation Q3,37.32
POSI-J-024969,"Food Microbiology",P1.06,high,mature,4.802147239263804,Citation Q2,69.68
POSI-J-024970,"Food Nutrition",P1.06,high,not_yet_mature,2.557377049180328,,
POSI-J-024971,"Food Packaging and Shelf Life",P2.05,high,mature,10.859560067681896,Citation Q1,90
POSI-J-016644,"Food Physics",P4.01,high,mature,6.234567901234568,Citation Q2,73.94
POSI-J-024972,"Food Policy",P1.06,high,mature,5.768496420047732,Citation Q1,76.1
POSI-J-024973,"Food Quality and Preference",P4.01,high,mature,4.680104031209363,Citation Q2,52.82
POSI-J-024974,"Food Research International: Reports",P4.01,low,not_yet_mature,0,,
POSI-J-024975,"Food Research International: Translational Research",P4.01,low,not_yet_mature,0,,
POSI-J-024976,"Food Science and Human Wellness",P3.02,high,mature,1.223856209150327,Citation Q3,47.84
POSI-J-024977,"Food Structure",P4.01,high,mature,3.6797752808988764,Citation Q3,41.55
POSI-J-010081,"Food and Waterborne Parasitology",P1.06,high,mature,2.0083333333333333,Citation Q3,25.1
POSI-J-024978,"Food Webs",P1.05,high,mature,1.346774193548387,Citation Q4,5.17
POSI-J-024979,"Food Wellness",P4.01,high,not_yet_mature,1.6,,
POSI-J-024980,"The Foot",P3.02,high,mature,1.3164556962025316,Citation Q3,49.79
POSI-J-024981,"Foot and Ankle Clinics",P3.02,high,mature,0.6201117318435754,Citation Q3,25.49
POSI-J-024982,"Foot and Ankle Surgery",P3.02,high,mature,2.278820375335121,Citation Q2,71.42
POSI-J-006181,"Foot & Ankle Surgery: Techniques, Reports & Cases",P3.02,high,mature,0.3515358361774744,Citation Q4,16.63
POSI-J-024983,"Football Studies",P3.02,high,not_yet_mature,0.625,,
POSI-J-009846,"Forces in Mechanics",P2.11,high,mature,4.1,Citation Q3,39.95
POSI-J-024984,"Forensic Chemistry",P1.04,high,mature,2.665,Citation Q3,27.38
POSI-J-024985,"Forensic Imaging",P3.02,high,mature,0.6532258064516129,Citation Q3,27.45
POSI-J-024986,"Forensic Science International: Animals and Environments",P1.06,high,mature,2,Citation Q4,24.7
POSI-J-024987,"Forensic Science International: Digital Investigation",P1.02,high,mature,2.3333333333333335,Citation Q4,22.77
POSI-J-024988,"Forensic Science International: Genetics",P1.06,high,mature,2.8009049773755654,Citation Q3,40.36
POSI-J-024989,"Forensic Science International: Genetics Supplement Series",P1.06,high,mature,0,Citation Q4,1.2
POSI-J-024990,"Forensic Science International: Mind and Law",P5.01,high,mature,2.2,Citation Q2,52.47
POSI-J-007522,"Forensic Science International: Reports",P1.06,high,mature,0.9215686274509803,Citation Q4,7.83
POSI-J-004851,"Forensic Science International: Synergy",P1.06,high,mature,1.633587786259542,Citation Q4,18.27
POSI-J-024991,"Forensic Sciences Research",P1.06,high,mature,1.457142857142857,Citation Q4,11.45
POSI-J-024992,"Forest Ecology and Management",P1.05,high,mature,3.427934621099554,Citation Q3,44.64
POSI-J-024993,"Forest Ecosystems",P1.05,high,mature,4.536144578313253,Citation Q2,66.48
POSI-J-024994,"Forest Policy and Economics",P1.05,high,mature,4.305084745762712,Citation Q2,61.88
POSI-J-005773,"Franklin Open",P1.02,high,not_yet_mature,2.6141732283464565,,
POSI-J-024995,"The French Journal of Urology",P3.02,high,mature,1.064039408866995,Citation Q3,42.28
POSI-J-003742,"Frontiers of Architectural Research",P2.01,high,mature,3.732673267326733,Citation Q3,34.31
POSI-J-024996,"Frontiers in Neuroendocrinology",P3.01,high,mature,6.214285714285714,Citation Q1,90.44
POSI-J-006133,"F&S Reports",P3.02,high,mature,0.8122605363984674,Citation Q3,34.04
POSI-J-024997,"F&S Reviews",P3.02,high,mature,2.75,Citation Q1,79.76
POSI-J-024998,"F&S Science",P3.02,high,mature,0.9848484848484849,Citation Q3,39.91
POSI-J-015340,"Fuel Communications",P2.11,high,mature,8.37037037037037,Citation Q1,86.68
POSI-J-024999,"Fuel and Energy Abstracts",P2.11,high,mature,0.02666666666666667,Citation Q4,1.9
POSI-J-000735,"Fuel Processing Technology",P2.11,high,mature,6.135193133047211,Citation Q2,69.84
POSI-J-017314,"Fundamental Plasma Physics",P1.03,high,not_yet_mature,1.9125,,
POSI-J-025000,"Fundamental Research",P2.11,high,mature,5.140089418777944,Citation Q2,59.51
POSI-J-025001,"Fungal Biology",P4.01,high,mature,2.6280487804878048,Citation Q4,14.79
POSI-J-025002,"Fungal Biology Reviews",P1.06,high,mature,4.409090909090909,Citation Q2,62.05
POSI-J-025004,"Fungal Genetics and Biology",P1.06,high,mature,3.0970149253731343,Citation Q3,46.79
POSI-J-025005,"Fungal Interactions",P1.06,low,not_yet_mature,2,,
POSI-J-025006,"Fusion Engineering and Design",P2.05,high,mature,2.1736414740787007,Citation Q4,6.47
POSI-J-025007,"Fuss & Sprunggelenk",P3.02,high,mature,0.14035087719298245,Citation Q4,10.66
POSI-J-013936,"Future Batteries",P2.02,high,not_yet_mature,4.365482233502538,,
POSI-J-003331,"Future Foods",P4.01,high,mature,6.042056074766355,Citation Q2,72.54
POSI-J-025008,"Future Generation Computer Systems",P1.02,high,mature,5.654770075497598,Citation Q2,74.55
POSI-J-002385,"Future Healthcare Journal",P3.03,high,mature,2.2,Citation Q2,70
POSI-J-025009,"Futures",P5.02,high,mature,4.457920792079208,Citation Q2,55.71
POSI-J-000950,"Gaceta Sanitaria",P3.03,high,mature,0.18030973451327434,Citation Q4,24.55
POSI-J-025010,"Gait & Posture",P3.02,high,mature,1.4479695431472082,Citation Q2,52.88
POSI-J-025011,"Games and Economic Behavior",P5.02,high,mature,1.2797029702970297,Citation Q4,7.14
POSI-J-025012,"Gas Science and Engineering",P2.11,high,not_yet_mature,7.393782383419689,,
POSI-J-003571,"Gastro Hep Advances",P3.02,high,not_yet_mature,1.5509893455098935,,
POSI-J-025013,"Gastroenterología y Hepatología",P3.02,high,mature,0.2651162790697674,Citation Q4,14.68
POSI-J-025014,"Gastroenterología y Hepatología (English Edition)",P3.02,high,mature,0.2225201072386059,Citation Q4,12.92
POSI-J-025015,"Gastroenterology",P3.02,high,mature,0.6255795544498474,Citation Q3,25.9
POSI-J-025016,"Gastroenterology Clinics of North America",P3.02,high,mature,1.3284313725490196,Citation Q2,50
POSI-J-015855,"Gastroenterology & Endoscopy",P3.02,high,not_yet_mature,1.7523809523809524,,
POSI-J-025017,"Gastrointestinal Endoscopy",P3.02,high,mature,0.3783808150018031,Citation Q4,17.77
POSI-J-025018,"Gastrointestinal Endoscopy Clinics of North America",P3.02,high,mature,1.4901960784313726,Citation Q2,53.91
POSI-J-025019,"Gene Expression Patterns",P1.06,high,mature,1.0476190476190477,Citation Q4,8.63
POSI-J-025020,"Gene and Genome Editing",P1.06,medium,mature,14.666666666666666,,
POSI-J-025021,"Gene Reports",P1.06,high,mature,1.0990371389270976,Citation Q4,9.44
POSI-J-025022,"General Hospital Psychiatry",P3.02,high,mature,2.6373831775700936,Citation Q1,78.32
POSI-J-001847,"Genes & Diseases",P1.06,high,mature,1.9952244508118433,Citation Q4,24.3
POSI-J-025023,"Genetics in Medicine",P1.06,high,mature,3.965217391304348,Citation Q2,58.03
POSI-J-001183,"Genetics in Medicine Open",P1.06,high,not_yet_mature,0.2484076433121019,,
POSI-J-000663,"Genomics",P1.06,high,mature,3.2202380952380953,Citation Q3,48.39
POSI-J-025024,"Geobios",P1.05,high,mature,1.8346456692913387,Citation Q4,13.22
POSI-J-025025,"Geochemistry",P1.05,high,mature,2.89010989010989,Citation Q3,35.82
POSI-J-025026,"Geodata and AI",P1.05,high,not_yet_mature,2.0594059405940595,,
POSI-J-025027,"Geoderma Regional",P1.05,high,mature,3.603217158176944,Citation Q3,49.62
POSI-J-003934,"Geodesy and Geodynamics",P1.05,high,mature,1.2789699570815452,Citation Q4,4.41
POSI-J-025028,"Geoenergy Science and Engineering",P2.11,high,not_yet_mature,6.03528773072747,,
POSI-J-025029,"Geography and Sustainability",P1.05,high,mature,5.384083044982699,Citation Q1,76.05
POSI-J-016907,"Geohazard Mechanics",P2.11,high,not_yet_mature,6.493333333333333,,
POSI-J-025030,"Geomatica",P1.05,high,mature,3.83739837398374,Citation Q2,54.98
POSI-J-025031,"Geomechanics for Energy and the Environment",P2.11,high,mature,3.1008645533141213,Citation Q4,23.1
POSI-J-025032,"Geomorphology",P1.05,high,mature,2.992202729044834,Citation Q3,38.12
POSI-J-025033,"Geopsychiatry",P5.01,high,not_yet_mature,0.8173913043478261,,
POSI-J-025034,"Geoscience Frontiers",P1.05,high,mature,7.111111111111111,Citation Q1,87.55
POSI-J-008388,"Geosystems and Geoenvironment",P1.05,high,mature,4.608888888888889,Citation Q2,68.39
POSI-J-025035,"Geotextiles and Geomembranes",P2.01,high,mature,5.146341463414634,Citation Q2,55.88
POSI-J-025036,"Geothermics",P1.05,high,mature,4.507670850767085,Citation Q2,66.09
POSI-J-025037,"Geriatric Nursing",P3.02,high,mature,2.273376159885796,Citation Q2,71.32
POSI-J-025038,"Geriatric Nursing: Asia",P3.02,low,not_yet_mature,0.4,,
POSI-J-008753,"Giant",P2.05,high,mature,10.271186440677965,Citation Q1,87.65
POSI-J-025039,"Glial Health Research",P3.01,low,not_yet_mature,0.9411764705882353,,
POSI-J-025040,"Global Challenges & Regional Science",P5.02,medium,not_yet_mature,2.5588235294117645,,
POSI-J-022941,"Global and Earth Surface Processes Change",P1.05,medium,not_yet_mature,1.9583333333333333,,
POSI-J-001079,"Global Ecology and Conservation",P1.05,high,mature,2.7442159383033418,Citation Q3,32.76
POSI-J-025041,"Global Economics Research",P5.02,medium,not_yet_mature,2.7058823529411766,,
POSI-J-006769,"Global Energy Interconnection",P2.02,high,mature,4.349344978165939,Citation Q3,47.22
POSI-J-025042,"Global Environmental Change",P1.05,high,mature,8.640522875816993,Citation Q1,93.3
POSI-J-019867,"Global Environmental Change Advances",P1.05,medium,not_yet_mature,3.5625,,
POSI-J-011266,"Global Epidemiology",P3.02,high,mature,2.4545454545454546,Citation Q1,75.44
POSI-J-025043,"Global Finance Journal",P5.02,high,mature,5.939716312056738,Citation Q2,71.14
POSI-J-025044,"Global Food Security",P1.06,high,mature,7.447761194029851,Citation Q1,86.14
POSI-J-025045,"Global Health Journal",P3.02,high,mature,2.857142857142857,Citation Q1,80.59
POSI-J-025046,"Global Heritage Research",P6.05,low,mature,0,,
POSI-J-025047,"Global Medical Genetics",P1.06,high,mature,2.9915254237288136,Citation Q3,45.18
POSI-J-025048,"Global Medicine and Healthcare",P3.02,high,not_yet_mature,25.875647668393782,,
POSI-J-025049,"Global Neurological Insights",P3.02,low,not_yet_mature,0,,
POSI-J-009777,"Global Pediatrics",P3.02,high,mature,1.6824034334763949,Citation Q2,58.14
POSI-J-025050,"Global and Planetary Change",P1.05,high,mature,3.4859022556390977,Citation Q3,46.17
POSI-J-013696,"Global Transitions",P1.05,high,mature,5.47191011235955,Citation Q1,76.82
POSI-J-025051,"Global Transitions Proceedings",P1.02,high,mature,0,Citation Q4,0.45
POSI-J-025052,"Glycoscience & Therapy",P1.06,medium,not_yet_mature,3.5714285714285716,,
POSI-J-025053,"Gondwana Research",P1.05,high,mature,5.858255451713395,Citation Q1,79.89
POSI-J-025054,"Government Information Quarterly",P5.06,high,mature,10.650537634408602,,
POSI-J-025055,"Grain & Oil Science and Technology",P4.01,high,mature,6.2988505747126435,Citation Q1,75.35
POSI-J-004009,"Graphical Models",P1.02,high,mature,1.4074074074074074,Citation Q4,12.95
POSI-J-009015,"Green Analytical Chemistry",P1.04,high,mature,9.291946308724832,Citation Q1,91.67
POSI-J-013249,"Green Carbon",P2.11,high,not_yet_mature,9.308080808080808,,
POSI-J-025056,"Green Chemical Engineering",P2.11,high,mature,5.1875,Citation Q2,60.05
POSI-J-025057,"Green Energy & Environment",P2.11,high,mature,8.055045871559633,Citation Q1,84.51
POSI-J-011713,"Green Energy and Intelligent Transportation",P2.03,high,not_yet_mature,15.969072164948454,,
POSI-J-017068,"Green Energy and Resources",P2.11,high,not_yet_mature,10.13953488372093,,
POSI-J-025058,"Green and Smart Mining Engineering",P2.11,high,not_yet_mature,13.191666666666666,,
POSI-J-007760,"Green Synthesis and Catalysis",P1.04,high,mature,3.582222222222222,Citation Q3,48.81
POSI-J-010223,"Green Technologies and Sustainability",P2.11,high,not_yet_mature,7.225694444444445,,
POSI-J-025059,"Groundwater for Sustainable Development",P1.05,high,mature,7.5790349417637275,Citation Q1,89.46
POSI-J-025060,"Growth Hormone & IGF Research",P3.02,high,mature,1.0704225352112675,Citation Q3,42.69
POSI-J-025061,"Gut Microbiology",P1.06,low,not_yet_mature,0.2,,
POSI-J-025062,"Gut Microbiome and Health",P1.06,low,not_yet_mature,0,,
POSI-J-001863,"Gynecologic Oncology Reports",P3.02,high,mature,1.078125,Citation Q3,43
POSI-J-025063,"Gynécologie Obstétrique Fertilité & Sénologie",P3.02,high,mature,0.17695473251028807,Citation Q4,12
POSI-J-025064,"Gynecology and Obstetrics Clinical Medicine",P3.02,high,mature,1.4054054054054055,Citation Q2,51.96
POSI-J-010754,"H2Open Journal",P1.05,high,mature,2.176,Citation Q4,22.03
POSI-J-025065,"Habitat International",P5.09,high,mature,7.648044692737431,,
POSI-J-025066,"Hand Clinics",P3.02,high,mature,0.8432432432432433,Citation Q3,35.17
POSI-J-025067,"Hand Surgery and Rehabilitation ",P3.02,high,mature,0.8053993250843644,Citation Q3,33.63
POSI-J-004758,"HardwareX",P2.11,high,mature,1.9546925566343043,Citation Q4,8.97
POSI-J-025068,"Harmful Algae",P1.05,high,mature,3.7573696145124718,Citation Q2,53.45
POSI-J-015474,"Health Care Transitions",P3.03,high,not_yet_mature,1.8482142857142858,,
POSI-J-025069,"Health & Place",P5.09,high,mature,3.8519269776876266,,
POSI-J-025070,"Health Policy in Asia",P5.02,low,mature,0,,
POSI-J-014373,"Health Policy OPEN",P5.02,high,mature,2.3870967741935485,Citation Q4,23.14
POSI-J-025071,"Health Policy and Technology",P5.02,high,mature,2.3492063492063493,Citation Q4,22.57
POSI-J-011429,"Health Sciences Review",P3.02,high,mature,3.6929133858267718,Citation Q1,88
POSI-J-025072,"Healthcare",P3.03,high,mature,0.8913043478260869,Citation Q3,42.73
POSI-J-007924,"Healthcare Analytics",P3.02,high,mature,9.798913043478262,Citation Q1,97.79
POSI-J-025073,"Healthcare and Rehabilitation",P3.02,medium,not_yet_mature,1.0869565217391304,,
POSI-J-025074,"Hearing Research",P3.01,high,mature,2.3076923076923075,Citation Q3,28.68
POSI-J-025075,"Heart Failure Clinics",P3.02,high,mature,1,Citation Q3,40.63
POSI-J-025076,"Heart & Lung",P3.02,high,mature,1.9052287581699345,Citation Q2,63.39
POSI-J-025077,"Heart, Lung and Circulation",P3.02,high,mature,0.2874972629735056,Citation Q4,14.98
POSI-J-003202,"Heart Rhythm O2",P3.02,high,mature,1.3891625615763548,Citation Q2,51.44
POSI-J-001661,"HeartRhythm Case Reports",P3.02,high,mature,0.6674968866749689,Citation Q3,28.27
POSI-J-003383,"Hellenic Journal of Cardiology",P3.02,high,mature,2.4634146341463414,Citation Q1,75.75
POSI-J-025078,"Hematology/Oncology Clinics of North America",P3.02,high,mature,2.2796934865900385,Citation Q2,71.52
POSI-J-000666,"Hematology, Transfusion and Cell Therapy",P3.02,high,mature,0.1056477093206951,Citation Q4,9.53
POSI-J-025079,"Hepatobiliary Communications",P3.02,low,not_yet_mature,0,,
POSI-J-025080,"Hepatobiliary & Pancreatic Diseases International",P3.02,high,mature,1.3900414937759336,Citation Q2,51.54
POSI-J-025081,"High Energy Density Physics",P1.03,high,mature,2.06875,Citation Q3,29.76
POSI-J-011993,"High-Confidence Computing",P1.02,high,mature,12.225352112676056,Citation Q1,95.98
POSI-J-015426,"High-speed Railway",P2.11,high,not_yet_mature,2.5267857142857144,,
POSI-J-025082,"Historia Mathematica",P1.01,high,mature,0.20192307692307693,Citation Q4,1.39
POSI-J-013223,"hLife",P3.02,high,not_yet_mature,5.288888888888889,,
POSI-J-025083,"Horticultural Plant Journal",P4.01,high,mature,4.933609958506224,Citation Q2,57.04
POSI-J-025084,"HPB",P3.02,high,mature,0.2950011734334663,Citation Q4,15.09
POSI-J-014894,"Human Factors in Healthcare",P3.02,high,mature,1.5339805825242718,Citation Q2,54.84
POSI-J-025085,"Human Gene",P1.06,high,not_yet_mature,1.1389728096676737,,
POSI-J-007089,"Human Genetics and Genomics Advances",P1.06,high,mature,2.0950920245398774,Citation Q3,27.51
POSI-J-025086,"Human Movement Science",P3.01,high,mature,1.9330543933054394,Citation Q4,21.32
POSI-J-011673,"Human Nutrition & Metabolism",P3.02,high,mature,3.661764705882353,Citation Q1,87.69
POSI-J-006735,"Human Pathology: Case Reports",P3.02,high,mature,0,Citation Q4,2.37
POSI-J-010961,"Human Pathology Reports",P3.02,high,mature,0.5789473684210527,Citation Q4,23.74
POSI-J-025087,"Human Resource Management Review",P5.02,high,mature,7.282608695652174,Citation Q1,82.57
POSI-J-025088,"Human Settlements and Sustainability",P1.05,medium,not_yet_mature,3.4634146341463414,,
POSI-J-005608,"Hybrid Advances",P2.05,high,not_yet_mature,11.456445993031359,,
POSI-J-025089,"Hydrology Research",P1.05,high,mature,3.3486238532110093,Citation Q3,43.87
POSI-J-025090,"Hydrometallurgy",P2.03,high,mature,4.511434511434511,Citation Q2,51.89
POSI-J-015232,"HydroResearch",P1.05,high,mature,12.557377049180328,Citation Q1,99.04
POSI-J-002897,"IATSS Research",P2.01,high,mature,2.8860759493670884,Citation Q4,18.63
POSI-J-001457,"IBRO Neuroscience Reports",P3.01,high,mature,2.822649572649573,Citation Q3,43.38
POSI-J-002032,"IBRO Reports",P3.01,high,mature,0,Citation Q4,0.74
POSI-J-025091,"Icarus",P1.03,high,mature,2.7417153996101367,Citation Q2,60.71
POSI-J-003512,"ICT Express",P2.02,high,mature,5.25462962962963,Citation Q2,58.33
POSI-J-001554,"IDCases",P3.02,high,mature,0.7718631178707225,Citation Q3,32.18
POSI-J-025092,"IFAC Journal of Systems and Control",P2.11,high,mature,1.5888324873096447,Citation Q4,4.62
POSI-J-008000,"iGIE",P3.02,high,not_yet_mature,0.5357142857142857,,
POSI-J-009169,"IHJ Cardiovascular Case Reports (CVCR)",P3.02,high,mature,0,Citation Q4,2.37
POSI-J-018727,"IHJ Cardiovascular Reports",P3.02,high,not_yet_mature,0.125,,
POSI-J-004634,"IIMB Management Review",P5.02,high,mature,1.8627450980392157,Citation Q4,14.57
POSI-J-002018,"IJC Heart & Vasculature",P3.02,high,mature,1.8351822503961965,Citation Q2,61.74
POSI-J-016511,"IJID One Health",P3.02,high,not_yet_mature,2.7168141592920354,,
POSI-J-004157,"IJID Regions",P3.02,high,mature,2.1180327868852458,Citation Q2,68.13
POSI-J-014115,"iLiver",P3.02,high,not_yet_mature,2.4953271028037385,,
POSI-J-025093,"Image and Vision Computing",P1.02,high,mature,5.930513595166163,Citation Q1,76.34
POSI-J-025094,"Imagerie de la Femme",P3.02,high,mature,0.0707070707070707,Citation Q4,8.29
POSI-J-025095,"Immunity",P1.06,high,mature,22.995626822157433,Citation Q1,98.59
POSI-J-003114,"Immuno-Oncology Technology",P3.02,high,mature,0.39705882352941174,Citation Q4,18.38
POSI-J-000860,"Immunobiology",P1.06,high,mature,1.7830188679245282,Citation Q4,21.89
POSI-J-018396,"ImmunoInformatics",P1.06,high,mature,4.857142857142857,Citation Q2,70.48
POSI-J-025096,"Immunology and Allergy Clinics of North America",P3.02,high,mature,1.761658031088083,Citation Q2,59.68
POSI-J-025097,"Immunology Letters",P1.06,high,mature,2.8586206896551722,Citation Q3,42.37
POSI-J-025098,"In Analysis",P5.01,high,mature,0.13392857142857142,Citation Q4,0.62
POSI-J-025099,"Indagationes Mathematicae",P1.01,high,mature,0.45041322314049587,Citation Q4,9.72
POSI-J-000964,"Indian Heart Journal",P3.02,high,mature,0.7719072164948454,Citation Q3,32.29
POSI-J-025100,"Indian Journal of Medical Microbiology",P3.02,high,mature,1.1514598540145986,Citation Q3,45.57
POSI-J-025101,"Indian Journal of Tuberculosis",P3.02,high,mature,0.8823529411764706,Citation Q3,36.71
POSI-J-003393,"Indian Pacing and Electrophysiology Journal",P3.02,high,mature,0.6491803278688525,Citation Q3,27.14
POSI-J-014308,"Indoor Environments",P1.05,high,not_yet_mature,2.6741573033707864,,
POSI-J-000579,"Industrial Crops and Products",P2.11,high,mature,6.452658227848101,Citation Q2,73.1
POSI-J-025102,"Industrial Marketing Management",P5.02,high,mature,7.572446555819478,Citation Q1,85.43
POSI-J-025103,"Infection, Disease & Health",P3.02,high,mature,0.6143344709897611,Citation Q3,25.18
POSI-J-000887,"Infection, Genetics and Evolution",P3.02,high,mature,2.553775743707094,Citation Q1,77.29
POSI-J-007087,"Infection Prevention in Practice",P3.02,high,mature,2.391111111111111,Citation Q2,73.79
POSI-J-025104,"Infectious Disease Clinics of North America",P3.02,high,mature,3.0341463414634147,Citation Q1,81.51
POSI-J-005288,"Infectious Disease Modelling",P3.02,high,mature,2.458181818181818,Citation Q1,75.64
POSI-J-025105,"Infectious Diseases Now",P3.02,high,mature,2.176470588235294,Citation Q2,69.26
POSI-J-025106,"Infectious Medicine",P3.02,high,not_yet_mature,3.6538461538461537,,
POSI-J-019169,"Informatics and Health",P3.03,high,not_yet_mature,10.117647058823529,,
POSI-J-002300,"Informatics in Medicine Unlocked",P3.02,high,mature,8.080229226361032,Citation Q1,97.27
POSI-J-025107,"Information and Computation",P1.02,high,mature,0.9260700389105059,Citation Q4,7.59
POSI-J-025108,"Information Economics and Policy",P5.02,high,mature,2.392857142857143,Citation Q4,23.71
POSI-J-025109,"Information Fusion",P1.02,high,mature,11.46139534883721,Citation Q1,93.3
POSI-J-025110,"Information Geography",P1.05,high,not_yet_mature,2.537037037037037,,
POSI-J-025111,"Information & Management",P5.02,high,mature,6.244318181818182,Citation Q2,74.57
POSI-J-025112,"Information and Organization",P5.02,high,mature,8.039473684210526,Citation Q1,88.86
POSI-J-006026,"Information Processing in Agriculture",P4.01,high,mature,4.209302325581396,Citation Q3,47.18
POSI-J-025113,"Information Processing Letters",P1.02,high,mature,0.5984848484848485,Citation Q4,3.13
POSI-J-025114,"Information Processing & Management",P1.02,high,mature,6.754440154440155,Citation Q1,81.7
POSI-J-025115,"Information and Software Technology",P1.02,high,mature,3.924198250728863,Citation Q2,54.02
POSI-J-025116,"Information Systems",P1.02,high,mature,3.9271523178807946,Citation Q2,54.91
POSI-J-025117,"Infrared Physics & Technology",P2.02,high,mature,3.628120893561104,Citation Q3,34.26
POSI-J-016733,"Journal of Infrastructure Intelligence and Resilience",P2.01,high,not_yet_mature,3.5421686746987953,,
POSI-J-003587,"The Innovation",P1.05,high,mature,9.39486356340289,Citation Q1,95.21
POSI-J-012529,"Innovation and Green Development",P5.02,high,not_yet_mature,16.4125,,
POSI-J-025119,"Innovative Food Science & Emerging Technologies",P4.01,high,mature,5.882587064676617,Citation Q2,66.9
POSI-J-019979,"Innovative Practice in Breast Health",P3.02,medium,not_yet_mature,1.4482758620689655,,
POSI-J-025120,"Inorganic Chemistry Communications",P2.05,high,mature,5.942884990253411,Citation Q2,53.53
POSI-J-025121,"Insect Biochemistry and Molecular Biology",P1.06,high,mature,2.7789203084832903,Citation Q3,39.56
POSI-J-025122,"Insights in Biochemistry and Molecular Biology",P1.06,low,not_yet_mature,0,,
POSI-J-025123,"Insurance: Mathematics and Economics",P5.02,high,mature,1.3043478260869565,Citation Q4,7.71
POSI-J-025124,"Integrated Diagnostics",P3.02,low,not_yet_mature,0.3333333333333333,,
POSI-J-025125,"Integration",P2.02,high,mature,2.566666666666667,Citation Q4,15.74
POSI-J-000406,"Integrative Medicine Research",P3.02,high,mature,2.643478260869565,Citation Q1,78.53
POSI-J-025126,"Intelligence",P5.01,high,mature,2.6785714285714284,Citation Q2,62.35
POSI-J-008264,"Intelligence-Based Medicine",P3.02,high,mature,4.0625,Citation Q1,89.96
POSI-J-025127,"Intelligent Climate and Eco-Environment",P1.05,low,not_yet_mature,0.21428571428571427,,
POSI-J-025128,"Intelligent Geoengineering",P1.05,high,not_yet_mature,2.9607843137254903,,
POSI-J-025129,"Intelligent Hospital",P3.02,high,not_yet_mature,1.8703703703703705,,
POSI-J-025130,"Intelligent Medicine",P3.02,high,mature,3.19327731092437,Citation Q1,82.85
POSI-J-019252,"Intelligent Oncology",P3.02,high,not_yet_mature,3.2758620689655173,,
POSI-J-012713,"Intelligent Pharmacy",P1.02,high,not_yet_mature,10.671532846715328,,
POSI-J-025131,"Intelligent Sports and Health",P3.02,medium,not_yet_mature,1.5625,,
POSI-J-017253,"Intelligent Surgery",P3.02,high,mature,1.8363636363636364,Citation Q2,61.84
POSI-J-005940,"Intelligent Systems with Applications",P1.02,high,mature,6.768229166666667,Citation Q1,82.59
POSI-J-025133,"Intensive Care Science",P3.02,low,not_yet_mature,0,,
POSI-J-025134,"Intensive and Critical Care Nursing",P3.02,high,mature,3.4432855280312906,Citation Q1,84.91
POSI-J-025135,"Interbloc",P3.03,high,mature,0.0718954248366013,Citation Q4,19.09
POSI-J-001795,"Interdisciplinary Neurosurgery",P3.02,high,mature,0.3148148148148148,Citation Q4,15.6
POSI-J-025136,"Intermetallics",P2.03,high,mature,5.161643835616438,Citation Q2,63.21
POSI-J-025137,"International Biodeterioration & Biodegradation",P1.05,high,mature,4.281368821292776,Citation Q2,61.11
POSI-J-025138,"International Business Review",P5.02,high,mature,6.767241379310345,Citation Q1,78
POSI-J-025139,"International Communications in Heat and Mass Transfer",P2.03,high,mature,5.225388601036269,Citation Q2,65.09
POSI-J-025140,"International Dairy Journal",P4.01,high,mature,2.5533428165007113,Citation Q4,13.38
POSI-J-000825,"International Dental Journal",P3.02,high,mature,1.0421192640212813,Citation Q3,41.76
POSI-J-025141,"International Economics",P5.02,high,mature,3.004201680672269,Citation Q3,36.29
POSI-J-025142,"International Emergency Nursing",P3.02,high,mature,2.0417754569190603,Citation Q2,66.58
POSI-J-025143,"International Journal of Accounting Information Systems",P5.02,high,mature,11.045454545454545,Citation Q1,94
POSI-J-025144,"International Journal of Adhesion and Adhesives",P2.11,high,mature,3.962574850299401,Citation Q3,36.68
POSI-J-012928,"International Journal of Advanced Nuclear Reactor Design and Technology",P2.03,high,mature,0.9133858267716536,Citation Q4,4.72
POSI-J-003410,"International Journal of Africa Nursing Sciences",P3.02,high,mature,0.9735772357723578,Citation Q3,39.29
POSI-J-025145,"International Journal of Applied Earth Observation and Geoinformation",P1.05,high,mature,5.072479564032697,Citation Q2,73.75
POSI-J-025146,"International Journal of Approximate Reasoning",P1.02,high,mature,2.676470588235294,Citation Q4,24.55
POSI-J-025147,"International Journal of Artificial Intelligence in Education",P1.02,high,mature,12.198757763975156,Citation Q1,94.2
POSI-J-025148,"The International Journal of Biochemistry & Cell Biology",P1.06,high,mature,3.451178451178451,Citation Q2,51.2
POSI-J-006685,"International Journal of Cardiology Cardiovascular Risk and Prevention",P3.02,high,mature,1.5334821428571428,Citation Q2,54.74
POSI-J-006325,"International Journal of Cardiology Congenital Heart Disease",P3.02,high,mature,1.351219512195122,Citation Q2,50.72
POSI-J-018013,"International Journal of Cardiology Hypertension",P3.02,high,mature,0,Citation Q4,2.37
POSI-J-025149,"International Journal of Cardiology Innovations",P3.02,low,not_yet_mature,0,,
POSI-J-025150,"International Journal of Child-Computer Interaction",P1.02,high,mature,4.081081081081081,Citation Q2,58.48
POSI-J-005354,"International Journal of Clinical and Health Psychology",P5.01,high,mature,4.232142857142857,Citation Q1,79.63
POSI-J-025151,"International Journal of Coal Geology",P2.11,high,mature,5.379603399433428,Citation Q2,62.77
POSI-J-012399,"International Journal of Cognitive Computing in Engineering",P1.02,high,mature,8.37593984962406,Citation Q1,88.84
POSI-J-025152,"International Journal of Critical Infrastructure Protection",P1.02,high,mature,4.865771812080537,Citation Q2,66.52
POSI-J-025153,"International Journal of Drug Policy",P3.02,high,mature,3.5857307249712314,Citation Q1,86.66
POSI-J-025154,"International Journal of Educational Development",P5.03,high,mature,2.425650557620818,,
POSI-J-025155,"International Journal of Educational Research",P5.03,high,mature,3.5615141955835963,,
POSI-J-006601,"International Journal of Educational Research Open",P5.03,high,mature,5.33852140077821,,
POSI-J-000648,"International Journal of Electrical Power & Energy Systems",P2.02,high,mature,5.133421400264201,Citation Q2,54.63
POSI-J-000646,"International Journal of Electrochemical Science",P2.05,high,mature,5.433179723502304,Citation Q3,38.24
POSI-J-025156,"International Journal of Engineering Science",P2.11,high,mature,3.1267281105990783,Citation Q4,23.64
POSI-J-025157,"International Journal of Fatigue",P2.11,high,mature,7.1233681462141,Citation Q1,76.36
POSI-J-025158,"International Journal of Forecasting",P5.02,high,mature,3.62882096069869,Citation Q3,44.29
POSI-J-025159,"International Journal of Gastronomy and Food Science",P4.01,high,mature,3.244264507422402,Citation Q3,27.46
POSI-J-010520,"International Journal of Geoheritage and Parks",P1.05,high,mature,3.793388429752066,Citation Q2,54.6
POSI-J-025160,"International Journal of Greenhouse Gas Control",P1.05,high,mature,6.093457943925234,Citation Q1,82.18
POSI-J-025161,"International Journal of Heat and Fluid Flow",P2.11,high,mature,4.9926047658175845,Citation Q2,54.62
POSI-J-025162,"International Journal of Hospitality Management",P5.02,high,mature,7.742995169082126,Citation Q1,87.14
POSI-J-025163,"International Journal of Human-Computer Studies",P1.02,high,mature,5.245161290322581,Citation Q2,70.98
POSI-J-025164,"International Journal of Hygiene and Environmental Health",P1.05,high,mature,3.5231481481481484,Citation Q3,47.7
POSI-J-025165,"International Journal of Impact Engineering",P2.05,high,mature,6.018276762402089,Citation Q2,54.71
POSI-J-025166,"International Journal of Industrial Ergonomics",P5.01,high,mature,3.441253263707572,Citation Q2,70.99
POSI-J-025167,"International Journal of Industrial Organization",P5.02,high,mature,2.211764705882353,Citation Q4,20.86
POSI-J-025168,"International Journal of Information Management",P5.02,high,mature,15.038910505836576,Citation Q1,98.57
POSI-J-008302,"International Journal of Information Management Data Insights",P5.02,high,mature,13.299107142857142,Citation Q1,97.43
POSI-J-013351,"International Journal of Innovation Studies",P5.02,high,mature,7.645161290322581,Citation Q1,86.57
POSI-J-014243,"International Journal of Intelligent Networks",P1.02,high,mature,5.293333333333333,Citation Q2,71.88
POSI-J-025169,"International Journal of Intercultural Relations",P5.04,high,mature,2.7837837837837838,Citation Q2,56.25
POSI-J-025170,"International Journal of Law, Crime and Justice",P5.04,high,mature,1.7732558139534884,Citation Q4,18.75
POSI-J-025171,"International Journal of Law and Psychiatry",P5.01,high,mature,1.84,Citation Q3,38.89
POSI-J-007228,"International Journal of Lightweight Materials and Manufacture",P2.03,high,mature,4.301507537688442,Citation Q3,42.45
POSI-J-025172,"International Journal of Lung Cancer",P3.02,high,not_yet_mature,0,,
POSI-J-025173,"International Journal of Machine Tools and Manufacture",P2.03,high,mature,16.801324503311257,Citation Q1,91.51
POSI-J-025174,"The International Journal of Management Education",P5.02,high,mature,6.916342412451362,Citation Q1,80.86
POSI-J-025175,"International Journal of Mass Spectrometry",P1.04,high,mature,1.2225519287833828,Citation Q4,8.33
POSI-J-025176,"International Journal of Mechanical Sciences",P2.11,high,mature,10.877606177606177,Citation Q1,93.75
POSI-J-025177,"International Journal of Medical Informatics",P3.03,high,mature,5.782112274024739,Citation Q1,99.09
POSI-J-001805,"International Journal of Medical Microbiology",P1.06,high,mature,2.659090909090909,Citation Q3,37.95
POSI-J-001981,"International Journal of Mining Science and Technology",P2.11,high,mature,13.219780219780219,Citation Q1,97.55
POSI-J-025178,"International Journal of Multiphase Flow",P2.11,high,mature,3.5625,Citation Q3,31.25
POSI-J-003121,"International Journal of Naval Architecture and Ocean Engineering",P2.11,high,mature,3.5,Citation Q3,30.43
POSI-J-025179,"International Journal of Non-Linear Mechanics",P2.11,high,mature,4.441624365482234,Citation Q3,43.75
POSI-J-025180,"International Journal of Nursing Sciences",P3.03,high,mature,2.810126582278481,Citation Q1,86.36
POSI-J-025181,"International Journal of Nursing Studies",P3.03,high,mature,5.7594771241830065,Citation Q1,97.27
POSI-J-006299,"International Journal of Nursing Studies Advances",P3.03,high,mature,4.221748400852879,Citation Q1,90
POSI-J-025182,"International Journal of Obstetric Anesthesia",P3.02,high,mature,0.7036688617121355,Citation Q3,29.81
POSI-J-025183,"International Journal of Gynecological Cancer",P3.02,high,mature,0.5669416243654822,Citation Q4,23.12
POSI-J-025184,"International Journal of Oral and Maxillofacial Surgery",P3.02,high,mature,0.565766800689259,Citation Q4,23.02
POSI-J-025185,"International Journal of Orthopaedic and Trauma Nursing",P3.02,high,mature,1.1524390243902438,Citation Q3,45.78
POSI-J-025186,"International Journal of Osteopathic Medicine",P3.02,high,mature,1.3576642335766422,Citation Q2,50.93
POSI-J-025187,"International Journal of Paleopathology",P6.05,high,mature,1.2727272727272727,,
POSI-J-025188,"International Journal for Parasitology",P1.06,high,mature,2.356589147286822,Citation Q3,32.33
POSI-J-005722,"International Journal for Parasitology: Drugs and Drug Resistance",P3.02,high,mature,3.806896551724138,Citation Q1,88.52
POSI-J-003054,"International Journal for Parasitology: Parasites and Wildlife",P1.06,high,mature,1.8415300546448088,Citation Q4,22.69
POSI-J-002411,"International Journal of Particle Therapy",P3.02,high,mature,0.1558641975308642,Citation Q4,11.38
POSI-J-025189,"International Journal of Pediatric Otorhinolaryngology",P3.02,high,mature,1.3965317919075144,Citation Q2,51.85
POSI-J-006421,"International Journal of Pharmaceutics: X",P3.01,high,mature,3.553349875930521,Citation Q2,61.03
POSI-J-025190,"International Journal of Plasticity",P2.03,high,mature,16.903954802259886,Citation Q1,93.4
POSI-J-025191,"International Journal of Pressure Vessels and Piping",P2.03,high,mature,3.9322289156626504,Citation Q3,34.91
POSI-J-025192,"International Journal of Project Management",P5.02,high,mature,5.446236559139785,Citation Q2,63.71
POSI-J-025193,"International Journal of Psychophysiology",P3.01,high,mature,1,Citation Q4,6.62
POSI-J-025194,"International Journal of Radiation Oncology*Biology*Physics",P3.02,high,mature,0.9818401937046005,Citation Q3,39.6
POSI-J-025195,"International Journal of Refractory Metals and Hard Materials",P2.03,high,mature,4.1184012066365,Citation Q3,36.79
POSI-J-025196,"International Journal of Refrigeration",P2.03,high,mature,4.331041257367387,Citation Q3,46.23
POSI-J-025197,"International Journal of Research in Marketing",P5.02,high,mature,6.44559585492228,Citation Q1,75.71
POSI-J-025198,"International Journal of Rock Mechanics and Mining Sciences",P2.11,high,mature,8.278985507246377,Citation Q1,85.6
POSI-J-003461,"International Journal of Sediment Research",P1.05,high,mature,3.727699530516432,Citation Q2,53.07
POSI-J-025199,"International Journal of Solids and Structures",P2.11,high,mature,4.690630048465267,Citation Q3,49.73
POSI-J-025200,"International Journal of Surgery Case Reports",P3.02,high,mature,0.9058953778023803,Citation Q3,37.23
POSI-J-025201,"International Journal of Surgery Open",P3.02,high,mature,0.46112600536193027,Citation Q4,19.82
POSI-J-025202,"International Journal of Thermal Sciences",P2.03,high,mature,5.058432304038004,Citation Q2,57.55
POSI-J-002437,"International Journal of Thermofluids",P2.11,high,mature,9.191528545119706,Citation Q1,89.4
POSI-J-005300,"International Journal of Transportation Science and Technology",P2.01,high,mature,4.047008547008547,Citation Q3,40.2
POSI-J-025203,"International Orthodontics",P3.02,high,mature,1.7080291970802919,Citation Q2,58.86
POSI-J-000847,"International Psychogeriatrics",P3.02,high,mature,1.6596194503171247,Citation Q2,57.62
POSI-J-025204,"International Review of Economics Education",P5.03,high,mature,1.4444444444444444,,
POSI-J-025205,"International Review of Financial Analysis",P5.02,high,mature,11.339275766016714,Citation Q1,95.14
POSI-J-025206,"International Review of Law and Economics",P5.02,high,mature,1.5154639175257731,Citation Q4,10.57
POSI-J-004960,"International Soil and Water Conservation Research",P1.05,high,mature,3.5429864253393664,Citation Q3,48.08
POSI-J-025207,"The Internet and Higher Education",P5.03,high,mature,11.158415841584159,,
POSI-J-003983,"Internet Interventions",P5.01,high,mature,3.956989247311828,Citation Q1,77.16
POSI-J-025208,"Internet of Things",P1.02,high,mature,9.3051689860835,Citation Q1,91.52
POSI-J-017202,"Internet of Things and Cyber-Physical Systems",P1.02,high,mature,26.5,Citation Q1,99.55
POSI-J-025209,"Interventional Cardiology Clinics",P3.02,high,mature,0.463768115942029,Citation Q4,19.93
POSI-J-025210,"Interventional Pain Medicine",P3.02,high,mature,0.6234718826405868,Citation Q3,25.8
POSI-J-007783,"Intestinal Failure",P3.02,high,mature,0.1282051282051282,Citation Q4,10.35
POSI-J-019118,"Invention Disclosure",P2.11,high,mature,0.8333333333333334,Citation Q4,2.99
POSI-J-025211,"iOptics",P1.02,low,not_yet_mature,1.5714285714285714,,
POSI-J-025212,"IPEM-Translation",P3.02,medium,mature,2.272727272727273,,
POSI-J-025213,"iPharma",P3.02,low,not_yet_mature,0,,
POSI-J-025214,"IRBM",P1.02,high,mature,1.6015037593984962,Citation Q4,17.41
POSI-J-025215,"IRBM News",P3.03,high,mature,0.05970149253731343,Citation Q4,13.64
POSI-J-025216,"ISA Transactions",P2.11,high,mature,5.106959706959707,Citation Q2,58.42
POSI-J-025217,"ISPRS Journal of Photogrammetry and Remote Sensing",P1.05,high,mature,9.731684981684982,Citation Q1,95.59
POSI-J-016222,"ISPRS Open Journal of Photogrammetry and Remote Sensing",P1.05,high,mature,4.457831325301205,Citation Q2,64.56
POSI-J-003615,"Italian Journal of Agronomy",P1.06,high,mature,2.730769230769231,Citation Q3,38.35
POSI-J-011602,"JAACAP Open",P5.01,high,not_yet_mature,2.0225225225225225,,
POSI-J-000999,"JAAD Case Reports",P3.02,high,mature,0.7601674641148325,Citation Q3,31.77
POSI-J-003807,"JAAD International",P3.02,high,mature,2.0152091254752853,Citation Q2,65.96
POSI-J-012162,"JAAD Reviews",P3.02,high,not_yet_mature,1.2911877394636015,,
POSI-J-001741,"JACC: Advances",P3.02,high,not_yet_mature,3.2312854930304593,,
POSI-J-003642,"JACC: Asia",P3.02,high,mature,2.0638297872340425,Citation Q2,66.99
POSI-J-002330,"JACC: Basic to Translational Science",P3.02,high,mature,3.0706521739130435,Citation Q1,81.93
POSI-J-003970,"JACC: CardioOncology",P3.02,high,mature,6.591036414565826,Citation Q1,96.14
POSI-J-025218,"JACC: Cardiovascular Imaging",P3.02,high,mature,5.354066985645933,Citation Q1,93.87
POSI-J-025219,"JACC: Cardiovascular Interventions",P3.02,high,mature,2.597173144876325,Citation Q1,77.6
POSI-J-000886,"JACC: Case Reports",P3.02,high,mature,0.3712121212121212,Citation Q4,17.56
POSI-J-025220,"JACC: Clinical Electrophysiology",P3.02,high,mature,3.265546218487395,Citation Q1,83.57
POSI-J-025221,"JACC: Heart Failure",P3.02,high,mature,4.17910447761194,Citation Q1,90.58
POSI-J-000409,"JACEP Open",P3.02,high,mature,1.4485714285714286,Citation Q2,52.99
POSI-J-018241,"JADA Foundational Science",P3.02,high,not_yet_mature,0.76,,
POSI-J-025222,"JAND Global Reports",P3.02,low,not_yet_mature,0.13333333333333333,,
POSI-J-025223,"Japan and the World Economy",P5.02,high,mature,1.9411764705882353,Citation Q4,16.29
POSI-J-008072,"Japanese Dental Science Review",P3.02,high,mature,6.106060606060606,Citation Q1,95.21
POSI-J-022929,"JAPhA Pharmacotherapy",P3.02,medium,not_yet_mature,0.3333333333333333,,
POSI-J-017413,"JAPhA Practice Innovations",P3.02,high,not_yet_mature,0.25,,
POSI-J-011858,"JCA Advances",P3.02,high,not_yet_mature,0.39849624060150374,,
POSI-J-013958,"JCIS Open",P2.05,high,mature,7.88421052631579,Citation Q1,78.24
POSI-J-004429,"JDS Communications",P1.06,high,mature,1.7797979797979797,Citation Q4,21.08
POSI-J-025224,"JEM International",P3.02,medium,not_yet_mature,0.041666666666666664,,
POSI-J-011766,"JEM Reports",P3.02,high,not_yet_mature,0.23809523809523808,,
POSI-J-013657,"JFO Open Ophthalmology",P3.02,high,not_yet_mature,0.48760330578512395,,
POSI-J-002468,"JHEP Reports",P3.02,high,mature,4.474495848161329,Citation Q1,92.02
POSI-J-006300,"JHLT Open",P3.02,high,not_yet_mature,1.3129251700680271,,
POSI-J-007848,"JID Innovations",P3.02,high,mature,1.9916666666666667,Citation Q2,65.45
POSI-J-025225,"JMV-Journal de Médecine Vasculaire",P3.02,high,mature,0.24050632911392406,Citation Q4,13.75
POSI-J-025226,"Joint Bone Spine",P3.02,high,mature,2.3728813559322033,Citation Q2,73.48
POSI-J-025227,"The Joint Commission Journal on Quality and Patient Safety",P3.03,high,mature,0.9581005586592178,Citation Q3,48.18
POSI-J-000947,"Jornal de Pediatria",P3.02,high,mature,2.622895622895623,Citation Q1,78.01
POSI-J-025228,"JOS Case Reports",P3.02,high,not_yet_mature,0.25,,
POSI-J-025229,"Joule",P2.02,high,mature,27.023842917251052,Citation Q1,97.22
POSI-J-017860,"Journal of Economy and Technology",P5.02,high,not_yet_mature,14.380281690140846,,
POSI-J-025230,"The Journal of Academic Librarianship",P1.02,high,mature,3.3091397849462365,Citation Q3,37.05
POSI-J-025231,"Journal of the Academy of Consultation-Liaison Psychiatry",P3.02,high,mature,0.6586270871985158,Citation Q3,27.86
POSI-J-025232,"Journal of the Academy of Nutrition and Dietetics",P3.02,high,mature,0.8260175578611333,Citation Q3,34.65
POSI-J-025233,"Journal of Accounting and Economics",P5.02,high,mature,6.154696132596685,Citation Q2,74
POSI-J-025234,"Journal of Accounting Education",P5.02,high,mature,2.7578947368421054,Citation Q3,32.29
POSI-J-025235,"Journal of Accounting and Public Policy",P5.02,high,mature,2.631284916201117,Citation Q3,28.86
POSI-J-025236,"Journal of Adolescent Health",P3.03,high,mature,1.9410205434062293,Citation Q2,62.73
POSI-J-008529,"Journal of Advanced Joining Processes",P2.03,high,mature,4.821576763485477,Citation Q2,53.77
POSI-J-025237,"Journal of Advanced Research",P1.06,high,mature,8.42376950780312,Citation Q1,90.96
POSI-J-025238,"Journal of Aerosol Science",P1.05,high,mature,2.5677083333333335,Citation Q3,29.69
POSI-J-003478,"Journal of Affective Disorders Reports",P5.01,high,mature,1.696551724137931,Citation Q3,31.48
POSI-J-025239,"Journal of African Earth Sciences",P1.05,high,mature,2.164785553047404,Citation Q4,21.26
POSI-J-010258,"The Journal of Aging Research & Lifestyle",P3.02,high,mature,1.768421052631579,Citation Q2,59.89
POSI-J-025240,"Journal of Aging Studies",P5.09,high,mature,1.8265895953757225,,
POSI-J-001389,"Journal of Agriculture and Food Research",P4.01,high,mature,5.09532293986637,Citation Q2,58.45
POSI-J-025241,"Journal of Air Transport Management",P5.02,high,mature,4.68321513002364,Citation Q2,56.29
POSI-J-025242,"Journal of the Air Transport Research Society",P5.02,high,not_yet_mature,8.789915966386555,,
POSI-J-025243,"Journal of Algebra",P1.01,high,mature,0.6082543978349121,Citation Q4,18.06
POSI-J-025244,"The Journal of Allergy and Clinical Immunology: In Practice",P3.02,high,mature,3.546490701859628,Citation Q1,86.35
POSI-J-025245,"Journal of Allergy and Hypersensitivity Diseases",P3.02,medium,not_yet_mature,1,,
POSI-J-025246,"Journal of Alloys and Compounds Communications",P2.05,high,not_yet_mature,2.6137339055793993,,
POSI-J-011794,"Journal of Alloys and Metallurgical Systems",P2.03,high,not_yet_mature,5.108374384236453,,
POSI-J-025247,"Journal of the American Academy of Child & Adolescent Psychiatry",P5.01,high,mature,0.5944180522565321,Citation Q4,11.73
POSI-J-025248,"Journal of the American Academy of Dermatology",P3.02,high,mature,0.9210975609756098,Citation Q3,37.54
POSI-J-025249,"Journal of American Association for Pediatric Ophthalmology and Strabismus",P3.02,high,mature,0.575326215895611,Citation Q4,23.53
POSI-J-025250,"Journal of the American College of Radiology",P3.02,high,mature,2.348643006263048,Citation Q2,72.97
POSI-J-025251,"Journal of the American Medical Directors Association",P3.02,high,mature,1.9132616487455196,Citation Q2,63.7
POSI-J-025252,"Journal of the American Pharmacists Association",P3.02,high,mature,0.6615384615384615,Citation Q3,27.96
POSI-J-025253,"Journal of the American Society of Cytopathology",P3.02,high,mature,0.7342995169082126,Citation Q3,31.05
POSI-J-025254,"Journal of the American Society of Echocardiography",P3.02,high,mature,4.218795888399413,Citation Q1,90.68
POSI-J-025255,"Journal of Analytical and Applied Pyrolysis",P2.11,high,mature,6.878566688785667,Citation Q1,75.82
POSI-J-025256,"Journal of Anesthesia and Translational Medicine",P3.02,high,not_yet_mature,1.7802197802197801,,
POSI-J-025257,"Journal of Anthropological Archaeology",P1.05,high,mature,1.8758620689655172,Citation Q4,14.75
POSI-J-025258,"Journal of Anxiety Disorders",P5.01,high,mature,3.6377952755905514,Citation Q2,74.69
POSI-J-025259,"Journal of Applied Developmental Psychology",P5.01,high,mature,1.943609022556391,Citation Q3,42.59
POSI-J-025260,"Journal of Applied Geophysics",P1.05,high,mature,2.2157894736842105,Citation Q4,22.41
POSI-J-001438,"Journal of Applied Poultry Research",P4.02,high,mature,1.8575418994413408,,
POSI-J-025261,"Journal of Applied Research on Medicinal and Aromatic Plants",P4.01,high,mature,2.0483091787439616,Citation Q4,6.34
POSI-J-025262,"Journal of Approximation Theory",P1.01,high,mature,0.7167630057803468,Citation Q3,26.39
POSI-J-025263,"Journal of Aquatic Plants",P1.05,low,not_yet_mature,0.1111111111111111,,
POSI-J-025264,"Journal of Archaeological Science",P1.05,high,mature,2.4113207547169813,Citation Q3,27.78
POSI-J-025265,"Journal of Archaeological Science: Reports",P1.05,high,mature,0.8952054794520548,Citation Q4,1.72
POSI-J-025266,"Journal of Arid Environments",P1.05,high,mature,2.368530020703934,Citation Q3,26.25
POSI-J-025267,"Journal of Arid Land",P1.05,high,mature,3.1893939393939394,Citation Q3,43.1
POSI-J-003083,"Journal of Asia-Pacific Biodiversity",P1.06,high,mature,0.7142857142857143,Citation Q4,5.82
POSI-J-025268,"Journal of Asia-Pacific Entomology",P4.01,high,mature,1.4356435643564356,Citation Q4,0.7
POSI-J-025269,"Journal of Asian Earth Sciences",P1.05,high,mature,2.063169164882227,Citation Q4,18.58
POSI-J-013335,"Journal of Asian Earth Sciences: X",P1.05,high,mature,1.54,Citation Q4,8.62
POSI-J-025270,"Journal of Asian Economics",P5.02,high,mature,3.5033860045146725,Citation Q3,43.14
POSI-J-025271,"Journal of Atmospheric and Solar-Terrestrial Physics",P1.03,high,mature,2.026143790849673,Citation Q3,25
POSI-J-025272,"Journal of Autoimmunity",P3.02,high,mature,6.585987261146497,Citation Q1,96.04
POSI-J-015967,"Journal of Automation and Intelligence",P2.11,high,not_yet_mature,5.578431372549019,,
POSI-J-002510,"Journal of Ayurveda and Integrative Medicine",P3.02,high,mature,2.0051150895140664,Citation Q2,65.65
POSI-J-025273,"Journal of Behavior Therapy and Experimental Psychiatry",P5.01,high,mature,1.2845528455284554,Citation Q4,17.9
POSI-J-025274,"Journal of Behavioral and Cognitive Therapy",P5.01,high,mature,1.651851851851852,Citation Q3,27.78
POSI-J-025275,"Journal of Behavioral and Experimental Economics",P5.02,high,mature,1.5342105263157895,Citation Q4,11.14
POSI-J-025276,"Journal of Behavioral and Experimental Finance",P5.02,high,mature,3.1575091575091574,Citation Q3,37.43
POSI-J-025277,"Journal of Biomechanics Open",P3.02,low,not_yet_mature,0.058823529411764705,,
POSI-J-025278,"Journal of Biomedical Informatics",P1.02,high,mature,6.250521920668058,Citation Q1,79.91
POSI-J-008855,"Journal of Bioresources and Bioproducts",P2.05,high,mature,6.991869918699187,Citation Q2,66.47
POSI-J-013216,"Journal of Biosafety and Biosecurity",P3.02,high,mature,2.3375,Citation Q2,72.45
POSI-J-025279,"Journal of Bioscience and Bioengineering",P1.06,high,mature,2.283582089552239,Citation Q3,30.32
POSI-J-025280,"Journal of Bodywork and Movement Therapies",P3.02,high,mature,1.4247921390778533,Citation Q2,52.27
POSI-J-025281,"Journal of Bone Oncology",P3.02,high,mature,3.171641791044776,Citation Q1,82.54
POSI-J-025282,"Journal of Brain and Spine",P3.02,low,not_yet_mature,0,,
POSI-J-025283,"Journal of Building Engineering",P2.01,high,mature,6.285797779076564,Citation Q2,67.65
POSI-J-025284,"Journal of Business Venturing",P5.02,high,mature,6.837662337662338,Citation Q1,80.29
POSI-J-025286,"Journal of Business Venturing Insights",P5.02,high,mature,3.762376237623762,Citation Q3,48.86
POSI-J-025287,"Journal of Cancer Policy",P3.02,high,mature,1.5077399380804954,Citation Q2,54.12
POSI-J-025288,"Journal of Cardiology",P3.02,high,mature,2.2834467120181405,Citation Q2,71.63
POSI-J-025289,"Journal of Cardiology Cases",P3.02,high,mature,0.3474025974025974,Citation Q4,16.22
POSI-J-025290,"Journal of Cardiovascular Computed Tomography",P3.02,high,mature,0.782078853046595,Citation Q3,32.7
POSI-J-000723,"Journal of Cardiovascular Magnetic Resonance",P3.02,high,mature,0.6343645173313455,Citation Q3,26.31
POSI-J-011568,"Journal of Cartilage & Joint Preservation",P3.02,high,mature,1.0757575757575757,Citation Q3,42.89
POSI-J-025291,"Journal of Cereal Science",P4.01,high,mature,4.322525597269625,Citation Q2,50
POSI-J-025292,"Journal of Chemical Neuroanatomy",P3.01,high,mature,2.610169491525424,Citation Q3,36.03
POSI-J-025293,"The Journal of Chemical Thermodynamics",P2.04,high,mature,2.5632911392405062,,
POSI-J-025294,"Journal of Chiropractic Humanities",P3.02,high,mature,0.4090909090909091,Citation Q4,18.59
POSI-J-025295,"Journal of Chiropractic Medicine",P3.02,high,mature,0.2857142857142857,Citation Q4,14.88
POSI-J-025296,"Journal de Chirurgie Viscérale",P3.02,high,mature,0.013793103448275862,Citation Q4,4.99
POSI-J-025297,"Journal of Choice Modelling",P5.02,high,mature,3.6451612903225805,Citation Q3,45.43
POSI-J-025298,"Journal of Chromatography B",P1.04,high,mature,2.3333333333333335,Citation Q4,22.62
POSI-J-009671,"Journal of Chromatography Open",P1.04,high,mature,3.4701195219123506,Citation Q3,41.67
POSI-J-007385,"The Journal of Climate Change and Health",P1.05,high,mature,2.6470588235294117,Citation Q3,30.46
POSI-J-025299,"Journal of Climate Finance",P5.02,high,not_yet_mature,6.779661016949152,,
POSI-J-025300,"Journal of Clinical Anesthesia",P3.02,high,mature,3.615284974093264,Citation Q1,87.28
POSI-J-025301,"Journal of Clinical Densitometry",P3.02,high,mature,1.5917159763313609,Citation Q2,55.77
POSI-J-025302,"Journal of Clinical and Experimental Hepatology",P3.02,high,mature,0.8647619047619047,Citation Q3,35.99
POSI-J-025303,"Journal of Clinical Insight",P3.02,low,not_yet_mature,0,,
POSI-J-025304,"Journal of Clinical Lipidology",P3.02,high,mature,1.9389799635701275,Citation Q2,64.21
POSI-J-025305,"Journal of Clinical Neuroscience",P3.02,high,mature,1.6110372340425532,Citation Q2,56.28
POSI-J-025306,"Journal of Clinical Orthopaedics and Trauma",P3.02,high,mature,0.9821615949632738,Citation Q3,39.7
POSI-J-007959,"Journal of Clinical & Translational Endocrinology",P3.02,high,mature,4.282051282051282,Citation Q1,90.89
POSI-J-012961,"Journal of Clinical and Translational Endocrinology: Case Reports",P3.02,high,mature,0.41379310344827586,Citation Q4,19.1
POSI-J-006000,"Journal of Clinical Tuberculosis and Other Mycobacterial Diseases",P3.02,high,mature,2.1055045871559632,Citation Q2,67.51
POSI-J-025307,"Journal of Clinical Virology",P3.02,high,mature,3.3692946058091287,Citation Q1,84.19
POSI-J-011973,"Journal of Clinical Virology Plus",P3.02,high,mature,0.9523809523809523,Citation Q3,38.36
POSI-J-001338,"Journal of CO2 Utilization",P2.04,high,mature,8.028048780487804,,
POSI-J-025308,"Journal of Combinatorial Theory, Series A",P1.01,high,mature,1.4586776859504131,Citation Q2,68.06
POSI-J-025309,"Journal of Combinatorial Theory, Series B",P1.02,high,mature,1.3705583756345177,Citation Q4,12.05
POSI-J-025310,"Journal of Commodity Markets",P5.02,high,mature,4.769230769230769,Citation Q2,57.43
POSI-J-025311,"Journal of Communication Disorders",P5.01,high,mature,1.4655172413793103,Citation Q4,22.84
POSI-J-025312,"Journal of Comparative Economics",P5.02,high,mature,2.5844155844155843,Citation Q3,28.29
POSI-J-025313,"Journal of Comparative Pathology",P3.02,high,mature,0.3368146214099217,Citation Q4,16.01
POSI-J-025314,"Journal of Complexity",P1.01,high,mature,1.4932432432432432,Citation Q2,70.83
POSI-J-025315,"Journal of Computational and Applied Mathematics",P1.01,high,mature,1.9355670103092784,Citation Q1,79.17
POSI-J-017565,"Journal of Computational Mathematics and Data Science",P1.02,high,mature,3.697674418604651,Citation Q3,47.77
POSI-J-025316,"Journal of Computational Physics: X",P2.11,high,mature,0,Citation Q4,0.82
POSI-J-025317,"Journal of Computational Science",P1.02,high,mature,3.4812925170068025,Citation Q3,42.41
POSI-J-025318,"Journal of Computer Languages",P1.02,high,mature,1.8,Citation Q4,19.2
POSI-J-025319,"Journal of Computer and System Sciences",P1.02,high,mature,0.9844559585492227,Citation Q4,10.27
POSI-J-025320,"Journal of Constructional Steel Research",P2.01,high,mature,4.95024077046549,Citation Q2,53.92
POSI-J-025321,"Journal of Contaminant Hydrology",P1.05,high,mature,4.7548076923076925,Citation Q2,69.16
POSI-J-025322,"Journal of Contemporary Accounting & Economics",P5.02,high,mature,2.5238095238095237,Citation Q3,27.14
POSI-J-025323,"Journal of Contextual Behavioral Science",P5.01,high,mature,3.587719298245614,Citation Q2,72.22
POSI-J-025324,"Journal of Co-operative Organization and Management",P5.02,high,mature,2.4634146341463414,Citation Q3,26.57
POSI-J-025325,"Journal of Corporate Finance",P5.02,high,mature,5.951156812339332,Citation Q2,72.29
POSI-J-025326,"Journal of Cranio-Maxillofacial Surgery",P3.02,high,mature,1.969986357435198,Citation Q2,64.93
POSI-J-016532,"Journal of Creativity",P5.01,high,mature,8,Citation Q1,95.68
POSI-J-025327,"Journal of Criminal Justice",P5.04,high,mature,2.2392241379310347,Citation Q3,43.75
POSI-J-025328,"Journal of Critical Care",P3.02,high,mature,1.7059961315280465,Citation Q2,58.65
POSI-J-025329,"Journal of Cultural Heritage",P6.05,high,mature,3.680327868852459,,
POSI-J-016645,"Journal of Cycling and Micromobility Research",P2.01,high,not_yet_mature,3.809090909090909,,
POSI-J-025330,"Journal of Cystic Fibrosis",P3.02,high,mature,0.5676959619952494,Citation Q4,23.22
POSI-J-001499,"Journal of Dental Sciences",P3.02,high,mature,2.4870848708487086,Citation Q1,76.16
POSI-J-025331,"Journal of Dentistry",P3.02,high,mature,5.009294696555495,Citation Q1,93.25
POSI-J-015972,"Journal of Dermatologic Science and Cosmetic Technology",P3.02,high,not_yet_mature,3.1417910447761193,,
POSI-J-025332,"Journal of Dermatological Science",P3.02,high,mature,2.129166666666667,Citation Q2,68.64
POSI-J-025333,"Journal of Destination Marketing & Management",P5.04,high,mature,8.089201877934272,Citation Q1,97.92
POSI-J-025334,"Journal of Development Economics",P5.02,high,mature,3.747628083491461,Citation Q3,47.71
POSI-J-025335,"Journal of Diabetes and its Complications",P3.02,high,mature,3.0701754385964914,Citation Q1,81.82
POSI-J-025336,"Journal of Differential Equations",P1.01,high,mature,1.770359129994942,Citation Q1,76.39
POSI-J-025337,"Journal of Digital Economy",P5.02,high,not_yet_mature,4.986486486486487,,
POSI-J-025338,"Journal d'imagerie diagnostique et interventionnelle",P3.02,high,mature,0.05325443786982249,Citation Q4,7.78
POSI-J-025339,"Journal of Drug Delivery Science and Technology",P3.01,high,mature,4.171428571428572,Citation Q2,66.91
POSI-J-025340,"Journal of Dynamic Disasters",P2.01,medium,not_yet_mature,2.3636363636363638,,
POSI-J-025341,"The Journal of Economic Asymmetries",P5.02,high,mature,3.4615384615384617,Citation Q3,42
POSI-J-012750,"Journal of Economic Criminology",P5.04,high,not_yet_mature,4.032608695652174,,
POSI-J-025342,"Journal of Economic Dynamics and Control",P5.02,high,mature,1.8882978723404256,Citation Q4,15.14
POSI-J-025343,"Journal of Economic Psychology",P5.02,high,mature,2.6423357664233578,Citation Q3,30
POSI-J-025344,"The Journal of the Economics of Ageing",P5.09,high,mature,2.385321100917431,,
POSI-J-025345,"Journal of Economics and Business",P5.02,high,mature,1.9120879120879122,Citation Q4,15.71
POSI-J-025346,"Journal of Electroanalytical Chemistry",P2.02,high,mature,4.174384236453202,Citation Q3,45.37
POSI-J-025347,"Journal of Electrocardiology",P3.02,high,mature,1.098360655737705,Citation Q3,43.61
POSI-J-025348,"Journal of Electromyography and Kinesiology",P3.02,high,mature,2.2638297872340427,Citation Q2,71.01
POSI-J-025349,"Journal of Electron Spectroscopy and Related Phenomena",P1.03,high,mature,1.3859649122807018,Citation Q4,13.1
POSI-J-006940,"Journal of Electronic Science and Technology",P2.02,high,mature,5.157894736842105,Citation Q2,56.48
POSI-J-025350,"Journal of Electrostatics",P2.02,high,mature,1.8514285714285714,Citation Q4,10.19
POSI-J-025351,"The Journal of Emergency Medicine",P3.02,high,mature,0.9460726846424384,Citation Q3,38.26
POSI-J-025352,"Journal of Emergency Nursing",P3.02,high,mature,1.160569105691057,Citation Q3,46.09
POSI-J-025353,"Journal of Empirical Finance",P5.02,high,mature,2.702970297029703,Citation Q3,31.71
POSI-J-025354,"Journal of Endodontics",P3.02,high,mature,3.474212034383954,Citation Q1,85.53
POSI-J-022740,"Journal of Endometriosis and Uterine Disorders",P3.02,high,not_yet_mature,2.731958762886598,,
POSI-J-025355,"Journal of Energy Chemistry",P2.02,high,mature,15.954068241469816,Citation Q1,87.96
POSI-J-025356,"Journal of Energy Infrastructure",P2.11,low,not_yet_mature,0.16666666666666666,,
POSI-J-025357,"Journal of the Energy Institute",P2.11,high,mature,6.820289855072463,Citation Q2,74.18
POSI-J-001879,"Journal of Engineering Research",P2.11,high,mature,4.427884615384615,Citation Q3,43.21
POSI-J-025358,"Journal of Engineering and Technology Management",P5.02,high,mature,4.865248226950355,Citation Q2,59.14
POSI-J-025359,"Journal of English for Academic Purposes",P6.02,high,mature,3.342857142857143,,
POSI-J-025360,"Journal of Environmental Chemical Engineering",P1.05,high,mature,5.795089707271011,Citation Q1,79.12
POSI-J-025361,"Journal of Environmental Economics and Management",P5.02,high,mature,5.05,Citation Q2,60.86
POSI-J-025362,"Journal of Environmental Psychology",P1.05,high,mature,5.079081632653061,Citation Q2,74.14
POSI-J-025363,"Journal of Environmental Radioactivity",P1.05,high,mature,2.0082644628099175,Citation Q4,17.05
POSI-J-025364,"Journal of Environmental Sciences",P1.05,high,mature,4.001094690749863,Citation Q2,58.05
POSI-J-025365,"Journal of Epidemiology and Population Health",P3.03,high,not_yet_mature,0.23786739576213262,,
POSI-J-025366,"Journal of Equine Rehabilitation",P3.02,medium,not_yet_mature,0.9473684210526315,,
POSI-J-025367,"Journal of Equine Veterinary Science",P1.06,high,mature,0.6708286038592508,Citation Q4,5.02
POSI-J-025368,"Journal of the European Ceramic Society",P2.05,high,mature,5.893824966681475,Citation Q2,51.18
POSI-J-019637,"Journal of the European Meteorological Society",P1.05,medium,not_yet_mature,2.604651162790698,,
POSI-J-025369,"Journal Européen des Urgences et de Réanimation",P3.02,high,mature,0,Citation Q4,2.37
POSI-J-025370,"Journal of Evidence Based Dental Practice",P3.02,high,mature,1.7644628099173554,Citation Q2,59.78
POSI-J-006239,"Journal of Exercise Science & Fitness",P3.02,high,mature,3.3117647058823527,Citation Q1,83.88
POSI-J-025371,"Journal of Exotic Pet Medicine",P1.06,high,mature,0.5214723926380368,Citation Q4,4.22
POSI-J-025372,"Journal of Experimental Horticulture",P4.01,low,not_yet_mature,0.1111111111111111,,
POSI-J-025373,"Journal of Experimental Marine Biology and Ecology",P1.05,high,mature,2.133640552995392,Citation Q4,19.73
POSI-J-025374,"Journal of Experimental Social Psychology",P5.01,high,mature,1.7195945945945945,Citation Q3,33.95
POSI-J-025375,"Journal of Family Business Strategy",P5.02,high,mature,4.277777777777778,Citation Q2,54
POSI-J-014314,"The Journal of Finance and Data Science",P5.02,high,mature,2.8771929824561404,Citation Q3,34
POSI-J-025376,"Journal of Financial Economics",P5.02,high,mature,10.894586894586894,Citation Q1,93.43
POSI-J-025377,"Journal of Financial Intermediation",P5.02,high,mature,2.9047619047619047,Citation Q3,35.14
POSI-J-025378,"Journal of Financial Markets",P5.02,high,mature,1.9646017699115044,Citation Q4,18
POSI-J-025379,"Journal of Financial Stability",P5.02,high,mature,6.575396825396825,Citation Q1,76.29
POSI-J-025380,"Journal of Fluency Disorders",P5.01,high,mature,1.7593984962406015,Citation Q3,35.19
POSI-J-025381,"Journal of Fluids and Structures",P2.11,high,mature,3.718550106609808,Citation Q3,33.97
POSI-J-025382,"Journal of Fluorine Chemistry",P1.04,high,mature,1.032490974729242,Citation Q4,1.19
POSI-J-025383,"Journal of Food Composition and Analysis",P3.02,high,mature,5.097432725023198,Citation Q1,93.56
POSI-J-025384,"The Journal of Foot and Ankle Surgery",P3.02,high,mature,1.0850661625708884,Citation Q3,43.31
POSI-J-025385,"Journal of Forensic and Legal Medicine",P3.02,high,mature,1.419068736141907,Citation Q2,52.06
POSI-J-005089,"The Journal of Frailty & Aging",P3.02,high,mature,3.4654377880184333,Citation Q1,85.22
POSI-J-025386,"Journal Français d'Ophtalmologie",P3.02,high,mature,0.4,Citation Q4,18.49
POSI-J-025387,"Journal of Fuel Chemistry and Technology",P2.11,high,mature,2.6180555555555554,Citation Q4,16.58
POSI-J-025388,"Journal of Functional Analysis",P1.01,high,mature,1.2195909580193758,Citation Q2,51.39
POSI-J-004997,"Journal of Future Foods",P4.01,high,mature,2.7973372781065087,Citation Q4,20.42
POSI-J-025390,"Journal of Genetics and Genomics",P1.06,high,mature,4.449579831932773,Citation Q2,62.45
POSI-J-025391,"Journal of Geochemical Exploration",P1.05,high,mature,4.1183533447684395,Citation Q2,59.2
POSI-J-025392,"Journal of Geodynamics",P1.05,high,mature,1.6515151515151516,Citation Q4,10.54
POSI-J-025393,"Journal of Geomechanics and Measurements",P1.05,low,not_yet_mature,1,,
POSI-J-025394,"Journal of Geometry and Physics",P1.01,high,mature,0.7745839636913767,Citation Q3,31.94
POSI-J-025395,"Journal of Geophysical Prospecting",P1.05,medium,not_yet_mature,0.16666666666666666,,
POSI-J-025396,"Journal of Geriatric Oncology",P3.02,high,mature,0.8738828202581926,Citation Q3,36.41
POSI-J-001723,"Journal of Ginseng Research",P1.06,high,mature,5.088560885608856,Citation Q2,72.09
POSI-J-001333,"Journal of Global Antimicrobial Resistance",P1.06,high,mature,2.6254256526674236,Citation Q3,37.15
POSI-J-015470,"Journal of Government and Economics",P5.02,high,mature,1.6428571428571428,Citation Q4,11.71
POSI-J-025397,"Journal of Great Lakes Research",P1.05,high,mature,1.966824644549763,Citation Q4,16.67
POSI-J-025398,"Journal of Gynecology Obstetrics and Human Reproduction",P3.02,high,mature,1.2704545454545455,Citation Q3,48.66
POSI-J-025399,"Journal of Hand and Microsurgery",P3.02,high,mature,1.1130742049469964,Citation Q3,44.34
POSI-J-003503,"Journal of Hand Surgery Global Online",P3.02,high,mature,1.2216666666666667,Citation Q3,47.63
POSI-J-025400,"Journal of Hand Therapy",P3.02,high,mature,1.1369047619047619,Citation Q3,45.26
POSI-J-002941,"Journal of Hazardous Materials Advances",P1.05,high,mature,4.759776536312849,Citation Q2,69.92
POSI-J-014179,"Journal of Hazardous Materials Letters",P1.05,high,mature,7.419354838709677,Citation Q1,88.7
POSI-J-025402,"Journal of Hazardous Materials: Organics",P1.05,medium,not_yet_mature,0.5,,
POSI-J-025403,"Journal of Hazardous Materials: Plastics",P1.05,high,not_yet_mature,0.7638888888888888,,
POSI-J-025404,"Journal of Health Economics",P5.02,high,mature,3.048458149779736,Citation Q3,36.86
POSI-J-025405,"Journal of Healthcare Quality Research",P3.03,high,mature,0.906832298136646,Citation Q3,44.55
POSI-J-025406,"The Journal of Heart and Lung Transplantation",P3.02,high,mature,0.657336578581363,Citation Q3,27.75
POSI-J-025407,"Journal of Herbal Medicine",P4.01,high,mature,2.2779783393501805,Citation Q4,10.56
POSI-J-025408,"Journal of High Energy Astrophysics",P1.03,high,mature,4.296774193548387,Citation Q1,75
POSI-J-025409,"The Journal of High Technology Management Research",P5.02,high,mature,15.73913043478261,Citation Q1,99.14
POSI-J-025410,"Journal of Historical Geography",P5.09,high,mature,0.7898089171974523,,
POSI-J-025412,"Journal of Hospital Infection",P3.02,high,mature,2.5885714285714285,Citation Q1,77.5
POSI-J-025413,"Journal of Hospitality, Leisure, Sport & Tourism Education",P5.02,high,mature,4.427350427350428,Citation Q2,55.14
POSI-J-025414,"Journal of Hospitality and Tourism Management",P5.02,high,mature,8.283372365339579,Citation Q1,90
POSI-J-025415,"Journal of Housing Economics",P5.02,high,mature,2.2123893805309733,Citation Q4,21.43
POSI-J-025416,"Journal of Hydro-environment Research",P1.05,high,mature,2.608695652173913,Citation Q3,30.08
POSI-J-001214,"Journal of Hydrology: Regional Studies",P1.05,high,mature,2.851512373968836,Citation Q3,34.67
POSI-J-014221,"Journal of Hydrology X",P1.05,high,mature,4.723404255319149,Citation Q2,68.77
POSI-J-025417,"Journal of Immunological Methods",P1.06,high,mature,1.5654952076677315,Citation Q4,14.66
POSI-J-025418,"Journal of Immunology and Regenerative Medicine",P3.02,high,mature,3.5,Citation Q1,85.94
POSI-J-025419,"Journal of the Indian Chemical Society",P2.05,high,mature,3.1129032258064515,Citation Q4,11.18
POSI-J-025420,"Journal of Industrial and Engineering Chemistry",P2.05,high,mature,7.608744394618834,Citation Q2,72.35
POSI-J-025421,"Journal of Industrial Information Integration",P2.11,high,mature,8.219885277246654,Citation Q1,85.05
POSI-J-018338,"Journal of Industrial Safety",P2.11,high,not_yet_mature,2.779220779220779,,
POSI-J-000674,"Journal of Infection",P3.02,high,mature,6.67461430575035,Citation Q1,96.45
POSI-J-025422,"Journal of Infection and Chemotherapy",P3.02,high,mature,1.6151645207439198,Citation Q2,56.39
POSI-J-001261,"Journal of Infection and Public Health",P3.02,high,mature,3.590221187427241,Citation Q1,86.77
POSI-J-014260,"Journal of Information and Intelligence",P1.02,high,not_yet_mature,3.25531914893617,,
POSI-J-025423,"Journal of Information Security and Applications",P1.02,high,mature,3.0107238605898123,Citation Q3,32.59
POSI-J-025424,"Journal of Informetrics",P5.02,high,mature,4.003460207612457,Citation Q2,52.29
POSI-J-003612,"Journal of Innovation & Knowledge",P5.02,high,mature,12.25648854961832,Citation Q1,96.86
POSI-J-025425,"Journal of Inorganic Biochemistry",P1.04,high,mature,2.686548223350254,Citation Q3,29.76
POSI-J-025426,"Journal of Insect Physiology",P1.06,high,mature,2.121863799283154,Citation Q3,27.91
POSI-J-025427,"Journal of Integrative Horticulture",P4.01,low,not_yet_mature,0,,
POSI-J-025428,"Journal of Integrative Medicine",P3.02,high,mature,3.949074074074074,Citation Q1,89.55
POSI-J-025429,"Journal of Intensive Medicine",P3.02,high,mature,3.620320855614973,Citation Q1,87.38
POSI-J-025430,"Journal of International Accounting, Auditing and Taxation",P5.02,high,mature,3.984732824427481,Citation Q2,51.71
POSI-J-025431,"Journal of International Ceramic Studies",P6.05,medium,not_yet_mature,0.08333333333333333,,
POSI-J-025432,"Journal of International Economics",P5.02,high,mature,6.036036036036036,Citation Q2,72.86
POSI-J-025433,"Journal of International Financial Markets, Institutions and Money",P5.02,high,mature,6.759146341463414,Citation Q1,77.43
POSI-J-025434,"Journal of International Management",P5.02,high,mature,3.3617021276595747,Citation Q3,40.29
POSI-J-025435,"Journal of International Money and Finance",P5.02,high,mature,4.969230769230769,Citation Q2,59.71
POSI-J-025436,"Journal of Interprofessional Education & Practice",P3.03,high,mature,0.43333333333333335,Citation Q3,31.82
POSI-J-012947,"Journal of Interventional Medicine",P3.02,high,mature,0,Citation Q4,2.37
POSI-J-025437,"Journal of Invertebrate Pathology",P4.01,high,mature,2.066543438077634,Citation Q4,7.75
POSI-J-025438,"Journal of Investigative Dermatology",P3.02,high,mature,0.6528198908429351,Citation Q3,27.34
POSI-J-025439,"Journal of Investigative Dermatology Symposium Proceedings",P3.02,high,mature,0,Citation Q4,2.37
POSI-J-013150,"Journal of Ionic Liquids",P2.04,high,mature,3.0948905109489053,,
POSI-J-025440,"Journal of the Japanese and International Economies",P5.02,high,mature,1.9589041095890412,Citation Q4,17.43
POSI-J-015239,"Journal of Joint Surgery and Research",P3.02,high,not_yet_mature,0.9196428571428571,,
POSI-J-001387,"Journal of King Saud University - Computer and Information Sciences",P1.02,high,mature,4.390686661404893,Citation Q2,62.95
POSI-J-003043,"Journal of King Saud University - Engineering Sciences",P2.01,high,mature,1.5578231292517006,Citation Q4,4.9
POSI-J-025441,"Journal of King Saud University - Science",P4.01,high,mature,4.930899608865711,Citation Q2,55.63
POSI-J-000635,"Journal of Lipid Research",P3.02,high,mature,4.459649122807018,Citation Q1,91.92
POSI-J-008173,"The Journal of Liquid Biopsy",P1.06,high,not_yet_mature,2.896103896103896,,
POSI-J-010331,"Journal of Liver Transplantation",P3.02,high,mature,0.863905325443787,Citation Q3,35.89
POSI-J-025442,"Journal of Logical and Algebraic Methods in Programming",P1.02,high,mature,1.0695652173913044,Citation Q4,11.16
POSI-J-025443,"Journal of Loss Prevention in the Process Industries",P5.02,high,mature,4.099354838709678,Citation Q2,52.86
POSI-J-025444,"Journal of Macroeconomics",P5.02,high,mature,2,Citation Q4,18.57
POSI-J-001850,"Journal of Magnesium and Alloys",P2.05,high,mature,13.157015590200446,Citation Q1,95.88
POSI-J-025445,"Journal of Magnetic Resonance",P1.04,high,mature,2.044378698224852,Citation Q4,17.86
POSI-J-012892,"Journal of Magnetic Resonance Open",P1.04,high,mature,2.27027027027027,Citation Q4,20.24
POSI-J-011467,"Journal of Management Science and Engineering",P5.02,high,mature,2.425287356321839,Citation Q3,25.43
POSI-J-025446,"Journal of Manipulative and Physiological Therapeutics",P3.02,high,mature,0.6377952755905512,Citation Q3,26.62
POSI-J-025447,"Journal of Manufacturing Processes",P2.03,high,mature,8.682566341954988,Citation Q1,89.62
POSI-J-025448,"Journal of Manufacturing Systems",P2.11,high,mature,14.150916784203103,Citation Q1,98.1
POSI-J-025449,"Journal of Marine Systems",P1.05,high,mature,1.206008583690987,Citation Q4,3.64
POSI-J-025450,"Journal of Mass Spectrometry and Advances in the Clinical Lab",P1.06,high,mature,3.513888888888889,Citation Q2,52.01
POSI-J-025451,"Journal of Materials Processing Technology",P2.03,high,mature,8.601842374616172,Citation Q1,87.74
POSI-J-025452,"Journal of Materials Research and Technology",P2.03,high,mature,7.338101884159107,Citation Q1,82.08
POSI-J-025453,"Journal of Materials Science & Technology",P2.03,high,mature,18.261376896149358,Citation Q1,97.17
POSI-J-003122,"Journal of Materiomics",P2.05,high,mature,7.010309278350515,Citation Q2,67.65
POSI-J-025454,"The Journal of Mathematical Behavior",P5.03,high,mature,2.286624203821656,,
POSI-J-025455,"Journal of Mathematical Economics",P5.02,high,mature,1.308695652173913,Citation Q4,8.29
POSI-J-025456,"Journal of Mathematical Psychology",P5.02,high,mature,1.3653846153846154,Citation Q4,9.43
POSI-J-025457,"Journal de Mathématiques Pures et Appliquées",P1.01,high,mature,1.6221374045801527,Citation Q2,73.61
POSI-J-025458,"Journal of the Mechanical Behavior of Biomedical Materials",P3.02,high,mature,3.9495884773662553,Citation Q1,89.65
POSI-J-025459,"Journal of the Mechanics and Physics of Solids",P2.11,high,mature,6.85562015503876,Citation Q2,74.73
POSI-J-025460,"Journal of Medical Imaging and Radiation Sciences",P3.02,high,mature,0.7527638190954774,Citation Q3,31.36
POSI-J-016666,"Journal of Membrane Science Letters",P1.05,high,mature,3.5517241379310347,Citation Q3,48.47
POSI-J-025461,"Journal of Memory and Language",P5.01,high,mature,3.0862944162436547,Citation Q2,67.28
POSI-J-025462,"Journal of Microbiological Methods",P1.06,high,mature,1.7195325542570952,Citation Q4,19.48
POSI-J-001525,"Journal of Microbiology, Immunology and Infection",P3.02,high,mature,3.191919191919192,Citation Q1,82.75
POSI-J-008395,"Journal of Migration and Health",P5.01,high,mature,2.2534562211981566,Citation Q2,54.94
POSI-J-025463,"Journal of Minimally Invasive Gynecology",P3.02,high,mature,0.5909090909090909,Citation Q4,24.15
POSI-J-005155,"Journal of Molecular and Cellular Cardiology Plus",P3.02,high,not_yet_mature,0.31457431457431456,,
POSI-J-025464,"The Journal of Molecular Diagnostics",P1.06,high,mature,2.8677685950413223,Citation Q3,42.77
POSI-J-025465,"Journal of Molecular Graphics and Modelling",P1.06,high,mature,2.5135520684736092,Citation Q3,35.14
POSI-J-025466,"Journal of Molecular Spectroscopy",P1.04,high,mature,1.1643835616438356,Citation Q4,5.95
POSI-J-025467,"Journal of Monetary Economics",P5.02,high,mature,4.848148148148148,Citation Q2,58.57
POSI-J-015512,"Journal of Mood and Anxiety Disorders",P5.01,high,not_yet_mature,2.4201680672268906,,
POSI-J-025468,"Journal of Multinational Financial Management",P5.02,high,mature,3.78125,Citation Q3,49.43
POSI-J-025469,"Journal of Multivariate Analysis",P1.01,high,mature,1.0372881355932204,Citation Q3,45.83
POSI-J-025470,"Journal of Medical Mycology",P3.02,high,mature,1.6751592356687899,Citation Q2,57.83
POSI-J-025471,"Journal of the National Cancer Center",P3.02,high,mature,18.374301675977655,Citation Q1,99.85
POSI-J-025472,"Journal of the National Medical Association",P3.02,high,mature,0.5516483516483517,Citation Q4,22.71
POSI-J-008938,"Journal of Natural Gas Geoscience",P1.05,high,mature,2.146067415730337,Citation Q4,20.88
POSI-J-025473,"Journal of Natural Gas Science and Engineering",P2.11,high,mature,0,Citation Q4,0.82
POSI-J-013398,"Journal of Natural Pesticide Research",P4.01,high,not_yet_mature,2.3398692810457518,,
POSI-J-025474,"Journal for Nature Conservation",P1.05,high,mature,2.456703910614525,Citation Q3,28.54
POSI-J-025475,"Journal of Neonatal Nursing",P3.02,high,mature,1.1261682242990654,Citation Q3,44.64
POSI-J-025476,"Journal of Network and Computer Applications",P1.02,high,mature,7.232954545454546,Citation Q1,86.16
POSI-J-025477,"Journal of Neuroimmunology",P3.02,high,mature,2.0984182776801408,Citation Q2,67.3
POSI-J-025478,"Journal of Neurolinguistics",P5.01,high,mature,1.1442307692307692,Citation Q4,15.43
POSI-J-025479,"Journal of the Neurological Sciences",P3.02,high,mature,0.9117355371900826,Citation Q3,37.33
POSI-J-025480,"Journal of Neuroradiology",P3.02,high,mature,0.6123456790123457,Citation Q4,24.87
POSI-J-009283,"Journal of Neurorestoratology",P3.02,high,mature,2.6308724832214767,Citation Q1,78.22
POSI-J-025481,"Journal of Neuroscience Methods",P3.01,high,mature,2.7335581787521077,Citation Q3,38.97
POSI-J-025482,"Journal of Non-Crystalline Solids: X",P2.05,high,mature,1.1666666666666667,Citation Q4,1.76
POSI-J-025483,"Journal of Non-Newtonian Fluid Mechanics",P2.11,high,mature,2.473309608540925,Citation Q4,13.86
POSI-J-025484,"Journal of Number Theory",P1.01,high,mature,0.44074074074074077,Citation Q4,6.94
POSI-J-025485,"The Journal for Nurse Practitioners",P3.03,high,mature,0.6280701754385964,Citation Q3,40.91
POSI-J-025486,"Journal of Nursing Regulation",P3.03,high,mature,2.474074074074074,Citation Q1,82.73
POSI-J-025487,"Journal of Nutrition Education and Behavior",P3.02,high,mature,0.6485239852398524,Citation Q3,26.93
POSI-J-001255,"The Journal of nutrition, health and aging",P3.02,high,mature,4.849194729136164,Citation Q1,92.84
POSI-J-005382,"Journal of Nutrition & Intermediary Metabolism",P3.02,high,mature,0,Citation Q4,2.37
POSI-J-025488,"The Journal of Nutritional Biochemistry",P3.02,high,mature,3.8263473053892216,Citation Q1,88.62
POSI-J-025489,"Journal of Obsessive-Compulsive and Related Disorders",P5.01,high,mature,1.8928571428571428,Citation Q3,40.12
POSI-J-025490,"Journal of Obstetric, Gynecologic & Neonatal Nursing",P3.02,high,mature,0.5855855855855856,Citation Q4,24.05
POSI-J-025491,"Journal of Obstetrics and Gynaecology Canada",P3.02,high,mature,0.9823529411764705,Citation Q3,39.8
POSI-J-025492,"Journal of Ocean Engineering and Science",P2.11,high,mature,1.6271929824561404,Citation Q4,5.16
POSI-J-005238,"Journal of Allergy and Clinical Immunology: Global",P3.02,high,mature,1.842007434944238,Citation Q2,61.95
POSI-J-025493,"Journal of Cardiac Failure - Intersections",P3.02,high,not_yet_mature,0.18064516129032257,,
POSI-J-019474,"Journal of Computational Algebra",P1.01,medium,not_yet_mature,0.8,,
POSI-J-002276,"Journal of ISAKOS",P3.02,high,mature,1.554410080183276,Citation Q2,55.25
POSI-J-025494,"Journal of Nutritional Physiology",P3.02,medium,not_yet_mature,0.375,,
POSI-J-025495,"Journal of Precision Medicine: Health and Disease",P3.02,medium,not_yet_mature,1.25,,
POSI-J-002289,"Journal of Open Innovation: Technology, Market, and Complexity",P5.02,high,mature,11.4296875,Citation Q1,95.71
POSI-J-005294,"Journal of Optometry",P3.02,high,mature,1.6952380952380952,Citation Q2,58.24
POSI-J-002545,"Journal of Oral Biology and Craniofacial Research",P3.02,high,mature,2.4108818011257034,Citation Q2,74.61
POSI-J-025496,"Journal of Oral Biosciences",P3.02,high,mature,1.986013986013986,Citation Q2,65.29
POSI-J-025497,"Journal of Oral and Maxillofacial Surgery",P3.02,high,mature,0.9253246753246753,Citation Q3,37.64
POSI-J-025498,"Journal of Oral and Maxillofacial Surgery, Medicine, and Pathology",P3.02,high,mature,0.6666666666666666,Citation Q3,28.06
POSI-J-003706,"Journal of Orthopaedic Reports",P3.02,high,not_yet_mature,0.4945205479452055,,
POSI-J-002713,"Journal of Orthopaedic Translation",P3.02,high,mature,7.051224944320713,Citation Q1,96.76
POSI-J-025499,"Journal of Orthopaedics",P3.02,high,mature,1.9434324065196549,Citation Q2,64.32
POSI-J-005670,"Journal of Otology",P3.01,high,mature,0.9537037037037037,Citation Q4,5.15
POSI-J-025500,"Journal of Outdoor Recreation and Tourism",P5.01,high,mature,3.613793103448276,Citation Q2,73.46
POSI-J-025501,"The Journal of Pain",P3.02,high,mature,1.1785714285714286,Citation Q3,46.6
POSI-J-025502,"Journal of Pain and Symptom Management",P3.02,high,mature,0.9368811881188119,Citation Q3,38.05
POSI-J-025503,"Journal of Parallel and Distributed Computing",P1.02,high,mature,3.4984984984984986,Citation Q3,43.3
POSI-J-003275,"Journal of Pathology Informatics",P1.02,high,mature,2.9613095238095237,Citation Q3,31.7
POSI-J-025504,"Journal of Pediatric and Adolescent Gynecology",P3.02,high,mature,0.5739041794087666,Citation Q4,23.43
POSI-J-025505,"Journal of Pediatric Health Care",P3.03,high,mature,1.2748414376321353,Citation Q2,55.45
POSI-J-025506,"Journal of Pediatric Nursing",P3.02,high,mature,2.454697986577181,Citation Q1,75.54
POSI-J-004547,"Journal of the Pediatric Orthopaedic Society of North America",P3.02,high,mature,1.029126213592233,Citation Q3,41.56
POSI-J-001335,"Journal of Pediatric Surgery Case Reports",P3.02,high,mature,0.22424242424242424,Citation Q4,13.03
POSI-J-011163,"Journal of Pediatric Surgery Open",P3.02,high,not_yet_mature,0.6483516483516484,,
POSI-J-025507,"Journal of Pediatric Urology",P3.02,high,mature,1.0691489361702127,Citation Q3,42.58
POSI-J-016649,"The Journal of Pediatrics: Clinical Practice",P3.02,high,not_yet_mature,0.9606299212598425,,
POSI-J-018958,"The Journal of Pediatrics: X",P5.02,high,mature,0,Citation Q4,0.57
POSI-J-025508,"Journal de Pédiatrie et de Puériculture",P3.03,high,mature,0.19875776397515527,Citation Q3,26.36
POSI-J-025509,"Journal of PeriAnesthesia Nursing",P3.02,high,mature,0.8688118811881188,Citation Q3,36.3
POSI-J-025510,"Journal of Petroleum Science and Engineering",P2.11,high,mature,0,Citation Q4,0.82
POSI-J-002357,"Journal of Pharmaceutical Analysis",P1.04,high,mature,6.3328173374613,Citation Q1,84.52
POSI-J-025511,"Journal of Pharmaceutical and Biomedical Analysis",P1.04,high,mature,3.4315068493150687,Citation Q3,39.29
POSI-J-016992,"Journal of Pharmaceutical and Biomedical Analysis Open",P1.04,high,not_yet_mature,3.5057471264367814,,
POSI-J-001164,"Journal of Pharmacological Sciences",P3.01,high,mature,2.804081632653061,Citation Q3,41.91
POSI-J-025512,"Journal of Pharmacological and Toxicological Methods",P3.02,high,mature,0.7175141242937854,Citation Q3,30.54
POSI-J-025513,"The Journal of Pharmacology and Experimental Therapeutics",P1.06,high,mature,0.8917710196779964,Citation Q4,7.03
POSI-J-025514,"Journal of Phonetics",P5.01,high,mature,1.9642857142857142,Citation Q3,43.83
POSI-J-010931,"Journal of Photochemistry and Photobiology",P3.02,high,mature,2.3947368421052633,Citation Q2,74
POSI-J-025515,"Journal of Photochemistry and Photobiology A: Chemistry",P2.05,high,mature,3.836116910229645,Citation Q4,21.76
POSI-J-025516,"Journal of Photochemistry and Photobiology B: Biology",P3.02,high,mature,3.6588235294117646,Citation Q1,87.59
POSI-J-025517,"Journal of Photochemistry and Photobiology C: Photochemistry Reviews",P2.05,high,mature,6.381818181818182,Citation Q2,61.76
POSI-J-002595,"Journal of Physiotherapy",P3.02,high,mature,2.006849315068493,Citation Q2,65.76
POSI-J-008705,"Journal of Pipeline Science and Engineering",P2.03,high,mature,2.9292929292929295,Citation Q4,23.58
POSI-J-025518,"Journal of Plant Physiology",P4.01,high,mature,4.115124153498871,Citation Q3,45.77
POSI-J-025519,"Journal of Plastic, Reconstructive & Aesthetic Surgery",P3.02,high,mature,1.8060925600468658,Citation Q2,60.71
POSI-J-025521,"Journal of Policy Modeling",P5.02,high,mature,2.6506024096385543,Citation Q3,30.57
POSI-J-014234,"Journal of Power Sources Advances",P2.02,high,mature,5.381578947368421,Citation Q2,62.04
POSI-J-000499,"The Journal of Prevention of Alzheimer's Disease",P3.02,high,mature,6.089123867069486,Citation Q1,95.11
POSI-J-025522,"Journal of Process Control",P2.11,high,mature,3.252155172413793,Citation Q3,25.82
POSI-J-025523,"Journal of Professional Nursing",P3.03,high,mature,2.3735763097949887,Citation Q1,80.91
POSI-J-025524,"Journal of Proteomics",P1.06,high,mature,2.8415584415584414,Citation Q3,40.76
POSI-J-025525,"Journal of Psychiatric Research",P5.01,high,mature,3.3628266033254155,Citation Q2,69.75
POSI-J-025526,"Journal of Psychosomatic Research",P3.02,high,mature,1.8465031789282471,Citation Q2,62.36
POSI-J-025527,"Journal of Public Economics",P5.02,high,mature,3.762208067940552,Citation Q3,48.29
POSI-J-025528,"Journal of Public Economics Plus",P5.02,low,mature,0,,
POSI-J-004903,"Journal of Public Transportation",P2.01,high,mature,3.842696629213483,Citation Q3,38.24
POSI-J-025529,"Journal of Purchasing and Supply Management",P5.02,high,mature,7.109375,Citation Q1,81.43
POSI-J-025530,"Journal of Pure and Applied Algebra",P1.01,high,mature,0.5097451274362819,Citation Q4,12.5
POSI-J-025531,"Journal of Quantitative Spectroscopy and Radiative Transfer",P1.05,high,mature,2.3920863309352516,Citation Q3,27.01
POSI-J-025532,"Journal of Radiology Nursing",P3.02,high,mature,0.731404958677686,Citation Q3,30.95
POSI-J-025533,"Journal of Rail Transport Planning & Management",P2.11,high,mature,1.9351851851851851,Citation Q4,7.88
POSI-J-025534,"Journal of Railway Science and Technology",P2.01,medium,not_yet_mature,2.302325581395349,,
POSI-J-025535,"Journal of Rare Earths",P2.05,high,mature,6.52638036809816,Citation Q2,64.12
POSI-J-025536,"Journal of Renal Nutrition",P3.02,high,mature,2.0412979351032448,Citation Q2,66.48
POSI-J-025537,"Journal of Reproductive Immunology",P3.02,high,mature,1.7136431784107946,Citation Q2,58.96
POSI-J-025538,"Journal of Research in Personality",P5.01,high,mature,2.6231155778894473,Citation Q2,61.11
POSI-J-025539,"Journal of Resource Insects",P4.01,low,not_yet_mature,0.5294117647058824,,
POSI-J-014520,"Journal of Responsible Technology",P5.09,high,mature,3.7864077669902914,,
POSI-J-025540,"Journal of Retailing",P5.02,high,mature,5.005988023952096,Citation Q2,60.29
POSI-J-025541,"Journal of Retailing and Consumer Services",P5.02,high,mature,13.372825186412593,Citation Q1,98
POSI-J-015879,"Journal of Road Engineering",P2.01,high,mature,10.712765957446809,Citation Q1,91.18
POSI-J-001469,"Journal of Rock Mechanics and Geotechnical Engineering",P2.11,high,mature,7.564606741573034,Citation Q1,79.62
POSI-J-025542,"Journal of Rural Studies",P1.06,high,mature,4.719512195121951,Citation Q2,68.07
POSI-J-025543,"Journal of Safety Research",P2.11,high,mature,3.8265765765765765,Citation Q3,35.05
POSI-J-025544,"Journal of Safety Science and Resilience",P2.11,high,mature,5.287292817679558,Citation Q2,62.23
POSI-J-018150,"Journal of Safety and Sustainability",P5.02,high,not_yet_mature,3.275,,
POSI-J-002068,"Journal of Saudi Chemical Society",P1.04,high,mature,5.615384615384615,Citation Q2,72.62
POSI-J-004240,"Journal of the Saudi Society of Agricultural Sciences",P4.01,high,mature,2.70042194092827,Citation Q4,16.2
POSI-J-025545,"Journal of School Psychology",P5.01,high,mature,4.264423076923077,Citation Q1,80.86
POSI-J-003458,"Journal of Science: Advanced Materials and Devices",P2.05,high,mature,4.151696606786427,Citation Q3,27.65
POSI-J-025546,"Journal of Science and Medicine in Sport",P3.02,high,mature,2.018427518427518,Citation Q2,66.07
POSI-J-001594,"Journal of Sea Research",P1.05,high,mature,4.385542168674699,Citation Q2,63.03
POSI-J-025547,"Journal of Second Language Writing",P6.02,high,mature,6.366666666666666,,
POSI-J-025548,"The Journal of Sexual Medicine",P3.02,high,mature,0.4117647058823529,Citation Q4,18.85
POSI-J-025549,"Journal of Shoulder and Elbow Surgery",P3.02,high,mature,2.3664011585807385,Citation Q2,73.27
POSI-J-001153,"Journal of the Society for Cardiovascular Angiography & Interventions",P3.02,high,not_yet_mature,0.3936713167744131,,
POSI-J-025550,"Journal of South American Earth Sciences",P1.05,high,mature,1.6800356506238858,Citation Q4,10.92
POSI-J-025551,"Journal of Space Safety Engineering",P2.03,high,mature,1.756,Citation Q4,6.6
POSI-J-025552,"Journal of Sport and Health Science",P3.02,high,mature,9.747169811320754,Citation Q1,97.68
POSI-J-025553,"Journal of Statistical Planning and Inference",P1.01,high,mature,1.032258064516129,Citation Q3,43.06
POSI-J-025554,"The Journal of Steroid Biochemistry and Molecular Biology",P3.02,high,mature,3.202643171806167,Citation Q1,82.96
POSI-J-025555,"Journal of Stomatology, Oral and Maxillofacial Surgery",P3.02,high,mature,1.7781350482315113,Citation Q2,60.2
POSI-J-025556,"Journal of Stored Products Research",P4.01,high,mature,3.397911832946636,Citation Q3,33.1
POSI-J-025557,"The Journal of Strategic Information Systems",P5.02,high,mature,11.164835164835164,Citation Q1,94.57
POSI-J-025558,"Journal of Strategy & Innovation",P5.02,medium,not_yet_mature,2.5,,
POSI-J-000710,"Journal of Stroke and Cerebrovascular Diseases",P3.02,high,mature,2.8303821062441754,Citation Q1,80.48
POSI-J-025559,"Journal of Structural Biology",P1.06,high,mature,2.5850622406639006,Citation Q3,36.35
POSI-J-015505,"Journal of Structural Biology: X",P1.06,high,mature,1.5932203389830508,Citation Q4,16.27
POSI-J-025560,"Journal of Structural Geology",P1.05,high,mature,2.7535353535353537,Citation Q3,33.14
POSI-J-025561,"Journal of Subatomic Particles and Cosmology",P1.03,high,not_yet_mature,0.378021978021978,,
POSI-J-025562,"Journal of Substance Abuse Treatment",P3.02,high,mature,0,Citation Q4,2.37
POSI-J-025563,"Journal of Substance Use and Addiction Treatment",P3.02,high,not_yet_mature,2.1497418244406195,,
POSI-J-025564,"The Journal of Supercritical Fluids",P2.11,high,mature,3.3532182103610677,Citation Q3,27.99
POSI-J-025565,"Journal of Surgical Education",P3.02,high,mature,1.9605263157894737,Citation Q2,64.73
POSI-J-025566,"Journal of Sustainable Finance and Accounting",P5.02,medium,not_yet_mature,9.566666666666666,,
POSI-J-025567,"Journal of Symbolic Computation",P1.02,high,mature,0.7571428571428571,Citation Q4,4.91
POSI-J-025568,"Journal of Systems Architecture",P1.02,high,mature,3.4,Citation Q3,38.84
POSI-J-025569,"Journal of Systems and Software",P1.02,high,mature,3.842042755344418,Citation Q2,53.13
POSI-J-002291,"Journal of Taibah University Medical Sciences",P3.02,high,mature,1.8082191780821917,Citation Q2,60.92
POSI-J-025570,"Journal of the Taiwan Institute of Chemical Engineers",P2.11,high,mature,7.507876969242311,Citation Q1,79.08
POSI-J-025571,"Journal of Terramechanics",P2.01,high,mature,2.969465648854962,Citation Q4,22.55
POSI-J-025572,"Journal of Thermal Biology",P1.05,high,mature,2.9002808988764044,Citation Q3,36.21
POSI-J-025573,"Journal of Thrombosis and Haemostasis",P3.02,high,mature,3.583947583947584,Citation Q1,86.56
POSI-J-025574,"Journal of Tissue Viability",P3.02,high,mature,3.132716049382716,Citation Q1,82.23
POSI-J-025575,"Journal of Trace Elements in Medicine and Biology",P1.05,high,mature,3.8756756756756756,Citation Q2,55.36
POSI-J-010467,"Journal of Trace Elements and Minerals",P1.05,high,not_yet_mature,4.215686274509804,,
POSI-J-006159,"Journal of Traditional Chinese Medical Sciences",P3.02,high,mature,0.8865248226950354,Citation Q3,36.82
POSI-J-003758,"Journal of Traditional and Complementary Medicine",P3.02,high,mature,3.187878787878788,Citation Q1,82.65
POSI-J-005047,"Journal of Traffic and Transportation Engineering (English Edition)",P2.01,high,mature,6.807339449541284,Citation Q2,73.53
POSI-J-009181,"Journal of Translational Autoimmunity",P3.02,high,mature,3.3821656050955413,Citation Q1,84.29
POSI-J-025576,"Journal of Transport Geography",P2.01,high,mature,5.930424528301887,Citation Q2,61.76
POSI-J-025577,"Journal of Transport & Health",P2.01,high,mature,3.180811808118081,Citation Q3,26.47
POSI-J-025578,"Journal de Traumatologie du Sport",P3.02,high,mature,0.2217391304347826,Citation Q4,12.82
POSI-J-025579,"Journal of Urban Economics",P5.02,high,mature,5.595890410958904,Citation Q2,67.14
POSI-J-006675,"Journal of Urban Management",P1.05,high,mature,4.126712328767123,Citation Q2,59.58
POSI-J-012215,"Journal of Urban Mobility",P2.01,high,mature,3.0523560209424083,Citation Q4,24.51
POSI-J-025581,"Journal of Vascular and Interventional Radiology",P3.02,high,mature,0.6907730673316709,Citation Q3,29.51
POSI-J-025582,"Journal of Vascular Nursing",P3.02,high,mature,0.9366197183098591,Citation Q3,37.95
POSI-J-025583,"Journal of Vascular Surgery",P3.02,high,mature,0.9739085507620769,Citation Q3,39.39
POSI-J-025584,"Journal of Vascular Surgery Cases and Innovative Techniques",P3.02,high,mature,0.493,Citation Q4,20.55
POSI-J-001292,"Journal of Vascular Surgery: Venous and Lymphatic Disorders",P3.02,high,mature,1.025,Citation Q3,41.35
POSI-J-025585,"Journal of Veterinary Behavior",P1.06,high,mature,1.5803108808290156,Citation Q4,15.86
POSI-J-025586,"Journal of Veterinary Cardiology",P3.02,high,mature,0.986046511627907,Citation Q3,40.16
POSI-J-025587,"Journal of Virological Methods",P3.02,high,mature,1.7697674418604652,Citation Q2,59.99
POSI-J-002102,"Journal of Virus Eradication",P3.02,high,mature,0.576271186440678,Citation Q4,23.64
POSI-J-025588,"Journal of Visceral Surgery",P3.02,high,mature,1.0141843971631206,Citation Q3,41.04
POSI-J-025589,"Journal of Visual Communication and Image Representation",P1.02,high,mature,2.7064343163538873,Citation Q3,26.34
POSI-J-025590,"Journal of Vocational Behavior",P5.09,high,mature,6.25748502994012,,
POSI-J-025591,"Journal of Voice",P3.02,high,mature,1.3290949887808527,Citation Q2,50.1
POSI-J-025592,"Journal of Volcanology and Geothermal Research",P1.05,high,mature,2.2176470588235295,Citation Q4,22.8
POSI-J-025593,"Journal of Water Process Engineering",P1.05,high,mature,7.187144291931704,Citation Q1,87.93
POSI-J-004934,"Journal of Web Semantics",P1.02,high,mature,8.185185185185185,Citation Q1,87.95
POSI-J-025594,"Journal of Wind Engineering and Industrial Aerodynamics",P1.05,high,mature,5.193415637860082,Citation Q2,74.9
POSI-J-025595,"Journal of World Business",P5.02,high,mature,5.237704918032787,Citation Q2,62
POSI-J-025596,"Journal of the World Federation of Orthodontists",P3.02,high,mature,0.3795180722891566,Citation Q4,17.87
POSI-J-002863,"JPRAS Open",P3.02,high,mature,1.3791773778920309,Citation Q2,51.34
POSI-J-016284,"JSAMS Plus",P3.02,high,not_yet_mature,1.5494505494505495,,
POSI-J-002213,"JSES International",P3.02,high,mature,1.0422396856581533,Citation Q3,41.86
POSI-J-004665,"JSES Reviews, Reports, and Techniques",P3.02,high,mature,0.5981481481481481,Citation Q4,24.36
POSI-J-002110,"JTCVS Open",P3.02,high,mature,1.1345496009122007,Citation Q3,45.06
POSI-J-001726,"JTCVS Techniques",P3.02,high,mature,0.688360450563204,Citation Q3,29.4
POSI-J-004394,"JTO Clinical and Research Reports",P3.02,high,mature,1.6813186813186813,Citation Q2,57.93
POSI-J-007665,"JVS-Vascular Insights",P3.02,high,not_yet_mature,0.7647058823529411,,
POSI-J-006935,"JVS - Vascular Science",P3.02,high,mature,0.45454545454545453,Citation Q4,19.72
POSI-J-025597,"Kidney International Case Reports",P3.02,high,not_yet_mature,0,,
POSI-J-000625,"Kidney International Reports",P3.02,high,mature,0.754671488848704,Citation Q3,31.57
POSI-J-025598,"Kidney International Supplements",P3.02,high,mature,6.225806451612903,Citation Q1,95.42
POSI-J-002729,"Kidney Medicine",P3.02,high,mature,1.8435277382645803,Citation Q2,62.15
POSI-J-025599,"Kinésithérapie, la Revue",P3.02,high,mature,0.13323572474377746,Citation Q4,10.45
POSI-J-025600,"The Knee",P3.02,high,mature,1.7967698519515478,Citation Q2,60.5
POSI-J-025601,"Knowledge-Based Systems",P1.02,high,mature,6.096205128205129,Citation Q1,78.13
POSI-J-016467,"JTCVS Structural and Endovascular",P3.02,high,not_yet_mature,0.48412698412698413,,
POSI-J-004104,"Kuwait Journal of Science",P1.05,high,mature,3.518957345971564,Citation Q3,46.93
POSI-J-025602,"La Presse Médicale Formation",P3.02,high,mature,0.13953488372093023,Citation Q4,10.56
POSI-J-025603,"La Presse Médicale Open",P3.02,medium,mature,1.8888888888888888,,
POSI-J-018543,"LabMed Discovery",P3.02,high,not_yet_mature,2.8194444444444446,,
POSI-J-025604,"Laboratory Investigation",P3.02,high,mature,0.30272195370134825,Citation Q4,15.19
POSI-J-025605,"Labour Economics",P5.02,high,mature,2.181286549707602,Citation Q4,20.29
POSI-J-025606,"The Lancet",P5.02,high,mature,19.84429234905891,Citation Q1,99.71
POSI-J-025607,"The Lancet Child & Adolescent Health",P3.02,high,mature,5.505859375,Citation Q1,94.18
POSI-J-025608,"The Lancet Diabetes & Endocrinology",P3.02,high,mature,16.15213358070501,Citation Q1,99.64
POSI-J-003730,"The Lancet Digital Health",P3.02,high,mature,15.652298850574713,Citation Q1,99.43
POSI-J-025609,"The Lancet Gastroenterology & Hepatology",P3.02,high,mature,11.856049004594182,Citation Q1,99.02
POSI-J-001007,"The Lancet Global Health",P3.02,high,mature,10.625,Citation Q1,98.09
POSI-J-025610,"The Lancet Haematology",P3.02,high,mature,6.553684210526316,Citation Q1,95.83
POSI-J-004432,"The Lancet Healthy Longevity",P3.02,high,mature,11.413793103448276,Citation Q1,98.51
POSI-J-025611,"The Lancet HIV",P3.02,high,mature,5.344086021505376,Citation Q1,93.77
POSI-J-025612,"The Lancet Infectious Diseases",P3.02,high,mature,11.4,Citation Q1,98.4
POSI-J-025613,"The Lancet Medical Imaging & Theranostics",P3.02,low,not_yet_mature,0,,
POSI-J-002763,"The Lancet Microbe",P3.02,high,mature,11.536796536796537,Citation Q1,98.92
POSI-J-025614,"The Lancet Neurology",P3.02,high,mature,15.565508021390375,Citation Q1,99.33
POSI-J-025615,"The Lancet Oncology",P3.02,high,mature,11.470973017170891,Citation Q1,98.61
POSI-J-002475,"The Lancet Planetary Health",P1.05,high,mature,11.083333333333334,Citation Q1,98.28
POSI-J-014793,"The Lancet Primary Care",P3.03,high,not_yet_mature,1.0706521739130435,,
POSI-J-025616,"The Lancet Psychiatry",P5.01,high,mature,8.203305785123966,Citation Q1,96.91
POSI-J-002406,"The Lancet Public Health",P3.02,high,mature,16.140552995391705,Citation Q1,99.54
POSI-J-025617,"The Lancet Regional Health - Africa",P3.02,high,not_yet_mature,0.18032786885245902,,
POSI-J-002645,"The Lancet Regional Health - Americas",P3.02,high,mature,4.055126791620728,Citation Q1,89.86
POSI-J-002338,"The Lancet Regional Health - Europe",P3.02,high,mature,8.417016806722689,Citation Q1,97.37
POSI-J-005128,"The Lancet Regional Health - Southeast Asia",P3.02,high,not_yet_mature,3.9139072847682117,,
POSI-J-002223,"The Lancet Regional Health - Western Pacific",P3.02,high,mature,3.914746543778802,Citation Q1,89.34
POSI-J-025619,"The Lancet Respiratory Medicine",P3.02,high,mature,10.605828220858896,Citation Q1,97.99
POSI-J-025620,"The Lancet Rheumatology",P3.02,high,mature,6.819253438113949,Citation Q1,96.65
POSI-J-025621,"Land Use Policy",P1.05,high,mature,6.829556650246305,Citation Q1,86.02
POSI-J-025622,"Landscape Architecture and Sustainability",P1.05,medium,not_yet_mature,0.8333333333333334,,
POSI-J-025623,"Landscape and Urban Planning",P1.05,high,mature,10.020793950850662,Citation Q1,96.74
POSI-J-025624,"Language & Communication",P6.02,high,mature,2.046511627906977,,
POSI-J-018682,"Language and Health",P5.01,high,not_yet_mature,1.509433962264151,,
POSI-J-025625,"Language Sciences",P6.02,high,mature,1.4864864864864864,,
POSI-J-011528,"Laparoscopic, Endoscopic and Robotic Surgery",P3.02,high,mature,2.4947368421052634,Citation Q1,76.47
POSI-J-013421,"Latin American Journal of Central Banking",P5.02,high,mature,2.021505376344086,Citation Q4,19.14
POSI-J-025626,"Latin American Transport Studies",P2.01,high,not_yet_mature,1.9482758620689655,,
POSI-J-025627,"Le Pharmacien Clinicien",P3.03,high,mature,0.014162077104642014,Citation Q4,6.36
POSI-J-025628,"The Leadership Quarterly",P5.02,high,mature,6.833333333333333,Citation Q1,79.71
POSI-J-025629,"Learning in Context",P5.03,medium,not_yet_mature,1,,
POSI-J-025630,"Learning, Culture and Social Interaction",P5.03,high,mature,1.748427672955975,,
POSI-J-025631,"Learning and Individual Differences",P5.01,high,mature,5.995305164319249,Citation Q1,93.21
POSI-J-025632,"Learning and Instruction",P5.01,high,mature,6.097251585623678,Citation Q1,94.44
POSI-J-025633,"Learning and Motivation",P3.01,high,mature,8.138513513513514,Citation Q1,97.79
POSI-J-025634,"Legal Medicine",P3.02,high,mature,1.2129277566539924,Citation Q3,47.53
POSI-J-025635,"Letters in Drug Design & Discovery",P1.04,high,mature,1.11088295687885,Citation Q4,3.57
POSI-J-025636,"Leukemia Research",P3.02,high,mature,1.0268006700167505,Citation Q3,41.45
POSI-J-006315,"Leukemia Research Reports",P3.02,high,mature,0.43783783783783786,Citation Q4,19.31
POSI-J-025637,"Library & Information Science Research",P5.09,high,mature,2.081081081081081,,
POSI-J-025638,"Life Sciences in Space Research",P3.02,high,mature,1.638783269961977,Citation Q2,57
POSI-J-025640,"Limnologica",P1.05,high,mature,1.5,Citation Q4,7.47
POSI-J-025641,"Linear Algebra and its Applications",P1.01,high,mature,0.7632093933463796,Citation Q3,29.17
POSI-J-025642,"Linguistics and Education",P6.02,high,mature,2.7475728155339807,,
POSI-J-025643,"Lithos",P1.05,high,mature,1.3575757575757577,Citation Q4,5.56
POSI-J-025644,"Liver Research",P3.02,high,mature,4.104166666666667,Citation Q1,90.06
POSI-J-025645,"Livestock Science",P1.06,high,mature,1.8969072164948453,Citation Q4,23.9
POSI-J-025646,"Longevity Science and Medicine",P1.06,low,not_yet_mature,0,,
POSI-J-005107,"Machine Learning with Applications",P1.02,high,mature,5.062921348314607,Citation Q2,67.41
POSI-J-025648,"Magnetic Medicine",P3.02,medium,not_yet_mature,2.0714285714285716,,
POSI-J-025649,"Magnetic Resonance Imaging",P3.02,high,mature,2.2204301075268815,Citation Q2,69.77
POSI-J-025650,"Magnetic Resonance Imaging Clinics of North America",P3.02,high,mature,0.958139534883721,Citation Q3,38.67
POSI-J-025651,"Magnetic Resonance Letters",P1.04,high,mature,1.8035714285714286,Citation Q4,15.48
POSI-J-025652,"Management Accounting Research",P5.02,high,mature,3.69811320754717,Citation Q3,46
POSI-J-025653,"Manufacturing Letters",P2.03,high,mature,2.627450980392157,Citation Q4,14.15
POSI-J-025654,"Marine Chemistry",P1.05,high,mature,2.0187793427230045,Citation Q4,17.43
POSI-J-025655,"Marine Environmental Research",P1.05,high,mature,2.886603668704836,Citation Q3,35.44
POSI-J-025656,"Marine Genomics",P1.05,high,mature,0.9340659340659341,Citation Q4,2.11
POSI-J-025657,"Marine Geology",P1.05,high,mature,2.288939051918736,Citation Q4,23.95
POSI-J-025658,"Marine Geoscience and Energy Resources ",P1.05,high,not_yet_mature,0.15384615384615385,,
POSI-J-025660,"Marine Micropaleontology",P1.05,high,mature,1.358974358974359,Citation Q4,5.94
POSI-J-025661,"Marine and Petroleum Geology",P1.05,high,mature,5.588235294117647,Citation Q1,77.59
POSI-J-025662,"Marine Policy",P1.05,high,mature,4.3546453546453545,Citation Q2,62.64
POSI-J-025663,"Marine Structures",P2.11,high,mature,5.25,Citation Q2,61.68
POSI-J-015665,"Maritime Transport Research",P2.11,high,mature,3.5,Citation Q3,30.43
POSI-J-025664,"Marketing Strategy Journal",P5.02,low,not_yet_mature,0.9375,,
POSI-J-018468,"Mass Gathering Medicine",P3.02,high,not_yet_mature,1.2567567567567568,,
POSI-J-025665,"Materialia",P2.03,high,mature,2.8927294398092966,Citation Q4,21.7
POSI-J-025666,"Materials Characterization",P2.03,high,mature,5.456622516556291,Citation Q2,68.87
POSI-J-025667,"Materials Chemistry and Physics: Sustainability and Energy",P2.05,high,not_yet_mature,1.356164383561644,,
POSI-J-000621,"Materials & Design",P2.03,high,mature,5.810817365995634,Citation Q2,74.53
POSI-J-012056,"Materials Letters: X",P2.03,high,mature,0.23529411764705882,Citation Q4,0.94
POSI-J-011725,"Materials Reports: Energy",P2.02,high,mature,5.924242424242424,Citation Q2,71.3
POSI-J-025668,"Materials Research Bulletin",P2.05,high,mature,5.937115516062884,Citation Q2,52.35
POSI-J-008164,"Materials Science for Energy Technologies",P2.11,high,mature,10.707317073170731,Citation Q1,92.66
POSI-J-025669,"Materials Science and Engineering: B",P2.05,high,mature,5.4,Citation Q3,37.06
POSI-J-025670,"Materials Science and Engineering: R: Reports",P2.02,high,mature,19.189526184538654,Citation Q1,95.37
POSI-J-025671,"Materials Science in Semiconductor Processing",P2.02,high,mature,5.73501696192989,Citation Q2,65.74
POSI-J-025672,"Materials Today",P2.05,high,mature,13.096577017114914,Citation Q1,94.71
POSI-J-004608,"Materials Today Advances",P2.11,high,mature,3.2648401826484017,Citation Q3,26.36
POSI-J-001304,"Materials Today Bio",P2.11,high,mature,5.88646967340591,Citation Q2,69.29
POSI-J-016258,"Materials Today Catalysis",P2.11,high,not_yet_mature,5.849056603773585,,
POSI-J-025673,"Materials Today Chemistry",P2.05,high,mature,4.855451406018747,Citation Q3,31.18
POSI-J-025674,"Materials Today Communications",P2.03,high,mature,4.30396754975282,Citation Q3,44.34
POSI-J-013542,"Materials Today Electronics",P2.05,high,not_yet_mature,5.1796875,,
POSI-J-025675,"Materials Today Energy",P2.02,high,mature,5.600464576074332,Citation Q2,63.89
POSI-J-025676,"Materials Today Nano",P2.05,high,mature,4.333333333333333,Citation Q3,28.82
POSI-J-025677,"Materials Today Physics",P2.05,high,mature,6.966824644549763,Citation Q2,65.29
POSI-J-018470,"Materials Today Quantum",P1.03,high,not_yet_mature,3.111111111111111,,
POSI-J-002781,"Materials Today Sustainability",P2.05,high,mature,8.64089121887287,Citation Q1,82.94
POSI-J-025678,"Mathematical Biosciences",P1.06,high,mature,2.306024096385542,Citation Q3,31.12
POSI-J-025679,"Mathematical Social Sciences",P5.02,high,mature,0.8918918918918919,Citation Q4,2.57
POSI-J-025680,"Matrix Biology",P1.06,high,mature,6.010204081632653,Citation Q1,77.31
POSI-J-014132,"Matrix Biology Plus",P3.02,high,mature,3.4363636363636365,Citation Q1,84.81
POSI-J-025681,"Matter",P2.05,high,mature,11.01608325449385,Citation Q1,91.18
POSI-J-025682,"Matter & Light",P2.02,medium,not_yet_mature,0.05,,
POSI-J-025683,"Maturitas",P3.02,high,mature,2.3343815513626835,Citation Q2,72.35
POSI-J-009286,"Mayo Clinic Proceedings: Digital Health",P3.02,high,not_yet_mature,4.8321167883211675,,
POSI-J-004816,"Mayo Clinic Proceedings: Innovations, Quality & Outcomes",P3.02,high,mature,4.735576923076923,Citation Q1,92.43
POSI-J-017231,"Measurement: Energy",P2.02,high,not_yet_mature,5.735849056603773,,
POSI-J-025684,"Measurement and Evaluations in Cancer Care",P3.02,medium,not_yet_mature,1.2424242424242424,,
POSI-J-011136,"Measurement: Food",P4.01,high,mature,5.192771084337349,Citation Q2,59.86
POSI-J-002098,"Measurement: Sensors",P1.02,high,mature,3.6204620462046204,Citation Q3,45.98
POSI-J-022873,"Measurement: Digitalization",P1.02,medium,not_yet_mature,0.673469387755102,,
POSI-J-025685,"Meat Science",P4.02,high,mature,5.909574468085107,,
POSI-J-025686,"Mechanical Systems and Signal Processing",P2.11,high,mature,9.081764540601293,Citation Q1,88.86
POSI-J-025687,"Mechanics of Materials",P2.11,high,mature,3.1598984771573604,Citation Q4,24.18
POSI-J-025688,"Mechanics Research Communications",P2.11,high,mature,1.9371859296482412,Citation Q4,8.42
POSI-J-025689,"Mechanism and Machine Theory",P2.11,high,mature,4.648395721925134,Citation Q3,48.1
POSI-J-025690,"Mechanisms of Ageing and Development",P1.06,high,mature,4.621145374449339,Citation Q2,66.87
POSI-J-016418,"Mechanobiology in Medicine",P1.06,high,not_yet_mature,4.373737373737374,,
POSI-J-025691,"Mechatronics",P2.11,high,mature,2.863095238095238,Citation Q4,18.75
POSI-J-025692,"Med",P3.02,high,mature,8.521384928716904,Citation Q1,97.48
POSI-J-025693,"Médecine de Catastrophe - Urgences Collectives",P3.03,high,mature,0.06770833333333333,Citation Q4,17.27
POSI-J-025694,"Médecine & Droit",P3.03,high,mature,0.2602739726027397,Citation Q3,28.18
POSI-J-025695,"Médecine et Maladies Infectieuses Formation",P3.02,high,not_yet_mature,0.02870493991989319,,
POSI-J-025696,"Médecine des Maladies Métaboliques",P3.02,high,mature,0.08192090395480225,Citation Q4,8.6
POSI-J-025697,"Médecine Nucléaire",P3.02,high,mature,0.01977401129943503,Citation Q4,5.2
POSI-J-025698,"Médecine Palliative",P3.03,high,mature,0.12857142857142856,Citation Q4,22.73
POSI-J-025699,"Médecine du Sommeil",P3.02,high,mature,0.05,Citation Q4,7.67
POSI-J-025700,"Medical Dosimetry",P3.02,high,mature,0.8134715025906736,Citation Q3,34.14
POSI-J-025701,"Medical Engineering & Physics",P3.02,high,mature,2.6912751677852347,Citation Q1,79.25
POSI-J-025702,"Medical Hypotheses",P3.02,high,mature,0.8686708860759493,Citation Q3,36.2
POSI-J-025703,"Medical Image Analysis",P3.02,high,mature,10.472636815920398,Citation Q1,97.89
POSI-J-025704,"Medical Journal Armed Forces India",P3.02,high,mature,0.6003937007874016,Citation Q4,24.46
POSI-J-004668,"Medical Mycology Case Reports",P3.02,high,mature,1.064516129032258,Citation Q3,42.38
POSI-J-025705,"Medical Reports",P3.02,high,not_yet_mature,0.2838137472283814,,
POSI-J-025706,"Medicina Clínica",P3.02,high,mature,1.0010626992561105,Citation Q3,40.83
POSI-J-025707,"Medicina Clínica (English Edition)",P3.02,high,mature,0.21052631578947367,Citation Q4,12.62
POSI-J-007250,"Medicina Clínica Práctica",P3.02,high,mature,1.1102941176470589,Citation Q3,44.13
POSI-J-025708,"Medicina de Familia. SEMERGEN",P3.02,high,mature,0.6004901960784313,Citation Q4,24.56
POSI-J-025709,"Medicina Intensiva",P3.02,high,mature,0.4940944881889764,Citation Q4,20.65
POSI-J-025710,"Medicina Intensiva (English Edition)",P3.02,high,mature,0.5655526992287918,Citation Q4,22.91
POSI-J-025711,"Medicina Reproductiva y Embriología Clínica",P3.02,high,mature,0,Citation Q4,2.37
POSI-J-025712,"Medicine",P3.02,high,mature,0.7046413502109705,Citation Q3,30.02
POSI-J-011968,"Medicine in Drug Discovery",P1.06,high,mature,7.404761904761905,Citation Q1,85.74
POSI-J-014490,"Medicine in Microecology",P1.06,high,mature,7.0120481927710845,Citation Q1,82.93
POSI-J-008569,"Medicine in Novel Technology and Devices",P3.02,high,mature,3.7908496732026142,Citation Q1,88.41
POSI-J-018955,"Medicine in Omics",P1.06,high,mature,3.586206896551724,Citation Q2,53.21
POSI-J-017415,"Medicine Plus",P3.02,high,not_yet_mature,3.9207920792079207,,
POSI-J-025714,"Medicine - Programa de Formación Médica Continuada Acreditado",P3.02,high,mature,0.06415094339622641,Citation Q4,7.98
POSI-J-015891,"Memories - Materials, Devices, Circuits and Systems",P2.02,high,not_yet_mature,2.3958333333333335,,
POSI-J-025715,"Mendeleev Communications",P1.04,high,mature,1.3959243085880642,Citation Q4,10.71
POSI-J-025716,"Mental Health and Physical Activity",P3.02,high,mature,2.7474747474747474,Citation Q1,79.56
POSI-J-025717,"Mental Health & Prevention",P5.01,high,mature,2.1703056768558953,Citation Q2,50
POSI-J-025719,"Metabolic Engineering",P1.06,high,mature,8.111702127659575,Citation Q1,88.96
POSI-J-011011,"Metabolic Engineering Communications",P1.06,high,mature,5.576923076923077,Citation Q2,74.9
POSI-J-025720,"Metabolism and Diseases",P3.02,low,not_yet_mature,0.6666666666666666,,
POSI-J-007575,"Metabolism Open",P3.02,high,mature,5.67741935483871,Citation Q1,94.8
POSI-J-025722,"Metals Advances",P2.03,high,not_yet_mature,1.9775280898876404,,
POSI-J-016820,"Meta-Radiology",P3.02,high,not_yet_mature,4.065934065934066,,
POSI-J-025723,"Methods",P1.06,high,mature,3.6528066528066527,Citation Q2,54.82
POSI-J-013080,"Methods in Psychology",P5.04,high,mature,3.64,Citation Q1,77.08
POSI-J-001125,"MethodsX",P1.05,high,mature,3.966904607397794,Citation Q2,57.28
POSI-J-009396,"Micro and Nano Engineering",P2.11,high,mature,3.19205298013245,Citation Q4,24.73
POSI-J-025724,"Micro and Nanostructures",P2.02,high,mature,3.1081967213114754,Citation Q4,21.3
POSI-J-005037,"The Microbe",P1.06,high,not_yet_mature,5.046132971506106,,
POSI-J-025725,"Microbes and Infection",P3.02,high,mature,3.5652173913043477,Citation Q1,86.46
POSI-J-025726,"Microbial Pathogenesis",P1.06,high,mature,3.625906234896085,Citation Q2,54.02
POSI-J-025727,"Microbial Risk Analysis",P4.01,high,mature,1.858974358974359,Citation Q4,3.52
POSI-J-025728,"Microbiological Research",P4.01,high,mature,8.626463700234192,Citation Q1,92.25
POSI-J-025729,"MicroBiome and One Health",P3.02,low,not_yet_mature,0.5,,
POSI-J-025730,"Microelectronic Engineering",P2.02,high,mature,3.2532751091703056,Citation Q3,28.7
POSI-J-025731,"Microelectronics Journal",P2.02,high,mature,2.0098302055406614,Citation Q4,12.04
POSI-J-025732,"Micron",P1.06,high,mature,2.24,Citation Q3,29.52
POSI-J-025733,"Microporous and Mesoporous Materials",P2.05,high,mature,3.9849198868991516,Citation Q3,26.47
POSI-J-025734,"Microprocessors and Microsystems",P1.02,high,mature,1.4782608695652173,Citation Q4,14.73
POSI-J-025735,"Microvascular Research",P3.02,high,mature,1.887966804979253,Citation Q2,62.98
POSI-J-025736,"Midwifery",P3.02,high,mature,2.4476670870113493,Citation Q1,75.33
POSI-J-025737,"Minerals Engineering",P2.03,high,mature,5.096688034188034,Citation Q2,59.43
POSI-J-019515,"Mitochondrial Communications",P1.06,medium,not_yet_mature,3.7941176470588234,,
POSI-J-025738,"Mitochondrion",P1.06,high,mature,4.9757085020242915,Citation Q2,71.29
POSI-J-025739,"Model Organisms Research",P1.06,low,not_yet_mature,0,,
POSI-J-025740,"Modern Pathology",P3.02,high,mature,7.126195028680688,Citation Q1,96.86
POSI-J-025741,"Molecular Aspects of Medicine",P3.02,high,mature,10.751633986928105,Citation Q1,98.3
POSI-J-025742,"Molecular and Biochemical Parasitology",P3.02,high,mature,1.5660377358490567,Citation Q2,55.46
POSI-J-025743,"Molecular Catalysis",P2.11,high,mature,2.674704276615105,Citation Q4,17.12
POSI-J-025744,"Molecular Cell",P1.06,high,mature,13.30106485963214,Citation Q1,96.18
POSI-J-025745,"Molecular and Cellular Neuroscience",P3.01,high,mature,3.984126984126984,Citation Q2,63.97
POSI-J-001626,"Molecular and Cellular Probes",P1.06,high,mature,3.2,Citation Q3,47.59
POSI-J-000869,"Molecular & Cellular Proteomics",P1.06,high,mature,4.503566333808845,Citation Q2,63.65
POSI-J-025746,"Molecular Chemistry & Engineering",P2.11,medium,not_yet_mature,1.5128205128205128,,
POSI-J-025747,"Molecular and Digital Medicine",P1.06,low,not_yet_mature,0,,
POSI-J-025748,"Molecular Genetics and Metabolism",P3.02,high,mature,0.6917680074836295,Citation Q3,29.61
POSI-J-002881,"Molecular Genetics and Metabolism Reports",P1.06,high,mature,1.214046822742475,Citation Q4,10.24
POSI-J-001730,"Molecular Metabolism",P3.02,high,mature,6.563432835820896,Citation Q1,95.93
POSI-J-025749,"Molecular Phylogenetics and Evolution",P1.06,high,mature,3.5418410041841004,Citation Q2,52.41
POSI-J-025750,"Molecular Plant",P4.01,high,mature,10.656429942418425,Citation Q1,97.89
POSI-J-025751,"Molecular Therapy Advances",P1.06,high,not_yet_mature,0.24561403508771928,,
POSI-J-002132,"Molecular Therapy - Methods & Clinical Development",P1.06,high,mature,6.165137614678899,Citation Q1,78.11
POSI-J-001297,"Molecular Therapy - Nucleic Acids",P1.06,high,mature,4.810169491525424,Citation Q2,70.08
POSI-J-004563,"Molecular Therapy - Oncolytics",P1.06,high,mature,0,Citation Q4,1.2
POSI-J-007708,"Molecular Therapy: Oncology",P1.06,high,not_yet_mature,2.652,,
POSI-J-025752,"Molecules and Cells",P1.06,high,mature,6.261648745519714,Citation Q1,78.92
POSI-J-025753,"Morphologie",P3.02,high,mature,0.6474576271186441,Citation Q3,26.83
POSI-J-025754,"Motricité Cérébrale",P3.02,high,mature,0,Citation Q4,2.37
POSI-J-025755,"Mucosal Immunology",P1.06,high,mature,5.275,Citation Q2,73.29
POSI-J-013054,"Multimodal Transportation",P2.01,high,not_yet_mature,5.139072847682119,,
POSI-J-025756,"Multiple Sclerosis and Related Disorders",P3.02,high,mature,2.3140794223826715,Citation Q2,71.94
POSI-J-025757,"Musculoskeletal Science and Practice",P3.02,high,mature,1.9178644763860369,Citation Q2,63.8
POSI-J-025759,"Mutation Research - Fundamental and Molecular Mechanisms of Mutagenesis",P1.06,high,mature,1.691358024691358,Citation Q4,18.67
POSI-J-025760,"Mutation Research/Genetic Toxicology and Environmental Mutagenesis",P1.06,high,mature,2.4936708860759493,Citation Q3,33.94
POSI-J-025761,"Mutation Research/Reviews in Mutation Research",P1.06,high,mature,3.8815789473684212,Citation Q2,56.02
POSI-J-017192,"NAM Journal",P1.05,high,not_yet_mature,1.4878048780487805,,
POSI-J-005894,"Nano Biomedicine and Engineering",P2.05,high,mature,7.482758620689655,Citation Q2,71.18
POSI-J-025762,"Nano Communication Networks",P2.11,high,mature,3.493333333333333,Citation Q3,29.62
POSI-J-025763,"Nano Energy",P2.02,high,mature,18.27219583485568,Citation Q1,93.52
POSI-J-025764,"Nano Materials Science",P2.05,high,mature,8.448753462603879,Citation Q1,80.59
POSI-J-025765,"Nano-Structures & Nano-Objects",P2.05,high,mature,8.451162790697675,Citation Q1,81.76
POSI-J-025766,"Nano Today",P2.11,high,mature,10.835129310344827,Citation Q1,93.21
POSI-J-016867,"Nano TransMed",P2.05,high,not_yet_mature,20.733333333333334,,
POSI-J-012935,"Nano Trends",P2.05,high,not_yet_mature,6.051546391752577,,
POSI-J-025767,"NanoImpact",P2.05,high,mature,6.523809523809524,Citation Q2,62.94
POSI-J-025768,"Nanomedicine: Nanotechnology, Biology and Medicine",P2.05,high,mature,2.086792452830189,Citation Q4,5.29
POSI-J-004516,"Natural Gas Industry B",P2.11,high,mature,4.477707006369426,Citation Q3,44.29
POSI-J-009694,"Natural Hazards Research",P1.05,high,mature,5.989010989010989,Citation Q1,81.42
POSI-J-013119,"Natural Language Processing Journal",P1.02,high,not_yet_mature,9.605882352941176,,
POSI-J-009649,"Nature-Based Solutions",P1.05,high,mature,4.4921259842519685,Citation Q2,65.33
POSI-J-025769,"NDT & E International",P2.11,high,mature,5.114977307110439,Citation Q2,58.97
POSI-J-001527,"Nefrología",P3.02,high,mature,0.6219931271477663,Citation Q3,25.59
POSI-J-002710,"Nefrología (English Edition)",P3.02,high,mature,1.0802469135802468,Citation Q3,43.1
POSI-J-025770,"NefroPlus",P3.02,high,mature,0.0425531914893617,Citation Q4,7.11
POSI-J-001454,"Neoplasia",P1.06,high,mature,4.779291553133515,Citation Q2,69.28
POSI-J-025771,"Neural Networks",P1.02,high,mature,5.343221690590112,Citation Q2,72.77
POSI-J-000805,"Neurobiology of Disease",P3.01,high,mature,4.853811659192825,Citation Q1,75.74
POSI-J-025772,"Neurobiology of Learning and Memory",P3.01,high,mature,1.8795811518324608,Citation Q4,16.91
POSI-J-012872,"Neurobiology of Pain",P3.02,high,mature,3.8607594936708862,Citation Q1,89.03
POSI-J-015518,"Neurobiology of Sleep and Circadian Rhythms",P3.01,high,mature,2.395348837209302,Citation Q3,30.15
POSI-J-004781,"Neurobiology of Stress",P3.01,high,mature,4.04147465437788,Citation Q2,65.44
POSI-J-025773,"Neurochemistry International",P3.01,high,mature,5.2272727272727275,Citation Q1,84.56
POSI-J-025774,"Neurochirurgie",P3.02,high,mature,1.3461538461538463,Citation Q2,50.41
POSI-J-025775,"Neurocirugía",P3.02,high,mature,0.04496124031007752,Citation Q4,7.36
POSI-J-025776,"Neurocirugía (English Edition)",P3.02,high,mature,0.4420289855072464,Citation Q4,19.41
POSI-J-001115,"NeuroImage: Clinical",P3.02,high,mature,3.4968944099378882,Citation Q1,85.84
POSI-J-009581,"Neuroimage: Reports",P3.01,high,mature,1.0432432432432432,Citation Q4,8.09
POSI-J-025777,"NeuroImage Stroke",P3.02,low,not_yet_mature,0,,
POSI-J-025778,"Neuroimaging Clinics of North America",P3.02,high,mature,1.125,Citation Q3,44.54
POSI-J-025779,"Neuroimmunology Reports",P3.02,high,mature,0.6404494382022472,Citation Q3,26.73
POSI-J-001793,"Neurología",P3.02,high,mature,0.7828282828282829,Citation Q3,32.8
POSI-J-025780,"Neurología Argentina",P3.02,high,mature,0.2268041237113402,Citation Q4,13.13
POSI-J-002000,"Neurología (English Edition)",P3.02,high,mature,1.1970443349753694,Citation Q3,47.01
POSI-J-025781,"Neurologic Clinics",P3.02,high,mature,2.372972972972973,Citation Q2,73.58
POSI-J-001578,"Neurology Perspectives",P3.02,high,mature,0.04093567251461988,Citation Q4,6.85
POSI-J-025782,"NeuroMarkers",P3.02,high,not_yet_mature,3.4814814814814814,,
POSI-J-025783,"Neuromodulation: Technology at the Neural Interface",P3.02,high,mature,0.5283672585534863,Citation Q4,21.68
POSI-J-025784,"Neuromuscular Disorders",P1.06,high,mature,0.45652173913043476,Citation Q4,3.41
POSI-J-025786,"Neuropeptides",P3.01,high,mature,3.0065359477124183,Citation Q3,49.26
POSI-J-025787,"Neurophysiologie Clinique",P3.02,high,mature,2.473372781065089,Citation Q1,76.06
POSI-J-025788,"Neuropsychiatrie de l'Enfance et de l'Adolescence",P5.01,high,mature,0.19900497512437812,Citation Q4,3.09
POSI-J-000938,"Neuroscience Applied",P3.02,high,not_yet_mature,0.21524370297677461,,
POSI-J-025789,"Neuroscience & Biobehavioral Reviews",P3.01,high,mature,7.7368421052631575,Citation Q1,94.85
POSI-J-011711,"Neuroscience Informatics",P3.01,high,mature,2.8559322033898304,Citation Q3,44.85
POSI-J-025790,"Neurosurgery Clinics of North America",P3.02,high,mature,1.510204081632653,Citation Q2,54.22
POSI-J-025791,"NeuroToxicology",P1.05,high,mature,2.695538057742782,Citation Q3,31.23
POSI-J-025792,"Neurotoxicology and Teratology",P3.02,high,mature,1.8956043956043955,Citation Q2,63.08
POSI-J-025793,"New Astronomy",P1.03,high,mature,2.0923566878980893,Citation Q3,32.14
POSI-J-025794,"New Astronomy Reviews",P1.03,high,mature,13.21875,Citation Q1,98.81
POSI-J-000903,"New Biotechnology",P1.06,high,mature,1.5754583921015515,Citation Q4,15.06
POSI-J-025795,"New Carbon Materials",P2.05,high,mature,7.311557788944723,Citation Q2,68.82
POSI-J-025796,"New Crops",P4.01,high,not_yet_mature,13.121951219512194,,
POSI-J-025797,"New Ideas in Psychology",P5.01,high,mature,2.492857142857143,Citation Q2,57.41
POSI-J-002116,"New Microbes and New Infections",P1.06,high,mature,1.78,Citation Q4,21.49
POSI-J-025798,"New Scientist",P1.03,high,mature,0.021602160216021602,Citation Q4,1.19
POSI-J-018599,"New Techno-Humanities",P6.02,high,mature,0.9565217391304348,,
POSI-J-025799,"Newton",P1.03,high,not_yet_mature,2.070381231671554,,
POSI-J-025800,"Next Bioengineering",P2.05,medium,not_yet_mature,1.6666666666666667,,
POSI-J-025801,"Next Chemical Engineering",P2.11,high,not_yet_mature,0.43333333333333335,,
POSI-J-005293,"Next Energy",P2.02,high,not_yet_mature,3.993606138107417,,
POSI-J-001613,"Next Materials",P2.05,high,not_yet_mature,2.5078726968174205,,
POSI-J-006550,"Next Nanotechnology",P2.05,high,not_yet_mature,3.6893819334389857,,
POSI-J-025802,"Next Research",P2.05,high,not_yet_mature,1.4173644777434993,,
POSI-J-009134,"Next Sustainability",P1.05,high,not_yet_mature,4.23887587822014,,
POSI-J-017910,"Nexus",P1.05,high,not_yet_mature,11.758241758241759,,
POSI-J-011416,"NFS Journal",P4.01,high,mature,3.392156862745098,Citation Q3,31.69
POSI-J-025803,"Nitric Oxide",P3.02,high,mature,2.9661654135338344,Citation Q1,81.2
POSI-J-006878,"Non-coding RNA Research",P1.06,high,mature,7.17175572519084,Citation Q1,84.54
POSI-J-025804,"Nonlinear Analysis",P1.01,high,mature,0.9853747714808044,Citation Q3,40.28
POSI-J-025805,"Nonlinear Analysis: Hybrid Systems",P2.11,high,mature,1.5363984674329503,Citation Q4,4.08
POSI-J-025806,"Nonlinear Analysis: Real World Applications",P1.01,high,mature,1.3680430879712746,Citation Q2,59.72
POSI-J-025807,"Nonlinear Science",P1.03,high,mature,0.8651685393258427,Citation Q4,8.33
POSI-J-025808,"The North American Journal of Economics and Finance",P5.02,high,mature,4.399606299212598,Citation Q2,54.57
POSI-J-004449,"North American Spine Society Journal (NASSJ)",P3.02,high,mature,0.8440677966101695,Citation Q3,35.38
POSI-J-025809,"NPG Neurologie - Psychiatrie – Gériatrie",P3.03,high,mature,0.4473684210526316,Citation Q3,35.45
POSI-J-016103,"Nuclear Analysis",P1.03,high,not_yet_mature,2.0919540229885056,,
POSI-J-025810,"Nuclear Data Sheets",P1.03,high,mature,2.2857142857142856,Citation Q3,39.29
POSI-J-025811,"Nuclear Engineering and Design",P2.03,high,mature,2.8842264914054603,Citation Q4,19.81
POSI-J-000841,"Nuclear Engineering and Technology",P2.03,high,mature,2.672949002217295,Citation Q4,16.04
POSI-J-001948,"Nuclear Materials and Energy",P2.05,high,mature,2.4400656814449917,Citation Q4,7.65
POSI-J-025812,"Nuclear Medicine and Biology",P3.02,high,mature,0.7546628407460545,Citation Q3,31.46
POSI-J-025813,"Nuclear and Particle Physics Proceedings",P1.03,high,mature,0.25961538461538464,Citation Q4,3.57
POSI-J-025814,"Nurse Education in Practice",P3.03,high,mature,4.692896174863388,Citation Q1,91.82
POSI-J-025815,"Nurse Education Today",P3.03,high,mature,4.837022132796781,Citation Q1,93.64
POSI-J-025816,"Nurse Leader",P3.03,high,mature,0.9565217391304348,Citation Q3,46.36
POSI-J-025817,"Nursing Clinics of North America",P3.03,high,mature,0.9714285714285714,Citation Q2,51.82
POSI-J-025818,"Nursing Outlook",P3.03,high,mature,2.5532286212914483,Citation Q1,84.55
POSI-J-025819,"Nursing for Women's Health",P3.02,high,mature,0.6814516129032258,Citation Q3,28.89
POSI-J-025820,"Nutrition",P3.02,high,mature,2.652575957727873,Citation Q1,78.63
POSI-J-025821,"Nutrition Clinique et Métabolisme",P3.02,high,mature,0.4523809523809524,Citation Q4,19.52
POSI-J-025822,"Nutrition, Metabolism and Cardiovascular Diseases",P3.02,high,mature,3.050955414012739,Citation Q1,81.72
POSI-J-025823,"Nutrition Research",P3.02,high,mature,2.9145728643216082,Citation Q1,80.9
POSI-J-025824,"Nutritional Psychiatry",P3.02,medium,not_yet_mature,0.7,,
POSI-J-025825,"Obesity Medicine",P3.02,high,mature,2.316326530612245,Citation Q2,72.14
POSI-J-011135,"Obesity Pillars",P3.02,high,not_yet_mature,4.195238095238095,,
POSI-J-025826,"Obesity Research & Clinical Practice",P3.02,high,mature,1.4224137931034482,Citation Q2,52.16
POSI-J-025827,"Obstetrics, Gynaecology & Reproductive Medicine",P3.02,high,mature,0.6830601092896175,Citation Q3,29.2
POSI-J-025828,"Obstetrics and Gynecology Clinics of North America",P3.02,high,mature,0.9447004608294931,Citation Q3,38.16
POSI-J-025829,"Ocean & Coastal Management",P1.05,high,mature,5.7014787430683915,Citation Q1,77.97
POSI-J-025830,"Ocean Modelling",P1.05,high,mature,2.9026315789473682,Citation Q3,36.59
POSI-J-003178,"Oceanologia",P1.05,high,mature,1.2352941176470589,Citation Q4,4.02
POSI-J-025831,"Ocular Genetics and Omics",P1.06,low,not_yet_mature,1,,
POSI-J-025832,"The Ocular Surface",P3.02,high,mature,4.389937106918239,Citation Q1,91.71
POSI-J-011616,"Oil Crop Science",P4.01,high,mature,2.860215053763441,Citation Q4,21.83
POSI-J-025833,"Omega",P5.02,high,mature,6.115303983228512,Citation Q2,73.43
POSI-J-025834,"One Earth",P1.05,high,mature,9.787709497206704,Citation Q1,95.98
POSI-J-002451,"One Health",P3.02,high,mature,3.9897025171624714,Citation Q1,89.75
POSI-J-025835,"Online Social Networks and Media",P1.02,high,mature,3.9672131147540983,Citation Q2,55.8
POSI-J-003928,"Open Ceramics",P2.05,high,mature,3.2354166666666666,Citation Q4,12.35
POSI-J-025836,"Open Nuclear Energy",P2.05,low,not_yet_mature,0.8,,
POSI-J-005782,"Open Respiratory Archives",P3.02,high,mature,0.7835051546391752,Citation Q3,32.9
POSI-J-010624,"OpenNano",P2.05,high,mature,4.889908256880734,Citation Q3,32.35
POSI-J-025837,"Operations Research, Data Analytics and Logistics",P5.02,medium,not_yet_mature,0.5789473684210527,,
POSI-J-025838,"Operations Research for Health Care",P5.02,high,mature,1.7692307692307692,Citation Q4,12.86
POSI-J-025839,"Operations Research Letters",P5.02,high,mature,0.9483870967741935,Citation Q4,3.71
POSI-J-009234,"Operations Research Perspectives",P5.02,high,mature,2.5454545454545454,Citation Q3,27.71
POSI-J-025840,"Operative Techniques in Orthopaedics",P3.02,high,mature,0.5454545454545454,Citation Q4,22.35
POSI-J-025841,"Operative Techniques in Otolaryngology-Head and Neck Surgery",P3.02,high,mature,0.563953488372093,Citation Q4,22.81
POSI-J-025842,"Operative Techniques in Sports Medicine",P3.02,high,mature,0.38317757009345793,Citation Q4,18.07
POSI-J-025843,"Operative Techniques in Thoracic and Cardiovascular Surgery",P3.02,high,mature,0.6057692307692307,Citation Q4,24.67
POSI-J-025844,"Ophthalmology Glaucoma",P3.02,high,mature,1.7981366459627328,Citation Q2,60.61
POSI-J-025845,"Ophthalmology Retina",P3.02,high,mature,2.2252604166666665,Citation Q2,69.98
POSI-J-003192,"Ophthalmology Science",P3.02,high,mature,2.9940688018979835,Citation Q1,81.31
POSI-J-025846,"Optical Fiber Technology",P2.02,high,mature,2.752302968270215,Citation Q4,17.59
POSI-J-025847,"Optical Materials",P2.05,high,mature,5.4952153110047846,Citation Q3,39.41
POSI-J-008863,"Optical Materials: X",P2.05,high,mature,2.5384615384615383,Citation Q4,8.82
POSI-J-025848,"Optical Switching and Networking",P2.02,high,mature,1.6833333333333333,Citation Q4,4.63
POSI-J-025849,"Optics & Laser Technology",P2.02,high,mature,4.513498098859316,Citation Q3,49.07
POSI-J-025850,"Optics and Lasers in Engineering",P1.02,high,mature,3.9977900552486187,Citation Q2,57.59
POSI-J-025851,"Option/Bio",P3.03,high,mature,0.008488964346349746,Citation Q4,4.55
POSI-J-007724,"Oral and Maxillofacial Surgery Cases",P3.02,high,mature,0.37593984962406013,Citation Q4,17.66
POSI-J-025852,"Oral and Maxillofacial Surgery Clinics of North America",P3.02,high,mature,1.0736842105263158,Citation Q3,42.79
POSI-J-025853,"Oral Oncology",P3.02,high,mature,2.1784232365145226,Citation Q2,69.36
POSI-J-004847,"Oral Oncology Reports",P3.02,high,not_yet_mature,3.0122887864823347,,
POSI-J-025854,"Oral Surgery, Oral Medicine, Oral Pathology and Oral Radiology",P3.02,high,mature,0.49925705794947994,Citation Q4,20.75
POSI-J-025855,"Orbis",P5.06,high,mature,0.5365853658536586,,
POSI-J-025856,"Ore and Energy Resource Geology",P1.05,high,mature,1.7373737373737375,Citation Q4,12.07
POSI-J-000818,"Ore Geology Reviews",P1.05,high,mature,3.3563139931740613,Citation Q3,44.25
POSI-J-025857,"Organic Electronics",P2.02,high,mature,3.466019417475728,Citation Q3,32.41
POSI-J-025858,"Organic Geochemistry",P1.05,high,mature,2.2360248447204967,Citation Q4,23.18
POSI-J-025859,"Organizational Behavior and Human Decision Processes",P5.02,high,mature,5.565656565656566,Citation Q2,65.43
POSI-J-025860,"Organizational Dynamics",P5.02,high,mature,6.815950920245399,Citation Q1,79.14
POSI-J-025861,"Organs-on-a-Chip",P2.11,medium,mature,0,,
POSI-J-025862,"Originality",P2.05,low,not_yet_mature,0,,
POSI-J-025863,"Orthopaedics and Trauma",P3.02,high,mature,0.5691056910569106,Citation Q4,23.33
POSI-J-025864,"Orthopaedics & Traumatology: Surgery & Research",P3.02,high,mature,2.0917293233082708,Citation Q2,67.2
POSI-J-025865,"Orthopedic Clinics of North America",P3.02,high,mature,1.0119760479041917,Citation Q3,40.94
POSI-J-025866,"Orthoplastic Surgery",P3.02,high,mature,1.1470588235294117,Citation Q3,45.47
POSI-J-005186,"Osteoarthritis and Cartilage Open",P3.02,high,mature,2.7564102564102564,Citation Q1,79.87
POSI-J-025867,"Osteoarthritis Imaging",P3.02,high,mature,0.6692015209125475,Citation Q3,28.37
POSI-J-025868,"Osteopathische Medizin",P3.02,high,mature,0.08955223880597014,Citation Q4,9.11
POSI-J-005298,"Osteoporosis and Sarcopenia",P3.02,high,mature,1.7279411764705883,Citation Q2,59.17
POSI-J-025869,"Otolaryngologic Clinics of North America",P3.02,high,mature,1.4265927977839334,Citation Q2,52.47
POSI-J-005132,"Otolaryngology Case Reports",P3.02,high,mature,0.2802197802197802,Citation Q4,14.78
POSI-J-025870,"Oxymag",P3.02,high,mature,0.0958904109589041,Citation Q4,9.32
POSI-J-025871,"Pacific-Basin Finance Journal",P5.02,high,mature,4.7175732217573225,Citation Q2,56.86
POSI-J-025872,"Paediatric Respiratory Reviews",P3.02,high,mature,2.257142857142857,Citation Q2,70.8
POSI-J-025873,"Paediatrics and Child Health",P3.02,high,mature,0.6135265700483091,Citation Q3,25.08
POSI-J-025874,"Pain Management Nursing",P3.02,high,mature,1.3016688061617459,Citation Q3,49.38
POSI-J-025875,"Palaeogeography, Palaeoclimatology, Palaeoecology",P1.05,high,mature,2.281175059952038,Citation Q4,23.56
POSI-J-025876,"Palaeoworld",P1.05,high,mature,0.9965034965034965,Citation Q4,2.87
POSI-J-025877,"Pancreatology",P3.02,high,mature,0.911864406779661,Citation Q3,37.44
POSI-J-025878,"Papers in Regional Science",P5.02,high,mature,5.586206896551724,Citation Q2,66
POSI-J-025879,"Parallel Computing",P1.02,high,mature,1.4166666666666667,Citation Q4,13.84
POSI-J-007121,"Parasite Epidemiology and Control",P3.02,high,mature,2.172222222222222,Citation Q2,69.16
POSI-J-025880,"Parasitology International",P3.02,high,mature,1.464824120603015,Citation Q2,53.3
POSI-J-025881,"Parkinsonism & Related Disorders",P3.02,high,mature,1.5991356023770935,Citation Q2,55.87
POSI-J-003299,"Partial Differential Equations in Applied Mathematics",P1.01,high,mature,4.982872200263505,Citation Q1,98.61
POSI-J-025882,"Particuology",P2.11,high,mature,3.606602475928473,Citation Q3,33.42
POSI-J-025883,"Pathology",P3.02,high,mature,0.5259067357512953,Citation Q4,21.58
POSI-J-025884,"Pathology - Research and Practice",P3.02,high,mature,4.383614088820827,Citation Q1,91.5
POSI-J-025885,"Patient Education and Counseling",P3.03,high,mature,2.0437076111529766,Citation Q2,68.18
POSI-J-025886,"Pattern Recognition",P1.02,high,mature,6.242888943853574,Citation Q1,79.02
POSI-J-025887,"Pattern Recognition Letters",P1.02,high,mature,3.5920177383592016,Citation Q3,44.2
POSI-J-003941,"Patterns",P1.02,high,mature,11.437869822485206,Citation Q1,92.41
POSI-J-025888,"Peace and Sustainability",P5.04,medium,not_yet_mature,1.1935483870967742,,
POSI-J-025889,"PEC Global",P3.02,low,not_yet_mature,0,,
POSI-J-025890,"Pediatric Clinics of North America",P3.02,high,mature,1.3553008595988538,Citation Q2,50.82
POSI-J-025891,"Pediatric Dental Journal",P3.02,high,mature,0.8108108108108109,Citation Q3,33.73
POSI-J-001693,"Pediatric Hematology Oncology Journal",P3.02,high,mature,0.24328147100424327,Citation Q4,13.95
POSI-J-025893,"Pediatric Neurology",P3.02,high,mature,1.6187290969899666,Citation Q2,56.49
POSI-J-001870,"Pediatrics & Neonatology",P3.02,high,mature,1.100271002710027,Citation Q3,43.82
POSI-J-025894,"Pedobiologia",P1.06,high,mature,2.054421768707483,Citation Q3,26.71
POSI-J-025895,"Pedosphere",P1.05,high,mature,3.013477088948787,Citation Q3,38.51
POSI-J-025896,"Perfectionnement en Pédiatrie",P3.02,high,mature,0.033003300330033,Citation Q4,6.44
POSI-J-025897,"Performance Enhancement & Health",P5.04,high,mature,2.1676646706586826,Citation Q3,35.42
POSI-J-025898,"Performance Evaluation",P1.02,high,mature,1.694915254237288,Citation Q4,18.3
POSI-J-025899,"Periodontology Journal",P3.02,low,not_yet_mature,0.16666666666666666,,
POSI-J-025900,"Perioperative Care and Operating Room Management",P3.02,high,mature,0.6787709497206704,Citation Q3,28.68
POSI-J-025901,"Personalized Medicine in Psychiatry",P5.01,high,mature,1.6578947368421053,Citation Q3,29.01
POSI-J-025902,"Perspective of Higher Education",P5.06,low,not_yet_mature,0.1111111111111111,,
POSI-J-025903,"Perspectives in Architecture and Urbanism",P2.11,medium,not_yet_mature,0.3076923076923077,,
POSI-J-008177,"Perspectives in Ecology and Conservation",P1.05,high,mature,3.227272727272727,Citation Q3,43.49
POSI-J-025904,"Perspectives in Plant Ecology, Evolution and Systematics",P1.05,high,mature,2.3703703703703702,Citation Q3,26.63
POSI-J-025905,"Perspectives in Vaccinology",P3.02,low,mature,0,,
POSI-J-025906,"Pervasive and Mobile Computing",P1.02,high,mature,3.4761904761904763,Citation Q3,40.63
POSI-J-025907,"Pesticide Biochemistry and Physiology",P4.01,high,mature,4.255063765941485,Citation Q3,48.59
POSI-J-025908,"PET Clinics",P3.02,high,mature,1.2910798122065728,Citation Q3,49.18
POSI-J-025909,"Petroleum",P2.11,high,mature,3.888888888888889,Citation Q3,35.6
POSI-J-001310,"Petroleum Exploration and Development",P2.11,high,mature,11.966777408637874,Citation Q1,94.84
POSI-J-006994,"Petroleum Research",P2.11,high,mature,2.962962962962963,Citation Q4,20.38
POSI-J-001487,"Petroleum Science",P2.11,high,mature,4.317431192660551,Citation Q3,42.12
POSI-J-016957,"Pharmaceutical Science Advances",P3.02,high,not_yet_mature,5.89247311827957,,
POSI-J-025910,"Le Pharmacien Hospitalier et Clinicien",P3.03,high,mature,0,Citation Q4,1.82
POSI-J-025911,"Pharmacoeconomics and Policy",P5.02,medium,not_yet_mature,1.1538461538461537,,
POSI-J-004797,"Pharmacological Research - Modern Chinese Medicine",P3.02,high,mature,3.591194968553459,Citation Q1,86.87
POSI-J-025912,"Pharmacological Research - Natural Products",P3.02,high,not_yet_mature,1.2674698795180723,,
POSI-J-025913,"Pharmacological Research - Reports",P3.02,high,not_yet_mature,1.09375,,
POSI-J-025914,"Pharmacological Reviews",P1.06,high,mature,26.82741116751269,Citation Q1,99
POSI-J-025915,"Pharmacology & Therapeutics",P1.06,high,mature,12.164383561643836,Citation Q1,94.98
POSI-J-025916,"PharmaNutrition",P3.02,high,mature,2.72992700729927,Citation Q1,79.35
POSI-J-004472,"Photoacoustics",P2.11,high,mature,7.7463235294117645,Citation Q1,81.79
POSI-J-000845,"Photodiagnosis and Photodynamic Therapy",P3.02,high,mature,1.8574085554866708,Citation Q2,62.56
POSI-J-025918,"Photonics and Nanostructures - Fundamentals and Applications",P2.02,high,mature,3.0547945205479454,Citation Q4,19.44
POSI-J-025919,"Physica D: Nonlinear Phenomena",P1.03,high,mature,2.571969696969697,Citation Q2,51.19
POSI-J-025920,"Physica E: Low-dimensional Systems and Nanostructures",P1.03,high,mature,3.1382405745062836,Citation Q2,67.86
POSI-J-025921,"Physica Medica",P3.02,high,mature,0.6801878736122972,Citation Q3,28.78
POSI-J-025922,"Physical Communication",P2.02,high,mature,1.7601668404588113,Citation Q4,6.48
POSI-J-025923,"Physical Medicine and Rehabilitation Clinics of North America",P3.02,high,mature,0.958974358974359,Citation Q3,38.77
POSI-J-025924,"Physical Therapy in Sport",P3.02,high,mature,2.0533807829181496,Citation Q2,66.89
POSI-J-025925,"Physician Assistant Clinics",P3.02,high,mature,0.12612612612612611,Citation Q4,10.25
POSI-J-025926,"Physics and Chemistry of the Earth, Parts A/B/C",P1.05,high,mature,3.6492537313432836,Citation Q2,51.15
POSI-J-025927,"Physics of the Dark Universe",P1.03,high,mature,7.722664015904573,Citation Q1,94.05
POSI-J-025928,"Physics of The Earth and Planetary Interiors",P1.05,high,mature,1.8160919540229885,Citation Q4,12.45
POSI-J-003678,"Physics and Imaging in Radiation Oncology",P3.02,high,mature,1.8349146110056926,Citation Q2,61.64
POSI-J-025929,"Physics of Life Reviews",P3.01,high,mature,3.7442528735632186,Citation Q2,62.5
POSI-J-008864,"Physics Open",P1.03,high,mature,1.7377049180327868,Citation Q4,15.48
POSI-J-025930,"Physiological and Molecular Plant Pathology",P4.01,high,mature,2.7972350230414746,Citation Q4,19.01
POSI-J-025931,"Physiotherapy",P3.02,high,mature,0.35032362459546923,Citation Q4,16.53
POSI-J-025932,"Phytochemistry Letters",P1.06,high,mature,0.5311857436600411,Citation Q4,4.62
POSI-J-025933,"Phytomedicine",P1.06,high,mature,8.50181050090525,Citation Q1,91.37
POSI-J-003771,"Phytomedicine Plus",P3.02,high,mature,3.394,Citation Q1,84.5
POSI-J-025934,"Piel",P3.02,high,mature,0.03236797274275979,Citation Q4,6.33
POSI-J-025935,"Placenta",P3.02,high,mature,1.095016611295681,Citation Q3,43.51
POSI-J-025936,"Planetary and Space Science",P1.03,high,mature,1.8425196850393701,Citation Q4,20.24
POSI-J-003579,"Plant Communications",P4.01,high,mature,8.669096209912537,Citation Q1,93.66
POSI-J-025937,"Plant Diversity",P1.06,high,mature,4.278810408921933,Citation Q2,61.24
POSI-J-025938,"Plant Gene",P4.01,high,mature,2.1025641025641026,Citation Q4,9.15
POSI-J-010357,"Plant Nano Biology",P2.05,high,not_yet_mature,8.055555555555555,,
POSI-J-025939,"Plant Phenomics",P4.01,high,mature,7.250836120401337,Citation Q1,83.8
POSI-J-025940,"Plant Physiology and Biochemistry",P4.01,high,mature,5.540647719762062,Citation Q2,61.27
POSI-J-025941,"Plant Research",P4.01,low,not_yet_mature,0.1875,,
POSI-J-025942,"Plant Science",P4.01,high,mature,3.7020373514431237,Citation Q3,42.96
POSI-J-002725,"Plant Stress",P4.01,high,mature,7.156034482758621,Citation Q1,82.39
POSI-J-025943,"Plasmid",P1.06,high,mature,0.7666666666666667,Citation Q4,6.22
POSI-J-025944,"Poetics",P5.04,high,mature,2.4427480916030535,Citation Q2,52.08
POSI-J-025945,"Polar Science",P1.05,high,mature,2.0335195530726256,Citation Q4,18.2
POSI-J-025946,"Political Geography",P5.04,high,mature,3.25,Citation Q2,68.75
POSI-J-025947,"Political Geography Open Research",P5.02,low,not_yet_mature,4.5,,
POSI-J-025948,"Polymer Degradation and Stability",P2.05,high,mature,7.460188933873145,Citation Q2,70
POSI-J-000776,"Polymer Testing",P2.05,high,mature,5.833734939759037,Citation Q3,48.82
POSI-J-025949,"Postharvest Biology and Technology",P4.01,high,mature,6.308761329305136,Citation Q1,78.17
POSI-J-015463,"Power Electronic Devices and Components",P2.02,high,mature,1.815217391304348,Citation Q4,8.33
POSI-J-025951,"Power-to-X",P2.11,low,not_yet_mature,0,,
POSI-J-006683,"Practical Laboratory Medicine",P3.02,high,mature,2.036082474226804,Citation Q2,66.37
POSI-J-025952,"Practical Radiation Oncology",P3.02,high,mature,1.824457593688363,Citation Q2,61.53
POSI-J-025953,"Le Praticien en Anesthésie Réanimation",P3.02,high,mature,0.03940886699507389,Citation Q4,6.75
POSI-J-025954,"Pratique Neurologique - FMC",P3.02,high,mature,0.044585987261146494,Citation Q4,7.26
POSI-J-025955,"Pratiques Psychologiques",P5.01,high,mature,0.3787878787878788,Citation Q4,6.79
POSI-J-025956,"Precambrian Research",P1.05,high,mature,2.7345399698340875,Citation Q3,32.38
POSI-J-025957,"Precision Engineering",P2.11,high,mature,4.645033112582781,Citation Q3,47.55
POSI-J-019397,"Precision Medication",P3.02,high,not_yet_mature,0.7884615384615384,,
POSI-J-025959,"Precision Medicine and Engineering",P2.11,high,not_yet_mature,3.875,,
POSI-J-025960,"Precision Pathology",P3.02,low,not_yet_mature,0,,
POSI-J-025961,"Pregnancy Hypertension",P3.02,high,mature,0.8817829457364341,Citation Q3,36.61
POSI-J-025962,"La Presse Médicale",P3.02,high,mature,2.2542372881355934,Citation Q2,70.7
POSI-J-025963,"Preventive Medicine",P3.02,high,mature,3.5172413793103448,Citation Q1,86.15
POSI-J-001250,"Preventive Medicine Reports",P3.02,high,mature,2.5700934579439254,Citation Q1,77.39
POSI-J-025964,"Preventive Veterinary Medicine",P1.06,high,mature,2.842948717948718,Citation Q3,41.16
POSI-J-025965,"Preventive Veterinary Medicine: Regional Studies and Reports",P1.06,medium,not_yet_mature,0.023809523809523808,,
POSI-J-025966,"Primary Care: Clinics in Office Practice",P3.02,high,mature,1.4705882352941178,Citation Q2,53.4
POSI-J-025967,"Primary Care Diabetes",P3.02,high,mature,2.0707395498392285,Citation Q2,67.1
POSI-J-025968,"Probabilistic Engineering Mechanics",P5.02,high,mature,3.581460674157303,Citation Q3,43.71
POSI-J-025969,"Procedia CIRP",P2.11,high,mature,1.7587761674718196,Citation Q4,6.25
POSI-J-025970,"Procedia Structural Integrity",P2.01,high,mature,1.3602564102564103,Citation Q4,2.94
POSI-J-025971,"Proceedings of the Combustion Institute",P2.11,high,mature,4.032467532467533,Citation Q3,37.77
POSI-J-025972,"Proceedings of the Geologists’ Association",P1.05,high,mature,1.2985074626865671,Citation Q4,4.79
POSI-J-025973,"Process Biochemistry",P1.06,high,mature,5.376502002670227,Citation Q2,73.69
POSI-J-025974,"Process Safety and Environmental Protection",P2.11,high,mature,7.251315327955103,Citation Q1,78.26
POSI-J-025976,"Progrès en Urologie - FMC",P3.02,high,mature,0.04595879556259905,Citation Q4,7.47
POSI-J-025977,"Progress in Aerospace Sciences",P2.03,high,mature,17.275,Citation Q1,95.28
POSI-J-025978,"Progress in Biophysics and Molecular Biology",P1.06,high,mature,4.355704697986577,Citation Q2,61.65
POSI-J-025979,"Progress in Cardiovascular Diseases",P3.02,high,mature,6.106824925816023,Citation Q1,95.31
POSI-J-025980,"Progress in Crystal Growth and Characterization of Materials",P2.05,high,mature,3.838709677419355,Citation Q4,22.94
POSI-J-006230,"Progress in Disaster Science",P5.04,high,mature,3.5286103542234333,Citation Q2,72.92
POSI-J-025981,"Progress in Economic Geography",P5.02,high,not_yet_mature,4.764705882352941,,
POSI-J-025982,"Progress in Energy and Combustion Science",P2.11,high,mature,33.25373134328358,Citation Q1,99.73
POSI-J-025983,"Progress in Engineering Science",P2.01,high,not_yet_mature,2.758426966292135,,
POSI-J-025984,"Progress in Lipid Research",P1.06,high,mature,14.106060606060606,Citation Q1,96.99
POSI-J-025985,"Progress in Materials Science",P2.03,high,mature,33.10344827586207,Citation Q1,99.06
POSI-J-025986,"Progress in Natural Science: Materials International",P2.05,high,mature,7.760355029585799,Citation Q1,77.06
POSI-J-025987,"Progress in Neuro-Psychopharmacology and Biological Psychiatry",P3.01,high,mature,3.4892412231030576,Citation Q2,59.56
POSI-J-025988,"Progress in Neurobiology",P3.01,high,mature,4.280172413793103,Citation Q2,69.85
POSI-J-025989,"Progress in Nuclear Energy",P2.03,high,mature,3.5078369905956115,Citation Q3,27.36
POSI-J-025990,"Progress in Nuclear Magnetic Resonance Spectroscopy",P1.04,high,mature,6.045454545454546,Citation Q1,79.76
POSI-J-025991,"Progress in Oceanography",P1.05,high,mature,3.0185185185185186,Citation Q3,38.89
POSI-J-025993,"Progress in Organic Coatings",P2.05,high,mature,5.687022900763359,Citation Q3,46.47
POSI-J-025994,"Progress in Particle and Nuclear Physics",P1.03,high,mature,9.242424242424242,Citation Q1,96.43
POSI-J-025995,"Progress in Pediatric Cardiology",P3.02,high,mature,0.4117647058823529,Citation Q4,18.85
POSI-J-025996,"Progress in Planning",P5.02,high,mature,3.2291666666666665,Citation Q3,39.14
POSI-J-025997,"Progress in Polymer Science",P2.05,high,mature,23.549382716049383,Citation Q1,99.41
POSI-J-025998,"Progress in Quantum Electronics",P1.03,high,mature,5.583333333333333,Citation Q1,82.14
POSI-J-025999,"Progress in Retinal and Eye Research",P3.02,high,mature,12.419540229885058,Citation Q1,99.12
POSI-J-026000,"Progress in Solid State Chemistry",P2.05,high,mature,8.91566265060241,Citation Q1,85.29
POSI-J-026001,"Progress in Surface Science",P1.03,high,mature,2.606060606060606,Citation Q2,55.95
POSI-J-012829,"Project Leadership and Society",P5.02,high,mature,5.612068965517241,Citation Q2,67.71
POSI-J-007858,"Propulsion and Power Research",P2.11,high,mature,6.86734693877551,Citation Q1,75.27
POSI-J-026002,"Prostaglandins, Leukotrienes and Essential Fatty Acids",P3.02,high,mature,2.2454545454545456,Citation Q2,70.49
POSI-J-026003,"Prostaglandins & Other Lipid Mediators",P1.06,high,mature,3.415204678362573,Citation Q2,50
POSI-J-007255,"Prostate International",P3.02,high,mature,2.1129032258064515,Citation Q2,67.92
POSI-J-026004,"Protein Expression and Purification",P1.06,high,mature,1.882198952879581,Citation Q4,23.09
POSI-J-026005,"Protist",P1.06,high,mature,1.75,Citation Q4,19.88
POSI-J-026006,"Psiquiatría Biológica",P3.02,high,mature,0.06648936170212766,Citation Q4,8.19
POSI-J-026007,"Psychedelics",P5.01,medium,not_yet_mature,0.12121212121212122,,
POSI-J-026008,"Psychiatric Clinics of North America",P5.01,high,mature,2.560344827586207,Citation Q2,59.88
POSI-J-026009,"Psychiatry Research Case Reports",P3.02,high,not_yet_mature,0.4244604316546763,,
POSI-J-011459,"Psychiatry Research Communications",P5.01,high,mature,1.7704918032786885,Citation Q3,36.42
POSI-J-026010,"Psychiatry Research: Neuroimaging",P3.01,high,mature,1.5234159779614325,Citation Q4,11.03
POSI-J-026011,"Psychologie Française",P5.01,high,mature,0.5087719298245614,Citation Q4,9.26
POSI-J-026012,"Psychologie du Travail et des Organisations",P5.04,high,mature,0.14673913043478262,Citation Q4,6.25
POSI-J-026013,"Psychology of Sport and Exercise",P5.01,high,mature,3.8126195028680687,Citation Q1,75.93
POSI-J-026014,"Psychoneuroendocrinology",P3.01,high,mature,1.978702807357212,Citation Q4,22.79
POSI-J-004606,"Public Health in Practice",P3.02,high,mature,2.1983914209115283,Citation Q2,69.57
POSI-J-026015,"Public Relations Review",P5.08,high,mature,5.059760956175299,,
POSI-J-026016,"Pulmonary Function Diagnostics",P3.02,low,not_yet_mature,0.1111111111111111,,
POSI-J-026017,"Pulmonary Pharmacology & Therapeutics",P3.02,high,mature,3.147727272727273,Citation Q1,82.34
POSI-J-026018,"Pulmonology",P3.02,high,mature,2.778688524590164,Citation Q1,80.07
POSI-J-026019,"Pulsed Power",P1.03,medium,mature,0,,
POSI-J-014769,"Qualitative Research in Medicine & Healthcare",P3.03,high,mature,1.6046511627906976,Citation Q2,59.09
POSI-J-026021,"Quantum Review Letters",P1.03,medium,not_yet_mature,0.38095238095238093,,
POSI-J-026022,"The Quarterly Review of Economics and Finance",P5.02,high,mature,3.4948453608247423,Citation Q3,42.57
POSI-J-017229,"Quaternary Environments and Humans",P1.05,high,not_yet_mature,2.292452830188679,,
POSI-J-026023,"Quaternary Geochronology",P1.05,high,mature,3.608187134502924,Citation Q2,50
POSI-J-026024,"Quaternary International",P1.05,high,mature,1.5521885521885521,Citation Q4,9
POSI-J-010436,"Quaternary Science Advances",P1.05,high,mature,4.176829268292683,Citation Q2,59.96
POSI-J-026025,"Quaternary Science Reviews",P1.05,high,mature,3.063133281371785,Citation Q3,39.27
POSI-J-026026,"Radiation Measurements",P1.03,high,mature,2.034990791896869,Citation Q3,27.38
POSI-J-000462,"Radiation Medicine and Protection",P3.02,high,mature,1.248062015503876,Citation Q3,48.46
POSI-J-026027,"Radiography",P3.02,high,mature,2.1235230934479055,Citation Q2,68.43
POSI-J-026028,"Radiología",P3.02,high,mature,0.24193548387096775,Citation Q4,13.85
POSI-J-026029,"Radiología (English Edition)",P3.02,high,mature,0.8112449799196787,Citation Q3,33.83
POSI-J-026030,"Radiologic Clinics of North America",P3.02,high,mature,1.0468227424749164,Citation Q3,41.97
POSI-J-000759,"Radiology Case Reports",P3.02,high,mature,0.7776087617888652,Citation Q3,32.49
POSI-J-026031,"Radiotherapy and Oncology",P3.02,high,mature,0.7269180754226268,Citation Q3,30.64
POSI-J-026032,"Rangeland Ecology & Management",P1.05,high,mature,3.0851063829787235,Citation Q3,40.04
POSI-J-026033,"Rangelands",P1.05,high,mature,1.4166666666666667,Citation Q4,6.32
POSI-J-015856,"Rare",P1.06,high,mature,1.4666666666666666,Citation Q4,11.85
POSI-J-026034,"Reactive and Functional Polymers",P2.05,high,mature,4.610208816705336,Citation Q3,30
POSI-J-026035,"REC: CardioClinics",P3.02,high,mature,0.3285024154589372,Citation Q4,15.81
POSI-J-000387,"Redox Biochemistry and Chemistry",P1.06,high,not_yet_mature,3.596774193548387,,
POSI-J-001083,"Redox Biology",P1.06,high,mature,13.308993082244427,Citation Q1,96.59
POSI-J-026036,"Redox in Muscle Physiology, Exercise, and Sport",P1.06,low,not_yet_mature,0,,
POSI-J-003326,"Regenerative Therapy",P3.02,high,mature,4.823529411764706,Citation Q1,92.74
POSI-J-018507,"Regenesis Repair Rehabilitation",P3.02,high,not_yet_mature,0.948051948051948,,
POSI-J-003236,"Regional Science Policy & Practice",P5.02,high,mature,3.938566552901024,Citation Q2,50.57
POSI-J-026037,"Regional Science and Urban Economics",P5.02,high,mature,2.4057142857142857,Citation Q4,24.86
POSI-J-026038,"Regional Studies in Marine Science",P1.05,high,mature,1.9515306122448979,Citation Q4,15.9
POSI-J-026039,"Regional Sustainability",P1.05,high,mature,4.773109243697479,Citation Q2,70.31
POSI-J-026040,"Regulatory Toxicology and Pharmacology",P1.05,high,mature,3.5092024539877302,Citation Q3,46.55
POSI-J-026041,"Rehabilitación",P3.02,high,mature,0.6170212765957447,Citation Q3,25.33
POSI-J-026042,"Reliability Engineering & System Safety",P2.11,high,mature,10.426955074875208,Citation Q1,92.12
POSI-J-026043,"Remote Sensing Applications: Society and Environment",P1.05,high,mature,2.8405253283302065,Citation Q3,33.91
POSI-J-026044,"Remote Sensing of Environment",P1.05,high,mature,10.803584764749813,Citation Q1,97.89
POSI-J-026045,"Renewable Energy Focus",P2.11,high,mature,11.993730407523511,Citation Q1,95.38
POSI-J-026046,"Renewable Energy System and Equipment",P2.02,low,not_yet_mature,2.7058823529411766,,
POSI-J-026047,"Renewable and Sustainable Energy Reviews",P2.11,high,mature,17.18908956874309,Citation Q1,99.18
POSI-J-015376,"Renewable and Sustainable Energy Transition",P1.05,high,mature,4.047058823529412,Citation Q2,58.43
POSI-J-026048,"Reports on Mathematical Physics",P1.03,high,mature,1.180327868852459,Citation Q4,10.71
POSI-J-014470,"Reproduction and Breeding",P1.06,high,mature,2.925531914893617,Citation Q3,43.57
POSI-J-026049,"Reproductive Biology",P3.02,high,mature,2.315985130111524,Citation Q2,72.04
POSI-J-026050,"Reproductive BioMedicine Online",P3.02,high,mature,1.8999081726354454,Citation Q2,63.18
POSI-J-026051,"Reproductive Toxicology",P3.02,high,mature,3.229982964224872,Citation Q1,83.16
POSI-J-026052,"Research in Autism",P5.01,high,mature,1.839679358717435,Citation Q3,37.65
POSI-J-026054,"Research in Cold and Arid Regions",P1.05,high,not_yet_mature,2.082802547770701,,
POSI-J-026055,"Research in Developmental Disabilities",P5.01,high,mature,3.0455486542443064,Citation Q2,66.05
POSI-J-019041,"Research in Diagnostic and Interventional Imaging",P3.02,high,not_yet_mature,1.6521739130434783,,
POSI-J-026056,"Research in Economics",P5.02,high,mature,1.8620689655172413,Citation Q4,14
POSI-J-009220,"Research in Globalization",P5.02,high,mature,6.591623036649215,Citation Q1,76.86
POSI-J-026057,"Research in Neurodiversity",P3.01,high,not_yet_mature,0.22413793103448276,,
POSI-J-026059,"Research in International Business and Finance",P5.02,high,mature,8.06984667802385,Citation Q1,89.43
POSI-J-026060,"Research Methods in Applied Linguistics",P6.02,high,mature,4.376984126984127,,
POSI-J-026061,"Research in Microbiology",P1.06,high,mature,3.4457831325301207,Citation Q2,50.4
POSI-J-026062,"Research in Organizational Behavior",P5.02,high,mature,3.2857142857142856,Citation Q3,39.71
POSI-J-026063,"Research Policy",P5.02,high,mature,7.832244008714597,Citation Q1,87.71
POSI-J-001102,"Research and Practice in Thrombosis and Haemostasis",P3.02,high,mature,1.6818181818181819,Citation Q2,58.03
POSI-J-026064,"Research in Social and Administrative Pharmacy",P3.02,high,mature,1.6243386243386244,Citation Q2,56.8
POSI-J-026065,"Research in Social Stratification and Mobility",P5.04,high,mature,2.289617486338798,Citation Q3,47.92
POSI-J-026066,"Research in Transportation Business & Management",P2.01,high,mature,2.788368336025848,Citation Q4,16.67
POSI-J-026067,"Research in Transportation Economics",P2.01,high,mature,2.650326797385621,Citation Q4,14.71
POSI-J-026068,"Research in Veterinary Science",P1.06,high,mature,1.7728740581270184,Citation Q4,20.68
POSI-J-014819,"Resilient Cities and Structures",P2.01,high,not_yet_mature,5.631067961165049,,
POSI-J-026069,"Resource and Energy Economics",P5.02,high,mature,2.6777777777777776,Citation Q3,31.14
POSI-J-013244,"Resources Chemicals and Materials",P2.03,high,not_yet_mature,4.464566929133858,,
POSI-J-026070,"Resources, Conservation and Recycling",P1.05,high,mature,10.527359781121751,Citation Q1,97.13
POSI-J-010543,"Resources, Conservation & Recycling Advances",P1.05,high,mature,4.8,Citation Q2,70.69
POSI-J-019589,"Resources, Conservation & Recycling: X",P1.05,medium,mature,0,,
POSI-J-009859,"Resources, Environment and Sustainability",P1.05,high,mature,5.066666666666666,Citation Q2,73.37
POSI-J-026071,"Respiratory Investigation",P3.02,high,mature,2.1163636363636362,Citation Q2,68.02
POSI-J-026072,"Respiratory Medicine",P3.02,high,mature,2.140565317035905,Citation Q2,68.74
POSI-J-001658,"Respiratory Medicine Case Reports",P3.02,high,mature,0.6518218623481782,Citation Q3,27.24
POSI-J-026073,"Respiratory Medicine and Research",P3.02,high,mature,0.7990867579908676,Citation Q3,33.42
POSI-J-026074,"Respiratory Physiology & Neurobiology",P3.02,high,mature,1.570342205323194,Citation Q2,55.56
POSI-J-006632,"Results in Applied Mathematics",P1.01,high,mature,1.4533762057877813,Citation Q2,65.28
POSI-J-001243,"Results in Chemistry",P1.04,high,mature,5.003711340206186,Citation Q2,63.1
POSI-J-005617,"Results in Control and Optimization",P1.01,high,mature,3.1262135922330097,Citation Q1,93.06
POSI-J-014825,"Results in Earth Sciences",P1.05,high,not_yet_mature,4.705128205128205,,
POSI-J-000659,"Results in Engineering",P2.11,high,mature,6.718868281604845,Citation Q2,73.64
POSI-J-026075,"Results in Geochemistry",P1.05,medium,mature,0,,
POSI-J-026076,"Results in Geophysical Sciences",P1.05,high,mature,4,Citation Q2,57.66
POSI-J-003918,"Results in Materials",P2.03,high,mature,3.4519427402862988,Citation Q3,25.47
POSI-J-003709,"Results in Optics",P2.02,high,mature,3.3273453093812377,Citation Q3,30.56
POSI-J-000769,"Results in Physics",P1.03,high,mature,5.142235123367199,Citation Q1,77.38
POSI-J-004546,"Results in Surfaces and Interfaces",P2.05,high,mature,5.538152610441767,Citation Q3,42.94
POSI-J-002849,"Resuscitation Plus",P3.02,high,mature,2.503393665158371,Citation Q1,76.88
POSI-J-026077,"Reumatología Clínica",P3.02,high,mature,0.4888888888888889,Citation Q4,20.34
POSI-J-026078,"Reumatología Clínica (English Edition)",P3.02,high,mature,0.551440329218107,Citation Q4,22.5
POSI-J-026079,"Review of Economic Dynamics",P5.02,high,mature,2.037037037037037,Citation Q4,19.71
POSI-J-015590,"Review of Materials Research",P2.03,high,not_yet_mature,2.3354430379746836,,
POSI-J-026080,"Review of Palaeobotany and Palynology",P1.05,high,mature,1.5209302325581395,Citation Q4,7.85
POSI-J-026081,"Reviews in Physics",P1.03,high,mature,6.133333333333334,Citation Q1,89.29
POSI-J-004013,"Revista Argentina de Microbiología",P1.06,high,mature,1.0542168674698795,Citation Q4,9.04
POSI-J-026082,"Revista Científica de la Sociedad de Enfermería Neurológica (English ed.)",P3.02,high,mature,0.15217391304347827,Citation Q4,11.28
POSI-J-026083,"Revista Científica de la Sociedad Española de Enfermería Neurológica",P3.02,high,mature,0.16279069767441862,Citation Q4,11.59
POSI-J-026084,"Revista Clínica Española",P3.02,high,mature,0.12406015037593984,Citation Q4,10.14
POSI-J-026085,"Revista Clínica Española (English Edition)",P3.02,high,mature,0.8478260869565217,Citation Q3,35.58
POSI-J-007207,"Revista Colombiana de Ortopedia y Traumatología",P3.02,high,mature,0.16,Citation Q4,11.48
POSI-J-026086,"Revista Colombiana de Psiquiatría",P5.01,high,mature,0.3739130434782609,Citation Q4,5.56
POSI-J-026087,"Revista Colombiana de Psiquiatría (English ed.)",P5.01,high,mature,0.5925925925925926,Citation Q4,10.49
POSI-J-026088,"Revista Colombiana de Reumatología",P3.02,high,mature,0.14606741573033707,Citation Q4,10.97
POSI-J-026089,"Revista Colombiana de Reumatología (English Edition)",P3.02,high,mature,0.24338624338624337,Citation Q4,14.06
POSI-J-004179,"Revista de Investigación Clínica",P3.02,high,mature,0.8552631578947368,Citation Q3,35.79
POSI-J-026090,"Revista Española de Anestesiología y Reanimación",P3.02,high,mature,0.46579804560260585,Citation Q4,20.03
POSI-J-026091,"Revista Española de Anestesiología y Reanimación (English Edition)",P3.02,high,mature,0.6816608996539792,Citation Q3,29.09
POSI-J-026092,"Revista Española de Cardiología",P3.02,high,mature,0.20633777457688152,Citation Q4,12.41
POSI-J-026093,"Revista Española de Cardiología (English Edition)",P3.02,high,mature,0.9567901234567902,Citation Q3,38.57
POSI-J-026094,"Revista Española de Cardiología Suplementos",P3.02,high,mature,0,Citation Q4,2.37
POSI-J-001233,"Revista Española de Cirugía Ortopédica y Traumatología",P3.02,high,mature,0.26365795724465557,Citation Q4,14.57
POSI-J-026095,"Revista Española de Geriatría y Gerontología",P3.02,high,mature,0.5168067226890757,Citation Q4,21.37
POSI-J-026096,"Revista Española de Medicina Legal",P3.02,high,mature,0.24475524475524477,Citation Q4,14.21
POSI-J-026097,"Revista Española de Medicina Nuclear e Imagen Molecular",P3.02,high,mature,0.023483365949119372,Citation Q4,5.82
POSI-J-026098,"Revista Española de Medicina Nuclear e Imagen Molecular (English Edition)",P3.02,high,mature,0.365296803652968,Citation Q4,17.25
POSI-J-026099,"Revista Española de Patología",P3.02,high,mature,0.48872180451127817,Citation Q4,20.24
POSI-J-002989,"Revista de Gastroenterología de México",P3.02,high,mature,0.14647887323943662,Citation Q4,11.07
POSI-J-003780,"Revista de Gastroenterología de México (English Edition)",P3.02,high,mature,0.676595744680851,Citation Q3,28.58
POSI-J-026100,"Revista Iberoamericana de Micología",P3.02,high,mature,1.7254901960784315,Citation Q2,59.06
POSI-J-026101,"Revista Internacional de Andrología",P3.02,high,mature,0.6538461538461539,Citation Q3,27.55
POSI-J-026102,"Revista de Logopedia, Foniatría y Audiología",P5.01,high,mature,0.4186046511627907,Citation Q4,8.02
POSI-J-001976,"Revista Médica Clínica Las Condes",P3.02,high,mature,0.23880597014925373,Citation Q4,13.54
POSI-J-001572,"Revista Portuguesa de Cardiologia",P3.02,high,mature,0.8972222222222223,Citation Q3,37.02
POSI-J-001165,"Revista Portuguesa de Pneumologia",P3.02,high,mature,0,Citation Q4,2.37
POSI-J-026103,"Revista de Psicodidáctica",P5.03,high,mature,1.6226415094339623,,
POSI-J-026104,"Revista de Psicodidáctica (English ed.)",P5.01,high,mature,2.235294117647059,Citation Q2,53.7
POSI-J-026106,"Revista de Senología y Patología Mamaria",P3.02,high,mature,0.2,Citation Q4,12.2
POSI-J-026107,"Revue de Chirurgie Orthopédique et Traumatologique",P3.02,high,mature,0.0423728813559322,Citation Q4,6.95
POSI-J-026108,"Revue d'Épidémiologie et de Santé Publique",P3.03,high,mature,0,Citation Q4,1.82
POSI-J-026109,"Revue Européenne de Psychologie Appliquée",P5.01,high,mature,1.1454545454545455,Citation Q4,16.67
POSI-J-026110,"Revue Française d’Allergologie",P3.02,high,mature,0.08687258687258688,Citation Q4,8.91
POSI-J-026111,"Revue Francophone Internationale de Recherche Infirmière",P3.03,high,mature,0.06382978723404255,Citation Q4,15.45
POSI-J-026112,"Revue Francophone des Laboratoires",P3.03,high,mature,0.05725190839694656,Citation Q4,11.82
POSI-J-026113,"Revue Francophone d'Orthoptie",P3.02,high,mature,0.01910828025477707,Citation Q4,5.1
POSI-J-026114,"Revue des Maladies Respiratoires",P3.02,high,mature,0.2311212814645309,Citation Q4,13.34
POSI-J-026115,"Revue des Maladies Respiratoires Actualités",P3.02,high,mature,0.029931972789115645,Citation Q4,6.02
POSI-J-026116,"La Revue de Médecine Interne",P3.02,high,mature,0.14791987673343607,Citation Q4,11.17
POSI-J-026117,"La Revue de Médecine Légale",P3.02,high,mature,0,Citation Q4,2.37
POSI-J-026118,"Revue de Micropaléontologie",P1.05,high,mature,0.7415730337078652,Citation Q4,1.34
POSI-J-026119,"Revue Neurologique",P3.02,high,mature,0.5045751633986928,Citation Q4,20.96
POSI-J-026120,"Revue du Rhumatisme",P3.02,high,mature,0.04853675945753034,Citation Q4,7.57
POSI-J-026121,"Revue du Rhumatisme Monographies",P3.02,high,mature,0,Citation Q4,2.37
POSI-J-026122,"Revue Vétérinaire Clinique",P3.02,high,mature,0.027210884353741496,Citation Q4,5.92
POSI-J-026123,"Rheumatic Disease Clinics of North America",P3.02,high,mature,1.2240437158469946,Citation Q3,47.94
POSI-J-026124,"Rhizosphere",P4.01,high,mature,3.3429054054054053,Citation Q3,30.28
POSI-J-003576,"Rice Science",P4.01,high,mature,2.730769230769231,Citation Q4,17.61
POSI-J-019490,"Risk Sciences",P5.02,medium,mature,2.9047619047619047,,
POSI-J-026125,"Robotics and Autonomous Systems",P2.11,high,mature,4.095070422535211,Citation Q3,39.4
POSI-J-012968,"Rock Mechanics Bulletin",P2.11,high,not_yet_mature,5.0701754385964914,,
POSI-J-026127,"Russian Literature",P5.04,high,mature,0,Citation Q4,2.08
POSI-J-001940,"Safety and Health at Work",P3.03,high,mature,2.966666666666667,Citation Q1,88.18
POSI-J-026128,"Safety Science",P3.03,high,mature,5.71227621483376,Citation Q1,95.45
POSI-J-026130,"Sages-Femmes",P3.02,high,mature,0.10876132930513595,Citation Q4,9.73
POSI-J-026131,"Santé mentale et Droit",P3.03,high,not_yet_mature,0.010869565217391304,,
POSI-J-002642,"The Saudi Dental Journal",P3.02,high,mature,2.404580152671756,Citation Q2,74.41
POSI-J-026132,"Saudi Journal of Biological Sciences",P4.01,high,mature,8.097560975609756,Citation Q1,89.44
POSI-J-001782,"Saudi Pharmaceutical Journal",P3.01,high,mature,5.795847750865052,Citation Q1,88.97
POSI-J-026133,"Scandinavian Journal of Management",P5.02,high,mature,2.4056603773584904,Citation Q4,24.29
POSI-J-000382,"Schizophrenia Research: Cognition",P3.02,high,mature,1.5294117647058822,Citation Q2,54.63
POSI-J-026134,"Science Bulletin",P1.05,high,mature,8.635220125786164,Citation Q1,92.91
POSI-J-026135,"Science of Computer Programming",P1.02,high,mature,1.5950920245398772,Citation Q4,16.52
POSI-J-026136,"Science & Justice",P1.06,high,mature,1.519031141868512,Citation Q4,13.45
POSI-J-016053,"Science in One Health",P3.02,high,not_yet_mature,8.25,,
POSI-J-007893,"Science of Remote Sensing",P1.05,high,mature,3.777173913043478,Citation Q2,54.21
POSI-J-026137,"Science & Sports",P3.02,high,mature,0.6363636363636364,Citation Q3,26.42
POSI-J-026138,"Science Talks",P3.03,high,not_yet_mature,1.63,,
POSI-J-000302,"Scientific African",P1.05,high,mature,2.9315718157181574,Citation Q3,36.97
POSI-J-026139,"Scripta Materialia",P2.03,high,mature,5.705188679245283,Citation Q2,72.64
POSI-J-026140,"Sedimentary Geology",P1.05,high,mature,2.561128526645768,Citation Q3,29.31
POSI-J-026141,"Seizure",P3.02,high,mature,2.4021592442645074,Citation Q2,74.2
POSI-J-026142,"Seminars in Arthritis and Rheumatism",P3.02,high,mature,3.289230769230769,Citation Q1,83.68
POSI-J-026143,"Seminars in Cancer Biology",P1.06,high,mature,10.102325581395348,Citation Q1,92.97
POSI-J-026144,"Seminars in Cell & Developmental Biology",P1.06,high,mature,4.52,Citation Q2,64.06
POSI-J-026145,"Seminars in Colon and Rectal Surgery",P3.02,high,mature,0.84375,Citation Q3,35.27
POSI-J-026146,"Seminars in Diagnostic Pathology",P3.02,high,mature,2.1058823529411765,Citation Q2,67.61
POSI-J-026147,"Seminars in Fetal and Neonatal Medicine",P3.02,high,mature,2.3472222222222223,Citation Q2,72.76
POSI-J-026148,"Seminars in Hematology",P3.02,high,mature,3.664429530201342,Citation Q1,87.8
POSI-J-026149,"Seminars in Immunology",P1.06,high,mature,6.260504201680672,Citation Q1,78.51
POSI-J-026150,"Seminars in Arthroplasty: JSES",P3.02,high,mature,0.8388157894736842,Citation Q3,35.07
POSI-J-026151,"Seminars in Nephrology",P3.02,high,mature,2.4294871794871793,Citation Q1,75.13
POSI-J-026152,"Seminars in Nuclear Medicine",P3.02,high,mature,6.638655462184874,Citation Q1,96.24
POSI-J-026153,"Seminars in Oncology",P3.02,high,mature,2.5321637426900585,Citation Q1,77.09
POSI-J-026154,"Seminars in Oncology Nursing",P3.02,high,mature,2.427848101265823,Citation Q1,75.03
POSI-J-026155,"Seminars in Orthodontics",P3.02,high,mature,1.9051987767584098,Citation Q2,63.29
POSI-J-026156,"Seminars in Pediatric Neurology",P3.02,high,mature,2.688679245283019,Citation Q1,79.15
POSI-J-026157,"Seminars in Pediatric Surgery",P3.02,high,mature,1.923913043478261,Citation Q2,63.9
POSI-J-026158,"Seminars in Perinatology",P3.02,high,mature,2.547244094488189,Citation Q1,77.19
POSI-J-026159,"Seminars in Radiation Oncology",P3.02,high,mature,4.451127819548872,Citation Q1,91.81
POSI-J-026160,"Seminars in Roentgenology",P3.02,high,mature,0.76,Citation Q3,31.67
POSI-J-026161,"Seminars in Spine Surgery",P3.02,high,mature,0.5344827586206896,Citation Q4,21.88
POSI-J-026162,"Seminars in Thoracic and Cardiovascular Surgery",P3.02,high,mature,0.9685534591194969,Citation Q3,39.19
POSI-J-026163,"Seminars in Thoracic and Cardiovascular Surgery: Pediatric Cardiac Surgery Annual",P3.02,high,mature,1.48,Citation Q2,53.6
POSI-J-026164,"Seminars in Ultrasound, CT and MRI",P3.02,high,mature,1.1111111111111112,Citation Q3,44.23
POSI-J-026165,"Seminars in Vascular Surgery",P3.02,high,mature,2.2580645161290325,Citation Q2,70.91
POSI-J-003713,"Sensing and Bio-Sensing Research",P2.02,high,mature,3.6771300448430493,Citation Q3,36.11
POSI-J-026166,"Sensors and Actuators A: Physical",P2.11,high,mature,4.950938426078367,Citation Q2,53.53
POSI-J-007582,"Sensors and Actuators Reports",P2.11,high,mature,5.764705882352941,Citation Q2,66.03
POSI-J-009933,"Sensors International",P2.02,high,mature,10.67,Citation Q1,80.56
POSI-J-003551,"Sexual Medicine",P3.02,high,mature,1.9664179104477613,Citation Q2,64.83
POSI-J-026167,"Sexual Medicine Reviews",P3.02,high,mature,3.4953703703703702,Citation Q1,85.74
POSI-J-003523,"Sexual & Reproductive Healthcare",P3.02,high,mature,1.6431095406360423,Citation Q2,57.21
POSI-J-026168,"She Ji: The Journal of Design, Economics, and Innovation",P5.02,high,mature,1.1111111111111112,Citation Q4,4.86
POSI-J-026169,"Signal Processing",P1.02,high,mature,3.2101506740682,Citation Q3,36.16
POSI-J-026170,"Signal Processing: Image Communication",P1.02,high,mature,1.5888077858880778,Citation Q4,15.63
POSI-J-007784,"In Silico Research in Biomedicine",P3.02,high,not_yet_mature,0.7696629213483146,,
POSI-J-026171,"Simulation Modelling Practice and Theory",P1.02,high,mature,4.231168831168831,Citation Q2,60.27
POSI-J-001383,"SLAS Discovery",P1.06,high,mature,3.447058823529412,Citation Q2,50.8
POSI-J-003340,"SLAS Technology",P2.11,high,mature,3.5902140672782874,Citation Q3,32.88
POSI-J-026172,"Slavic Literatures",P5.04,high,not_yet_mature,0.06306306306306306,,
POSI-J-015570,"Sleep Epidemiology",P5.01,high,mature,1.4761904761904763,Citation Q4,24.07
POSI-J-026173,"Sleep Health",P5.01,high,mature,2.501392757660167,Citation Q2,58.64
POSI-J-026174,"Sleep Medicine Clinics",P3.01,high,mature,1.6349206349206349,Citation Q4,12.5
POSI-J-026175,"Sleep Medicine Reviews",P3.01,high,mature,7.873925501432665,Citation Q1,96.32
POSI-J-014108,"Sleep Medicine: X",P5.01,high,mature,1.9230769230769231,Citation Q3,41.36
POSI-J-026176,"Small Ruminant Research",P1.06,high,mature,1.6174636174636174,Citation Q4,17.07
POSI-J-001779,"Smart Agricultural Technology",P4.01,high,mature,4.891918208373904,Citation Q2,54.23
POSI-J-009827,"Smart Energy",P2.02,high,mature,5.104,Citation Q2,52.78
POSI-J-026178,"Smart Health",P1.02,high,mature,3.7880434782608696,Citation Q2,51.34
POSI-J-017097,"Smart Materials in Manufacturing",P2.03,high,not_yet_mature,4.333333333333333,,
POSI-J-012603,"Smart Materials in Medicine",P2.11,high,mature,5.881578947368421,Citation Q2,68.75
POSI-J-026179,"Smart Power & Energy Security",P2.02,medium,not_yet_mature,2.3333333333333335,,
POSI-J-026180,"Smart Underground Engineering",P2.01,medium,not_yet_mature,3.6666666666666665,,
POSI-J-013156,"Social and Emotional Learning: Research, Practice, and Policy",P5.03,high,not_yet_mature,3.0208333333333335,,
POSI-J-026181,"Social Networks",P1.03,high,mature,1.8072289156626506,Citation Q4,17.86
POSI-J-026182,"Social Science Research",P5.04,high,mature,1.9666666666666666,Citation Q3,27.08
POSI-J-001381,"Social Sciences & Humanities Open",P5.03,high,mature,2.57431906614786,,
POSI-J-013546,"Societal Impacts",P1.05,high,not_yet_mature,2.419753086419753,,
POSI-J-026183,"Socio-Economic Planning Sciences",P5.02,high,mature,5.950151057401813,Citation Q2,71.71
POSI-J-020082,"Soft Computing Letters",P1.02,medium,mature,0,,
POSI-J-026185,"Software Impacts",P1.02,high,mature,2.479338842975207,Citation Q4,23.66
POSI-J-001717,"SoftwareX",P1.02,high,mature,2.0297339593114243,Citation Q4,20.98
POSI-J-016264,"Soil Advances",P1.05,high,not_yet_mature,2.5757575757575757,,
POSI-J-026186,"Soil Dynamics and Earthquake Engineering",P2.01,high,mature,4.882722513089005,Citation Q2,51.96
POSI-J-016298,"Soil & Environmental Health",P1.05,high,not_yet_mature,7.636363636363637,,
POSI-J-012400,"Soil Security",P1.06,high,mature,5.1946902654867255,Citation Q2,72.89
POSI-J-026187,"Soil and Tillage Research",P1.06,high,mature,7.213008130081301,Citation Q1,85.34
POSI-J-022075,"Soils and Foundations",P2.01,high,mature,3.4338983050847456,Citation Q3,32.35
POSI-J-015111,"Solar Compass",P2.11,high,mature,5.216216216216216,Citation Q2,60.6
POSI-J-026188,"Solar Energy",P2.11,high,mature,7.872657580919932,Citation Q1,83.97
POSI-J-015666,"Solar Energy Advances",P2.11,high,mature,5.421052631578948,Citation Q2,63.32
POSI-J-026189,"Solar Energy Materials and Solar Cells",P2.02,high,mature,7.1858780929390464,Citation Q1,75
POSI-J-010766,"Solid Earth Sciences",P1.05,high,mature,1.820754716981132,Citation Q4,12.84
POSI-J-026190,"Solid-State Electronics",P2.02,high,mature,1.4961439588688945,Citation Q4,2.78
POSI-J-026191,"Solid State Electronics Letters",P2.02,high,mature,0,Citation Q4,0.93
POSI-J-026192,"Solid State Ionics",P2.05,high,mature,3.481989708404803,Citation Q4,18.24
POSI-J-026193,"Solid State Nuclear Magnetic Resonance",P1.04,high,mature,1.4201680672268908,Citation Q4,13.1
POSI-J-026194,"Solid State Sciences",P2.05,high,mature,3.430639324487334,Citation Q4,17.06
POSI-J-026195,"The Solutions",P5.01,low,not_yet_mature,0,,
POSI-J-026196,"South African Journal of Botany",P4.01,high,mature,3.0615114235500878,Citation Q4,23.24
POSI-J-003895,"South African Journal of Chemical Engineering",P2.11,high,mature,4.658064516129032,Citation Q3,48.64
POSI-J-026197,"Space Habitation",P1.03,medium,not_yet_mature,1.5294117647058822,,
POSI-J-026198,"Space Policy",P1.03,high,mature,2.433628318584071,Citation Q3,46.43
POSI-J-026199,"Space Solar Power and Wireless Transmission",P2.02,high,not_yet_mature,3.381818181818182,,
POSI-J-026200,"Spanish Journal of Legal Medicine",P3.02,high,mature,0.24475524475524477,Citation Q4,14.21
POSI-J-026201,"Spanish Journal of Psychiatry and Mental Health",P5.01,high,mature,1.3186813186813187,Citation Q4,19.14
POSI-J-026202,"Spatial and Spatio-temporal Epidemiology",P3.02,high,mature,1.2773722627737227,Citation Q3,48.87
POSI-J-026203,"Spatial Statistics",P5.02,high,mature,2.2534562211981566,Citation Q4,22
POSI-J-026204,"Spectrochimica Acta Part B: Atomic Spectroscopy",P1.04,high,mature,2.992982456140351,Citation Q3,34.52
POSI-J-026205,"Speech Communication",P1.02,high,mature,2.7715355805243447,Citation Q3,28.13
POSI-J-026206,"Sports Economics Review",P5.02,high,not_yet_mature,1.9111111111111112,,
POSI-J-009326,"Sports Medicine and Health Science",P3.02,high,mature,2.9175824175824174,Citation Q1,81
POSI-J-026207,"Sports Orthopaedics and Traumatology",P3.02,high,mature,0.10565110565110565,Citation Q4,9.63
POSI-J-011490,"SSM - Health Systems",P3.02,high,not_yet_mature,1.505226480836237,,
POSI-J-005786,"SSM - Mental Health",P5.01,high,mature,2.4746192893401013,Citation Q2,56.17
POSI-J-002055,"SSM - Population Health",P5.09,high,mature,3.8240223463687153,,
POSI-J-004671,"SSM - Qualitative Research in Health",P3.03,high,mature,2.024336283185841,Citation Q2,64.55
POSI-J-001047,"STAR Protocols",P1.06,high,mature,1.5760585467851542,Citation Q4,15.46
POSI-J-026208,"Statistical Learning and Data Science",P1.02,medium,mature,0.21428571428571427,,
POSI-J-026209,"Statistics & Probability Letters",P1.01,high,mature,0.6604046242774566,Citation Q4,20.83
POSI-J-001543,"Stem Cell Reports",P1.06,high,mature,4.54389721627409,Citation Q2,64.86
POSI-J-001113,"Stem Cell Research",P1.06,high,mature,0.6884816753926701,Citation Q4,5.42
POSI-J-026210,"Steroids",P1.06,high,mature,2.5107913669064748,Citation Q3,34.34
POSI-J-026211,"Stochastic Processes and their Applications",P5.02,high,mature,0.9421338155515371,Citation Q4,3.14
POSI-J-026212,"Strategic Business Research",P5.02,high,not_yet_mature,0.7015503875968992,,
POSI-J-026213,"Structural Change and Economic Dynamics",P5.02,high,mature,5.705882352941177,Citation Q2,69.43
POSI-J-002523,"Structural Heart",P3.02,high,mature,0.6549618320610687,Citation Q3,27.65
POSI-J-026214,"Structural Safety",P2.01,high,mature,6.583732057416268,Citation Q2,71.57
POSI-J-026215,"Structure",P1.06,high,mature,4.632042253521127,Citation Q2,67.27
POSI-J-026216,"Structures",P2.01,high,mature,4.526481534497567,Citation Q3,48.04
POSI-J-026217,"Studies in Educational Evaluation",P5.03,high,mature,4.603571428571429,,
POSI-J-026218,"Studies in History and Philosophy of Science",P6.05,high,mature,1.2958333333333334,,
POSI-J-007478,"Superconductivity",P1.03,high,mature,6.491525423728813,Citation Q1,91.67
POSI-J-012342,"Supply Chain Analytics",P5.02,high,mature,6.787356321839081,Citation Q1,78.57
POSI-J-017011,"Supramolecular Materials",P2.05,high,mature,5.625,Citation Q3,45.29
POSI-J-026219,"Surface Science Reports",P1.03,high,mature,5.863636363636363,Citation Q1,86.9
POSI-J-026220,"Surfaces and Interfaces",P2.05,high,mature,3.9049919484702094,Citation Q3,25.29
POSI-J-026221,"The Surgeon",P3.02,high,mature,1.704225352112676,Citation Q2,58.44
POSI-J-026222,"Surgery Case Reports",P3.02,high,not_yet_mature,0.2744186046511628,,
POSI-J-026223,"Surgery for Obesity and Related Diseases",P3.02,high,mature,0.7868020304568528,Citation Q3,33.11
POSI-J-013070,"Surgery Open Digestive Advance",P3.02,high,mature,0.37,Citation Q4,17.46
POSI-J-006337,"Surgery Open Science",P3.02,high,mature,2.225165562913907,Citation Q2,69.88
POSI-J-026224,"Surgery (Oxford)",P3.02,high,mature,0.5067024128686327,Citation Q4,21.06
POSI-J-009993,"Surgery in Practice and Science",P3.02,high,mature,1.4786324786324787,Citation Q2,53.5
POSI-J-026225,"Surgical Clinics of North America",P3.02,high,mature,1.3741721854304636,Citation Q2,51.24
POSI-J-026226,"Surgical Oncology",P3.02,high,mature,1.4344473007712082,Citation Q2,52.57
POSI-J-026227,"Surgical Oncology Clinics of North America",P3.02,high,mature,0.6228070175438597,Citation Q3,25.7
POSI-J-026228,"Surgical Oncology Insight",P3.02,high,not_yet_mature,1.0826086956521739,,
POSI-J-026229,"Surgical Pathology Clinics",P3.02,high,mature,1.0670103092783505,Citation Q3,42.48
POSI-J-026230,"Survey of Ophthalmology",P3.02,high,mature,4.977142857142857,Citation Q1,93.15
POSI-J-018758,"Sustainability Analytics and Modeling",P5.02,high,mature,1.7674418604651163,Citation Q4,12.29
POSI-J-019293,"Sustainable Chemistry for Energy Materials",P2.02,high,not_yet_mature,2.730769230769231,,
POSI-J-010020,"Sustainable Chemistry for the Environment",P2.11,high,not_yet_mature,11.25,,
POSI-J-026231,"Sustainable Chemistry for Biodiversity",P4.01,low,not_yet_mature,0,,
POSI-J-012612,"Sustainable Chemistry for Climate Action",P2.11,high,not_yet_mature,3.717948717948718,,
POSI-J-026232,"Sustainable Chemistry One World",P1.05,high,not_yet_mature,3.8715277777777777,,
POSI-J-026233,"Sustainable Chemistry and Pharmacy",P1.05,high,mature,6.227860696517413,Citation Q1,83.72
POSI-J-026234,"Sustainable Cities and Society",P1.05,high,mature,12.762803234501348,Citation Q1,99.43
POSI-J-026235,"Sustainable Cities and Society: Advances",P2.01,high,not_yet_mature,0.5638297872340425,,
POSI-J-026236,"Sustainable Computing: Informatics and Systems",P1.02,high,mature,3.737623762376238,Citation Q3,48.66
POSI-J-026237,"Sustainable Energy, Grids and Networks",P2.02,high,mature,3.8819617622610143,Citation Q3,39.81
POSI-J-026238,"Sustainable Energy Technologies and Assessments",P2.11,high,mature,4.4883099532398125,Citation Q3,44.84
POSI-J-001995,"Sustainable Futures",P5.02,high,mature,5.254602840610205,Citation Q2,62.57
POSI-J-022957,"Sustainable Geosciences: People, Planet and Prosperity",P1.05,medium,not_yet_mature,0.9047619047619048,,
POSI-J-026239,"Sustainable Horizons",P1.05,high,mature,8.26271186440678,Citation Q1,91.76
POSI-J-026240,"Sustainable Manufacturing and Service Economics",P5.02,medium,not_yet_mature,14.058823529411764,,
POSI-J-026241,"Sustainable Materials and Technologies",P2.05,high,mature,5.8870848708487085,Citation Q2,50
POSI-J-015523,"Sustainable Operations and Computers",P5.02,high,mature,5.6440677966101696,Citation Q2,68.86
POSI-J-026242,"Sustainable Production and Consumption",P1.05,high,mature,12.459039548022599,Citation Q1,98.66
POSI-J-015816,"Sustainable Technology and Entrepreneurship",P5.02,high,not_yet_mature,10.054054054054054,,
POSI-J-026243,"Swarm and Evolutionary Computation",P1.02,high,mature,7.906218144750254,Citation Q1,87.05
POSI-J-026245,"Synthetic and Systems Biotechnology",P1.06,high,mature,3.9305263157894736,Citation Q2,56.83
POSI-J-026246,"Systematic and Applied Microbiology",P1.06,high,mature,3.3452380952380953,Citation Q3,49.2
POSI-J-026247,"Systems & Control Letters",P2.11,high,mature,2.81658692185008,Citation Q4,18.21
POSI-J-026248,"Systems Ethnopharmacology and Sustainable Bioresources",P3.02,medium,not_yet_mature,0.05555555555555555,,
POSI-J-007389,"Systems and Soft Computing",P1.02,high,not_yet_mature,3.667315175097276,,
POSI-J-001154,"Taiwanese Journal of Obstetrics and Gynecology",P3.02,high,mature,2.207865168539326,Citation Q2,69.67
POSI-J-005761,"Talanta Open",P1.04,high,mature,6.968831168831169,Citation Q1,89.29
POSI-J-026249,"TAO",P1.02,medium,not_yet_mature,0.5217391304347826,,
POSI-J-026250,"Teaching and Learning in Nursing",P3.03,high,mature,2.2163814180929093,Citation Q2,71.82
POSI-J-026251,"Teaching and Teacher Education: Leadership and Professional Development",P5.03,low,not_yet_mature,0,,
POSI-J-026252,"Team Sports Studies",P5.01,low,not_yet_mature,0,,
POSI-J-008349,"Technical Innovations & Patient Support in Radiation Oncology",P3.02,high,mature,1.2620320855614973,Citation Q3,48.56
POSI-J-026253,"Techniques and Innovations in Gastrointestinal Endoscopy",P3.02,high,mature,0.8378378378378378,Citation Q3,34.96
POSI-J-026254,"Techniques in Vascular and Interventional Radiology",P3.02,high,mature,1.1317829457364341,Citation Q3,44.85
POSI-J-026255,"Technology in Society",P5.02,high,mature,12.044210526315789,Citation Q1,96.29
POSI-J-026256,"Technovation",P5.02,high,mature,8.414048059149723,Citation Q1,91.14
POSI-J-026257,"Tectonophysics",P1.05,high,mature,1.8371161548731643,Citation Q4,13.6
POSI-J-026258,"Telecommunications Policy",P5.02,high,mature,5.08092485549133,Citation Q2,61.43
POSI-J-026259,"Telematics and Informatics",P5.02,high,mature,7.461538461538462,Citation Q1,84.86
POSI-J-009946,"Telematics and Informatics Reports",P5.04,high,mature,7.702586206896552,Citation Q1,93.75
POSI-J-015079,"Tetrahedron Chem",P1.04,high,mature,5.31,Citation Q2,70.24
POSI-J-017448,"Tetrahedron Green Chem",P1.04,high,not_yet_mature,5.1692307692307695,,
POSI-J-001425,"The Journal of Physiological Sciences",P3.02,high,mature,3.838235294117647,Citation Q1,88.72
POSI-J-026260,"The Lancet Obstetrics, Gynaecology, & Women’s Health",P3.02,high,not_yet_mature,0.7362637362637363,,
POSI-J-026261,"Theoretical and Applied Fracture Mechanics",P2.11,high,mature,6.394533987386125,Citation Q2,72.01
POSI-J-003351,"Theoretical and Applied Mechanics Letters",P2.11,high,mature,3.2171945701357467,Citation Q3,25.27
POSI-J-026262,"Theoretical Computer Science",P1.02,high,mature,0.9150268336314848,Citation Q4,6.7
POSI-J-026263,"Theoretical Population Biology",P1.06,high,mature,1.5078125,Citation Q4,12.65
POSI-J-026264,"Thérapie",P3.02,high,mature,1.0802919708029197,Citation Q3,43.2
POSI-J-014916,"Theriogenology Wild",P1.06,high,not_yet_mature,1.61,,
POSI-J-026265,"Thermal Advances",P2.11,high,not_yet_mature,1.626865671641791,,
POSI-J-026266,"Thermal Science and Engineering Progress",P2.03,high,mature,4.123782467532467,Citation Q3,38.68
POSI-J-026267,"Thin-Walled Structures",P2.01,high,mature,7.7679384965831435,Citation Q1,83.33
POSI-J-026268,"Thinking Skills and Creativity",P5.01,high,mature,5.055412371134021,Citation Q1,90.74
POSI-J-026269,"Thoracic Radiology",P3.02,medium,mature,0,,
POSI-J-026270,"Thoracic Surgery Clinics",P3.02,high,mature,0.7960199004975125,Citation Q3,33.32
POSI-J-012478,"Thrombosis Update",P3.02,high,mature,1.1829268292682926,Citation Q3,46.7
POSI-J-026271,"Thyroid Science",P3.02,medium,not_yet_mature,0.5882352941176471,,
POSI-J-001668,"Ticks and Tick-borne Diseases",P1.06,high,mature,2.652173913043478,Citation Q3,37.55
POSI-J-026272,"Tissue and Cell",P3.02,high,mature,2.4258741258741257,Citation Q2,74.92
POSI-J-026273,"Tomography of Materials and Structures",P2.11,high,not_yet_mature,2.0307692307692307,,
POSI-J-026274,"Topics in Companion Animal Medicine",P3.02,high,mature,0.9007633587786259,Citation Q3,37.13
POSI-J-026275,"Topology and its Applications",P1.01,high,mature,0.4043927648578811,Citation Q4,4.17
POSI-J-026276,"Total Chemistry",P1.04,medium,not_yet_mature,0.7777777777777778,,
POSI-J-026277,"Total Environment Advances",P1.05,high,not_yet_mature,3.073529411764706,,
POSI-J-026278,"Total Environment Engineering",P1.05,high,not_yet_mature,1.9473684210526316,,
POSI-J-026279,"Total Environment Microbiology",P1.05,high,not_yet_mature,1.7010309278350515,,
POSI-J-026280,"Total Environment Research Themes",P1.05,high,not_yet_mature,0,,
POSI-J-026281,"Tourism Management Perspectives",P5.04,high,mature,6.066666666666666,Citation Q1,85.42
POSI-J-026282,"Toxicologie Analytique et Clinique",P3.02,high,mature,0.3586776859504132,Citation Q4,17.04
POSI-J-026283,"Toxicology Letters",P1.05,high,mature,0.5830273357813137,Citation Q4,0.96
POSI-J-001768,"Toxicology Reports",P1.05,high,mature,4.961538461538462,Citation Q2,72.22
POSI-J-026284,"Toxicology in Vitro",P1.05,high,mature,3.090909090909091,Citation Q3,40.42
POSI-J-013365,"Toxicon: X",P1.06,high,mature,2.3214285714285716,Citation Q3,31.53
POSI-J-026285,"TrAC Trends in Analytical Chemistry",P1.04,high,mature,13.026153846153846,Citation Q1,96.43
POSI-J-026286,"Transactions of Materials Research",P2.03,high,not_yet_mature,1.5338645418326693,,
POSI-J-026287,"Transactions of Nonferrous Metals Society of China",P2.03,high,mature,5.544428772919605,Citation Q2,70.75
POSI-J-026288,"Transcranial Magnetic Stimulation",P3.01,high,mature,0.2572347266881029,Citation Q4,2.21
POSI-J-026289,"Transformative Energy",P2.11,medium,not_yet_mature,0.6666666666666666,,
POSI-J-026290,"Transfusion and Apheresis Science",P3.02,high,mature,0.7604562737642585,Citation Q3,31.87
POSI-J-026291,"Transfusion Clinique et Biologique",P3.02,high,mature,0.34797891036906853,Citation Q4,16.32
POSI-J-026292,"Transfusion Medicine Reviews",P3.02,high,mature,1.7525773195876289,Citation Q2,59.58
POSI-J-026293,"Translational Dental Research",P3.02,high,not_yet_mature,1.1320754716981132,,
POSI-J-016515,"Translational Medicine of Aging",P3.02,high,mature,1.2916666666666667,Citation Q3,49.28
POSI-J-026294,"Translational Metabolic Syndrome Research",P3.02,medium,mature,0,,
POSI-J-001345,"Translational Oncology",P3.02,high,mature,4.108356290174472,Citation Q1,90.37
POSI-J-026295,"Translational Research",P5.02,high,mature,2.6403061224489797,Citation Q3,29.43
POSI-J-007267,"Translational Research in Anatomy",P3.02,high,mature,1.2366071428571428,Citation Q3,48.35
POSI-J-026296,"TransMed",P3.02,medium,not_yet_mature,1.0588235294117647,,
POSI-J-026297,"Transnational Corporations Review",P5.02,high,mature,5.4603174603174605,Citation Q2,64.86
POSI-J-026298,"Transnational Mobilities",P5.04,low,not_yet_mature,0,,
POSI-J-026299,"Transplant Immunology",P3.02,high,mature,1.6443148688046647,Citation Q2,57.31
POSI-J-026300,"Transplantation and Cellular Therapy",P3.02,high,mature,1.0345319634703196,Citation Q3,41.66
POSI-J-026301,"Transplantation Proceedings",P3.02,high,mature,0.8912415784408084,Citation Q3,36.92
POSI-J-013713,"Transplantation Reports",P3.02,high,mature,0.5454545454545454,Citation Q4,22.35
POSI-J-026302,"Transplantation Reviews",P3.02,high,mature,3.089655172413793,Citation Q1,82.13
POSI-J-017602,"Transport Economics and Management",P5.02,high,not_yet_mature,5.443037974683544,,
POSI-J-026303,"Transport Policy",P2.01,high,mature,5.197318007662835,Citation Q2,57.84
POSI-J-007032,"Transportation Engineering",P2.01,high,mature,6.147982062780269,Citation Q2,63.73
POSI-J-026304,"Transportation Geotechnics",P2.01,high,mature,4.488330341113106,Citation Q3,46.08
POSI-J-001971,"Transportation Research Interdisciplinary Perspectives",P2.01,high,mature,2.547186147186147,Citation Q4,12.75
POSI-J-026305,"Transportation Research Part B: Methodological",P2.01,high,mature,5.496470588235294,Citation Q2,59.8
POSI-J-026306,"Transportation Research Part C: Emerging Technologies",P2.01,high,mature,7.385949696444059,Citation Q1,79.41
POSI-J-026307,"Transportation Research Part D: Transport and Environment",P2.01,high,mature,8.10228166797797,Citation Q1,85.29
POSI-J-026308,"Transportation Research Part E: Logistics and Transportation Review",P5.02,high,mature,7.901754385964912,Citation Q1,88.29
POSI-J-026309,"Transportation Research Part F: Traffic Psychology and Behaviour",P5.01,high,mature,5.230042016806722,Citation Q1,91.98
POSI-J-026310,"Transportation Research Procedia",P2.01,high,mature,1.25172231054584,Citation Q4,0.98
POSI-J-026311,"Transportation Research Today",P2.01,low,not_yet_mature,0.10526315789473684,,
POSI-J-002857,"Trauma Case Reports",P3.02,high,mature,0.4528301886792453,Citation Q4,19.62
POSI-J-026312,"Travel Behaviour and Society",P2.01,high,mature,4.069642857142857,Citation Q3,42.16
POSI-J-001426,"Travel Medicine and Infectious Disease",P3.02,high,mature,3.5949367088607596,Citation Q1,87.08
POSI-J-002914,"Trees, Forests and People",P1.05,high,mature,3.106315789473684,Citation Q3,41.19
POSI-J-026313,"Trends in Anaesthesia and Critical Care",P3.02,high,mature,0.31451612903225806,Citation Q4,15.5
POSI-J-026314,"Trends in Biochemical Sciences",P1.06,high,mature,7.604113110539846,Citation Q1,86.55
POSI-J-026315,"Trends in Biotechnology",P1.06,high,mature,7.183673469387755,Citation Q1,84.94
POSI-J-026316,"Trends in Cancer",P1.06,high,mature,10.269021739130435,Citation Q1,93.78
POSI-J-026317,"Trends in Cardiovascular Medicine",P3.02,high,mature,2.683794466403162,Citation Q1,78.94
POSI-J-026318,"Trends in Cell Biology",P1.06,high,mature,9.006211180124224,Citation Q1,91.77
POSI-J-026319,"Trends in Chemistry",P1.04,high,mature,4.410658307210031,Citation Q2,60.71
POSI-J-026320,"Trends in Cognitive Sciences",P3.01,high,mature,10.029082774049217,Citation Q1,99.26
POSI-J-026321,"Trends in Ecology & Evolution",P1.05,high,mature,7.808791208791209,Citation Q1,90.61
POSI-J-026322,"Trends in Endocrinology & Metabolism",P3.02,high,mature,10.643031784841076,Citation Q1,98.2
POSI-J-026323,"Trends in Environmental Analytical Chemistry",P1.05,high,mature,8.773809523809524,Citation Q1,93.68
POSI-J-026324,"Trends in Food Science & Technology",P4.01,high,mature,14.034146341463414,Citation Q1,99.3
POSI-J-026325,"Trends in Genetics",P1.06,high,mature,6.823056300268097,Citation Q1,80.92
POSI-J-026326,"Trends in Immunology",P1.06,high,mature,6.872,Citation Q1,81.33
POSI-J-026327,"Trends in Microbiology",P1.06,high,mature,8.023758099352051,Citation Q1,88.55
POSI-J-026328,"Trends in Molecular Medicine",P1.06,high,mature,7.903614457831325,Citation Q1,88.15
POSI-J-026329,"Trends in Neuroscience and Education",P5.01,high,mature,2.9420289855072466,Citation Q2,64.81
POSI-J-026330,"Trends in Neurosciences",P3.01,high,mature,7.56797583081571,Citation Q1,93.38
POSI-J-026331,"Trends Open",P1.06,high,not_yet_mature,0.07575757575757576,,
POSI-J-026332,"Trends in Parasitology",P3.02,high,mature,3.257383966244726,Citation Q1,83.47
POSI-J-026333,"Trends in Pharmacological Sciences",P1.06,high,mature,10.153034300791557,Citation Q1,93.37
POSI-J-026334,"Trends in Plant Science",P4.01,high,mature,7.782527881040892,Citation Q1,88.03
POSI-J-026335,"Tribology and Interfaces",P2.03,low,not_yet_mature,0.26666666666666666,,
POSI-J-026336,"Tribology International",P2.03,high,mature,8.11671612265084,Citation Q1,85.85
POSI-J-026337,"Tropical Agriculture Science",P4.01,low,not_yet_mature,0.5625,,
POSI-J-013274,"Tropical Cyclone Research and Review",P1.05,high,mature,2.144230769230769,Citation Q4,20.11
POSI-J-026338,"Tuberculosis",P3.02,high,mature,2.243362831858407,Citation Q2,70.39
POSI-J-016542,"Tumour Virus Research",P3.02,high,mature,3.59375,Citation Q1,86.97
POSI-J-026339,"Tunnelling and Underground Space Technology",P2.11,high,mature,7.578535237217872,Citation Q1,80.16
POSI-J-026340,"Ultramicroscopy",P1.03,high,mature,2.6601941747572817,Citation Q2,58.33
POSI-J-026341,"Ultrasonics",P2.11,high,mature,4.163915094339623,Citation Q3,40.49
POSI-J-000778,"Ultrasonics Sonochemistry",P2.11,high,mature,9.812955465587045,Citation Q1,89.95
POSI-J-026342,"Ultrasound in Medicine & Biology",P3.02,high,mature,1.1843345111896348,Citation Q3,46.81
POSI-J-009147,"Unconventional Resources",P2.11,high,mature,3.37125748502994,Citation Q3,28.53
POSI-J-026343,"Underground Space",P2.11,high,mature,7.832752613240418,Citation Q1,82.34
POSI-J-026344,"Urban Climate",P1.05,high,mature,7.098270440251572,Citation Q1,87.16
POSI-J-026345,"Urban Forestry & Urban Greening",P1.05,high,mature,5.99057412167952,Citation Q1,81.8
POSI-J-012563,"Urban Governance",P5.09,high,mature,5.060869565217391,,
POSI-J-026346,"Urban Transitions",P1.05,medium,not_yet_mature,1,,
POSI-J-026347,"URINE",P3.02,high,mature,0.03125,Citation Q4,6.13
POSI-J-026348,"Urologic Clinics of North America",P3.02,high,mature,0.9953271028037384,Citation Q3,40.42
POSI-J-026349,"Urologic Oncology: Seminars and Original Investigations",P3.02,high,mature,1.3582089552238805,Citation Q2,51.03
POSI-J-001260,"Urology Case Reports",P3.02,high,mature,0.4115720524017467,Citation Q4,18.69
POSI-J-026350,"Urology Horizons",P3.02,low,not_yet_mature,0,,
POSI-J-008926,"Urology Video Journal",P3.02,high,mature,0.2012987012987013,Citation Q4,12.31
POSI-J-026351,"Utilities Policy",P2.02,high,mature,4.069473684210526,Citation Q3,41.67
POSI-J-004673,"Vaccine: X",P3.02,high,mature,2.3509174311926606,Citation Q2,73.07
POSI-J-026352,"Vacunas",P3.02,high,mature,0.8117154811715481,Citation Q3,33.93
POSI-J-026353,"Vacunas (English Edition)",P3.02,high,mature,0.5071428571428571,Citation Q4,21.16
POSI-J-026354,"Value in Health",P5.02,high,mature,0.2866570775869363,Citation Q4,1.43
POSI-J-026355,"Value in Health Regional Issues",P5.02,high,mature,0.650088809946714,Citation Q4,2
POSI-J-026356,"Vascular Diseases",P3.02,high,not_yet_mature,0.05362776025236593,,
POSI-J-026357,"Vascular Pharmacology",P3.02,high,mature,2.1253731343283584,Citation Q2,68.54
POSI-J-026358,"Vehicular Communications",P1.02,high,mature,4.792207792207792,Citation Q2,65.63
POSI-J-026359,"Veterinary Anaesthesia and Analgesia",P3.02,high,mature,0.7761989342806395,Citation Q3,32.39
POSI-J-005249,"Veterinary and Animal Science",P1.06,high,mature,1.7081545064377683,Citation Q4,19.08
POSI-J-026360,"Veterinary Clinics of North America: Equine Practice",P1.06,high,mature,0.8466666666666667,Citation Q4,6.63
POSI-J-026361,"Veterinary Clinics of North America: Exotic Animal Practice",P1.06,high,mature,0.44680851063829785,Citation Q4,2.61
POSI-J-026362,"Veterinary Clinics of North America: Food Animal Practice",P1.06,high,mature,1.2,Citation Q4,9.84
POSI-J-026363,"Veterinary Clinics of North America: Small Animal Practice",P3.02,high,mature,0.6847133757961783,Citation Q3,29.3
POSI-J-026364,"Veterinary Immunology and Immunopathology",P1.06,high,mature,1.5142857142857142,Citation Q4,13.05
POSI-J-026365,"The Veterinary Journal",P1.06,high,mature,1.8945686900958467,Citation Q4,23.49
POSI-J-026366,"The Veterinary Journal: Pharmacology & Toxicology",P3.02,low,not_yet_mature,0,,
POSI-J-026367,"Veterinary Parasitology",P1.06,high,mature,2.3990825688073394,Citation Q3,33.13
POSI-J-026368,"Veterinary Parasitology: Regional Studies and Reports",P1.06,high,mature,0.8961748633879781,Citation Q4,7.43
POSI-J-019721,"Veterinary Vaccine",P1.06,medium,not_yet_mature,2.76,,
POSI-J-026369,"Vibrational Spectroscopy",P1.04,high,mature,3.8855721393034828,Citation Q2,53.57
POSI-J-002216,"VideoGIE",P3.02,high,mature,0.5401301518438177,Citation Q4,22.19
POSI-J-026370,"Virologica Sinica",P3.02,high,mature,2.6677018633540373,Citation Q1,78.73
POSI-J-011029,"Virtual Reality & Intelligent Hardware",P1.02,high,mature,5.070588235294117,Citation Q2,68.3
POSI-J-000739,"Virus Research",P3.02,high,mature,3.679814385150812,Citation Q1,87.9
POSI-J-010318,"Visual Informatics",P1.02,high,mature,3.129032258064516,Citation Q3,34.38
POSI-J-026371,"Visual Journal of Emergency Medicine",P3.02,high,mature,0.037257824143070044,Citation Q4,6.64
POSI-J-026372,"Waste Management",P1.05,high,mature,7.409296320206585,Citation Q1,88.31
POSI-J-009997,"Waste Management Bulletin",P1.05,high,not_yet_mature,10.095238095238095,,
POSI-J-008259,"Water Biology and Security",P1.05,high,mature,2.1457725947521866,Citation Q4,20.5
POSI-J-013144,"Water Cycle",P1.05,high,mature,5.276119402985074,Citation Q1,75.67
POSI-J-026373,"Water & Ecology",P1.05,medium,not_yet_mature,2.9722222222222223,,
POSI-J-014637,"Water-Energy Nexus",P1.05,high,mature,5.972222222222222,Citation Q1,81.03
POSI-J-006802,"Water Research X",P1.05,high,mature,3.5725593667546174,Citation Q3,49.23
POSI-J-026374,"Water Resources and Economics",P5.02,high,mature,3.9714285714285715,Citation Q2,51.14
POSI-J-008803,"Water Resources and Industry",P1.05,high,mature,6.355704697986577,Citation Q1,84.48
POSI-J-005577,"Water Science and Engineering",P1.05,high,mature,2.8583333333333334,Citation Q3,35.06
POSI-J-026375,"Water Security",P1.05,high,mature,4.446808510638298,Citation Q2,64.18
POSI-J-015456,"Watershed Ecology and the Environment",P1.05,high,mature,5.0125,Citation Q2,72.61
POSI-J-026376,"Wave Motion",P2.11,high,mature,2.4356955380577427,Citation Q4,13.32
POSI-J-026377,"Wearable Electronics",P2.11,high,not_yet_mature,11.950819672131148,,
POSI-J-004217,"Weather and Climate Extremes",P1.05,high,mature,4.843333333333334,Citation Q2,71.07
POSI-J-008479,"Wellbeing, Space and Society",P5.04,high,mature,1.9405204460966543,Citation Q4,22.92
POSI-J-016865,"WFUMB Ultrasound Open",P3.02,high,not_yet_mature,1.2325581395348837,,
POSI-J-019805,"Wind Energy and Engineering Research",P2.03,medium,not_yet_mature,2.27027027027027,,
POSI-J-026378,"Women and Birth",P3.02,high,mature,1.6411149825783973,Citation Q2,57.11
POSI-J-019322,"Women and Children Nursing",P3.02,medium,not_yet_mature,1.1162790697674418,,
POSI-J-026379,"Women's Health Issues",P3.02,high,mature,1.6195121951219513,Citation Q2,56.59
POSI-J-026380,"Women's Studies International Forum",P5.09,high,mature,1.9593679458239277,,
POSI-J-001146,"World Allergy Organization Journal",P3.02,high,mature,3.23125,Citation Q1,83.26
POSI-J-026381,"World Development Perspectives",P5.02,high,mature,2.831275720164609,Citation Q3,33.43
POSI-J-004049,"World Journal of Acupuncture - Moxibustion",P3.02,high,mature,1.1544715447154472,Citation Q3,45.98
POSI-J-006536,"World Neurosurgery: X",P3.02,high,mature,2.341040462427746,Citation Q2,72.55
POSI-J-026382,"World Patent Information",P5.02,high,mature,2.7770700636942673,Citation Q3,32.86
POSI-J-026383,"Zeitschrift für Evidenz, Fortbildung und Qualität im Gesundheitswesen",P3.03,high,mature,0.9609120521172638,Citation Q2,50
POSI-J-001891,"Zeitschrift für Medizinische Physik",P3.02,high,mature,1.0222222222222221,Citation Q3,41.25
POSI-J-026384,"Zoologischer Anzeiger",P1.05,high,mature,1.0302013422818792,Citation Q4,3.26
POSI-J-026385,"Zoology",P1.05,high,mature,1.446808510638298,Citation Q4,7.09
POSI-J-026386,"Advanced Optical Technologies",P2.11,high,mature,2.064516129032258,Citation Q4,10.6
POSI-J-019732,"Frontiers in Acoustics",P2.11,medium,not_yet_mature,1.5333333333333334,,
POSI-J-019599,"Frontiers in Adolescent Medicine",P3.02,medium,not_yet_mature,1.1627906976744187,,
POSI-J-019419,"Frontiers in Aerospace Engineering",P2.03,medium,not_yet_mature,2.3333333333333335,,
POSI-J-004837,"Frontiers in Aging",P3.02,high,mature,3.6986564299424183,Citation Q1,88.11
POSI-J-000098,"Frontiers in Aging Neuroscience",P3.02,high,mature,4.599056603773585,Citation Q1,92.22
POSI-J-000149,"Frontiers in Agronomy",P4.01,high,mature,3.199021207177814,Citation Q3,26.06
POSI-J-000131,"Frontiers in Allergy",P3.02,high,mature,2.4166666666666665,Citation Q2,74.72
POSI-J-017366,"Frontiers in Amphibian and Reptile Science",P1.05,high,not_yet_mature,1.4555555555555555,,
POSI-J-016355,"Frontiers in Analytical Science",P1.04,high,mature,3.8421052631578947,Citation Q2,51.19
POSI-J-016990,"Frontiers in Anesthesiology",P3.02,high,not_yet_mature,1.1341463414634145,,
POSI-J-004201,"Frontiers in Animal Science",P1.06,high,mature,2.077205882352941,Citation Q3,27.11
POSI-J-020168,"Frontiers in Antennas and Propagation",P2.03,medium,not_yet_mature,1.5384615384615385,,
POSI-J-016503,"Frontiers in Antibiotics",P1.06,high,not_yet_mature,3.186046511627907,,
POSI-J-000113,"Frontiers in Applied Mathematics and Statistics",P1.01,high,mature,2.6081504702194356,Citation Q1,87.5
POSI-J-017100,"Frontiers in Aquaculture",P1.05,high,not_yet_mature,3.049019607843137,,
POSI-J-019936,"Frontiers in Arachnid Science",P1.06,medium,not_yet_mature,4.136363636363637,,
POSI-J-000151,"Frontiers in Artificial Intelligence",P1.02,high,mature,5.561083123425693,Citation Q2,73.66
POSI-J-000176,"Frontiers in Astronomy and Space Sciences",P1.03,high,mature,2.1711409395973154,Citation Q3,34.52
POSI-J-000150,"Frontiers in Audiology and Otology",P3.01,high,not_yet_mature,1.4297520661157024,,
POSI-J-018766,"Frontiers in Bacteriology",P1.06,high,not_yet_mature,2.3442622950819674,,
POSI-J-019661,"Frontiers in Batteries and Electrochemistry",P2.02,medium,not_yet_mature,5.9714285714285715,,
POSI-J-000496,"Frontiers in Bee Science",P1.06,high,not_yet_mature,4.46,,
POSI-J-017144,"Frontiers in Behavioral Economics",P5.02,high,not_yet_mature,1.7674418604651163,,
POSI-J-000088,"Frontiers in Behavioral Neuroscience",P3.01,high,mature,3.4098712446351933,Citation Q2,58.09
POSI-J-000144,"Frontiers in Big Data",P1.02,high,mature,6.345864661654136,Citation Q1,80.8
POSI-J-000087,"Frontiers in Bioengineering and Biotechnology",P2.11,high,mature,5.830457160157432,Citation Q2,67.66
POSI-J-005280,"Frontiers in Bioinformatics",P1.06,high,mature,2.237580993520518,Citation Q3,29.12
POSI-J-018834,"Frontiers in Biomaterials Science",P2.11,high,not_yet_mature,5.806451612903226,,
POSI-J-020056,"Frontiers in Biophysics",P1.06,medium,not_yet_mature,2.4827586206896552,,
POSI-J-019164,"Frontiers in Bird Science",P1.05,high,not_yet_mature,2.9347826086956523,,
POSI-J-009178,"Frontiers in Blockchain",P1.02,high,mature,3.406779661016949,Citation Q3,39.73
POSI-J-000133,"Frontiers in Built Environment",P2.01,high,mature,2.967948717948718,Citation Q4,20.59
POSI-J-019486,"Frontiers in Cancer Control and Society",P3.02,medium,not_yet_mature,1.5217391304347827,,
POSI-J-020083,"Frontiers in Carbon",P2.05,medium,not_yet_mature,7.133333333333334,,
POSI-J-000115,"Frontiers in Cardiovascular Medicine",P3.02,high,mature,2.309963099630996,Citation Q2,71.83
POSI-J-018045,"Frontiers in Catalysis",P1.06,high,mature,2.625,Citation Q3,36.75
POSI-J-019593,"Frontiers in Cell Death",P1.06,medium,not_yet_mature,3.2903225806451615,,
POSI-J-000111,"Frontiers in Cellular Neuroscience",P3.01,high,mature,5.038031319910514,Citation Q1,80.15
POSI-J-026387,"Frontiers in Ceramics",P2.05,low,not_yet_mature,20,,
POSI-J-017187,"Frontiers in Chemical Biology",P1.04,high,not_yet_mature,3.080808080808081,,
POSI-J-008030,"Frontiers in Chemical Engineering",P2.11,high,mature,4.208333333333333,Citation Q3,41.58
POSI-J-000117,"Frontiers in Chemistry",P2.05,high,mature,6.257857142857143,Citation Q2,58.24
POSI-J-011236,"Frontiers in Child and Adolescent Psychiatry",P5.01,high,not_yet_mature,2.165938864628821,,
POSI-J-000142,"Frontiers in Climate",P1.05,high,mature,4.257575757575758,Citation Q2,60.73
POSI-J-008645,"Frontiers in Clinical Diabetes and Healthcare",P3.02,high,mature,2.254032258064516,Citation Q2,70.6
POSI-J-020371,"Frontiers in Coatings, Dyes and Interface Engineering",P2.03,low,not_yet_mature,4,,
POSI-J-000136,"Frontiers in Cognition",P3.01,high,not_yet_mature,1.908496732026144,,
POSI-J-000166,"Frontiers in Communication",P5.04,high,mature,2.149393090569561,Citation Q3,31.25
POSI-J-013045,"Frontiers in Communications and Networks",P2.02,high,mature,3.1666666666666665,Citation Q3,25
POSI-J-018900,"Frontiers in Complex Systems",P1.03,high,not_yet_mature,1.7450980392156863,,
POSI-J-000095,"Frontiers in Computational Neuroscience",P3.01,high,mature,4.2042042042042045,Citation Q2,68.38
POSI-J-000140,"Frontiers in Computer Science",P1.02,high,mature,4.233333333333333,Citation Q2,61.16
POSI-J-000165,"Frontiers in Conservation Science",P1.05,high,mature,2.838709677419355,Citation Q3,33.52
POSI-J-018121,"Frontiers in Control Engineering",P2.11,high,mature,1.7777777777777777,Citation Q4,7.34
POSI-J-013708,"Frontiers in Dementia",P3.02,high,not_yet_mature,2.3594771241830066,,
POSI-J-000135,"Frontiers in Dental Medicine",P3.02,high,mature,2.0108225108225106,Citation Q2,65.86
POSI-J-000405,"Frontiers in Detector Science and Technology",P1.03,medium,not_yet_mature,2.037037037037037,,
POSI-J-014461,"Frontiers in Developmental Psychology",P5.01,high,not_yet_mature,1.803191489361702,,
POSI-J-000137,"Frontiers in Digital Health",P3.02,high,mature,4.619190404797601,Citation Q1,92.33
POSI-J-000162,"Frontiers in Disaster and Emergency Medicine",P3.02,high,not_yet_mature,1.1,,
POSI-J-016296,"Frontiers in Drug Delivery",P3.02,high,mature,6.375,Citation Q1,95.73
POSI-J-013686,"Frontiers in Drug Discovery",P3.02,high,mature,6.252631578947368,Citation Q1,95.52
POSI-J-016699,"Frontiers in Drug Safety and Regulation",P3.02,high,mature,5.014705882352941,Citation Q1,93.36
POSI-J-000139,"Frontiers in Earth Science",P1.05,high,mature,2.31757687012391,Citation Q3,25.48
POSI-J-000127,"Frontiers in Ecology and Evolution",P1.05,high,mature,3.147401908801697,Citation Q3,41.95
POSI-J-016135,"Frontiers in Electronic Materials",P2.05,high,mature,2.066666666666667,Citation Q4,4.12
POSI-J-000164,"Frontiers in Electronics",P2.02,high,mature,2.559322033898305,Citation Q4,13.89
POSI-J-020171,"Frontiers in Energy Efficiency",P2.01,medium,not_yet_mature,2.5,,
POSI-J-000125,"Frontiers in Energy Research",P2.02,high,mature,3.778642936596218,Citation Q3,37.96
POSI-J-015854,"Frontiers in Environmental Archaeology",P1.05,high,not_yet_mature,1.5271317829457365,,
POSI-J-014976,"Frontiers in Environmental Chemistry",P1.05,high,mature,6.171428571428572,Citation Q1,82.95
POSI-J-017033,"Frontiers in Environmental Economics",P5.02,high,not_yet_mature,2.5806451612903225,,
POSI-J-000173,"Frontiers in Environmental Engineering",P1.05,high,mature,4.4423076923076925,Citation Q2,63.41
POSI-J-018192,"Frontiers in Environmental Health",P1.05,high,not_yet_mature,1.8904109589041096,,
POSI-J-010704,"Frontiers in Epidemiology",P3.02,high,mature,2.391566265060241,Citation Q2,73.89
POSI-J-018934,"Frontiers in Epigenetics and Epigenomics",P1.06,high,not_yet_mature,3.1538461538461537,,
POSI-J-018374,"Frontiers in Ethology",P1.06,high,not_yet_mature,1.3676470588235294,,
POSI-J-011879,"Frontiers in Food Science and Technology",P4.01,high,mature,3.9622641509433962,Citation Q3,44.37
POSI-J-000172,"Frontiers in Forests and Global Change",P1.05,high,mature,3.9206842923794714,Citation Q2,56.13
POSI-J-019833,"Frontiers in Freshwater Science",P1.05,medium,not_yet_mature,2.413793103448276,,
POSI-J-020169,"Frontiers in Fuels",P2.11,medium,not_yet_mature,11.26086956521739,,
POSI-J-000171,"Frontiers in Fungal Biology",P4.01,high,mature,3.1354838709677417,Citation Q4,24.65
POSI-J-014572,"Frontiers in Future Transportation",P2.01,high,mature,2.2658227848101267,Citation Q4,8.82
POSI-J-013086,"Frontiers in Gastroenterology",P3.02,high,mature,1.426356589147287,Citation Q2,52.37
POSI-J-000163,"Frontiers in Genome Editing",P1.06,high,mature,6.982608695652174,Citation Q1,82.53
POSI-J-019237,"Frontiers in Geochemistry",P1.05,high,mature,5.724137931034483,Citation Q1,78.35
POSI-J-000158,"Frontiers in Global Women's Health",P3.02,high,mature,2.424929178470255,Citation Q2,74.82
POSI-J-003837,"Frontiers in Health Services",P3.03,high,mature,1.845758354755784,Citation Q2,60.91
POSI-J-013587,"Frontiers in Hematology",P3.02,high,not_yet_mature,1.894736842105263,,
POSI-J-019483,"Frontiers in High Performance Computing",P1.02,medium,not_yet_mature,2.85,,
POSI-J-014944,"Frontiers in Horticulture",P4.01,high,not_yet_mature,3.6615384615384614,,
POSI-J-000159,"Frontiers in Human Dynamics",P5.04,high,mature,2.809384164222874,Citation Q2,60.42
POSI-J-019626,"Frontiers in Imaging",P1.02,medium,not_yet_mature,2.3333333333333335,,
POSI-J-020192,"Frontiers in Industrial Engineering",P2.11,medium,not_yet_mature,5.666666666666667,,
POSI-J-019664,"Frontiers in Industrial Microbiology",P4.01,medium,not_yet_mature,4.6571428571428575,,
POSI-J-000157,"Frontiers in Insect Science",P4.01,high,mature,2.527173913043478,Citation Q4,11.97
POSI-J-000109,"Frontiers in Integrative Neuroscience",P3.01,high,mature,3.3085106382978724,Citation Q2,56.62
POSI-J-019163,"Frontiers in Lab on a Chip Technologies",P2.11,high,not_yet_mature,7.297872340425532,,
POSI-J-000153,"Frontiers in Language Sciences",P5.01,high,not_yet_mature,1.2222222222222223,,
POSI-J-019098,"Frontiers in Lupus",P3.02,high,not_yet_mature,2.16,,
POSI-J-018970,"Frontiers in Malaria",P3.02,high,not_yet_mature,2.7222222222222223,,
POSI-J-019861,"Frontiers in Mammal Science",P1.05,medium,not_yet_mature,2.4583333333333335,,
POSI-J-018368,"Frontiers in Manufacturing Technology",P2.11,high,not_yet_mature,5.689655172413793,,
POSI-J-000097,"Frontiers in Marine Science",P1.05,high,mature,3.5652280529671407,Citation Q3,48.85
POSI-J-000129,"Frontiers in Materials",P2.01,high,mature,4.141921397379913,Citation Q3,44.12
POSI-J-000170,"Frontiers in Mechanical Engineering",P2.11,high,mature,2.4132762312633833,Citation Q4,12.77
POSI-J-019728,"Frontiers in Medical Engineering",P3.02,medium,not_yet_mature,2.2758620689655173,,
POSI-J-007800,"Frontiers in Medical Technology",P3.02,high,mature,4.231958762886598,Citation Q1,90.78
POSI-J-018857,"Frontiers in Membrane Science and Technology",P1.05,high,not_yet_mature,5.555555555555555,,
POSI-J-000378,"Frontiers in Metals and Alloys",P2.03,low,not_yet_mature,1.25,,
POSI-J-011978,"Frontiers in Microbiomes",P1.06,high,not_yet_mature,3.24468085106383,,
POSI-J-000152,"Frontiers in Molecular Biosciences",P1.06,high,mature,4.080056179775281,Citation Q2,59.64
POSI-J-017552,"Frontiers in Molecular Medicine",P1.06,high,mature,3.0277777777777777,Citation Q3,45.98
POSI-J-000146,"Frontiers in Molecular Neuroscience",P3.01,high,mature,4.84,Citation Q2,74.26
POSI-J-019735,"Frontiers in Musculoskeletal Disorders",P3.02,medium,not_yet_mature,1.1388888888888888,,
POSI-J-000185,"Frontiers in Nanotechnology",P2.05,high,mature,8.873303167420815,Citation Q1,84.12
POSI-J-018251,"Frontiers in Natural Products",P1.06,high,not_yet_mature,4.966101694915254,,
POSI-J-000161,"Frontiers in Nephrology",P3.02,high,not_yet_mature,2.587378640776699,,
POSI-J-011116,"Frontiers in Network Physiology",P3.01,high,mature,3.0592105263157894,Citation Q2,50.74
POSI-J-000126,"Frontiers in Neural Circuits",P3.01,high,mature,2.9559748427672954,Citation Q3,47.79
POSI-J-000123,"Frontiers in Neuroanatomy",P3.01,high,mature,3.2705882352941176,Citation Q2,55.15
POSI-J-013114,"Frontiers in Neuroergonomics",P3.01,high,mature,4.670731707317073,Citation Q2,72.79
POSI-J-000154,"Frontiers in Neuroimaging",P3.02,high,not_yet_mature,1.87,,
POSI-J-000092,"Frontiers in Neuroinformatics",P3.01,high,mature,5.1069182389937104,Citation Q1,83.09
POSI-J-000120,"Frontiers in Neurorobotics",P2.11,high,mature,5.795698924731183,Citation Q2,66.58
POSI-J-000160,"Frontiers in Nuclear Engineering",P2.05,high,not_yet_mature,2.029850746268657,,
POSI-J-012246,"Frontiers in Nuclear Medicine",P3.02,high,mature,3.3366336633663365,Citation Q1,84.09
POSI-J-000148,"Frontiers in Nutrition",P3.02,high,mature,4.1241300951569375,Citation Q1,90.47
POSI-J-018109,"Frontiers in Ocean Sustainability",P1.05,high,not_yet_mature,2.2906976744186047,,
POSI-J-004612,"Frontiers in Oncology Reviews",P3.02,high,mature,4.360294117647059,Citation Q1,91.3
POSI-J-000147,"Frontiers in Ophthalmology",P3.02,high,mature,2.048780487804878,Citation Q2,66.68
POSI-J-003363,"Frontiers in Oral Health",P3.02,high,mature,2.914419695193435,Citation Q1,80.79
POSI-J-016420,"Frontiers in Organizational Psychology",P5.01,high,not_yet_mature,2.787878787878788,,
POSI-J-000145,"Frontiers in Pain Research",P3.02,high,mature,2.4980392156862745,Citation Q1,76.67
POSI-J-015200,"Frontiers in Parasitology",P3.02,high,mature,3.472972972972973,Citation Q1,85.32
POSI-J-000130,"Frontiers in Pediatrics",P3.02,high,mature,1.7510739317205517,Citation Q2,59.47
POSI-J-019734,"Frontiers in Photobiology",P1.05,medium,not_yet_mature,2.8285714285714287,,
POSI-J-015421,"Frontiers in Photonics",P2.11,high,mature,2.473684210526316,Citation Q4,14.4
POSI-J-000101,"Frontiers in Physics",P1.03,high,mature,2.8194444444444446,Citation Q2,63.1
POSI-J-019666,"Frontiers in Plant Physiology",P4.01,medium,not_yet_mature,2.9696969696969697,,
POSI-J-000179,"Frontiers in Political Science",P5.06,high,mature,1.3847780126849893,,
POSI-J-020321,"Frontiers in Protistology",P1.05,low,not_yet_mature,4.266666666666667,,
POSI-J-017856,"Frontiers in Quantum Science and Technology",P1.03,high,not_yet_mature,3.0172413793103448,,
POSI-J-010354,"Frontiers in Radiology",P3.02,high,mature,2.780701754385965,Citation Q1,80.18
POSI-J-003337,"Frontiers in Rehabilitation Sciences",P3.02,high,mature,2.2283333333333335,Citation Q2,70.19
POSI-J-006771,"Frontiers in Remote Sensing",P1.05,high,mature,3.4390243902439024,Citation Q3,45.02
POSI-J-004277,"Frontiers in Reproductive Health",P3.02,high,mature,1.907103825136612,Citation Q2,63.49
POSI-J-007083,"Frontiers in Research Metrics and Analytics",P5.02,high,mature,3.4505494505494507,Citation Q3,41.43
POSI-J-019863,"Frontiers in RNA Research",P1.06,medium,not_yet_mature,2.0416666666666665,,
POSI-J-000167,"Frontiers in Robotics and AI",P2.11,high,mature,4.358799454297408,Citation Q3,42.66
POSI-J-015471,"Frontiers in Sensors",P2.11,high,mature,2.189655172413793,Citation Q4,11.68
POSI-J-013038,"Frontiers in Signal Processing",P1.02,high,mature,2.128712871287129,Citation Q4,21.88
POSI-J-000180,"Frontiers in Sleep",P5.01,high,not_yet_mature,2.1724137931034484,,
POSI-J-020113,"Frontiers in Smart Grids",P2.11,medium,not_yet_mature,6.631578947368421,,
POSI-J-000182,"Frontiers in Social Psychology",P5.04,high,not_yet_mature,2.3457943925233646,,
POSI-J-000122,"Frontiers in Sociology",P5.04,high,mature,2.1985370950888194,Citation Q3,39.58
POSI-J-016773,"Frontiers in Soft Matter",P2.05,high,mature,3.3846153846153846,Citation Q4,15.88
POSI-J-009789,"Frontiers in Soil Science",P1.06,high,mature,4.086363636363636,Citation Q2,60.04
POSI-J-000183,"Frontiers in Space Technologies",P1.03,high,mature,2.4473684210526314,Citation Q3,48.81
POSI-J-000175,"Frontiers in Sports and Active Living",P3.02,high,mature,2.327935222672065,Citation Q2,72.25
POSI-J-000177,"Frontiers in Stroke",P3.02,high,not_yet_mature,1.6,,
POSI-J-000169,"Frontiers in Surgery",P3.02,high,mature,1.4452003023431594,Citation Q2,52.78
POSI-J-004246,"Frontiers in Sustainability",P5.02,high,mature,3.37847866419295,Citation Q3,40.86
POSI-J-003705,"Frontiers in Sustainable Cities",P1.05,high,mature,3.0940499040307103,Citation Q3,40.8
POSI-J-018967,"Frontiers in Sustainable Energy Policy",P1.05,high,not_yet_mature,3.2127659574468086,,
POSI-J-000174,"Frontiers in Sustainable Food Systems",P1.06,high,mature,4.072778827977316,Citation Q2,59.24
POSI-J-018800,"Frontiers in Sustainable Resource Management",P1.05,high,not_yet_mature,3,,
POSI-J-016737,"Frontiers in Sustainable Tourism",P5.04,high,not_yet_mature,2.5454545454545454,,
POSI-J-000155,"Frontiers in Synaptic Neuroscience",P3.01,high,mature,1.7358490566037736,Citation Q4,13.97
POSI-J-020085,"Frontiers in Synthetic Biology",P1.06,medium,not_yet_mature,4,,
POSI-J-013656,"Frontiers in Systems Biology",P1.06,high,mature,3.087719298245614,Citation Q3,46.39
POSI-J-000107,"Frontiers in Systems Neuroscience",P3.01,high,mature,1.3484848484848484,Citation Q4,9.56
POSI-J-019798,"Frontiers in The Internet of Things",P1.02,medium,not_yet_mature,4.117647058823529,,
POSI-J-018670,"Frontiers in Thermal Engineering",P2.03,high,not_yet_mature,2.7857142857142856,,
POSI-J-005194,"Frontiers in Toxicology",P1.05,high,mature,4.320712694877505,Citation Q2,62.26
POSI-J-000181,"Frontiers in Transplantation",P3.02,high,not_yet_mature,1.8632478632478633,,
POSI-J-000156,"Frontiers in Tropical Diseases",P3.02,high,mature,2.623076923076923,Citation Q1,78.12
POSI-J-000184,"Frontiers in Tuberculosis",P3.02,high,not_yet_mature,1.8656716417910448,,
POSI-J-012035,"Frontiers in Urology",P3.02,high,mature,1.3106796116504855,Citation Q3,49.59
POSI-J-000187,"Frontiers in Virology",P3.02,high,mature,2.3484848484848486,Citation Q2,72.86
POSI-J-003980,"Frontiers in Virtual Reality",P1.02,high,mature,3.6,Citation Q3,45.09
POSI-J-000168,"Frontiers in Water",P1.05,high,mature,3.9584055459272096,Citation Q2,56.9
