posi_id,title,issn_queried,fetch_status,enumerated_count,works_fetched,pages_fetched,pcs_eligible_items,pcs_citation_count,pcs,pcs_coverage
POSI-J-000001,"Global Review of Humanities, Arts, and Society",3052-539X,200,38,38,2,37,13,0.35135135135135137,1
POSI-J-000002,"AI & Future Society",3053-4011,200,5,5,2,5,7,1.4,1
POSI-J-000003,"Journal of Law, Psychology, and Communication Studies",3052-9654,200,17,17,2,17,4,0.23529411764705882,1
POSI-J-000004,"Health Nexus: Interdisciplinary Medical Research Journal",3053-7037,200,6,6,2,5,2,0.4,1
POSI-J-000005,"PoliEcoM Administration Review",3053-3597,200,11,11,2,10,1,0.1,1
POSI-J-000006,"Journal of Engineering Systems and Applications",3053-478X,200,4,4,2,4,0,0,1
POSI-J-000007,"Three Teachings Studies: Confucianism, Daoism, and Buddhism",3053-6553,200,14,14,2,13,0,0,1
POSI-J-000008,"Rural Governance and Green Development",3053-7282,200,3,3,2,3,0,0,1
POSI-J-000009,"Resonance: Journal of Global Music Studies",3053-4410,200,11,11,2,11,0,0,1
POSI-J-000010,"Climate Sustainability & Global Systems",3054-9663,200,0,0,1,0,0,,
POSI-J-000011,"Journal of Social Cognition and Communication",3054-6958,200,0,0,1,0,0,,
POSI-J-000012,"Silence",3054-4386,200,0,0,1,0,0,,
POSI-J-000013,"Journal of Modern Social Sciences",3078-4441,200,52,52,2,47,36,0.7659574468085106,1
POSI-J-000014,"Journal of Current Social Issues Studies",3078-5324,200,62,62,2,55,53,0.9636363636363636,1
POSI-J-000015,"Journal of Contemporary Art Criticism",3079-7489,200,15,15,2,13,3,0.23076923076923078,1
POSI-J-000016,"人文学刊",3104-5022,200,140,140,2,140,10,0.07142857142857142,1
POSI-J-000017,"教育与教法",3080-8847,200,157,157,2,157,35,0.2229299363057325,1
POSI-J-000018,"Journal of Asia Social Science Practice",3079-7659,200,35,35,2,35,12,0.34285714285714286,1
POSI-J-000019,"中国文学学刊",3106-3675,200,12,12,2,12,2,0.16666666666666666,1
POSI-J-000020,"艺术与设计前沿",3107-0191,200,16,16,2,16,0,0,1
POSI-J-000021,"人工智能",3106-3705,200,3,3,2,3,0,0,1
POSI-J-000022,"医学与护理",3106-3713,200,4,4,2,4,10,2.5,1
POSI-J-000023,"新闻与传播",3106-9983,200,9,9,2,9,2,0.2222222222222222,1
POSI-J-000024,"中国法学学刊",3107-1708,200,9,9,2,9,13,1.4444444444444444,1
POSI-J-000025,"Engineering Frontiers",3106-0749,200,7,7,2,7,13,1.8571428571428572,1
POSI-J-000026,"当代设计研究",3105-5834,200,46,46,2,46,7,0.15217391304347827,1
POSI-J-000027,"Research on Architecture and Environment",3105-5842,200,6,6,2,6,0,0,1
POSI-J-000028,"Journal of the European Academy Open University",3105-5850,200,38,38,2,38,20,0.5263157894736842,1
POSI-J-000029,"The Journal of Interactive Social Sciences",3030-5322,200,18,18,2,18,1,0.05555555555555555,1
POSI-J-000030,"Digital Intelligence Frontiers",3135-0011,404,0,0,0,0,0,,
POSI-J-023332,"Contemporary Review of Political Thought",3056-0977,200,0,0,1,0,0,,
POSI-J-023334,"Journal of the American Chemical Society",0002-7863,200,14471,14471,16,14471,514345,35.54315527606938,1
POSI-J-023335,"Journal of Applied Physics",0021-8979,200,7154,7154,9,7154,44669,6.2439194856024605,1
POSI-J-023336,"The Journal of Chemical Physics",0021-9606,200,8473,8473,10,8473,67134,7.923285731145993,1
POSI-J-023337,"Advanced materials research",1022-6680,404,0,0,0,0,0,,
POSI-J-023338,"Physical Review Letters",0031-9007,200,9860,9860,11,9860,197005,19.98022312373225,1
POSI-J-023339,"Angewandte Chemie",0044-8249,200,19369,19369,21,19161,65400,3.413183028025677,1
POSI-J-023340,"Applied Physics Letters",0003-6951,200,10072,10072,12,10072,81525,8.094221604447975,1
POSI-J-023341,"Analytical Chemistry",0003-2700,200,10253,10253,12,10253,154331,15.052277382229592,1
POSI-J-000508,"The Astrophysical Journal",0004-637X,200,14221,14221,16,14221,177995,12.516349061247452,1
POSI-J-023342,"Applied Mechanics and Materials",1660-9336,200,0,0,1,0,0,,
POSI-J-000509,"IEEE Access",2169-3536,200,47317,47317,49,47317,601307,12.708054187712662,1
POSI-J-023343,"Tetrahedron Letters",0040-4039,200,1893,1893,3,1893,6015,3.177496038034865,1
POSI-J-023344,"The Journal of Organic Chemistry",0022-3263,200,7274,7274,9,7274,56293,7.7389331866923285,1
POSI-J-023345,"Physical Review A",0556-2791,200,0,0,1,0,0,,
POSI-J-023346,"Journal of Geophysical Research Atmospheres",0148-0227,200,0,0,1,0,0,,
POSI-J-000511,"Monthly Notices of the Royal Astronomical Society",0035-8711,200,12963,12963,14,12963,165627,12.776903494561443,1
POSI-J-023347,"Journal of Alloys and Compounds",0925-8388,200,22986,22986,24,22986,333373,14.503306360393283,1
POSI-J-000064,"Applied Sciences",2076-3417,200,51807,51807,53,51807,419386,8.095160885594611,1
POSI-J-023348,"Japanese Journal of Applied Physics",0021-4922,200,3494,3494,5,3494,13155,3.7650257584430453,1
POSI-J-023349,"The Science of The Total Environment",0048-9697,200,30421,30421,32,30421,735575,24.17984287170047,1
POSI-J-000514,"RSC Advances",2046-2069,200,14183,14183,16,14183,196443,13.850595783684692,1
POSI-J-023350,"Angewandte Chemie International Edition",1433-7851,200,19356,19356,21,19150,580934,30.33597911227154,1
POSI-J-000067,"Sensors",1424-8220,200,35789,35789,37,35789,447708,12.509653804241527,1
POSI-J-023351,"Chemical Communications",1359-7345,200,12187,12187,14,12187,113781,9.336259949126118,1
POSI-J-023352,"Inorganic Chemistry",0020-1669,200,9658,9658,11,9658,101806,10.541105819010147,1
POSI-J-023353,"Chemical Engineering Journal",1385-8947,200,39353,39353,41,39353,1032306,26.23195182069982,1
POSI-J-023354,"Biochemistry",0006-2960,200,1496,1496,3,1496,9418,6.295454545454546,1
POSI-J-023355,"Environmental Science & Technology",0013-936X,200,8760,8760,10,8760,234132,26.72739726027397,1
POSI-J-023356,"ACS Applied Materials & Interfaces",1944-8244,200,23608,23608,25,23608,436185,18.476152151812943,1
POSI-J-023357,"Applied Surface Science",0169-4332,200,12034,12034,14,12034,209128,17.37809539637693,1
POSI-J-023358,"Journal of Applied Polymer Science",0021-8995,200,6620,6620,8,6428,38556,5.998133167392657,1
POSI-J-023359,"Journal of Chromatography A",0021-9673,200,3078,3078,5,3078,28931,9.399285250162443,1
POSI-J-023360,"Chemical Physics Letters",0009-2614,200,2798,2798,4,2798,18859,6.7401715511079345,1
POSI-J-000516,"Physics Letters B",0370-2693,200,3094,3094,5,3094,31985,10.337750484809309,1
POSI-J-000517,"Optics Express",1094-4087,200,14940,14940,16,14940,124029,8.301807228915663,1
POSI-J-000063,"Energies",1996-1073,200,30876,30876,32,30876,335708,10.872781448374141,1
POSI-J-023361,"Langmuir",0743-7463,200,9340,9340,11,9340,83469,8.936723768736616,1
POSI-J-023362,"International Journal of Hydrogen Energy",0360-3199,200,18821,18821,20,18821,394909,20.98236012964242,1
POSI-J-023363,"The Journal of Physical Chemistry C",1932-7447,200,9599,9599,11,9599,76544,7.974163975414106,1
POSI-J-023364,"Physical Chemistry Chemical Physics",1463-9076,200,11636,11636,13,11636,86775,7.457459608112753,1
POSI-J-023365,"Materials",1996-1944,200,28649,28649,30,28649,283888,9.909176585570178,1
POSI-J-023366,"Review of Scientific Instruments",0034-6748,200,3600,3600,5,3600,14337,3.9825,1
POSI-J-023367,"Tetrahedron",0040-4020,200,1996,1996,3,1996,8864,4.440881763527054,1
POSI-J-023368,"Ceramics International",0272-8842,200,19698,19698,21,19698,260985,13.249314651233627,1
POSI-J-023369,"Physical review. B./Physical review. B",2469-9950,200,20900,20900,22,20900,175911,8.416794258373205,1
POSI-J-023370,"Journal of The Electrochemical Society",0013-4651,200,5006,5006,7,5006,41243,8.238713543747503,1
POSI-J-023371,"Nuclear Instruments and Methods in Physics Research Section A Accelerators Spectrometers Detectors and Associated Equipment",0168-9002,200,3600,3600,5,3600,13586,3.773888888888889,1
POSI-J-000523,"Astronomy and Astrophysics",0004-6361,200,11976,11976,13,11976,155952,13.022044088176353,1
POSI-J-023372,"Journal of Chemical Education",0021-9584,200,2541,2541,4,2541,17569,6.914207005116096,1
POSI-J-000524,"Electronics Letters",0013-5194,200,1461,1461,3,1387,3314,2.3893294881038214,1
POSI-J-023373,"EGUGA",,,,0,0,0,0,,
POSI-J-023374,"Electrochimica Acta",0013-4686,200,7019,7019,9,7019,88103,12.55207294486394,1
POSI-J-023375,"Physics Letters A",0375-9601,200,2408,2408,4,2408,13319,5.531146179401993,1
POSI-J-000525,"Geophysical Research Letters",0094-8276,200,7290,7290,9,7194,78385,10.895885460105644,1
POSI-J-023376,"Vacuum",0042-207X,200,3701,3701,5,3701,37195,10.049986490137801,1
POSI-J-023377,"Chemistry - A European Journal",0947-6539,200,8986,8986,10,8698,62408,7.174982754656243,1
POSI-J-023378,"Macromolecules",0024-9297,200,4427,4427,6,4427,56155,12.684662299525638,1
POSI-J-023379,"International Journal of Biological Macromolecules",0141-8130,200,27671,27671,29,27671,442661,15.997289581149941,1
POSI-J-023380,"Proceedings of the American Mathematical Society",0002-9939,200,1718,1718,3,1674,2377,1.419952210274791,1
POSI-J-023381,"The Journal of Physical Chemistry B",1520-5207,200,4821,4821,6,4821,34980,7.255756067205974,1
POSI-J-023382,"AAPG Bulletin",0149-1423,200,329,329,2,329,2213,6.72644376899696,1
POSI-J-023383,"Chemosphere",0045-6535,200,12747,12747,14,12747,317581,24.91417588452185,1
POSI-J-023384,"Journal of Colloid and Interface Science",0021-9797,200,10461,10461,12,10461,265587,25.38829939776312,1
POSI-J-023385,"Journal of Cleaner Production",0959-6526,200,16674,16674,18,16674,478176,28.677941705649513,1
POSI-J-023386,"Journal of Magnetism and Magnetic Materials",0304-8853,200,4197,4197,6,4197,31542,7.515368120085776,1
POSI-J-023387,"Archiv der Pharmazie",0365-6233,200,918,918,2,870,6206,7.133333333333334,1
POSI-J-023388,"Construction and Building Materials",0950-0618,200,18389,18389,20,18389,364419,19.817227690467128,1
POSI-J-023389,"Journal of Materials Science",0022-2461,200,5421,5421,7,5421,52101,9.610957387935805,1
POSI-J-023390,"Physical Review C",0556-2813,200,0,0,1,0,0,,
POSI-J-023391,"Analytical and Bioanalytical Chemistry",1618-2642,200,2473,2473,4,2473,23760,9.607763849575415,1
POSI-J-023392,"Thin Solid Films",0040-6090,200,1360,1360,3,1360,7744,5.694117647058824,1
POSI-J-000528,"Journal of High Energy Physics",1029-8479,200,10369,10369,12,10369,121518,11.71935577201273,1
POSI-J-023393,"Analytica Chimica Acta",0003-2670,200,4481,4481,6,4481,62443,13.935059138585137,1
POSI-J-023394,"Fuel",0016-2361,200,13256,13256,15,13256,283661,21.398687386843694,1
POSI-J-023395,"Industrial & Engineering Chemistry Research",0888-5885,200,7600,7600,9,7600,70559,9.284078947368421,1
POSI-J-023396,"Materials Science and Engineering A",0921-5093,200,6295,6295,8,6295,111777,17.75647339158062,1
POSI-J-023397,"Optics Letters",0146-9592,200,7114,7114,9,7114,55490,7.8001124543154345,1
POSI-J-023398,"Organic Letters",1523-7052,200,8428,8428,10,8428,87710,10.406976744186046,1
POSI-J-023399,"Advanced Materials",0935-9648,200,13651,13651,15,13443,624980,46.49111061519006,1
POSI-J-023400,"Medical Physics",0094-2405,200,2988,2988,4,2939,21084,7.17386866281048,1
POSI-J-023401,"Journal of Organometallic Chemistry",0022-328X,200,1282,1282,3,1282,6363,4.963338533541342,1
POSI-J-023402,"Journal of the Physical Society of Japan",0031-9015,200,1217,1217,3,1217,6500,5.341002465078061,1
POSI-J-023403,"Solid State Communications",0038-1098,200,1259,1259,3,1259,8350,6.6322478157267675,1
POSI-J-023404,"Energy",0360-5442,200,17393,17393,19,17393,396069,22.771747254642673,1
POSI-J-023405,"Physical review. D/Physical review. D.",2470-0010,200,18195,18195,20,18195,214808,11.805880736466062,1
POSI-J-023406,"Advanced Functional Materials",1616-301X,200,18391,18391,20,18183,531371,29.22350547214431,1
POSI-J-023407,"Journal of Hazardous Materials",0304-3894,200,13545,13545,15,13545,378230,27.923957179771133,1
POSI-J-000062,"Remote Sensing",2072-4292,200,21038,21038,23,21038,254021,12.074389200494343,1
POSI-J-023408,"The Analyst",0003-2654,200,2639,2639,4,2639,21052,7.977264115195149,1
POSI-J-023409,"Nuclear Instruments and Methods in Physics Research Section B Beam Interactions with Materials and Atoms",0168-583X,200,1195,1195,3,1195,4157,3.478661087866109,1
POSI-J-023410,"Materials Letters",0167-577X,200,7676,7676,9,7676,54161,7.055888483585201,1
POSI-J-023411,"The Journal of Physical Chemistry A",1089-5639,200,4510,4510,6,4510,27351,6.064523281596452,1
POSI-J-023412,"Monthly Weather Review",0027-0644,200,665,665,2,665,2625,3.9473684210526314,1
POSI-J-023413,"Polymer",0032-3861,200,4401,4401,6,4401,42884,9.744149057032493,1
POSI-J-023414,"Journal of Crystal Growth",0022-0248,200,1363,1363,3,1363,7540,5.531914893617022,1
POSI-J-023415,"Materials Today Proceedings",2214-7853,200,15956,15956,17,15956,120891,7.576522938079719,1
POSI-J-023416,"Journal of Power Sources",0378-7753,200,6819,6819,8,6819,124244,18.220266901305177,1
POSI-J-023417,"Physica B Condensed Matter",0921-4526,200,3791,3791,5,3791,27642,7.291479820627803,1
POSI-J-023418,"Journal of Physics Condensed Matter",0953-8984,200,2651,2651,4,2651,13575,5.12070916635232,1
POSI-J-023419,"Optics Communications",0030-4018,200,3946,3946,5,3946,24113,6.110745058286873,1
POSI-J-023420,"Dalton Transactions",1477-9226,200,7892,7892,9,7892,60209,7.629118094272681,1
POSI-J-023421,"Journal of Materials Chemistry A",2050-7488,200,11199,11199,13,11199,224450,20.041968032860076,1
POSI-J-023422,"Surface Science",0039-6028,200,584,584,2,584,2941,5.035958904109589,1
POSI-J-023423,"Nuclear Physics A",0375-9474,200,578,578,2,578,2968,5.134948096885813,1
POSI-J-023424,"Russian Chemical Bulletin",1063-5211,200,0,0,1,0,0,,
POSI-J-023425,"Sensors and Actuators B Chemical",0925-4005,200,7038,7038,9,7038,143336,20.366013071895424,1
POSI-J-023426,"Bulletin of the Chemical Society of Japan",0009-2673,200,664,664,2,664,5391,8.118975903614459,1
POSI-J-023427,"physica status solidi (b)",0370-1972,200,1344,1344,3,1298,4879,3.758859784283513,1
POSI-J-000534,"Applied and Environmental Microbiology",0099-2240,200,2281,2281,4,2281,23007,10.08636562911004,1
POSI-J-023428,"Antarctica A Keystone in a Changing World",0196-1497,200,0,0,1,0,0,,
POSI-J-023429,"Journal of the American Ceramic Society",0002-7820,200,2961,2961,4,2913,24925,8.55647099210436,1
POSI-J-023430,"Talanta",0039-9140,200,5230,5230,7,5230,79668,15.232887189292542,1
POSI-J-000538,"ACS Omega",2470-1343,200,19129,19129,21,19129,221002,11.553243766009723,1
POSI-J-023431,"Journal of Physics D Applied Physics",0022-3727,200,3810,3810,5,3810,26187,6.873228346456693,1
POSI-J-023432,"physica status solidi (a)",0031-8965,200,0,0,1,0,0,,
POSI-J-023433,"International Journal of Heat and Mass Transfer",0017-9310,200,5011,5011,7,5011,82221,16.408102175214527,1
POSI-J-023434,"Annalen der Physik",0003-3804,200,840,840,2,792,4079,5.150252525252525,1
POSI-J-023435,"Journal of Mathematical Analysis and Applications",0022-247X,200,3661,3661,5,3661,11339,3.0972411909314395,1
POSI-J-023436,"Bioresource Technology",0960-8524,200,6433,6433,8,6433,169795,26.394372765428262,1
POSI-J-023437,"Physics of Fluids",1070-6631,200,16494,16494,18,16494,117623,7.131259852067418,1
POSI-J-023438,"Procedia Computer Science",1877-0509,200,11741,11741,13,11741,69751,5.940805723532919,1
POSI-J-023439,"Colloids and Surfaces A Physicochemical and Engineering Aspects",0927-7757,200,9873,9873,11,9873,130172,13.18464499139066,1
POSI-J-023440,"Physica Scripta",0031-8949,200,10808,10808,12,10808,51911,4.803016284233901,1
POSI-J-023441,"Chemical Engineering Science",0009-2509,200,4667,4667,6,4667,53856,11.539747160917077,1
POSI-J-023442,"Small",1613-6810,200,16037,16037,18,15832,291872,18.4355735219808,1
POSI-J-023443,"Journal of Nuclear Materials",0022-3115,200,2383,2383,4,2383,20276,8.508602601762485,1
POSI-J-023444,"Nanoscale",2040-3364,200,8023,8023,10,8023,93802,11.691636544933317,1
POSI-J-023445,"Physica A Statistical Mechanics and its Applications",0378-4371,200,3181,3181,5,3181,26897,8.455517132977052,1
POSI-J-023446,"Chemie Ingenieur Technik",0009-286X,200,1300,1300,3,1258,3125,2.4841017488076313,1
POSI-J-023447,"Applied Thermal Engineering",1359-4311,200,10166,10166,12,10166,158959,15.63633680897108,1
POSI-J-023448,"IEEE Transactions on Nuclear Science",0018-9499,200,1752,1752,3,1752,7097,4.050799086757991,1
POSI-J-023449,"IEEE Transactions on Electron Devices",0018-9383,200,4683,4683,6,4683,39669,8.47085201793722,1
POSI-J-000544,"The Astronomical Journal",0004-6256,200,2421,2421,4,2421,29145,12.038413878562578,1
POSI-J-023450,"Journal of Fluid Mechanics",0022-1120,200,4739,4739,6,4739,43916,9.266933952310614,1
POSI-J-023451,"Transactions of the American Mathematical Society",0002-9947,200,1057,1057,3,1013,2293,2.263573543928924,1
POSI-J-023452,"IEEE Sensors Journal",1530-437X,200,13942,13942,15,13942,143492,10.29206713527471,1
POSI-J-023453,"Water",2073-4441,200,15807,15807,17,15807,141399,8.945340671854241,1
POSI-J-023454,"Polymers",2073-4360,200,17228,17228,19,17228,275133,15.970106802879034,1
POSI-J-023455,"Surface and Coatings Technology",0257-8972,200,4284,4284,6,4284,63205,14.753734827264239,1
POSI-J-000546,"Nuclear Physics B",0550-3213,200,1427,1427,3,1427,9484,6.646110721793973,1
POSI-J-023456,"Water Research",0043-1354,200,6004,6004,8,6004,191208,31.846768820786142,1
POSI-J-023457,"Organometallics",0276-7333,200,1628,1628,3,1628,9201,5.651719901719901,1
POSI-J-023458,"Journal of Non-Crystalline Solids",0022-3093,200,1989,1989,3,1989,18175,9.137757667169431,1
POSI-J-023459,"Separation and Purification Technology",1383-5866,200,14225,14225,16,14225,283659,19.940878734622146,1
POSI-J-023460,"Zeitschrift für Physikalische Chemie",0044-3336,200,0,0,1,0,0,,
POSI-J-023461,"The International Journal of Advanced Manufacturing Technology",0268-3768,200,8771,8771,10,8771,77601,8.847451829893968,1
POSI-J-023462,"Analytical Biochemistry",0003-2697,200,996,996,2,996,7823,7.854417670682731,1
POSI-J-023463,"Microelectronics Reliability",0026-2714,200,1180,1180,3,1180,6943,5.883898305084746,1
POSI-J-023464,"Journal of Materials Science Materials in Electronics",0957-4522,200,8978,8978,10,8978,51668,5.754956560481176,1
POSI-J-023465,"Electronics",2079-9292,200,19391,19391,21,19391,170829,8.80970553349492,1
POSI-J-023466,"Carbon",0008-6223,200,4020,4020,6,4020,107004,26.617910447761194,1
POSI-J-023467,"New Journal of Chemistry",0398-9836,404,0,0,0,0,0,,
POSI-J-023468,"Journal of Environmental Management",0301-4797,200,13688,13688,15,13688,278669,20.358635300993573,1
POSI-J-023469,"Chemistry Letters",0366-7022,200,1006,1006,3,1006,2448,2.433399602385686,1
POSI-J-000552,"Water Science & Technology",0273-1223,200,1447,1447,3,1447,12034,8.316516931582585,1
POSI-J-023470,"Journal of Hydrology",0022-1694,200,6459,6459,8,6459,110170,17.05681994116736,1
POSI-J-023471,"Journal of Sound and Vibration",0022-460X,200,2082,2082,4,2082,27452,13.18539865513929,1
POSI-J-023472,"IFAC-PapersOnLine",2405-8963,200,10449,10449,12,10449,26006,2.488850607713657,1
POSI-J-023473,"IEEE Transactions on Instrumentation and Measurement",0018-9456,200,10801,10801,12,10801,113175,10.478196463290436,1
POSI-J-023474,"ACS Nano",1936-0851,200,10084,10084,12,10084,348410,34.550773502578345,1
POSI-J-023475,"Environmental Pollution",0269-7491,200,8245,8245,10,8245,166791,20.229351121892055,1
POSI-J-023476,"Physica C Superconductivity",0921-4534,200,512,512,2,512,1529,2.986328125,1
POSI-J-023477,"AIAA Journal",0001-1452,200,1752,1752,3,1752,13782,7.866438356164384,1
POSI-J-023478,"Physics of Plasmas",1070-664X,200,3414,3414,5,3414,17685,5.180140597539543,1
POSI-J-023479,"Journal of Molecular Liquids",0167-7322,200,10382,10382,12,10382,137840,13.27682527451358,1
POSI-J-023480,"Chemistry of Materials",0897-4756,200,4184,4184,6,4184,68493,16.370219885277248,1
POSI-J-023481,"Applied Energy",0306-2619,200,7905,7905,9,7905,246382,31.16786843769766,1
POSI-J-000554,"Mathematics",2227-7390,200,17970,17970,19,17970,119978,6.6765720645520314,1
POSI-J-023482,"Renewable Energy",0960-1481,200,7567,7567,9,7567,192803,25.47945024448262,1
POSI-J-023483,"Marine Pollution Bulletin",0025-326X,200,5005,5005,7,5005,67981,13.582617382617382,1
POSI-J-023484,"Journal of the American Statistical Association",0162-1459,200,782,782,2,782,5682,7.265984654731458,1
POSI-J-023485,"Neurocomputing",0925-2312,200,6530,6530,8,6530,104624,16.022052067381317,1
POSI-J-023486,"Advances in Space Research",0273-1177,200,3270,3270,5,3270,25750,7.874617737003058,1
POSI-J-023487,"Journal of Pharmaceutical Sciences",0022-3549,200,1524,1524,3,1524,13826,9.072178477690288,1
POSI-J-023488,"Nano Letters",1530-6984,200,7505,7505,9,7505,141419,18.843304463690874,1
POSI-J-023489,"Materials Chemistry and Physics",0254-0584,200,5802,5802,7,5802,75383,12.992588762495691,1
POSI-J-023490,"IEEE Transactions on Geoscience and Remote Sensing",0196-2892,200,10699,10699,12,10699,181777,16.990092532012337,1
POSI-J-023491,"Energy & Fuels",0887-0624,200,6470,6470,8,6470,84632,13.080680061823802,1
POSI-J-023492,"IEEE Transactions on Automatic Control",0018-9286,200,3193,3193,5,3193,57580,18.0331976197933,1
POSI-J-023493,"Ocean Engineering",0029-8018,200,11615,11615,13,11615,165680,14.264313387860525,1
POSI-J-023494,"Journal of Membrane Science",0376-7388,200,4046,4046,6,4046,89548,22.13247652001977,1
POSI-J-023495,"Spectrochimica Acta Part A Molecular and Biomolecular Spectroscopy",1386-1425,200,5782,5782,7,5782,68626,11.86890349360083,1
POSI-J-023496,"Public Health",0033-3506,200,1592,1592,3,1592,11972,7.5201005025125625,1
POSI-J-023497,"Journal of Mathematical Physics",0022-2488,200,1763,1763,3,1763,5337,3.0272263187748156,1
POSI-J-023498,"IEEE Transactions on Microwave Theory and Techniques",0018-9480,200,2696,2696,4,2696,31977,11.860905044510385,1
POSI-J-023499,"Journal of Radioanalytical and Nuclear Chemistry",0236-5731,200,2505,2505,4,2505,9279,3.704191616766467,1
POSI-J-023500,"Geochimica et Cosmochimica Acta",0016-7037,200,1666,1666,3,1666,21114,12.673469387755102,1
POSI-J-023501,"Journal of Thermal Analysis and Calorimetry",1388-6150,200,3979,3979,5,3979,29619,7.4438301080673535,1
POSI-J-023502,"Colloid & Polymer Science",0303-402X,200,626,626,2,626,3697,5.905750798722044,1
POSI-J-023503,"Ecology",0012-9658,200,1278,1278,3,1230,11971,9.732520325203252,1
POSI-J-023504,"Mayo Clinic Proceedings",0025-6196,200,1490,1490,3,1490,9719,6.5228187919463085,1
POSI-J-000556,"Environmental Health Perspectives",0091-6765,200,935,935,2,935,16382,17.52085561497326,1
POSI-J-023505,"Bulletin of the American Meteorological Society",0003-0007,200,1205,1205,3,1205,8532,7.080497925311203,1
POSI-J-023506,"Organic & Biomolecular Chemistry",1477-0520,200,4821,4821,6,4821,29757,6.172370877411326,1
POSI-J-023507,"IEEE Transactions on Power Electronics",0885-8993,200,5867,5867,7,5867,108510,18.49497187659792,1
POSI-J-023508,"Applied Physics A",0947-8396,200,3975,3975,5,3975,27734,6.977106918238993,1
POSI-J-023509,"IEEE Transactions on Antennas and Propagation",0018-926X,200,4706,4706,6,4706,70614,15.005099872503187,1
POSI-J-023510,"Applied Mathematics and Computation",0096-3003,200,2374,2374,4,2374,11042,4.651221566975568,1
POSI-J-023511,"Journal of Materials Chemistry C",2050-7526,200,7964,7964,9,7964,91146,11.44475138121547,1
POSI-J-023512,"Journal of Lightwave Technology",0733-8724,200,4487,4487,6,4487,47253,10.531089815021172,1
POSI-J-023513,"IEEE Transactions on Applied Superconductivity",1051-8223,200,3354,3354,5,3354,14175,4.226296958855098,1
POSI-J-023514,"Nanotechnology",0957-4484,200,2864,2864,4,2864,19820,6.920391061452514,1
POSI-J-023515,"The European Physical Journal A",1434-6001,200,58,58,2,58,628,10.827586206896552,1
POSI-J-023516,"Journal of the American Oil Chemists Society",0003-021X,200,506,506,2,457,2579,5.643326039387309,1
POSI-J-000560,"The European Physical Journal C",1434-6044,200,279,279,2,279,4651,16.670250896057347,1
POSI-J-023518,"Journal of Biomechanics",0021-9290,200,1682,1682,3,1682,11252,6.689655172413793,1
POSI-J-023519,"Microchemical Journal",0026-265X,200,9065,9065,11,9065,86190,9.507997793712079,1
POSI-J-023520,"Journal of Solid State Chemistry",0022-4596,200,2552,2552,4,2552,22911,8.977664576802507,1
POSI-J-023521,"Wear",0043-1648,200,1868,1868,3,1868,18002,9.637044967880085,1
POSI-J-023522,"Journal of Experimental Biology",0022-0949,200,2371,2371,4,2371,12302,5.188528047237453,1
POSI-J-023523,"European Journal of Organic Chemistry",1099-0690,200,3207,3207,5,3015,17622,5.844776119402985,1
POSI-J-023524,"IEEE Photonics Technology Letters",1041-1135,200,1985,1985,3,1985,8862,4.4644836272040305,1
POSI-J-023525,"Journal of Catalysis",0021-9517,200,2044,2044,4,2044,29784,14.571428571428571,1
POSI-J-023526,"Hydrobiologia",0018-8158,200,1310,1310,3,1310,7800,5.9541984732824424,1
POSI-J-000561,"Water Resources Research",0043-1397,200,2638,2638,4,2590,36874,14.237065637065637,1
POSI-J-023527,"Powder Technology",0032-5910,200,4270,4270,6,4270,51703,12.108430913348947,1
POSI-J-023528,"Environmental Research",0013-9351,200,10372,10372,12,10372,220165,21.22686077902044,1
POSI-J-023529,"Synthesis",0039-7881,200,1697,1697,3,1601,7218,4.50843222985634,1
POSI-J-023530,"Journal of Forestry",0022-1201,200,210,210,2,210,561,2.6714285714285713,1
POSI-J-023531,"ChemistrySelect",2365-6549,200,10330,10330,12,10138,44404,4.379956598934701,1
POSI-J-023532,"IEEE Transactions on Vehicular Technology",0018-9545,200,6064,6064,8,6064,110685,18.252803430079155,1
POSI-J-023533,"Engineering Structures",0141-0296,200,7217,7217,9,7217,119857,16.607593182762923,1
POSI-J-000564,"Nanomaterials",2079-4991,200,11545,11545,13,11545,162819,14.102988306626244,1
POSI-J-023534,"Biomaterials",0142-9612,200,1872,1872,3,1872,64055,34.21741452991453,1
POSI-J-023535,"Thermochimica Acta",0040-6031,200,774,774,2,774,6924,8.945736434108527,1
POSI-J-023536,"Energy Conversion and Management",0196-8904,200,4866,4866,6,4866,144912,29.78051787916153,1
POSI-J-023537,"IEEE Transactions on Industrial Electronics",0278-0046,200,5733,5733,7,5733,125481,21.88749345892203,1
POSI-J-023538,"Optik",0030-4026,200,3451,3451,5,3451,33047,9.57606490872211,1
POSI-J-023539,"Journal of Physics and Chemistry of Solids",0022-3697,200,2341,2341,4,2341,31923,13.63648013669372,1
POSI-J-023540,"Europhysics Letters (EPL)",0295-5075,200,1354,1354,3,1354,6308,4.6587887740029545,1
POSI-J-023541,"Atmospheric Environment",1352-2310,200,2209,2209,4,2209,21609,9.782254413761883,1
POSI-J-023542,"Journal of Energy Storage",2352-152X,200,14489,14489,16,14489,326615,22.542273448823245,1
POSI-J-023543,"Microwave and Optical Technology Letters",0895-2477,200,1766,1766,3,1718,4519,2.630384167636787,1
POSI-J-023544,"Carbohydrate Research",0008-6215,200,1008,1008,3,1008,5418,5.375,1
POSI-J-023545,"ZAMM ‐ Journal of Applied Mathematics and Mechanics / Zeitschrift für Angewandte Mathematik und Mechanik",0044-2267,200,1352,1352,3,1304,6348,4.868098159509202,1
POSI-J-023546,"Measurement",0263-2241,200,7483,7483,9,7483,106079,14.175998930910064,1
POSI-J-023547,"Multimedia Tools and Applications",1380-7501,200,4127,4127,6,4127,60941,14.766416283014296,1
POSI-J-023548,"Earth and Planetary Science Letters",0012-821X,200,1798,1798,3,1798,22460,12.491657397107897,1
POSI-J-023549,"Acta Materialia",1359-6454,200,3464,3464,5,3464,84991,24.53550808314088,1
POSI-J-023550,"Synthetic Metals",0379-6779,200,794,794,2,794,8905,11.21536523929471,1
POSI-J-023551,"Mathematical Problems in Engineering",1024-123X,200,3721,3721,5,3717,15676,4.217379607210115,1
POSI-J-023552,"Journal of Computational Physics",0021-9991,200,3045,3045,5,3045,33868,11.122495894909688,1
POSI-J-023553,"Postgraduate Medicine",0032-5481,200,400,400,2,400,2625,6.5625,1
POSI-J-023554,"Physical review. E",2470-0045,200,7171,7171,9,7171,41256,5.753172500348627,1
POSI-J-023555,"Journal of Luminescence",0022-2313,200,2754,2754,4,2754,25440,9.237472766884531,1
POSI-J-023556,"Processes",2227-9717,200,13303,13303,15,13303,108904,8.186424114861309,1
POSI-J-023557,"Soft Matter",1744-683X,200,3997,3997,5,3997,25865,6.471103327495622,1
POSI-J-000572,"Advanced Science",2198-3844,200,13419,13419,15,13251,274213,20.693758961587804,1
POSI-J-000505,"Scientific Reports",2045-2322,200,126635,126635,128,126635,1255072,9.910940893118017,1
POSI-J-000506,"Journal of Biological Chemistry",0021-9258,200,9163,9163,11,9163,54914,5.993015387973371,1
POSI-J-023558,"Proceedings of the National Academy of Sciences",0027-8424,200,15884,15884,17,15884,333664,21.006295643414756,1
POSI-J-023559,"International Journal of Molecular Sciences",1422-0067,200,59781,59781,61,59781,854925,14.300948461885884,1
POSI-J-023560,"Biochemical and Biophysical Research Communications",0006-291X,200,5731,5731,7,5731,33591,5.861280753795149,1
POSI-J-000512,"Nature Communications",2041-1723,200,40063,40063,42,40063,1509052,37.666974515138655,1
POSI-J-023561,"Annals of the New York Academy of Sciences",0077-8923,200,903,903,2,856,9073,10.59929906542056,1
POSI-J-023562,"Brain Research",0006-8993,200,1614,1614,3,1614,10762,6.667905824039653,1
POSI-J-023563,"FEBS Letters",0014-5793,200,1222,1222,3,1127,8411,7.463176574977817,1
POSI-J-000099,"Frontiers in Immunology",1664-3224,200,27276,27276,29,27276,411424,15.083736618272473,1
POSI-J-000521,"Nucleic Acids Research",0305-1048,200,5280,5280,7,5280,216245,40.95549242424242,1
POSI-J-000522,"Journal of Bacteriology",0021-9193,200,861,861,2,861,8143,9.45760743321719,1
POSI-J-000103,"Frontiers in Psychology",1664-1078,200,21362,21362,23,21362,214379,10.035530381050464,1
POSI-J-000526,"Journal of Virology",0022-538X,200,2692,2692,4,2692,26677,9.909732540861812,1
POSI-J-023564,"The Journal of Physiology",0022-3751,200,2361,2361,4,2265,17482,7.71832229580574,1
POSI-J-023565,"European Journal of Pharmacology",0014-2999,200,3077,3077,5,3077,32758,10.646083847903803,1
POSI-J-000532,"Journal of Dairy Science",0022-0302,200,3405,3405,5,3405,36772,10.799412628487518,1
POSI-J-023566,"Journal of Neuroscience",0270-6474,200,2943,2943,4,2943,32221,10.948352021746517,1
POSI-J-023567,"European Journal of Cancer",0959-8049,200,3783,3783,5,3783,29087,7.688871266190854,1
POSI-J-000118,"Frontiers in Microbiology",1664-302X,200,16239,16239,18,16239,215626,13.278280682308024,1
POSI-J-023568,"Journal of Medicinal Chemistry",0022-2623,200,4773,4773,6,4773,73385,15.375026188979678,1
POSI-J-023569,"Neuroscience Letters",0304-3940,200,1472,1472,3,1472,8764,5.953804347826087,1
POSI-J-023570,"The Journal of Infectious Diseases",0022-1899,200,2413,2413,4,2413,23043,9.549523414836303,1
POSI-J-023571,"Life Sciences",0024-3205,200,3232,3232,5,3232,43707,13.523205445544555,1
POSI-J-023572,"Biochemical Journal",0264-6021,200,509,509,2,509,6110,12.003929273084479,1
POSI-J-000535,"Journal of Clinical Investigation",0021-9738,200,1,1,2,1,0,0,1
POSI-J-023573,"PLANT PHYSIOLOGY",0032-0889,200,2646,2646,4,2646,39730,15.0151171579743,1
POSI-J-023574,"Journal of Molecular Biology",0022-2836,200,1583,1583,3,1583,19809,12.513581806696147,1
POSI-J-023575,"Journal of Economic Entomology",0022-0493,200,1126,1126,3,1126,6350,5.63943161634103,1
POSI-J-023576,"Phytochemistry",0031-9422,200,1354,1354,3,1354,11575,8.548744460856721,1
POSI-J-000497,"Cellular and Molecular Life Sciences",1420-682X,200,1425,1425,3,1425,30276,21.246315789473684,1
POSI-J-000121,"Frontiers in Plant Science",1664-462X,200,16118,16118,18,16118,225788,14.008437771435663,1
POSI-J-000539,"Poultry Science",0032-5791,200,4498,4498,6,4498,42281,9.399955535793685,1
POSI-J-023577,"Archives of Biochemistry and Biophysics",0003-9861,200,1124,1124,3,1124,8184,7.2811387900355875,1
POSI-J-023578,"Journal of Applied Physiology",0161-7567,404,0,0,0,0,0,,
POSI-J-000541,"Infection and Immunity",0019-9567,200,759,759,2,759,6469,8.523056653491436,1
POSI-J-023579,"FEMS Microbiology Letters",0378-1097,200,9,9,2,9,32,3.5555555555555554,1
POSI-J-023580,"Antimicrobial Agents and Chemotherapy",0066-4804,200,1748,1748,3,1748,19761,11.30491990846682,1
POSI-J-023581,"Biochemical Pharmacology",0006-2952,200,2185,2185,4,2185,29185,13.356979405034325,1
POSI-J-000543,"Journal of Clinical Microbiology",0095-1137,200,1027,1027,3,1027,10916,10.629016553067187,1
POSI-J-023582,"International Journal of Cancer",0020-7136,200,2065,2065,4,1968,19732,10.026422764227643,1
POSI-J-023583,"Journal of Neurochemistry",0022-3042,200,1179,1179,3,1105,9547,8.639819004524886,1
POSI-J-023584,"Bioorganic & Medicinal Chemistry Letters",0960-894X,200,1516,1516,3,1516,7545,4.976912928759894,1
POSI-J-000550,"eLife",2050-084X,200,9491,9491,11,9491,125575,13.230955642187336,1
POSI-J-023585,"Molecular and Cellular Biology",0270-7306,200,0,0,1,0,0,,
POSI-J-023586,"Biological Psychiatry",0006-3223,200,4932,4932,6,4932,22397,4.541159772911597,1
POSI-J-000545,"HortScience",0018-5345,200,1134,1134,3,1134,3268,2.8818342151675487,1
POSI-J-000105,"Frontiers in Pharmacology",1663-9812,200,16714,16714,18,16714,196889,11.779885126241474,1
POSI-J-000547,"Open Forum Infectious Diseases",2328-8957,200,9903,9903,11,9903,25843,2.6096132485105525,1
POSI-J-023587,"Biochemical Society Transactions",0300-5127,200,665,665,2,665,9261,13.926315789473684,1
POSI-J-023588,"Clinical Chemistry",0009-9147,200,2795,2795,4,2795,7344,2.6275491949910554,1
POSI-J-023589,"Clinica Chimica Acta",0009-8981,200,4217,4217,6,4217,13203,3.130898743182357,1
POSI-J-023590,"Virology",0042-6822,200,998,998,2,998,6059,6.071142284569138,1
POSI-J-023591,"Journal of Neurology Neurosurgery & Psychiatry",0022-3050,200,1490,1490,3,1490,11253,7.55234899328859,1
POSI-J-023592,"Neuroscience",0306-4522,200,2320,2320,4,2320,14648,6.313793103448276,1
POSI-J-023593,"Chemical and Pharmaceutical Bulletin",0009-2363,200,580,580,2,580,1937,3.339655172413793,1
POSI-J-023594,"Perceptual and Motor Skills",0031-5125,200,516,516,2,516,2599,5.036821705426356,1
POSI-J-023595,"The Journal of Cell Biology",0021-9525,200,1049,1049,3,1049,16808,16.02287893231649,1
POSI-J-023596,"American Journal of Botany",0002-9122,200,747,747,2,699,4513,6.456366237482118,1
POSI-J-000553,"NeuroImage",1053-8119,200,2586,2586,4,2586,42942,16.605568445475637,1
POSI-J-023597,"Gene",0378-1119,200,2967,2967,4,2967,19742,6.653859116953151,1
POSI-J-023598,"Journal of Food Science",0022-1147,200,2496,2496,4,2446,18393,7.519623875715454,1
POSI-J-023599,"International Journal of Pharmaceutics",0378-5173,200,4498,4498,6,4498,60436,13.436193863939529,1
POSI-J-023600,"BioMed Research International",1110-7243,200,0,0,1,0,0,,
POSI-J-023601,"Oncotarget",1949-2553,200,600,600,2,595,2775,4.663865546218488,1
POSI-J-023602,"Aquaculture",0044-8486,200,4967,4967,6,4967,59666,12.012482383732635,1
POSI-J-023603,"Plant Disease",0191-2917,200,3959,3959,5,3959,18043,4.557464006062137,1
POSI-J-023604,"Carbohydrate Polymers",0144-8617,200,4956,4956,6,4956,152681,30.80730427764326,1
POSI-J-023605,"Cell",0092-8674,200,1944,1944,3,1944,180876,93.04320987654322,1
POSI-J-023606,"European Food Research and Technology",0373-0174,200,0,0,1,0,0,,
POSI-J-023607,"British Journal of Pharmacology",0007-1188,200,1378,1378,3,1279,17446,13.64034401876466,1
POSI-J-000557,"Foods",2304-8158,200,17196,17196,19,17196,255513,14.858862526168876,1
POSI-J-000593,"F1000Research",2046-1402,200,8208,8208,10,8208,16394,1.9973196881091617,1
POSI-J-023608,"Helvetica Chimica Acta",0018-019X,200,423,423,2,375,1357,3.6186666666666665,1
POSI-J-023609,"The Journal of Experimental Medicine",0022-1007,200,842,842,2,842,20347,24.165083135391924,1
POSI-J-023610,"Current Biology",0960-9822,200,3678,3678,5,3678,54658,14.86079390973355,1
POSI-J-023611,"The Journal of Comparative Neurology",0021-9967,200,580,580,2,520,2748,5.2846153846153845,1
POSI-J-023612,"Agronomy Journal",0002-1962,200,1066,1066,3,1042,5806,5.571976967370442,1
POSI-J-023613,"Clinical Neurophysiology",1388-2457,200,2764,2764,4,2764,9666,3.497105643994211,1
POSI-J-023614,"Journal of the Science of Food and Agriculture",0022-5142,200,3199,3199,5,3139,27876,8.880535202293725,1
POSI-J-023615,"Naunyn-Schmiedeberg s Archives of Pharmacology",0028-1298,200,2697,2697,4,2697,17166,6.364849833147942,1
POSI-J-023616,"Pflügers Archiv - European Journal of Physiology",0031-6768,200,491,491,2,491,4033,8.213849287169042,1
POSI-J-000066,"Animals",2076-2615,200,14882,14882,16,14882,110112,7.3990055100120955,1
POSI-J-023617,"The American Naturalist",0003-0147,200,578,578,2,578,4714,8.155709342560554,1
POSI-J-023618,"Crop Science",0011-183X,200,1021,1021,3,997,5355,5.37111334002006,1
POSI-J-023619,"Journal of Cell Science",0021-9533,200,1618,1618,3,1618,12568,7.76761433868974,1
POSI-J-023620,"Annals of Surgical Oncology",1068-9265,200,7772,7772,9,7772,26191,3.369917653113742,1
POSI-J-023621,"New Phytologist",0028-646X,200,3520,3520,5,3424,66986,19.563668224299064,1
POSI-J-023622,"School Science and Mathematics",0036-6803,200,328,328,2,301,682,2.26578073089701,1
POSI-J-023623,"Developmental Biology",0012-1606,200,811,811,2,811,4100,5.055487053020962,1
POSI-J-023624,"Journal of Neurophysiology",0022-3077,200,1151,1151,3,1151,8027,6.973935708079931,1
POSI-J-000563,"Plants",2223-7747,200,15249,15249,17,15249,177479,11.63873040855138,1
POSI-J-023625,"Molecular Therapy",1525-0016,200,1587,1587,3,1587,32101,20.227473219911783,1
POSI-J-023626,"Journal of Antimicrobial Chemotherapy",0305-7453,200,1844,1844,3,1844,16223,8.797722342733188,1
POSI-J-023627,"Journal of Ethnopharmacology",0378-8741,200,5203,5203,7,5203,74071,14.23620987891601,1
POSI-J-023628,"Genetics",0016-6731,200,0,0,1,0,0,,
POSI-J-000565,"The EMBO Journal",0261-4189,200,682,682,2,682,20387,29.892961876832846,1
POSI-J-000566,"Applied Microbiology and Biotechnology",0175-7598,200,1627,1627,3,1627,24127,14.829133374308544,1
POSI-J-023629,"Evolution",0014-3820,200,1006,1006,3,994,6556,6.5955734406438635,1
POSI-J-000082,"PeerJ",2167-8359,200,7732,7732,9,7732,54861,7.095318158303156,1
POSI-J-023630,"Soil Science Society of America Journal",0361-5995,200,638,638,2,614,3775,6.148208469055374,1
POSI-J-000567,"Cells",2073-4409,200,11099,11099,13,11099,182287,16.42373186773583,1
POSI-J-023631,"Plant and Soil",0032-079X,200,2963,2963,4,2963,26613,8.981775227809653,1
POSI-J-023632,"Biomedicine & Pharmacotherapy",0753-3322,200,6391,6391,8,6391,133125,20.830073540916914,1
POSI-J-023633,"European Journal of Immunology",0014-2980,200,1083,1083,3,1029,7729,7.511175898931001,1
POSI-J-023634,"Development",0950-1991,200,1728,1728,3,1728,16331,9.450810185185185,1
POSI-J-023635,"The Journal of Biochemistry",0021-924X,200,424,424,2,424,2076,4.89622641509434,1
POSI-J-023636,"Mycologia",0027-5514,200,266,266,2,266,1508,5.669172932330827,1
POSI-J-023637,"Biosensors and Bioelectronics",0956-5663,200,3670,3670,5,3670,96666,26.339509536784742,1
POSI-J-023638,"Toxicon",0041-0101,200,1709,1709,3,1709,7265,4.2510239906378,1
POSI-J-023639,"Proceedings of the Royal Society B Biological Sciences",0080-4649,200,0,0,1,0,0,,
POSI-J-023640,"Biochimica et Biophysica Acta (BBA) - Biomembranes",0005-2736,200,467,467,2,467,3590,7.687366167023555,1
POSI-J-000576,"LWT",0023-6438,200,6403,6403,8,6403,107974,16.86303295330314,1
POSI-J-000580,"Agronomy",2073-4395,200,12313,12313,14,12313,127134,10.325184764070494,1
POSI-J-023641,"Arteriosclerosis Thrombosis and Vascular Biology",1079-5642,200,2397,2397,4,2397,15680,6.5415102211097205,1
POSI-J-023642,"Journal of Cellular Physiology",0021-9541,200,1030,1030,3,983,8225,8.367243133265514,1
POSI-J-023643,"Cell and Tissue Research",0302-766X,200,466,466,2,466,4032,8.65236051502146,1
POSI-J-023644,"Biotechnology and Bioengineering",0006-3592,200,1219,1219,3,1171,11392,9.728437233134073,1
POSI-J-023645,"Journal of Experimental Botany",0022-0957,200,2094,2094,4,2094,31440,15.01432664756447,1
POSI-J-000582,"Bioinformatics",1367-4803,200,1330,1330,3,1330,31554,23.72481203007519,1
POSI-J-000094,"Frontiers in Neuroscience",1662-453X,200,6949,6949,8,6949,71884,10.344510001439057,1
POSI-J-000581,"BMC Genomics",1471-2164,200,4183,4183,6,4183,37938,9.069567296198901,1
POSI-J-023646,"Brain",0006-8950,200,1870,1870,3,1870,43884,23.467379679144386,1
POSI-J-023647,"Journal of Crohn s and Colitis",1873-9946,200,5791,5791,7,5791,15714,2.713520980832326,1
POSI-J-023648,"Food Research International",0963-9969,200,6341,6341,8,6341,120729,19.03942595805078,1
POSI-J-023649,"Cancer Letters",0304-3835,200,1979,1979,3,1979,39878,20.15058110156645,1
POSI-J-023650,"Clinical Pharmacology & Therapeutics",0009-9236,200,1499,1499,3,1446,14060,9.723374827109266,1
POSI-J-023651,"Physiologia Plantarum",0031-9317,200,1802,1802,3,1778,14672,8.251968503937007,1
POSI-J-023652,"Toxicology and Applied Pharmacology",0041-008X,200,1249,1249,3,1249,10095,8.082465972778223,1
POSI-J-023653,"Journal of Pharmacy and Pharmacology",0022-3573,200,576,576,2,576,4850,8.42013888888889,1
POSI-J-000588,"Microorganisms",2076-2607,200,11079,11079,13,11079,134192,12.112284502211391,1
POSI-J-023654,"Psychopharmacology",0033-3158,200,957,957,2,957,8288,8.660397074190177,1
POSI-J-023655,"Journal of Controlled Release",0168-3659,200,3406,3406,5,3406,90992,26.71520845566647,1
POSI-J-023656,"Journal of Theoretical Biology",0022-5193,200,808,808,2,808,4346,5.378712871287129,1
POSI-J-023657,"Plant Systematics and Evolution",0029-8948,200,0,0,1,0,0,,
POSI-J-023658,"Journal of General Virology",0022-1317,200,490,490,2,490,4635,9.459183673469388,1
POSI-J-023659,"Biotechnology Advances",0734-9750,200,675,675,2,675,23430,34.71111111111111,1
POSI-J-000601,"Biomedicines",2227-9059,200,12696,12696,14,12696,140169,11.040406427221171,1
POSI-J-000599,"Neuroscience Research",0168-0102,200,467,467,2,467,3521,7.539614561027837,1
POSI-J-023660,"Animal Behaviour",0003-3472,200,1071,1071,3,1071,5948,5.553688141923436,1
POSI-J-023661,"Phytopathology",0031-949X,200,918,918,2,918,14443,15.733115468409586,1
POSI-J-000119,"Frontiers in Genetics",1664-8021,200,7825,7825,9,7825,65602,8.383642172523961,1
POSI-J-023662,"Microchimica Acta",0026-3672,200,2634,2634,4,2634,29293,11.121108580106302,1
POSI-J-023663,"Planta",0032-0935,200,1084,1084,3,1084,11066,10.208487084870848,1
POSI-J-023664,"Pharmacology Biochemistry and Behavior",0091-3057,200,519,519,2,519,3248,6.258188824662813,1
POSI-J-000604,"Cell Reports",2211-1247,200,6083,6083,8,6083,129300,21.255959230642777,1
POSI-J-023665,"Biochimica et Biophysica Acta (BBA) - General Subjects",0304-4165,200,605,605,2,605,3907,6.457851239669422,1
POSI-J-023666,"Behavioural Brain Research",0166-4328,200,1759,1759,3,1759,12853,7.30699260943718,1
POSI-J-023667,"BioScience",0006-3568,200,590,590,2,590,6733,11.41186440677966,1
POSI-J-023668,"Scientia Horticulturae",0304-4238,200,3543,3543,5,3543,41597,11.740615297770251,1
POSI-J-023669,"Experimental Brain Research",0014-4819,200,934,934,2,934,4573,4.8961456102783725,1
POSI-J-023670,"Experimental Neurology",0014-4886,200,1211,1211,3,1211,13667,11.285714285714286,1
POSI-J-000607,"iScience",2589-0042,200,10420,10420,12,10420,122472,11.753550863723609,1
POSI-J-023671,"International Immunopharmacology",1567-5769,200,6753,6753,8,6753,76783,11.37020583444395,1
POSI-J-023672,"Journal of Cellular Biochemistry",0730-2312,200,624,624,2,576,3871,6.720486111111111,1
POSI-J-023673,"Human Immunology",0198-8859,200,1077,1077,3,1077,2431,2.25719591457753,1
POSI-J-023674,"European Journal of Neuroscience",0953-816X,200,1604,1604,3,1510,9351,6.192715231788079,1
POSI-J-023675,"Vision Research",0042-6989,200,450,450,2,450,1962,4.36,1
POSI-J-023676,"Annals of Botany",0305-7364,200,823,823,2,823,7148,8.685297691373025,1
POSI-J-023677,"AIDS",0269-9370,200,1294,1294,3,1294,6540,5.054095826893354,1
POSI-J-023678,"British Journal of Clinical Pharmacology",0306-5251,200,1713,1713,3,1663,11056,6.6482260974143115,1
POSI-J-000609,"Ecology and Evolution",2045-7758,200,6043,6043,8,5995,33770,5.63302752293578,1
POSI-J-023679,"Journal of Biotechnology",0168-1656,200,762,762,2,762,7360,9.658792650918635,1
POSI-J-023680,"Oncology Letters",1792-1074,200,2259,2259,4,2259,10716,4.743691899070385,1
POSI-J-023681,"Plant and Cell Physiology",0032-0781,200,677,677,2,677,7022,10.372230428360414,1
POSI-J-023682,"Molecular Microbiology",0950-382X,200,603,603,2,556,4106,7.384892086330935,1
POSI-J-023683,"IEEE Transactions on Biomedical Engineering",0018-9294,200,1619,1619,3,1619,18444,11.392217418159358,1
POSI-J-023684,"American Journal of Physiology-Regulatory, Integrative and Comparative Physiology",0363-6119,200,568,568,2,568,3557,6.262323943661972,1
POSI-J-023685,"INTERNATIONAL JOURNAL OF SYSTEMATIC AND EVOLUTIONARY MICROBIOLOGY",1466-5026,200,1821,1821,3,1821,11638,6.390993959362987,1
POSI-J-023686,"Analytical Methods",1759-9660,200,3518,3518,5,3518,19427,5.522171688459352,1
POSI-J-023687,"Archives of Virology",0003-9012,200,0,0,1,0,0,,
POSI-J-023688,"Neuropharmacology",0028-3908,200,1209,1209,3,1209,13698,11.33002481389578,1
POSI-J-023689,"Bulletin of the Korean Chemical Society",0253-2964,200,0,0,1,0,0,,
POSI-J-023690,"Genes",2073-4425,200,7776,7776,9,7776,64920,8.348765432098766,1
POSI-J-023691,"Molecular Pharmacology",0026-895X,200,354,354,2,354,2195,6.200564971751413,1
POSI-J-023692,"Molecular Biology Reports",0301-4851,200,4360,4360,6,4360,32076,7.356880733944954,1
POSI-J-000620,"Pharmaceutics",1999-4923,200,8866,8866,10,8866,158870,17.919016467403566,1
POSI-J-023693,"Journal of Heredity",0022-1503,200,340,340,2,340,2104,6.188235294117647,1
POSI-J-023694,"Bioscience Biotechnology and Biochemistry",0916-8451,200,0,0,1,0,0,,
POSI-J-023695,"Radiation Physics and Chemistry",0969-806X,200,2826,2826,4,2826,22991,8.135527246992215,1
POSI-J-023696,"Taxon",0040-0262,200,854,854,2,830,1800,2.1686746987951806,1
POSI-J-023697,"Sexually Transmitted Infections",0007-134X,404,0,0,0,0,0,,
POSI-J-023698,"Biochimica et Biophysica Acta (BBA) - Bioenergetics",0005-2728,200,923,923,2,923,1935,2.096424702058505,1
POSI-J-023699,"Food Hydrocolloids",0268-005X,200,4288,4288,6,4288,144828,33.77518656716418,1
POSI-J-023700,"Neuron",0896-6273,200,1448,1448,3,1448,54165,37.40676795580111,1
POSI-J-023701,"Theoretical and Applied Genetics",0040-5752,200,1110,1110,3,1110,11066,9.96936936936937,1
POSI-J-023702,"Alimentary Pharmacology & Therapeutics",0269-2813,200,2379,2379,4,2282,16403,7.187992988606486,1
POSI-J-023703,"Experimental Eye Research",0014-4835,200,1399,1399,3,1399,10337,7.388849177984275,1
POSI-J-023704,"Human Molecular Genetics",0964-6906,200,891,891,2,891,8159,9.15712682379349,1
POSI-J-023705,"Carcinogenesis",0143-3334,200,389,389,2,389,2798,7.19280205655527,1
POSI-J-023706,"Molecular Medicine Reports",1791-2997,200,1205,1205,3,1205,9741,8.083817427385892,1
POSI-J-023707,"Annals of the Entomological Society of America",0013-8746,200,154,154,2,154,609,3.9545454545454546,1
POSI-J-000633,"Agriculture",2077-0472,200,9517,9517,11,9517,99702,10.476200483345592,1
POSI-J-000096,"Frontiers in Human Neuroscience",1662-5161,200,2662,2662,4,2662,23210,8.71900826446281,1
POSI-J-023708,"General and Comparative Endocrinology",0016-6480,200,524,524,2,524,2485,4.74236641221374,1
POSI-J-023709,"Nutrition Reviews",0029-6643,200,801,801,2,801,9999,12.48314606741573,1
POSI-J-023710,"The Plant Journal",0960-7412,200,2402,2402,4,2306,30936,13.415437987857763,1
POSI-J-023711,"Forensic Science International",0379-0738,200,1134,1134,3,1134,7205,6.353615520282187,1
POSI-J-000132,"Frontiers in Cell and Developmental Biology",2296-634X,200,6228,6228,8,6228,80709,12.959055876685934,1
POSI-J-000631,"Microbiology",1350-0872,200,511,511,2,511,5277,10.326810176125244,1
POSI-J-023712,"Oncology Reports",1021-335X,200,782,782,2,782,5673,7.254475703324808,1
POSI-J-023713,"Neuroreport",0959-4965,200,484,484,2,484,1974,4.078512396694215,1
POSI-J-023714,"Food Control",0956-7135,200,2731,2731,4,2731,51260,18.76968143537166,1
POSI-J-000076,"PLoS neglected tropical diseases",1935-2727,404,0,0,0,0,0,,
POSI-J-000634,"Biomolecules",2218-273X,200,7121,7121,9,7121,98951,13.895660721808735,1
POSI-J-023715,"Inflammatory Bowel Diseases",1078-0998,200,1969,1969,3,1969,11662,5.922803453529711,1
POSI-J-023716,"Experimental and Therapeutic Medicine",1792-0981,200,1924,1924,3,1924,11610,6.034303534303534,1
POSI-J-023717,"American Journal of Agricultural Economics",0002-9092,200,337,337,2,317,2493,7.864353312302839,1
POSI-J-000116,"Frontiers in Veterinary Science",2297-1769,200,7529,7529,9,7529,54079,7.18275999468721,1
POSI-J-023718,"American Journal of Physiology-Cell Physiology",0363-6143,200,1073,1073,3,1073,14424,13.442684063373719,1
POSI-J-000637,"BMC Bioinformatics",1471-2105,200,1817,1817,3,1817,22931,12.620253164556962,1
POSI-J-023719,"American Journal of Medical Genetics Part A",1552-4825,200,1759,1759,3,1711,6614,3.8655756867329045,1
POSI-J-023720,"Soil Biology and Biochemistry",0038-0717,200,1186,1186,3,1186,37705,31.791736930860033,1
POSI-J-023721,"Journal of Forensic Sciences",0022-1198,200,1018,1018,3,994,3819,3.8420523138832996,1
POSI-J-023722,"American Journal of Physiology-Renal Physiology",1522-1466,200,616,616,2,616,4842,7.8603896103896105,1
POSI-J-023723,"Molecular and Cellular Biochemistry",0300-8177,200,1058,1058,3,1058,10644,10.060491493383743,1
POSI-J-000640,"Data in Brief",2352-3409,200,4463,4463,6,4463,20742,4.647546493390096,1
POSI-J-023724,"Human Genetics",0018-7348,200,0,0,1,0,0,,
POSI-J-000641,"Journal of Food Protection",0362-028X,200,852,852,2,852,6886,8.082159624413146,1
POSI-J-000072,"PLoS Computational Biology",1553-734X,200,0,0,1,0,0,,
POSI-J-023725,"Journal of Neuroscience Research",0360-4012,200,557,557,2,509,3629,7.129666011787819,1
POSI-J-023727,"Molecular Ecology",0962-1083,200,1844,1844,3,1748,18695,10.69508009153318,1
POSI-J-000073,"PLoS Pathogens",1553-7366,200,0,0,1,0,0,,
POSI-J-023728,"International Journal of Legal Medicine",0044-3433,200,0,0,1,0,0,,
POSI-J-023729,"Molecular Cancer Therapeutics",1535-7163,200,1133,1133,3,1133,8424,7.435127978817299,1
POSI-J-023730,"Molecular and Cellular Endocrinology",0303-7207,200,727,727,2,727,6683,9.192572214580467,1
POSI-J-023731,"AFRICAN JOURNAL OF BIOTECHNOLOGY",1684-5315,200,99,99,2,99,235,2.3737373737373737,1
POSI-J-023732,"Biopolymers",0006-3525,200,297,297,2,261,1103,4.226053639846743,1
POSI-J-023733,"Fish & Shellfish Immunology",1050-4648,200,2960,2960,4,2960,30584,10.332432432432432,1
POSI-J-023734,"International Journal of Food Microbiology",0168-1605,200,1376,1376,3,1376,17912,13.017441860465116,1
POSI-J-023735,"Cellular Immunology",0008-8749,200,349,349,2,349,2387,6.839541547277937,1
POSI-J-023736,"Toxicology",0300-483X,200,914,914,2,914,11977,13.103938730853391,1
POSI-J-023737,"The Plant Cell",1040-4651,200,1324,1324,3,1324,31676,23.924471299093657,1
POSI-J-023738,"Canadian Journal of Microbiology",0008-4166,200,244,244,2,244,1243,5.094262295081967,1
POSI-J-023739,"Breast Cancer Research and Treatment",0167-6806,200,1416,1416,3,1416,10712,7.564971751412429,1
POSI-J-023740,"Veterinary Microbiology",0378-1135,200,1165,1165,3,1165,6951,5.966523605150215,1
POSI-J-000655,"Cell Death and Disease",2041-4889,200,3869,3869,5,3869,92137,23.814163866632203,1
POSI-J-000651,"Pharmacological Research",1043-6618,200,1933,1933,3,1933,47695,24.67408173823073,1
POSI-J-023741,"Peptides",0196-9781,200,466,466,2,466,3617,7.761802575107296,1
POSI-J-000653,"International Journal of Food Science & Technology",0950-5423,200,2579,2579,4,2543,21919,8.619347227683837,1
POSI-J-000141,"Frontiers in Cellular and Infection Microbiology",2235-2988,200,6343,6343,8,6343,81767,12.890903358032476,1
POSI-J-000652,"Brain Research Bulletin",0361-9230,200,1216,1216,3,1216,10690,8.791118421052632,1
POSI-J-023742,"Journal of Food Engineering",0260-8774,200,1306,1306,3,1306,20549,15.734303215926493,1
POSI-J-023743,"Neuropsychologia",0028-3932,200,814,814,2,814,5161,6.34029484029484,1
POSI-J-000657,"Geoderma",0016-7061,200,1964,1964,3,1964,37611,19.15020366598778,1
POSI-J-023744,"International Journal of Antimicrobial Agents",0924-8579,200,1060,1060,3,1060,10599,9.999056603773585,1
POSI-J-023745,"Cytokine",1043-4666,200,1109,1109,3,1109,10518,9.484220018034264,1
POSI-J-023746,"Nature Genetics",1061-4036,200,1463,1463,3,1463,70917,48.473684210526315,1
POSI-J-023747,"Euphytica",0014-2336,200,702,702,2,702,2732,3.8917378917378915,1
POSI-J-023748,"Science",0036-8075,200,8099,8099,10,8099,385955,47.65464872206445,1
POSI-J-023749,"JAMA",0002-9955,200,0,0,1,0,0,,
POSI-J-023750,"New England Journal of Medicine",0028-4793,200,4191,4191,6,4191,289680,69.11954187544738,1
POSI-J-023751,"Sustainability",2071-1050,200,56676,56676,58,56676,684299,12.07387606747124,1
POSI-J-023752,"International Journal of Environmental Research and Public Health",1660-4601,200,27511,27511,29,27511,360543,13.105412380502344,1
POSI-J-023753,"Annals of Internal Medicine",0003-4819,200,2591,2591,4,2591,25501,9.842145889617909,1
POSI-J-023754,"Journal of the Franklin Institute",0016-0032,200,2742,2742,4,2742,23048,8.405543398978848,1
POSI-J-023755,"American Journal of Psychiatry",0002-953X,200,675,675,2,675,13226,19.594074074074076,1
POSI-J-023756,"Environmental Science and Pollution Research",0944-1344,200,4963,4963,6,4963,107742,21.70904694741084,1
POSI-J-023757,"The Journal of Nervous and Mental Disease",0022-3018,200,408,408,2,408,1780,4.362745098039215,1
POSI-J-023758,"Transportation Research Record Journal of the Transportation Research Board",0361-1981,200,3649,3649,5,3649,18440,5.053439298437929,1
POSI-J-023759,"International Affairs",0020-5850,200,1268,1268,3,1268,4476,3.529968454258675,1
POSI-J-023760,"American Political Science Review",0003-0554,200,532,532,2,532,7096,13.338345864661655,1
POSI-J-023761,"The British Journal of Psychiatry",0007-1250,200,1027,1027,3,1027,5669,5.5199610516066215,1
POSI-J-023762,"Vaccine",0264-410X,200,4325,4325,6,4325,36822,8.513757225433526,1
POSI-J-023763,"The Annals of the American Academy of Political and Social Science",0002-7162,200,262,262,2,262,2416,9.221374045801527,1
POSI-J-023764,"JNCI Journal of the National Cancer Institute",0027-8874,200,1217,1217,3,1217,13521,11.110106820049301,1
POSI-J-023765,"Expert Systems with Applications",0957-4174,200,11368,11368,13,11368,259167,22.797941590429275,1
POSI-J-023766,"Psychological Reports",0033-2941,200,936,936,2,936,3985,4.257478632478633,1
POSI-J-000089,"Frontiers in Public Health",2296-2565,200,19483,19483,21,19483,180956,9.287892008417595,1
POSI-J-023767,"American Journal of Sociology",0002-9602,200,535,535,2,535,1554,2.904672897196262,1
POSI-J-023768,"Psychiatric Services",0022-1597,404,0,0,0,0,0,,
POSI-J-023769,"European Journal of Operational Research",0377-2217,200,2560,2560,4,2560,51949,20.292578125,1
POSI-J-023770,"Modern Language Journal",0026-7902,200,307,307,2,287,2387,8.317073170731707,1
POSI-J-023771,"Geographical Journal",0016-7398,200,277,277,2,261,1746,6.689655172413793,1
POSI-J-023772,"Social Science & Medicine",0277-9536,200,3372,3372,5,3372,41481,12.301601423487545,1
POSI-J-023773,"Social Forces",0037-7732,200,720,720,2,720,1839,2.5541666666666667,1
POSI-J-023774,"American Journal of Epidemiology",0002-9262,200,1246,1246,3,1246,10185,8.174157303370787,1
POSI-J-023775,"Information Sciences",0020-0255,200,5190,5190,7,5190,94116,18.134104046242776,1
POSI-J-023776,"American Psychologist",0003-066X,200,869,869,2,869,6913,7.95512082853855,1
POSI-J-023777,"Physiology & Behavior",0031-9384,200,1090,1090,3,1090,7440,6.825688073394495,1
POSI-J-023778,"The Economic Journal",0013-0133,200,468,468,2,468,4390,9.38034188034188,1
POSI-J-023779,"The Journal of Higher Education",0022-1546,200,201,201,2,201,1157,5.756218905472637,1
POSI-J-023780,"Journal of the Operational Research Society",0160-5682,200,642,642,2,642,3904,6.080996884735202,1
POSI-J-023781,"Computer",0018-9162,200,1825,1825,3,1825,4624,2.5336986301369864,1
POSI-J-023782,"Journal of Personality and Social Psychology",0022-3514,200,871,871,2,871,9033,10.370838117106773,1
POSI-J-023783,"Child Development",0009-3920,200,671,671,2,647,7588,11.727975270479135,1
POSI-J-023784,"Personality and Individual Differences",0191-8869,200,1913,1913,3,1913,15143,7.915838996340826,1
POSI-J-023785,"Behavioral and Brain Sciences",0140-525X,200,1124,1124,3,1124,2948,2.622775800711744,1
POSI-J-023786,"Healthcare",2227-9032,200,11722,11722,13,11722,94717,8.08027640334414,1
POSI-J-023787,"Mind",0026-4423,200,302,302,2,302,566,1.8741721854304636,1
POSI-J-000606,"JAMA Network Open",2574-3805,200,9867,9867,11,9867,191861,19.44471470558427,1
POSI-J-023788,"Sleep Medicine",1389-9457,200,3657,3657,5,3657,15557,4.254033360678151,1
POSI-J-023789,"The Journal of Finance",0022-1082,200,435,435,2,411,16379,39.851581508515814,1
POSI-J-023790,"Journal of Political Economy",0022-3808,200,509,509,2,509,9945,19.538310412573672,1
POSI-J-023791,"PS Political Science & Politics",0030-8269,200,0,0,1,0,0,,
POSI-J-023792,"Economics Letters",0165-1765,200,1917,1917,3,1917,9958,5.194574856546687,1
POSI-J-023793,"Language",0097-8507,200,205,205,2,205,535,2.6097560975609757,1
POSI-J-023794,"Teachers College Record The Voice of Scholarship in Education",0040-0475,404,0,0,0,0,0,,
POSI-J-023795,"Journal of Marketing",0022-2429,200,218,218,2,218,6013,27.58256880733945,1
POSI-J-023796,"Human Pathology",0046-8177,200,815,815,2,815,4713,5.7828220858895705,1
POSI-J-023797,"Industrial and Labor Relations Review",0019-7939,200,251,251,2,251,980,3.904382470119522,1
POSI-J-023798,"Management Science",0025-1909,200,1868,1868,3,1868,42306,22.64775160599572,1
POSI-J-023799,"International Journal of Epidemiology",0300-5771,200,634,634,2,634,9435,14.881703470031546,1
POSI-J-023800,"The Journal of Economic History",0022-0507,200,221,221,2,221,926,4.1900452488687785,1
POSI-J-023801,"Applied Economics",0003-6846,200,2809,2809,4,2809,13968,4.972588109647561,1
POSI-J-023802,"Journal of Applied Psychology",0021-9010,200,552,552,2,552,10186,18.452898550724637,1
POSI-J-023803,"American Sociological Review",0003-1224,200,161,161,2,161,2401,14.91304347826087,1
POSI-J-023804,"Journal of Business Research",0148-2963,200,3042,3042,5,3042,104971,34.50723208415516,1
POSI-J-023805,"Journal of Intelligent & Fuzzy Systems",1064-1246,200,3733,3733,5,3733,10761,2.882668095365658,1
POSI-J-023806,"The Journal of Philosophy",0022-362X,200,166,166,2,166,441,2.6566265060240966,1
POSI-J-023807,"Journal of Educational Psychology",0022-0663,200,519,519,2,519,6366,12.265895953757225,1
POSI-J-023808,"Science Education",0036-8326,200,372,372,2,348,2608,7.494252873563219,1
POSI-J-023809,"The Journal of Politics",0022-3816,200,671,671,2,671,6381,9.509687034277198,1
POSI-J-023810,"Journal of Clinical Psychology",0021-9762,200,657,657,2,609,4085,6.707717569786535,1
POSI-J-023811,"Developmental Psychology",0012-1649,200,1299,1299,3,1299,6224,4.791377983063895,1
POSI-J-023812,"Journal of Consulting and Clinical Psychology",0022-006X,200,466,466,2,466,3911,8.392703862660944,1
POSI-J-023813,"The Accounting Review",0001-4826,200,451,451,2,451,5563,12.33481152993348,1
POSI-J-023814,"Journal of Epidemiology & Community Health",0141-7681,200,0,0,1,0,0,,
POSI-J-023815,"Applied Ergonomics",0003-6870,200,847,847,2,847,9674,11.421487603305785,1
POSI-J-023816,"Psychological Bulletin",0033-2909,200,284,284,2,284,6389,22.496478873239436,1
POSI-J-023817,"Fuzzy Sets and Systems",0165-0114,200,1214,1214,3,1214,8615,7.096375617792422,1
POSI-J-023818,"Current Psychology",1046-1310,200,6055,6055,8,6055,39980,6.60280759702725,1
POSI-J-023819,"Soft Computing",1432-7643,200,3940,3940,5,3940,30596,7.765482233502538,1
POSI-J-023820,"Synthese",0039-7857,200,178,178,2,178,1028,5.775280898876405,1
POSI-J-023821,"Southern Economic Journal",0038-4038,200,284,284,2,268,751,2.8022388059701493,1
POSI-J-023822,"African Affairs",0001-9909,200,147,147,2,147,508,3.45578231292517,1
POSI-J-023823,"Urban Studies",0042-0980,200,780,780,2,780,6435,8.25,1
POSI-J-023824,"The Elementary School Journal",0013-5984,200,127,127,2,127,389,3.062992125984252,1
POSI-J-023825,"De Economist",0013-063X,200,72,72,2,72,175,2.4305555555555554,1
POSI-J-023826,"Journal of Business Ethics",0167-4544,200,1213,1213,3,1213,20475,16.879637262984335,1
POSI-J-023827,"Asian Survey",0004-4687,200,190,190,2,190,650,3.4210526315789473,1
POSI-J-023828,"Medical Clinics of North America",0025-7125,200,517,517,2,517,3499,6.7678916827853,1
POSI-J-023829,"The Philosophical Review",0031-8108,200,163,163,2,163,292,1.7914110429447854,1
POSI-J-023830,"American Journal of Orthopsychiatry",0002-9432,200,332,332,2,332,1661,5.003012048192771,1
POSI-J-023831,"Journal of Geography",0022-1341,200,82,82,2,82,254,3.097560975609756,1
POSI-J-023832,"Chemotherapy",0009-3157,200,113,113,2,113,358,3.168141592920354,1
POSI-J-000703,"SAGE Open",2158-2440,200,5378,5378,7,5378,31842,5.920788397173671,1
POSI-J-023833,"Technological Forecasting and Social Change",0040-1625,200,2784,2784,4,2784,118869,42.69719827586207,1
POSI-J-023834,"Mathematics and Computers in Simulation",0378-4754,200,1589,1589,3,1589,19137,12.043423536815608,1
POSI-J-023835,"American Economic Review",0002-8282,200,493,493,2,493,21205,43.012170385395535,1
POSI-J-023836,"Journal of Clinical Epidemiology",0895-4356,200,1257,1257,3,1257,15812,12.579156722354814,1
POSI-J-023837,"Journal of Public Health",0943-1853,200,0,0,1,0,0,,
POSI-J-023838,"Applied Economics Letters",1350-4851,200,2174,2174,4,2174,5603,2.577276908923643,1
POSI-J-023839,"World Development",0305-750X,200,1186,1186,3,1186,16953,14.294266441821248,1
POSI-J-023840,"Annals of Operations Research",0254-5330,200,2511,2511,4,2511,25849,10.294305057745918,1
POSI-J-023841,"Medical Care",0025-7079,200,574,574,2,574,2919,5.085365853658536,1
POSI-J-023842,"The Library Quarterly",0024-2519,200,135,135,2,135,369,2.7333333333333334,1
POSI-J-023843,"Finance research letters",1544-6123,200,6136,6136,9,6136,90298,14.716101694915254,1
POSI-J-023844,"Children and Youth Services Review",0190-7409,200,1982,1982,3,1982,10833,5.4656912209889,1
POSI-J-023845,"Chemical Society Reviews",0306-0012,200,1519,1519,3,1519,131169,86.35220539828835,1
POSI-J-023846,"International Journal of Production Economics",0925-5273,200,1134,1134,3,1134,31952,28.17636684303351,1
POSI-J-023847,"International Migration Review",0197-9183,200,489,489,2,489,2370,4.846625766871166,1
POSI-J-023848,"Environment Development and Sustainability",1387-585X,200,655,655,2,655,13616,20.787786259541985,1
POSI-J-023849,"Computers in Human Behavior",0747-5632,200,1494,1494,3,1494,49517,33.14390896921017,1
POSI-J-023850,"Jahrbücher für Nationalökonomie und Statistik",0021-4027,200,159,159,2,159,389,2.4465408805031448,1
POSI-J-023851,"Economic Geography",0013-0095,200,103,103,2,103,1727,16.766990291262136,1
POSI-J-023852,"Social Work",0037-8046,200,209,209,2,209,841,4.023923444976076,1
POSI-J-023853,"Ergonomics",0014-0139,200,666,666,2,666,4092,6.1441441441441444,1
POSI-J-023854,"Energy Economics",0140-9883,200,2895,2895,4,2895,91706,31.677374784110537,1
POSI-J-000748,"Education Sciences",2227-7102,200,5350,5350,7,5350,52092,9.736822429906542,1
POSI-J-023855,"Ecological Economics",0921-8009,200,1198,1198,3,1198,21193,17.69031719532554,1
POSI-J-023856,"Educational and Psychological Measurement",0013-1644,200,185,185,2,185,1378,7.448648648648649,1
POSI-J-023857,"Public Administration Review",0033-3352,200,620,620,2,596,6366,10.681208053691275,1
POSI-J-023858,"Perspectives on Politics",1537-5927,200,1399,1399,3,1399,2265,1.6190135811293782,1
POSI-J-023859,"Current Anthropology",0011-3204,200,307,307,2,307,850,2.768729641693811,1
POSI-J-023860,"Behaviour Research and Therapy",0005-7967,200,611,611,2,611,6620,10.834697217675942,1
POSI-J-023862,"American Journal of Psychotherapy",0002-9564,200,156,156,2,156,615,3.9423076923076925,1
POSI-J-023863,"Child Abuse & Neglect",0145-2134,200,1684,1684,3,1684,15284,9.076009501187649,1
POSI-J-023864,"Clinical Therapeutics",0149-2918,200,830,830,2,830,5723,6.895180722891566,1
POSI-J-000804,"Humanities and Social Sciences Communications",2055-1045,200,0,0,1,0,0,,
POSI-J-000750,"The Korean Journal of Internal Medicine",1226-3303,200,493,493,2,493,2790,5.659229208924949,1
POSI-J-023865,"Operations Research",0030-364X,200,714,714,2,714,8064,11.294117647058824,1
POSI-J-023866,"Scientometrics",0138-9130,200,1286,1286,3,1286,12125,9.42846034214619,1
POSI-J-023867,"Philosophy and Phenomenological Research",0031-8205,200,392,392,2,368,1012,2.75,1
POSI-J-023868,"South Atlantic Quarterly",0038-2876,200,227,227,2,227,562,2.4757709251101323,1
POSI-J-000143,"Frontiers in Environmental Science",2296-665X,200,6055,6055,8,6055,69203,11.429066886870356,1
POSI-J-023869,"IMF Working Paper",1018-5941,200,1063,1063,3,1063,4810,4.524929444967074,1
POSI-J-023870,"The Computer Journal",0010-4620,200,632,632,2,632,2760,4.367088607594937,1
POSI-J-023871,"Economica",0013-0427,200,227,227,2,210,1134,5.4,1
POSI-J-023872,"The British Journal of Social Work",0045-3102,200,1014,1014,3,1014,3638,3.5877712031558184,1
POSI-J-023873,"The Journal of Social Psychology",0022-4545,200,227,227,2,227,1110,4.889867841409692,1
POSI-J-023874,"The Aeronautical Journal",0001-9240,200,533,533,2,533,2207,4.140712945590995,1
POSI-J-023875,"Cities",0264-2751,200,2607,2607,4,2607,44975,17.25163022631377,1
POSI-J-023876,"Journal of Child Psychology and Psychiatry",0021-9630,200,773,773,2,725,9466,13.05655172413793,1
POSI-J-023877,"Journal of Economic Behavior & Organization",0167-2681,200,1638,1638,3,1638,12769,7.795482295482295,1
POSI-J-000138,"Frontiers in Education",2504-284X,200,4973,4973,6,4973,36122,7.263623567263221,1
POSI-J-000781,"College & Research Libraries",0010-0870,200,20,20,2,19,66,3.473684210526316,1
POSI-J-023878,"Journal of Counseling Psychology",0022-0167,200,383,383,2,383,2281,5.955613577023499,1
POSI-J-023879,"Sociology",0038-0385,200,368,368,2,368,2172,5.9021739130434785,1
POSI-J-023880,"Long Range Planning",0024-6301,200,248,248,2,248,4336,17.483870967741936,1
POSI-J-023881,"Comparative Education Review",0010-4086,200,286,286,2,286,809,2.8286713286713288,1
POSI-J-023882,"The Review of Economics and Statistics",0034-6535,200,615,615,2,615,9505,15.455284552845528,1
POSI-J-023883,"Journal of Orthopaedic Science",0949-2658,200,909,909,2,909,4045,4.44994499449945,1
POSI-J-023884,"Public Opinion Quarterly",0033-362X,200,258,258,2,258,1799,6.9728682170542635,1
POSI-J-023885,"Journal of Marketing Research",0022-2437,200,249,249,2,249,4414,17.72690763052209,1
POSI-J-023886,"Journal of Interpersonal Violence",0886-2605,200,1489,1489,3,1489,8213,5.515782404298187,1
POSI-J-023887,"Environment and Planning A Economy and Space",0308-518X,200,390,390,2,390,4540,11.64102564102564,1
POSI-J-023888,"Journal of Banking & Finance",0378-4266,200,864,864,2,864,11343,13.128472222222221,1
POSI-J-023889,"Journal of Speech Language and Hearing Research",1092-4388,200,1315,1315,3,1315,8003,6.0859315589353615,1
POSI-J-023890,"IEEE Aerospace and Electronic Systems Magazine",0885-8985,200,869,869,2,869,2410,2.773302646720368,1
POSI-J-023891,"Psychological Review",0033-295X,200,335,335,2,335,4739,14.146268656716417,1
POSI-J-023892,"Journal of Travel Research",0047-2875,200,468,468,2,468,8336,17.811965811965813,1
POSI-J-023893,"Scottish Medical Journal",0036-9330,200,116,116,2,116,374,3.2241379310344827,1
POSI-J-023894,"Econometrica",0012-9682,200,414,414,2,414,9464,22.85990338164251,1
POSI-J-023895,"The Police Journal Theory Practice and Principles",0032-258X,200,166,166,2,166,549,3.3072289156626504,1
POSI-J-000813,"Human Vaccines & Immunotherapeutics",2164-5515,200,2177,2177,4,2177,20015,9.193844740468535,1
POSI-J-023896,"Computers & Education",0360-1315,200,681,681,2,681,23147,33.989720998531574,1
POSI-J-023897,"British Journal of Sociology",0007-1315,200,412,412,2,392,1702,4.341836734693878,1
POSI-J-023898,"Metrologia",0026-1394,200,662,662,2,662,2096,3.1661631419939575,1
POSI-J-023899,"The Sociological Review",0038-0261,200,344,344,2,344,2210,6.424418604651163,1
POSI-J-023900,"Journal of Marriage and the Family",0022-2445,200,388,388,2,368,2652,7.206521739130435,1
POSI-J-023901,"Psychology in the Schools",0033-3085,200,1159,1159,3,1111,5678,5.110711071107111,1
POSI-J-023902,"Annals of Epidemiology",1047-2797,200,910,910,2,910,3695,4.06043956043956,1
POSI-J-023903,"Econometric Reviews",0747-4938,200,199,199,2,199,436,2.190954773869347,1
POSI-J-023904,"Academy of Management Journal",0001-4273,200,270,270,2,270,8529,31.58888888888889,1
POSI-J-023905,"Social Problems",0037-7791,200,283,283,2,283,1448,5.11660777385159,1
POSI-J-023906,"Economic Modelling",0264-9993,200,1344,1344,3,1344,16934,12.599702380952381,1
POSI-J-000849,"Behavioral Sciences",2076-328X,200,4582,4582,6,4582,34442,7.516804888694893,1
POSI-J-023907,"Journal of Pragmatics",0378-2166,200,794,794,2,794,3347,4.2153652392947105,1
POSI-J-023908,"Risk Analysis",0272-4332,200,836,836,2,788,5898,7.4847715736040605,1
POSI-J-023909,"Philosophical Studies",0031-8116,200,678,678,2,678,1937,2.8569321533923304,1
POSI-J-023910,"The Quarterly Journal of Economics",0033-5533,200,201,201,2,201,10676,53.114427860696516,1
POSI-J-023911,"Quality of Life Research",0962-9343,200,1045,1045,3,1045,7693,7.361722488038278,1
POSI-J-023912,"Resources Policy",0301-4207,200,2971,2971,4,2971,73047,24.586671154493438,1
POSI-J-023913,"Cognition",0010-0277,200,1054,1054,3,1054,9015,8.553130929791271,1
POSI-J-023914,"International Journal of Eating Disorders",0276-3478,200,1022,1022,3,974,9503,9.756673511293634,1
POSI-J-023915,"Quarterly Journal of Speech",0033-5630,200,202,202,2,202,350,1.7326732673267327,1
POSI-J-023916,"Annals of Tourism Research",0160-7383,200,572,572,2,572,10346,18.087412587412587,1
POSI-J-023917,"Health Policy",0168-8510,200,689,689,2,689,6938,10.06966618287373,1
POSI-J-005251,"The Korean Journal of Thoracic and Cardiovascular Surgery",0301-2859,200,0,0,1,0,0,,
POSI-J-023918,"Social Indicators Research",0303-8300,200,899,899,2,899,6845,7.614015572858732,1
POSI-J-023919,"British Medical Bulletin",0007-1420,200,122,122,2,122,2012,16.491803278688526,1
POSI-J-023920,"Tourism Management",0261-5177,200,681,681,2,681,23345,34.28046989720998,1
POSI-J-023921,"Journal of Econometrics",0304-4076,200,867,867,2,867,11423,13.175317185697809,1
POSI-J-023922,"The Journal of Psychology",0022-3980,200,162,162,2,162,1210,7.469135802469136,1
POSI-J-023923,"The Philosophical Quarterly",0031-8094,200,478,478,2,478,912,1.9079497907949792,1
POSI-J-023924,"Archives of Sexual Behavior",0004-0002,200,1152,1152,3,1152,7282,6.321180555555555,1
POSI-J-023925,"System",0346-251X,200,984,984,2,984,14117,14.346544715447154,1
POSI-J-023926,"Kybernetes",0368-492X,200,1038,1038,3,1038,8761,8.440269749518304,1
POSI-J-023927,"Health Psychology",0278-6133,200,690,690,2,690,3504,5.078260869565217,1
POSI-J-023928,"Journal of Experimental Child Psychology",0022-0965,200,765,765,2,765,4577,5.9830065359477125,1
POSI-J-023929,"Journal of Economic Theory",0022-0531,200,540,540,2,540,2049,3.7944444444444443,1
POSI-J-023930,"International Journal of Science and Research Archive",2582-8185,200,5087,5087,7,5052,7648,1.5138558986539985,1
POSI-J-023931,"Educational Researcher",0013-189X,200,249,249,2,249,2893,11.61847389558233,1
POSI-J-023932,"SIMULATION",0037-5497,200,255,255,2,255,1224,4.8,1
POSI-J-023933,"ELT Journal",0951-0893,200,251,251,2,251,1633,6.50597609561753,1
POSI-J-023934,"European Economic Review",0014-2921,200,786,786,2,786,6130,7.798982188295166,1
POSI-J-023935,"Ethnic and Racial Studies",0141-9870,200,1302,1302,3,1302,4682,3.596006144393241,1
POSI-J-023936,"American Behavioral Scientist",0002-7642,200,558,558,2,558,2750,4.92831541218638,1
POSI-J-023937,"Geoforum",0016-7185,200,872,872,2,872,7790,8.93348623853211,1
POSI-J-023938,"Business Horizons",0007-6813,200,335,335,2,335,7262,21.677611940298508,1
POSI-J-023939,"IEEE Transactions on Engineering Management",0018-9391,200,2094,2094,4,2094,35560,16.981852913085003,1
POSI-J-023940,"The Journal of Toxicological Sciences",0388-1350,200,231,231,2,231,913,3.9523809523809526,1
POSI-J-000878,"ISPRS International Journal of Geo-Information",2220-9964,200,2088,2088,4,2088,18155,8.69492337164751,1
POSI-J-023941,"International Journal of Disaster Risk Reduction",2212-4209,200,3069,3069,5,3069,40684,13.25643532095145,1
POSI-J-023942,"British Journal of Educational Studies",0007-1005,200,227,227,2,227,662,2.9162995594713657,1
POSI-J-023943,"Physics Reports",0370-1573,200,412,412,2,412,17288,41.96116504854369,1
POSI-J-000881,"Journal of the Formosan Medical Association",0929-6646,200,1538,1538,3,1538,6729,4.37516254876463,1
POSI-J-023944,"The Professional Geographer",0033-0124,200,285,285,2,285,1322,4.63859649122807,1
POSI-J-023945,"Lingua",0024-3841,200,414,414,2,414,1244,3.004830917874396,1
POSI-J-023946,"Sex Roles",0360-0025,200,371,371,2,371,2887,7.781671159029649,1
POSI-J-023947,"Der Nervenarzt",0028-2804,200,668,668,2,668,1462,2.188622754491018,1
POSI-J-023948,"The British Journal of Criminology",0007-0955,200,405,405,2,405,1986,4.9037037037037035,1
POSI-J-000900,"International Review of Economics & Finance",1059-0560,200,2462,2462,4,2462,36834,14.961007311129164,1
POSI-J-023949,"Journal of Economic Issues",0021-3624,200,393,393,2,393,855,2.1755725190839694,1
POSI-J-023950,"The Monist",0026-9662,200,133,133,2,133,350,2.6315789473684212,1
POSI-J-023951,"Review of Educational Research",0034-6543,200,170,170,2,170,3010,17.705882352941178,1
POSI-J-023952,"Biochemistry (Moscow)",0006-2979,200,699,699,2,699,3087,4.416309012875536,1
POSI-J-023953,"Personality and Social Psychology Bulletin",0146-1672,200,596,596,2,596,4118,6.909395973154362,1
POSI-J-023954,"Town Planning Review",0041-0020,200,188,188,2,183,478,2.612021857923497,1
POSI-J-023955,"Regional Studies",0034-3404,200,681,681,2,681,7539,11.070484581497798,1
POSI-J-023956,"Journal of Teacher Education",0022-4871,200,153,153,2,153,1595,10.42483660130719,1
POSI-J-023957,"Journal of Human Evolution",0047-2484,200,373,373,2,373,2703,7.246648793565684,1
POSI-J-023958,"Professional Psychology Research and Practice",0735-7028,200,304,304,2,304,1167,3.838815789473684,1
POSI-J-023959,"Social Psychiatry and Psychiatric Epidemiology",0933-7954,200,813,813,2,813,6791,8.353013530135302,1
POSI-J-023960,"Journal of Applied Social Psychology",0021-9029,200,356,356,2,308,1576,5.116883116883117,1
POSI-J-023961,"American Journal of Primatology",0275-2565,200,545,545,2,495,1961,3.9616161616161616,1
POSI-J-023962,"Change The Magazine of Higher Learning",0009-1383,200,210,210,2,210,383,1.8238095238095238,1
POSI-J-023963,"Hormones and Behavior",0018-506X,200,505,505,2,505,3468,6.867326732673267,1
POSI-J-023964,"Public Administration",0033-3298,200,321,321,2,305,3922,12.859016393442623,1
POSI-J-023965,"Peabody Journal of Education",0161-956X,200,166,166,2,166,762,4.590361445783133,1
POSI-J-023966,"Academy of Management Review",0363-7425,200,218,218,2,218,5886,27,1
POSI-J-023967,"Public Choice",0048-5829,200,413,413,2,413,1760,4.261501210653753,1
POSI-J-023968,"Teaching and Teacher Education",0742-051X,200,1338,1338,3,1338,17452,13.043348281016442,1
POSI-J-023969,"Cognitive Science",0364-0213,200,644,644,2,596,3251,5.454697986577181,1
POSI-J-023970,"Exceptional Children",0014-4029,200,116,116,2,116,941,8.112068965517242,1
POSI-J-023971,"International Journal of Mathematical Education in Science and Technology",0020-739X,200,534,534,2,534,1221,2.2865168539325844,1
POSI-J-023972,"The American Journal of Comparative Law",0002-919X,200,149,149,2,149,229,1.5369127516778522,1
POSI-J-023973,"Transportation Research Part A Policy and Practice",0965-8564,200,1209,1209,3,1209,14275,11.807278742762614,1
POSI-J-023974,"Infant Behavior and Development",0163-6383,200,389,389,2,389,2160,5.552699228791774,1
POSI-J-023975,"Journal of the Experimental Analysis of Behavior",0022-5002,200,348,348,2,324,1257,3.8796296296296298,1
POSI-J-023976,"Journal of Policy Analysis and Management",0276-8739,200,422,422,2,406,1481,3.647783251231527,1
POSI-J-023977,"Financial Analysts Journal",0015-198X,200,121,121,2,121,1008,8.330578512396695,1
POSI-J-023978,"Behavior Research Methods",1554-351X,200,0,0,1,0,0,,
POSI-J-023979,"Journal of Learning Disabilities",0022-2194,200,110,110,2,110,835,7.590909090909091,1
POSI-J-023980,"Journal of Construction Engineering and Management",0733-9364,200,967,967,2,967,12065,12.476732161323682,1
POSI-J-023981,"Quality and Reliability Engineering International",0748-8017,200,946,946,2,914,5638,6.168490153172867,1
POSI-J-023982,"Business History",0007-6791,200,340,340,2,340,701,2.0617647058823527,1
POSI-J-023983,"Nature",0028-0836,200,17360,17360,19,17360,680992,39.227649769585256,1
POSI-J-000069,"PLoS ONE",1932-6203,200,68368,68368,70,68368,491119,7.183463023636789,1
POSI-J-023984,"Blood",0006-4971,200,33326,33326,35,33326,102582,3.07813719018184,1
POSI-J-023985,"Journal of Clinical Oncology",0732-183X,200,32566,32566,34,32566,164025,5.036694712276607,1
POSI-J-023986,"The Medical Journal of Australia",0025-729X,200,1575,1575,3,1472,8306,5.642663043478261,1
POSI-J-023987,"The FASEB Journal",0892-6638,200,8421,8421,10,8348,26798,3.210110206037374,1
POSI-J-023988,"Journal of the American College of Cardiology",0735-1097,200,25008,25008,27,25008,80461,3.217410428662828,1
POSI-J-023989,"Circulation",0009-7322,200,21255,21255,23,21255,108913,5.124111973653258,1
POSI-J-023990,"Cureus",2168-8184,200,80203,80203,82,80203,141010,1.758163659713477,1
POSI-J-000510,"Investigative Ophthalmology & Visual Science",0146-0404,200,0,0,1,0,0,,
POSI-J-023991,"Neurology",0028-3878,200,15627,15627,17,15627,51948,3.3242464964484544,1
POSI-J-023992,"American Journal of Obstetrics and Gynecology",0002-9378,200,7210,7210,9,7210,33351,4.625658807212205,1
POSI-J-023993,"Plastic & Reconstructive Surgery",0032-1052,200,2939,2939,4,2939,15916,5.415447431099013,1
POSI-J-023994,"Annals of the Rheumatic Diseases",0003-4967,200,14467,14467,16,14467,43432,3.002142807769406,1
POSI-J-023995,"European Heart Journal",0195-668X,200,19244,19244,21,19244,102845,5.344263146954895,1
POSI-J-023996,"Annals of Oncology",0923-7534,200,17961,17961,19,17961,59094,3.290128611992651,1
POSI-J-023997,"Alzheimer s & Dementia",1552-5260,200,23317,23317,25,23215,62857,2.7076028429894463,1
POSI-J-000065,"Molecules",1420-3049,200,27999,27999,29,27999,402322,14.369156041287189,1
POSI-J-023998,"BMJ",1756-1833,200,12678,12678,14,12678,80391,6.3409843823947,1
POSI-J-023999,"Radiology",0033-8419,200,2413,2413,4,2413,46512,19.275590551181104,1
POSI-J-024000,"Fertility and Sterility",0015-0282,200,6174,6174,8,6174,18554,3.005183025591189,1
POSI-J-024001,"PEDIATRICS",0031-4005,200,2716,2716,4,2716,30803,11.341310751104565,1
POSI-J-024002,"Journal of Agricultural and Food Chemistry",0021-8561,200,8751,8751,10,8751,119798,13.689635470231973,1
POSI-J-024003,"Transplantation",0041-1337,200,5164,5164,7,5164,12751,2.4692099147947326,1
POSI-J-024004,"Journal of Hepatology",0168-8278,200,9638,9638,11,9638,77776,8.069724009130525,1
POSI-J-024005,"Anesthesiology",0003-3022,200,1753,1753,3,1753,10382,5.922418710781518,1
POSI-J-024006,"Critical Care Medicine",0090-3493,200,6178,6178,8,6178,13217,2.139365490449984,1
POSI-J-024007,"Journal of Allergy and Clinical Immunology",0091-6749,200,5542,5542,7,5542,36231,6.537531577047997,1
POSI-J-024008,"The American Journal of Cardiology",0002-9149,200,2914,2914,4,2914,14672,5.035003431708991,1
POSI-J-024009,"Cancer",0008-543X,200,2234,2234,4,2128,20120,9.454887218045112,1
POSI-J-024010,"The Journal of Clinical Endocrinology & Metabolism",0021-972X,200,3145,3145,5,3145,35578,11.312559618441972,1
POSI-J-024011,"Journal of Clinical Medicine",2077-0383,200,32227,32227,34,32227,258136,8.009929562168368,1
POSI-J-024012,"Food Chemistry",0308-8146,200,15278,15278,17,15278,358391,23.45797879303574,1
POSI-J-024013,"Endocrinology",0013-7227,200,133,133,2,133,1922,14.451127819548873,1
POSI-J-000527,"Medicine",0025-7974,200,10177,10177,12,10177,43669,4.290950181782451,1
POSI-J-024014,"The Journal of Pediatrics",0022-3476,200,2094,2094,4,2094,13497,6.445558739255015,1
POSI-J-024015,"American Journal of Ophthalmology",0002-9394,200,1804,1804,3,1804,17014,9.431263858093127,1
POSI-J-024016,"Stroke",0039-2499,200,6199,6199,8,6199,39423,6.359574124858848,1
POSI-J-024017,"Pediatric Research",0031-3998,200,2786,2786,4,2786,15450,5.545585068198133,1
POSI-J-024018,"Journal of Molecular Structure",0022-2860,200,11216,11216,13,11216,125881,11.223341654778887,1
POSI-J-024019,"The Annals of Thoracic Surgery",0003-4975,200,3073,3073,5,3073,18950,6.166612430849333,1
POSI-J-000112,"Experimental Biology and Medicine",0071-3384,404,0,0,0,0,0,,
POSI-J-024020,"Anesthesia & Analgesia",0003-2999,200,2086,2086,4,2086,11740,5.627996164908916,1
POSI-J-000530,"Heliyon",2405-8440,200,35445,35445,37,35445,408833,11.534292565947242,1
POSI-J-000531,"BMJ Open",2044-6055,200,18089,18089,20,18088,115726,6.397943387881468,1
POSI-J-024021,"British Journal of Dermatology",0007-0963,200,4920,4920,6,4907,17357,3.537191766863664,1
POSI-J-024022,"Nephrology Dialysis Transplantation",0931-0509,200,7907,7907,9,7907,15328,1.938535474895662,1
POSI-J-024023,"Journal of Thoracic and Cardiovascular Surgery",0022-5223,200,3931,3931,5,3931,18948,4.820147545153905,1
POSI-J-024024,"American Heart Journal",0002-8703,200,1129,1129,3,1129,7824,6.930026572187777,1
POSI-J-024025,"The American Journal of Surgery",0002-9610,200,2112,2112,4,2112,10810,5.118371212121212,1
POSI-J-024026,"Journal of Molecular Medicine",0946-2716,200,451,451,2,451,4901,10.866962305986696,1
POSI-J-024027,"The Laryngoscope",0023-852X,200,2918,2918,4,2839,11729,4.1313842902430435,1
POSI-J-024028,"International Journal of Cardiology",0167-5273,200,3667,3667,5,3667,19022,5.187346604854104,1
POSI-J-024029,"Urology",0090-4295,200,3216,3216,5,3216,9209,2.863495024875622,1
POSI-J-024030,"Nutrients",2072-6643,200,18873,18873,20,18873,273059,14.468235044772957,1
POSI-J-000110,"Frontiers in Oncology",2234-943X,200,20906,20906,22,20906,173013,8.27575815555343,1
POSI-J-024031,"Annals of Surgery",0003-4932,200,1687,1687,3,1687,21631,12.8221695317131,1
POSI-J-024032,"Clinical Infectious Diseases",1058-4838,200,3176,3176,5,3176,44950,14.153022670025189,1
POSI-J-024033,"Journal of Pediatric Surgery",0022-3468,200,2114,2114,4,2114,11134,5.266792809839168,1
POSI-J-024034,"Cancers",2072-6694,200,20434,20434,22,20434,259514,12.700107663697759,1
POSI-J-024035,"Atherosclerosis",0021-9150,200,4973,4973,6,4973,14225,2.8604464106173335,1
POSI-J-024036,"American Journal of Roentgenology",0002-9580,404,0,0,0,0,0,,
POSI-J-024037,"European Neuropsychopharmacology",0924-977X,200,2688,2688,4,2688,7546,2.8072916666666665,1
POSI-J-024038,"Die Naturwissenschaften",0028-1042,200,270,270,2,270,1164,4.311111111111111,1
POSI-J-024039,"Archives of Disease in Childhood",0003-9888,200,1329,1329,3,1329,4545,3.419864559819413,1
POSI-J-000540,"BMC Public Health",1471-2458,200,13501,13501,15,13501,128827,9.542033923413081,1
POSI-J-024040,"The American Journal of Medicine",0002-9343,200,1748,1748,3,1748,9561,5.469679633867277,1
POSI-J-024041,"The Journal of the American Dental Association",0002-8177,200,955,955,2,955,3415,3.575916230366492,1
POSI-J-024042,"European Respiratory Journal",0903-1936,200,1477,1477,3,1477,26476,17.92552471225457,1
POSI-J-024043,"Inorganica Chimica Acta",0020-1693,200,1940,1940,3,1940,13541,6.979896907216495,1
POSI-J-024044,"American Journal of Health-System Pharmacy",1079-2082,200,1499,1499,3,1499,4047,2.6997998665777185,1
POSI-J-024045,"Hepatology",0270-9139,200,2037,2037,4,2024,44227,21.851284584980238,1
POSI-J-024046,"Acta Paediatrica",0365-1436,404,0,0,0,0,0,,
POSI-J-024047,"American Anthropologist",0002-7294,200,497,497,2,481,1400,2.9106029106029108,1
POSI-J-024048,"Ultrasound in Obstetrics and Gynecology",0960-7692,200,3812,3812,5,3760,11836,3.1478723404255318,1
POSI-J-024049,"Otolaryngology",0161-6439,200,0,0,1,0,0,,
POSI-J-024050,"Circulation Research",0009-7330,200,3043,3043,5,3043,33910,11.143608281301347,1
POSI-J-024051,"Obstetrics and Gynecology",0029-7844,200,2978,2978,4,2978,13193,4.430154466084621,1
POSI-J-024052,"Journal of Nutrition",0022-3166,200,1707,1707,3,1707,13955,8.175161101347394,1
POSI-J-024053,"Archives of Pediatrics and Adolescent Medicine",1072-4710,200,0,0,1,0,0,,
POSI-J-024054,"British Journal of Anaesthesia",0007-0912,200,2216,2216,4,2216,24037,10.847021660649819,1
POSI-J-024055,"Neuro-Oncology",1522-8517,200,10901,10901,12,10901,23853,2.18814787634162,1
POSI-J-024056,"British Journal of Haematology",0007-1048,200,2629,2629,4,2554,15038,5.888018794048551,1
POSI-J-024057,"Anaesthesia",0003-2409,200,1326,1326,3,1264,10480,8.291139240506329,1
POSI-J-024058,"American Journal of Public Health",0090-0036,200,1958,1958,3,1958,12319,6.291624106230848,1
POSI-J-024059,"BJOG An International Journal of Obstetrics & Gynaecology",0306-5456,200,0,0,1,0,0,,
POSI-J-024060,"International Journal of Gynecology & Obstetrics",0020-6695,200,0,0,1,0,0,,
POSI-J-024061,"British Journal of Radiology",0007-1285,200,1197,1197,3,1197,9182,7.670843776106934,1
POSI-J-024062,"Journal of Pediatric Gastroenterology and Nutrition",0277-2116,200,1404,1404,3,1351,8186,6.059215396002961,1
POSI-J-024063,"American Journal of Clinical Nutrition",0002-9165,200,1630,1630,3,1630,22459,13.778527607361964,1
POSI-J-024064,"Gynecologic Oncology",0090-8258,200,3935,3935,5,3935,14611,3.7130876747141044,1
POSI-J-024065,"Journal of the American Veterinary Medical Association",0003-1488,200,1832,1832,3,1832,5124,2.796943231441048,1
POSI-J-024066,"Journal of Thoracic Oncology",1556-0864,200,8076,8076,10,8076,23174,2.869489846458643,1
POSI-J-024067,"British Journal of Cancer",0007-0920,200,1625,1625,3,1625,27037,16.638153846153845,1
POSI-J-024068,"Cochrane Database of Systematic Reviews",1361-6137,404,0,0,0,0,0,,
POSI-J-024069,"Journal of Surgical Research",0022-4804,200,3080,3080,5,3080,12535,4.069805194805195,1
POSI-J-024070,"Clinical Orthopaedics and Related Research",0009-921X,200,1706,1706,3,1706,7117,4.171746776084408,1
POSI-J-024071,"Human Reproduction",0268-1161,200,5548,5548,7,5548,16817,3.031182408074982,1
POSI-J-024072,"Clinical Cancer Research",1078-0432,200,2408,2408,4,2408,48357,20.081810631229235,1
POSI-J-024073,"Free Radical Biology and Medicine",0891-5849,200,4416,4416,6,4416,36887,8.353034420289855,1
POSI-J-024074,"Journal of Bone and Joint Surgery",0021-9355,200,1634,1634,3,1634,11204,6.8567931456548346,1
POSI-J-024075,"Lung Cancer",0169-5002,200,2008,2008,4,2008,10302,5.1304780876494025,1
POSI-J-024076,"Lara D. Veeken",1462-0324,200,4337,4337,6,4337,22553,5.200138344477749,1
POSI-J-024077,"Military Medicine",0026-4075,200,2134,2134,4,2134,5432,2.5454545454545454,1
POSI-J-024078,"European Urology",0302-2838,200,7611,7611,9,7611,30221,3.9707003021941927,1
POSI-J-024079,"Academic Medicine",1040-2446,200,1931,1931,3,1931,11519,5.965302951838425,1
POSI-J-024080,"Heart",1355-6037,200,1219,1219,3,1219,8615,7.0672682526661195,1
POSI-J-024081,"Experimental Cell Research",0014-4827,200,1257,1257,3,1257,9867,7.84964200477327,1
POSI-J-024082,"Journal of neurosurgery",0022-3085,200,1754,1754,3,1754,13648,7.781071835803877,1
POSI-J-024083,"Journal of the American Geriatrics Society",0002-8614,200,2360,2360,4,2304,15842,6.875868055555555,1
POSI-J-024084,"British Journal of Ophthalmology",0007-1161,200,855,855,2,855,7382,8.63391812865497,1
POSI-J-024085,"World Neurosurgery",1878-8750,200,6960,6960,8,6960,31422,4.514655172413793,1
POSI-J-024086,"Kidney International",0085-2538,200,1787,1787,3,1787,29873,16.716843872411864,1
POSI-J-024087,"Hypertension",0194-911X,200,2857,2857,4,2857,24269,8.494574728736437,1
POSI-J-024088,"American Journal of Kidney Diseases",0272-6386,200,3139,3139,5,3139,14178,4.516725071678879,1
POSI-J-024089,"Gut",0017-5749,200,1282,1282,3,1281,38632,30.15768930523029,1
POSI-J-000128,"Frontiers in Medicine",2296-858X,200,14663,14663,16,14663,110208,7.516060833390165,1
POSI-J-024090,"Journal of the American College of Surgeons",1072-7515,200,2795,2795,4,2795,7777,2.7824686940966012,1
POSI-J-024091,"Thrombosis and Haemostasis",0340-6245,200,648,648,2,599,4690,7.829716193656093,1
POSI-J-024092,"Journal of Molecular and Cellular Cardiology",0022-2828,200,961,961,2,961,6945,7.22684703433923,1
POSI-J-024093,"Digestive Diseases and Sciences",0163-2116,200,2264,2264,4,2264,9718,4.292402826855124,1
POSI-J-024094,"American Journal of Tropical Medicine and Hygiene",0002-9637,200,2093,2093,4,2093,8758,4.184424271380793,1
POSI-J-024095,"Spine",0362-2436,200,1292,1292,3,1292,8344,6.458204334365325,1
POSI-J-024096,"World Journal of Gastroenterology",1007-9327,200,2185,2185,4,2185,27178,12.438443935926774,1
POSI-J-024097,"Journal of Affective Disorders",0165-0327,200,6305,6305,8,6305,87153,13.82283901665345,1
POSI-J-024098,"Journal of Prosthetic Dentistry",0022-3913,200,2244,2244,4,2244,20411,9.095811051693405,1
POSI-J-024099,"Polyhedron",0277-5387,200,1913,1913,3,1913,10866,5.680083638264506,1
POSI-J-024100,"Optometry and Vision Science",1040-5488,200,534,534,2,486,2364,4.864197530864198,1
POSI-J-000562,"Archives of Gynecology and Obstetrics",0003-9128,200,0,0,1,0,0,,
POSI-J-024101,"Schizophrenia Research",0920-9964,200,1648,1648,3,1648,12286,7.455097087378641,1
POSI-J-024102,"Archiv für Pathologische Anatomie und Physiologie und für Klinische Medicin",0945-6317,200,1124,1124,3,1124,7023,6.248220640569395,1
POSI-J-024103,"Ophthalmology",0161-6420,200,1509,1509,3,1509,16318,10.81378396288933,1
POSI-J-024104,"Postgraduate Medical Journal",0032-5473,200,742,742,2,742,3494,4.708894878706199,1
POSI-J-024105,"European Archives of Oto-Rhino-Laryngology",0937-4477,200,2686,2686,4,2686,13000,4.839910647803425,1
POSI-J-024106,"Diabetes Care",0149-5992,200,1812,1812,3,1812,54390,30.016556291390728,1
POSI-J-024108,"American Journal of Physiology-Heart and Circulatory Physiology",0363-6135,200,1055,1055,3,1055,9519,9.022748815165876,1
POSI-J-024109,"EP Europace",1099-5129,200,4433,4433,6,4433,22264,5.022332506203474,1
POSI-J-000090,"Frontiers in Neurology",1664-2295,200,10304,10304,12,10304,82280,7.9852484472049685,1
POSI-J-024110,"Biology of Reproduction",0006-3363,200,888,888,2,888,6247,7.03490990990991,1
POSI-J-024111,"European Journal of Endocrinology",0804-4643,200,937,937,2,937,10753,11.47598719316969,1
POSI-J-024112,"Physical Therapy",0031-9023,200,720,720,2,720,5299,7.3597222222222225,1
POSI-J-024113,"Heart Rhythm",1547-5271,200,7812,7812,9,7812,17241,2.206989247311828,1
POSI-J-024114,"Journal of Neurology",0012-1037,404,0,0,0,0,0,,
POSI-J-024115,"Osteoarthritis and Cartilage",1063-4584,200,3738,3738,5,3738,15383,4.115302300695559,1
POSI-J-000574,"Critical Care",1364-8535,200,1914,1914,3,1914,36275,18.952455590386624,1
POSI-J-024116,"Digestive and Liver Disease",1590-8658,200,3415,3415,5,3415,9821,2.8758418740849194,1
POSI-J-000104,"Frontiers in Endocrinology",1664-2392,200,12189,12189,14,12189,147625,12.111329887603578,1
POSI-J-024117,"Journal of Clinical Pathology",0021-9746,200,495,495,2,495,2401,4.850505050505051,1
POSI-J-000570,"BMC Cancer",1471-2407,200,6342,6342,8,6342,52355,8.25528224534847,1
POSI-J-024118,"Injury",0020-1383,200,2708,2708,4,2708,15117,5.58234859675037,1
POSI-J-024119,"Clinical Nuclear Medicine",0363-9762,200,2324,2324,4,2324,8441,3.6320998278829606,1
POSI-J-024120,"Journal of Cardiac Failure",1071-9164,200,2852,2852,4,2852,9938,3.484572230014025,1
POSI-J-024121,"Archives of Dermatological Research",0003-9187,404,0,0,0,0,0,,
POSI-J-024122,"Thrombosis Research",0049-3848,200,1224,1224,3,1224,7737,6.321078431372549,1
POSI-J-024123,"Nature Biotechnology",0733-222X,200,0,0,1,0,0,,
POSI-J-000577,"International Journal of Infectious Diseases",1201-9712,200,3064,3064,5,3064,23146,7.554177545691906,1
POSI-J-024124,"Transactions of the Royal Society of Tropical Medicine and Hygiene",0035-9203,200,527,527,2,527,1991,3.777988614800759,1
POSI-J-024125,"Transfusion",0041-1132,200,2205,2205,4,2146,6181,2.880242311276794,1
POSI-J-000102,"Frontiers in Physiology",1664-042X,200,7054,7054,9,7054,74693,10.588743975049617,1
POSI-J-024126,"Thorax",0040-6376,200,849,849,2,849,9024,10.628975265017667,1
POSI-J-024127,"Surgical Endoscopy",0930-2794,200,3583,3583,5,3583,25660,7.161596427574658,1
POSI-J-024128,"Journal of the Royal Society of Medicine",0141-0768,200,457,457,2,457,1995,4.365426695842451,1
POSI-J-024129,"Journal of the European Academy of Dermatology and Venereology",0926-9959,200,3359,3359,5,3288,23688,7.204379562043796,1
POSI-J-000586,"Diagnostics",2075-4418,200,13081,13081,15,13081,126123,9.641694060087149,1
POSI-J-024130,"European Journal of Pediatrics",0340-6199,200,3,3,2,3,5,1.6666666666666667,1
POSI-J-024131,"Journal of Dental Research",0022-0345,200,714,714,2,714,9872,13.826330532212886,1
POSI-J-024132,"International Journal of Dermatology",0011-9059,200,2236,2236,4,2186,7128,3.260750228728271,1
POSI-J-024133,"Oncogene",0950-9232,200,1514,1514,3,1514,25103,16.580581241743726,1
POSI-J-024135,"Pain",0304-3959,200,1354,1354,3,1354,13616,10.056129985228951,1
POSI-J-000124,"Frontiers in Psychiatry",1664-0640,200,9927,9927,11,9927,90897,9.156542762163795,1
POSI-J-024136,"Theriogenology",0093-691X,200,1569,1569,3,1569,11210,7.144678138942001,1
POSI-J-024138,"Arthroscopy The Journal of Arthroscopic and Related Surgery",0749-8063,200,2454,2454,4,2403,15119,6.291718684977112,1
POSI-J-024139,"Developmental Medicine & Child Neurology",0012-1622,200,1575,1575,3,1513,8150,5.386649041639128,1
POSI-J-024140,"European Journal of Anaesthesiology",0265-0215,200,706,706,2,706,5907,8.36685552407932,1
POSI-J-024141,"The American Journal of Emergency Medicine",0735-6757,200,2996,2996,4,2996,14451,4.823431241655541,1
POSI-J-024142,"Acta Radiologica",0284-1851,200,694,694,2,694,1911,2.7536023054755043,1
POSI-J-024143,"Food and Chemical Toxicology",0278-6915,200,2723,2723,4,2723,23983,8.807565185457216,1
POSI-J-024144,"Clinical Radiology",0009-9260,200,1548,1548,3,1548,5515,3.5626614987080103,1
POSI-J-024145,"Infection Control and Hospital Epidemiology",0899-823X,200,1120,1120,3,1120,6130,5.473214285714286,1
POSI-J-000592,"BMC Health Services Research",1472-6963,200,6513,6513,8,6513,58973,9.054659910947336,1
POSI-J-024146,"Annals of Otology Rhinology & Laryngology",0003-4894,200,590,590,2,590,1890,3.2033898305084745,1
POSI-J-024147,"Epilepsia",0013-9580,200,1713,1713,3,1654,22202,13.423216444981863,1
POSI-J-024148,"Journal of Cataract & Refractive Surgery",0146-2776,200,0,0,1,0,0,,
POSI-J-024149,"Journal of the Chemical Society Dalton Transactions",1364-5447,200,0,0,1,0,0,,
POSI-J-024150,"Graefe s Archive for Clinical and Experimental Ophthalmology",0721-832X,200,1547,1547,3,1547,9058,5.855203619909502,1
POSI-J-024151,"American Journal of Hypertension",0895-7061,200,674,674,2,674,3155,4.681008902077151,1
POSI-J-000594,"Viruses",1999-4915,200,8884,8884,10,8884,92141,10.371566861773976,1
POSI-J-024152,"Annals of Neurology",0364-5134,200,1238,1238,3,1182,17112,14.47715736040609,1
POSI-J-024153,"International Journal of Surgery",1743-9159,200,4211,4211,6,4211,26520,6.297791498456424,1
POSI-J-024154,"The Pediatric Infectious Disease Journal",0891-3668,200,1695,1695,3,1695,6968,4.110914454277286,1
POSI-J-024155,"European Radiology",0938-7994,200,22,22,2,22,289,13.136363636363637,1
POSI-J-000595,"American Journal of Veterinary Research",0002-9645,200,997,997,2,997,2234,2.2407221664994985,1
POSI-J-024156,"The Spine Journal",1529-9430,200,2736,2736,4,2736,11421,4.1743421052631575,1
POSI-J-024157,"Langenbeck s Archives of Surgery",0023-8236,200,0,0,1,0,0,,
POSI-J-024158,"Diseases of the Colon & Rectum",0012-3706,200,1499,1499,3,1499,6107,4.074049366244163,1
POSI-J-000598,"BMC Infectious Diseases",1471-2334,200,5408,5408,7,5408,38320,7.085798816568047,1
POSI-J-024159,"Respiratory Care",0020-1324,200,1224,1224,3,1224,3472,2.8366013071895426,1
POSI-J-024160,"Clinical Nutrition",0261-5614,200,1567,1567,3,1567,24401,15.571793235481813,1
POSI-J-024161,"The Gerontologist",0016-9013,200,870,870,2,870,6619,7.6080459770114945,1
POSI-J-024162,"European Journal of Cardio-Thoracic Surgery",1010-7940,200,595,595,2,595,3294,5.5361344537815125,1
POSI-J-024163,"Radiation Protection Dosimetry",0144-8420,200,1008,1008,3,1008,2099,2.0823412698412698,1
POSI-J-024164,"Resuscitation",0300-9572,200,3045,3045,5,3045,13279,4.360919540229885,1
POSI-J-024165,"British Journal Of Nutrition",0007-1145,200,1379,1379,3,1379,8049,5.836838288614938,1
POSI-J-000602,"Journal of Cancer Research and Clinical Oncology",0084-5353,200,0,0,1,0,0,,
POSI-J-000600,"Acta Obstetricia Et Gynecologica Scandinavica",0001-6349,200,1039,1039,3,989,6995,7.072800808897877,1
POSI-J-024166,"Acta Psychiatrica Scandinavica",0001-690X,200,561,561,2,513,5147,10.033138401559453,1
POSI-J-024167,"Journal of Natural Products",0163-3864,200,1297,1297,3,1297,10288,7.932151117964533,1
POSI-J-024168,"The Journal of Arthroplasty",0883-5403,200,3198,3198,5,3198,27844,8.706691682301438,1
POSI-J-024169,"Journal of Advanced Nursing",0309-2402,200,2485,2485,4,2434,19159,7.871405094494659,1
POSI-J-024170,"World Journal of Surgery",0364-2313,200,1797,1797,3,1749,8517,4.869639794168096,1
POSI-J-024171,"Cardiovascular Research",0008-6363,200,1517,1517,3,1517,19870,13.098220171390903,1
POSI-J-024172,"Annals of Pharmacotherapy",0012-6578,200,0,0,1,0,0,,
POSI-J-024173,"Nature Medicine",1078-8956,200,2668,2668,4,2668,169258,63.4400299850075,1
POSI-J-024174,"Vox Sanguinis",0042-9007,200,795,795,2,741,2333,3.148448043184885,1
POSI-J-024175,"Age and Ageing",0002-0729,200,3394,3394,5,3394,19633,5.784619917501473,1
POSI-J-024176,"The Journal Of Hand Surgery",0363-5023,200,1331,1331,3,1331,6296,4.730277986476334,1
POSI-J-024177,"British Journal of Urology",1464-4096,200,1472,1472,3,1400,7552,5.394285714285714,1
POSI-J-024178,"Archives de Pédiatrie",0929-693X,200,506,506,2,506,1866,3.6877470355731226,1
POSI-J-024179,"Diabetes Research and Clinical Practice",0168-8227,200,3406,3406,5,3406,28609,8.399588960657663,1
POSI-J-024180,"Annals of Plastic Surgery",0148-7043,200,1542,1542,3,1542,5233,3.393644617380026,1
POSI-J-024181,"Neurobiology of Aging",0197-4580,200,757,757,2,757,8004,10.57331571994716,1
POSI-J-024182,"American Journal of Infection Control",0196-6553,200,1852,1852,3,1852,7263,3.92170626349892,1
POSI-J-024183,"Magnetic Resonance in Medicine",0740-3194,200,1776,1776,3,1729,12392,7.167148640832852,1
POSI-J-024184,"Intensive Care Medicine",0342-4642,200,1635,1635,3,1635,21521,13.162691131498471,1
POSI-J-000608,"Canadian Medical Association Journal",0820-3946,200,1879,1879,3,1879,7478,3.979776476849388,1
POSI-J-024185,"Diabetologia",0012-186X,200,1000,1000,2,1000,19297,19.297,1
POSI-J-024186,"Journal of Cardiovascular Pharmacology",0160-2446,200,464,464,2,464,2888,6.224137931034483,1
POSI-J-024187,"Dermatologic Surgery",1076-0512,200,1638,1638,3,1638,3973,2.4255189255189253,1
POSI-J-024188,"Allergy",0105-4538,200,1770,1770,3,1718,23629,13.753783469150175,1
POSI-J-024189,"Journal of Cardiothoracic and Vascular Anesthesia",1053-0770,200,2952,2952,4,2952,10393,3.5206639566395665,1
POSI-J-024190,"Journal of Medical Virology",0146-6615,200,3243,3243,5,3195,31323,9.8037558685446,1
POSI-J-024191,"Psychiatry Research",0165-1781,200,2137,2137,4,2137,23682,11.081890500701919,1
POSI-J-024192,"Journal of General Internal Medicine",0884-8734,200,2874,2874,4,2874,19143,6.660751565762004,1
POSI-J-024193,"American Journal of Orthodontics and Dentofacial Orthopedics",0889-5406,200,1313,1313,3,1313,7431,5.65955826351866,1
POSI-J-024194,"Journal of Endocrinology",0022-0795,200,296,296,2,296,3546,11.97972972972973,1
POSI-J-024195,"Irish Journal of Medical Science (1971 -)",0021-1265,200,1350,1350,3,1350,5091,3.7711111111111113,1
POSI-J-024196,"Surgery",0039-6060,200,2906,2906,4,2906,14394,4.953200275292498,1
POSI-J-024197,"Ophthalmologica",0030-3755,200,176,176,2,176,713,4.051136363636363,1
POSI-J-000612,"Emerging infectious diseases",1080-6040,200,2065,2065,4,2065,26291,12.731719128329297,1
POSI-J-024198,"Pacing and Clinical Electrophysiology",0147-8389,200,988,988,2,940,2887,3.071276595744681,1
POSI-J-024199,"Journal of Investigative Medicine",1081-5589,200,516,516,2,516,2614,5.065891472868217,1
POSI-J-024200,"Photochemistry and Photobiology",0031-8655,200,643,643,2,619,3440,5.55735056542811,1
POSI-J-024201,"Metabolism",0026-0495,200,984,984,2,984,18437,18.73678861788618,1
POSI-J-024202,"Australian Journal of Chemistry",0004-9425,200,270,270,2,270,764,2.8296296296296295,1
POSI-J-024203,"Molecular Immunology",0161-5890,200,875,875,2,875,6060,6.925714285714286,1
POSI-J-024204,"Canadian Journal of Anesthesia/Journal canadien d anesthésie",0832-610X,200,885,885,2,885,4441,5.018079096045198,1
POSI-J-024205,"Eye",0078-5334,200,0,0,1,0,0,,
POSI-J-024206,"AACE Clinical Case Reports",2376-0605,200,263,263,2,263,627,2.3840304182509504,1
POSI-J-024207,"AACE Endocrinology and Diabetes",3050-9157,200,81,81,2,81,68,0.8395061728395061,1
POSI-J-024208,"aBIOTECH",2662-1738,200,181,181,2,181,2196,12.132596685082873,1
POSI-J-006634,"Academic Pathology",2374-2895,200,207,207,2,207,598,2.888888888888889,1
POSI-J-024209,"Academic Pediatrics",1876-2859,200,1319,1319,3,1319,5901,4.473843821076573,1
POSI-J-024210,"Academic Radiology",1076-6332,200,2388,2388,4,2388,17165,7.188023450586265,1
POSI-J-024211,"Academy of Management Inside Organizations",3117-9878,404,0,0,0,0,0,,
POSI-J-024212,"Academy of Management Organizations and Their Environments",3117-9886,404,0,0,0,0,0,,
POSI-J-024213,"Accident Analysis & Prevention",0001-4575,200,1280,1280,3,1280,23039,17.99921875,1
POSI-J-024214,"Accounting Open",3050-5461,200,2,2,2,2,1,0.5,1
POSI-J-024215,"Accounting, Organizations and Society",0361-3682,200,158,158,2,158,1931,12.221518987341772,1
POSI-J-024216,"Accounting Theory and Practice",2949-9453,200,6,6,2,6,1,0.16666666666666666,1
POSI-J-024217,"Acta Adamantum",2773-224X,404,0,0,0,0,0,,
POSI-J-024218,"Acta Astronautica",0094-5765,200,2574,2574,4,2574,25995,10.099067599067599,1
POSI-J-024219,"Acta Biomaterialia",1742-7061,200,2793,2793,4,2793,68234,24.430361618331542,1
POSI-J-024220,"Acta Colombiana de Cuidado Intensivo",0122-7262,200,269,269,2,269,142,0.5278810408921933,1
POSI-J-024221,"Acta Histochemica",0065-1281,200,314,314,2,314,1967,6.264331210191083,1
POSI-J-024222,"Acta Oecologica",1146-609X,200,247,247,2,247,934,3.7813765182186234,1
POSI-J-024223,"Acta Otorrinolaringologica (English Edition)",2173-5735,200,251,251,2,251,221,0.8804780876494024,1
POSI-J-024224,"Acta Otorrinolaringológica Española",0001-6519,200,253,253,2,253,333,1.316205533596838,1
POSI-J-001364,"Acta Pharmaceutica Sinica B",2211-3835,200,1524,1524,3,1524,47545,31.19750656167979,1
POSI-J-024225,"Acta Physico-Chimica Sinica",1000-6818,200,434,434,2,434,8998,20.732718894009217,1
POSI-J-000706,"Acta Psychologica",0001-6918,200,2357,2357,4,2357,16067,6.816716164616038,1
POSI-J-024226,"Acta Psychologica Reports",3117-9894,404,0,0,0,0,0,,
POSI-J-024227,"Acta Tropica",0001-706X,200,1570,1570,3,1570,9840,6.267515923566879,1
POSI-J-024228,"Actas Urológicas Españolas",0210-4806,200,389,389,2,389,712,1.8303341902313626,1
POSI-J-024229,"Actas Urológicas Españolas (English Edition)",2173-5786,200,389,389,2,389,533,1.3701799485861184,1
POSI-J-024230,"Actualités Pharmaceutiques",0515-3700,200,971,971,2,971,56,0.057672502574665295,1
POSI-J-024231,"Ad Hoc Networks",1570-8705,200,884,884,2,884,11980,13.552036199095022,1
POSI-J-011875,"Addiction Neuroscience",2772-3925,200,225,225,2,225,1374,6.1066666666666665,1
POSI-J-024232,"Addictive Behaviors",0306-4603,200,1071,1071,3,1071,11759,10.979458450046685,1
POSI-J-005301,"Addictive Behaviors Reports",2352-8532,200,239,239,2,239,1441,6.02928870292887,1
POSI-J-024233,"Additive Manufacturing",2214-8604,200,2370,2370,4,2370,23645,9.976793248945148,1
POSI-J-024234,"Additive Manufacturing Frontiers",2950-4317,200,128,128,2,128,1024,8,1
POSI-J-009032,"Additive Manufacturing Letters",2772-3690,200,303,303,2,303,2372,7.8283828382838285,1
POSI-J-013221,"Advanced AgroChem",2773-2371,200,156,156,2,156,3310,21.21794871794872,1
POSI-J-024235,"Advanced Bionics",2950-3876,200,11,11,2,11,99,9,1
POSI-J-024236,"Advanced Design Research",2949-7825,200,44,44,2,44,138,3.1363636363636362,1
POSI-J-024237,"Advanced Drug Delivery Reviews",0169-409X,200,775,775,2,775,37042,47.796129032258065,1
POSI-J-024238,"Advanced Engineering Informatics",1474-0346,200,2102,2102,4,2102,51766,24.627021883920076,1
POSI-J-018196,"Advanced Exercise and Health Science",2950-273X,200,63,63,2,63,185,2.9365079365079363,1
POSI-J-000504,"Advanced Industrial and Engineering Polymer Research",2542-5048,200,146,146,2,146,2477,16.965753424657535,1
POSI-J-024239,"Advanced Interventional Materials",3051-1577,200,0,0,1,0,0,,
POSI-J-024240,"Advanced Light Materials",3117-3144,200,0,0,1,0,0,,
POSI-J-013424,"Advanced Membranes",2772-8234,200,128,128,2,128,1394,10.890625,1
POSI-J-024241,"Advanced Nanocomposites",2949-9445,200,42,42,2,42,829,19.738095238095237,1
POSI-J-024242,"Advanced Orthopaedics",3050-7170,200,16,16,2,16,27,1.6875,1
POSI-J-011335,"Advanced Powder Materials",2772-834X,200,208,208,2,208,6844,32.90384615384615,1
POSI-J-024243,"Advanced Powder Technology",0921-8831,200,1384,1384,3,1384,14777,10.677023121387283,1
POSI-J-024244,"Advanced Scientific Instruments",3117-3748,200,0,0,1,0,0,,
POSI-J-016198,"Advanced Sensor and Energy Materials",2773-045X,200,102,102,2,102,1301,12.754901960784315,1
POSI-J-024245,"Advances in Accounting",0882-6110,200,151,151,2,151,504,3.337748344370861,1
POSI-J-024246,"Advances in Anesthesia",0737-6146,200,72,72,2,72,205,2.8472222222222223,1
POSI-J-024247,"Advances in Animal Biosciences",2040-4700,200,0,0,1,0,0,,
POSI-J-011176,"Advances in Applied Energy",2666-7924,200,175,175,2,175,6643,37.96,1
POSI-J-024248,"Advances in Applied Mathematics",0196-8858,200,421,421,2,421,995,2.3634204275534443,1
POSI-J-019453,"Advances in Archaeomaterials",2667-1360,200,30,30,2,30,45,1.5,1
POSI-J-011939,"Advances in Bamboo Science",2773-1391,200,208,208,2,208,1454,6.990384615384615,1
POSI-J-024249,"Advances in Biological Regulation",2212-4926,200,156,156,2,156,898,5.756410256410256,1
POSI-J-016184,"Advances in Biomarker Sciences and Technology",2543-1064,200,70,70,2,70,229,3.2714285714285714,1
POSI-J-024250,"Advances in Business and Management Research",3051-0511,200,0,0,1,0,0,,
POSI-J-013923,"Advances in Cancer Biology - Metastasis",2667-3940,200,136,136,2,136,1281,9.419117647058824,1
POSI-J-024251,"Advances in Chronic Kidney Disease",1548-5595,200,87,87,2,87,541,6.218390804597701,1
POSI-J-003349,"Advances in Climate Change Research",1674-9278,200,410,410,2,410,5088,12.409756097560976,1
POSI-J-024252,"Advances in Clinical Radiology",2589-8701,200,97,97,2,97,118,1.2164948453608246,1
POSI-J-024253,"Advances in Colloid and Interface Science",0001-8686,200,807,807,2,807,38829,48.11524163568773,1
POSI-J-024254,"Advances in Cosmetic Surgery",2542-4327,200,102,102,2,102,71,0.696078431372549,1
POSI-J-024255,"Advances in Engineering Software",0965-9978,200,640,640,2,640,9810,15.328125,1
POSI-J-024256,"Advances in Family Practice Nursing",2589-420X,200,101,101,2,101,71,0.7029702970297029,1
POSI-J-014741,"Advances in Industrial and Manufacturing Engineering",2666-9129,200,102,102,2,102,914,8.96078431372549,1
POSI-J-024257,"Advances in Integrative Medicine",2212-9588,200,271,271,2,271,623,2.2988929889298895,1
POSI-J-024258,"Advances in Kidney Disease and Health",2949-8139,200,246,246,2,246,1057,4.296747967479675,1
POSI-J-024259,"Advances in Life Course Research",1569-4909,200,169,169,2,169,1185,7.011834319526627,1
POSI-J-024260,"Advances in Mathematics",0001-8708,200,1898,1898,3,1898,6826,3.596417281348788,1
POSI-J-024261,"Advances in Medical Sciences",1896-1126,200,226,226,2,226,1421,6.287610619469026,1
POSI-J-024262,"Advances in Molecular Pathology",2589-4080,200,87,87,2,87,71,0.8160919540229885,1
POSI-J-024263,"Advances in Nutrition",2161-8313,200,704,704,2,704,15299,21.73153409090909,1
POSI-J-024264,"Advances in Oncology",2666-853X,200,109,109,2,109,112,1.0275229357798166,1
POSI-J-024265,"Advances in Ophthalmology and Optometry",2452-1760,200,127,127,2,127,50,0.3937007874015748,1
POSI-J-012734,"Advances in Ophthalmology Practice and Research",2667-3762,200,155,155,2,155,1180,7.612903225806452,1
POSI-J-005859,"Advances in Oral and Maxillofacial Surgery",2667-1476,200,370,370,2,370,408,1.1027027027027028,1
POSI-J-024266,"Advances in Patient-Reported Outcomes",3050-6964,200,266,266,2,266,25,0.09398496240601503,1
POSI-J-024267,"Advances in Pediatrics",0065-3101,200,88,88,2,88,494,5.613636363636363,1
POSI-J-024268,"Advances in Psychiatry and Behavioral Health",2667-3827,200,117,117,2,117,254,2.1709401709401708,1
POSI-J-002104,"Advances in Radiation Oncology",2452-1094,200,933,933,2,933,3695,3.960342979635584,1
POSI-J-014926,"Advances in Redox Research",2667-1379,200,105,105,2,105,1026,9.771428571428572,1
POSI-J-012571,"Advances in Sample Preparation",2772-5820,200,211,211,2,211,2092,9.914691943127963,1
POSI-J-024269,"Advances in Small Animal Care",2666-450X,200,84,84,2,84,204,2.4285714285714284,1
POSI-J-024270,"Advances in Surgery",0065-3411,200,98,98,2,98,318,3.2448979591836733,1
POSI-J-024271,"Advances in Water Resources",0309-1708,200,773,773,2,773,7802,10.093143596377748,1
POSI-J-017987,"Advances in Wind Engineering",2950-6018,200,57,57,2,57,489,8.578947368421053,1
POSI-J-024272,"Advancing Medical-Surgical Nursing",3050-8592,200,31,31,2,31,8,0.25806451612903225,1
POSI-J-024273,"Aeolian Research",1875-9637,200,140,140,2,140,979,6.992857142857143,1
POSI-J-024274,"Aerospace Science and Technology",1270-9638,200,3096,3096,5,3096,45791,14.790374677002584,1
POSI-J-024275,"Aerospace Traffic and Safety",2950-3388,200,35,35,2,35,130,3.7142857142857144,1
POSI-J-024276,"AEU - International Journal of Electronics and Communications",1434-8411,200,1604,1604,3,1604,12172,7.58852867830424,1
POSI-J-003641,"African Journal of Emergency Medicine",2211-419X,200,286,286,2,286,1002,3.5034965034965033,1
POSI-J-024277,"African Transport Studies",2950-1962,200,67,67,2,67,102,1.5223880597014925,1
POSI-J-024278,"Ageing Research Reviews",1568-1637,200,1119,1119,3,1119,42542,38.01787310098302,1
POSI-J-024279,"Aggression and Violent Behavior",1359-1789,200,272,272,2,272,2749,10.106617647058824,1
POSI-J-015015,"Aging Brain",2589-9589,200,125,125,2,125,1013,8.104,1
POSI-J-012370,"Aging and Health Research",2667-0321,200,180,180,2,180,1015,5.638888888888889,1
POSI-J-024280,"Agricultural Environment and Sustainability",3117-4094,200,0,0,1,0,0,,
POSI-J-024281,"Agricultural and Forest Meteorology",0168-1923,200,1730,1730,3,1730,26973,15.591329479768786,1
POSI-J-024282,"Agricultural Systems",0308-521X,200,917,917,2,917,15108,16.47546346782988,1
POSI-J-000691,"Agricultural Water Management",0378-3774,200,2612,2612,4,2612,46160,17.67228177641654,1
POSI-J-017265,"Agriculture Communications",2949-7981,200,77,77,2,77,622,8.077922077922079,1
POSI-J-024283,"Agriculture, Ecosystems & Environment",0167-8809,200,1748,1748,3,1748,32492,18.588100686498855,1
POSI-J-000427,"AI Open",2666-6510,200,87,87,2,87,3412,39.2183908045977,1
POSI-J-024284,"AI Thermal Fluids",3050-5852,200,22,22,2,22,70,3.1818181818181817,1
POSI-J-001143,"Ain Shams Engineering Journal",2090-4479,200,2011,2011,4,2011,30594,15.21332670313277,1
POSI-J-024285,"Air Medical Journal",1067-991X,200,568,568,2,568,968,1.704225352112676,1
POSI-J-011075,"AJO International",2950-2535,200,201,201,2,201,368,1.8308457711442787,1
POSI-J-024286,"AJO-DO Clinical Companion",2666-4305,200,306,306,2,306,340,1.1111111111111112,1
POSI-J-005748,"AJOG Global Reports",2666-5778,200,535,535,2,535,2588,4.837383177570094,1
POSI-J-007368,"AJPM Focus",2773-0654,200,387,387,2,387,1767,4.565891472868217,1
POSI-J-024287,"Alcohol",0741-8329,200,546,546,2,546,1886,3.4542124542124544,1
POSI-J-000810,"Alexandria Engineering Journal",1110-0168,200,4529,4529,6,4529,82623,18.24310002207993,1
POSI-J-024288,"Algal Research",2211-9264,200,1867,1867,3,1867,22283,11.935190144617033,1
POSI-J-001823,"Allergology International",1323-8930,200,340,340,2,340,4539,13.35,1
POSI-J-018690,"Allergy Medicine",2949-9135,200,45,45,2,45,102,2.2666666666666666,1
POSI-J-004806,"American Heart Journal Plus: Cardiology Research and Practice",2666-6022,200,573,573,2,573,1423,2.4834205933682374,1
POSI-J-024289,"The American Journal of Geriatric Psychiatry",1064-7481,200,1729,1729,3,1729,5227,3.023134759976865,1
POSI-J-024290,"The American Journal of Geriatric Psychiatry: Open Science, Education, and Practice",2950-3868,200,58,58,2,58,85,1.4655172413793103,1
POSI-J-024291,"The American Journal of Human Genetics",0002-9297,200,829,829,2,829,16797,20.261761158021713,1
POSI-J-024292,"The American Journal of the Medical Sciences",0002-9629,200,3369,3369,5,3369,3464,1.0281982784208965,1
POSI-J-016145,"American Journal of Medicine Open",2667-0364,200,105,105,2,105,752,7.161904761904762,1
POSI-J-024293,"The American Journal of Medicine Supplements",1548-2766,200,0,0,1,0,0,,
POSI-J-024294,"American Journal of Obstetrics & Gynecology MFM",2589-9333,200,1258,1258,3,1258,8688,6.906200317965024,1
POSI-J-001586,"American Journal of Ophthalmology Case Reports",2451-9936,200,1244,1244,3,1244,3169,2.547427652733119,1
POSI-J-000815,"American Journal of Otolaryngology",0196-0709,200,1364,1364,3,1364,6633,4.862903225806452,1
POSI-J-024295,"The American Journal of Pathology",0002-9440,200,835,835,2,835,7315,8.760479041916168,1
POSI-J-024296,"American Journal of Pharmaceutical Education",0002-9459,200,2103,2103,4,2103,5179,2.462672372800761,1
POSI-J-002652,"American Journal of Preventive Cardiology",2666-6677,200,929,929,2,929,4800,5.166846071044134,1
POSI-J-024297,"American Journal of Preventive Medicine",0749-3797,200,1316,1316,3,1316,13698,10.408814589665653,1
POSI-J-011196,"Ampersand",2215-0390,200,163,163,2,163,715,4.386503067484663,1
POSI-J-024298,"Anaerobe",1075-9964,200,393,393,2,393,2989,7.6055979643765905,1
POSI-J-024299,"Anaesthesia Critical Care & Pain Medicine",2352-5568,200,592,592,2,592,2226,3.760135135135135,1
POSI-J-024300,"Anaesthesia & Intensive Care Medicine",1472-0299,200,699,699,2,699,930,1.3304721030042919,1
POSI-J-000913,"Anais Brasileiros de Dermatologia",0365-0596,200,771,771,2,771,3630,4.708171206225681,1
POSI-J-024301,"Anales de Cirugía Vascular",1130-2542,200,0,0,1,0,0,,
POSI-J-000704,"Anales de Pediatría",1695-4033,200,786,786,2,786,1411,1.7951653944020356,1
POSI-J-024302,"Anales de Pediatria Continuada",1696-2818,200,0,0,1,0,0,,
POSI-J-002024,"Anales de Pediatría (English Edition)",2341-2879,200,768,768,2,768,809,1.0533854166666667,1
POSI-J-024303,"Analytic Methods in Accident Research",2213-6657,200,125,125,2,125,2324,18.592,1
POSI-J-024304,"Analytica Chimica Acta: X",2590-1346,200,3,3,2,3,2,0.6666666666666666,1
POSI-J-024305,"Anesthésie & Réanimation",2352-5800,200,402,402,2,402,58,0.14427860696517414,1
POSI-J-024306,"Anesthesiology Clinics",1932-2275,200,328,328,2,328,1144,3.4878048780487805,1
POSI-J-024307,"Anesthesiology and Medicine",3117-8820,200,0,0,1,0,0,,
POSI-J-000892,"Animal",1751-7311,200,1170,1170,3,1170,11278,9.639316239316239,1
POSI-J-024308,"Animal Feed Science and Technology",0377-8401,200,1067,1067,3,1067,7364,6.901593252108716,1
POSI-J-024309,"Animal Nutrition",2405-6545,200,625,625,2,625,12144,19.4304,1
POSI-J-024310,"Animal - Open Space",2772-6940,200,108,108,2,108,343,3.175925925925926,1
POSI-J-024311,"Animal Reproduction Science",0378-4320,200,812,812,2,812,4184,5.152709359605911,1
POSI-J-024312,"Animal - Science Proceedings",2772-283X,200,3617,3617,5,3617,418,0.1155653856787393,1
POSI-J-024313,"Animals and Zoonoses",2950-2489,200,47,47,2,47,189,4.0212765957446805,1
POSI-J-024314,"Annales de Cardiologie et d'Angéiologie",0003-3928,200,393,393,2,393,300,0.7633587786259542,1
POSI-J-024315,"Annales de Chirurgie Plastique Esthétique",0294-1260,200,339,339,2,339,409,1.2064896755162242,1
POSI-J-024316,"Annales de Dermatologie et de Vénéréologie - FMC",2667-0623,200,3022,3022,5,3022,79,0.02614162806088683,1
POSI-J-024317,"Annales de Dermatologie et de Vénéréologie",0151-9638,200,348,348,2,348,879,2.5258620689655173,1
POSI-J-024318,"Annales d'Endocrinologie",0003-4266,200,2743,2743,4,2743,1928,0.7028800583302953,1
POSI-J-024319,"Annales françaises d’Oto-rhino-laryngologie et de Pathologie Cervico-faciale",1879-7261,200,376,376,2,376,9,0.023936170212765957,1
POSI-J-024320,"Annales Médico-psychologiques, revue psychiatrique",0003-4487,200,735,735,2,735,673,0.9156462585034013,1
POSI-J-024321,"Annales de Paléontologie",0753-3969,200,107,107,2,107,135,1.2616822429906542,1
POSI-J-024322,"Annales de Pathologie",0242-6498,200,460,460,2,460,254,0.5521739130434783,1
POSI-J-024323,"Annales Pharmaceutiques Françaises",0003-4509,200,449,449,2,449,1319,2.937639198218263,1
POSI-J-012927,"Annals of 3D Printed Medicine",2666-9641,200,165,165,2,165,1166,7.066666666666666,1
POSI-J-006782,"Annals of Agricultural Sciences",0570-1783,200,70,70,2,70,635,9.071428571428571,1
POSI-J-024324,"Annals of Allergy, Asthma & Immunology",1081-1206,200,3963,3963,5,3963,10927,2.7572546050971485,1
POSI-J-024325,"Annals of Anatomy - Anatomischer Anzeiger",0940-9602,200,757,757,2,757,2888,3.8150594451783357,1
POSI-J-024326,"Annals of Diagnostic Pathology",1092-9134,200,494,494,2,494,1891,3.827935222672065,1
POSI-J-024327,"Annals of Emergency Medicine",0196-0644,200,3489,3489,5,3489,6053,1.7348810547434794,1
POSI-J-001197,"Annals of Hepatology",1665-2681,200,1341,1341,3,1341,4935,3.680089485458613,1
POSI-J-024328,"Annals of Medicine and Surgery",2049-0801,200,6064,6064,8,6064,23071,3.8045844327176783,1
POSI-J-024329,"Annals of Nuclear Energy",0306-4549,200,2681,2681,4,2681,16932,6.315553897799329,1
POSI-J-024330,"Annals of Physical and Rehabilitation Medicine",1877-0657,200,351,351,2,351,3108,8.854700854700855,1
POSI-J-024331,"Annals of Physics",0003-4916,200,1058,1058,3,1058,6974,6.591682419659735,1
POSI-J-024332,"Annals of Pure and Applied Logic",0168-0072,200,348,348,2,348,546,1.5689655172413792,1
POSI-J-003794,"Annals of Thoracic Surgery Short Reports",2772-9931,200,692,692,2,692,902,1.3034682080924855,1
POSI-J-012726,"Annals of Tourism Research Empirical Insights",2666-9579,200,168,168,2,168,1956,11.642857142857142,1
POSI-J-024333,"Annals of Vascular Surgery",0890-5096,200,2704,2704,4,2704,9163,3.388683431952663,1
POSI-J-007766,"Annals of Vascular Surgery - Brief Reports and Innovations",2772-6878,200,382,382,2,382,195,0.5104712041884817,1
POSI-J-024334,"Annual Reviews in Control",1367-5788,200,192,192,2,192,5916,30.8125,1
POSI-J-024335,"Anthropocene",2213-3054,200,165,165,2,165,1653,10.018181818181818,1
POSI-J-024336,"L'Anthropologie",0003-5521,200,271,271,2,271,420,1.5498154981549817,1
POSI-J-024337,"Antiviral Research",0166-3542,200,770,770,2,770,8112,10.535064935064936,1
POSI-J-024338,"Appetite",0195-6663,200,2144,2144,4,2144,19325,9.013526119402986,1
POSI-J-024339,"Appetite: Disordered Eating",3117-3950,200,0,0,1,0,0,,
POSI-J-007066,"Applications in Energy and Combustion Science",2666-352X,200,376,376,2,376,1804,4.797872340425532,1
POSI-J-010107,"Applications in Engineering Science",2666-4968,200,190,190,2,190,582,3.0631578947368423,1
POSI-J-024340,"Applied Acoustics",0003-682X,200,2228,2228,4,2228,24333,10.92145421903052,1
POSI-J-024341,"Applied Animal Behaviour Science",0168-1591,200,1013,1013,3,1013,5363,5.294175715695952,1
POSI-J-024342,"Applied Animal Science",2590-2865,200,349,349,2,349,1059,3.0343839541547277,1
POSI-J-024343,"Applied Biomolecules: Bioactive Materials",3117-5031,404,0,0,0,0,0,,
POSI-J-024344,"Applied Catalysis A: General",0926-860X,200,1776,1776,3,1776,17176,9.67117117117117,1
POSI-J-024345,"Applied Catalysis B: Environmental",0926-3373,200,4434,4434,6,4434,214640,48.40775823184484,1
POSI-J-014075,"Applied Catalysis O: Open",2950-6484,200,159,159,2,159,394,2.4779874213836477,1
POSI-J-024346,"Applied Clay Science",0169-1317,200,1273,1273,3,1273,17598,13.824037706205813,1
POSI-J-024347,"Applied and Computational Harmonic Analysis",1063-5203,200,298,298,2,298,2102,7.053691275167785,1
POSI-J-009957,"Applied Computing and Geosciences",2590-1974,200,213,213,2,213,1529,7.178403755868545,1
POSI-J-024348,"Applied Corpus Linguistics",2666-7991,200,145,145,2,145,1023,7.055172413793104,1
POSI-J-001792,"Applied Food Research",2772-5022,200,1514,1514,3,1514,16043,10.596433289299869,1
POSI-J-024349,"Applied Geochemistry",0883-2927,200,1082,1082,3,1082,9443,8.727356746765249,1
POSI-J-024350,"Applied Geography",0143-6228,200,896,896,2,896,13212,14.745535714285714,1
POSI-J-024351,"Applied Materials Today",2352-9407,200,1680,1680,3,1680,16143,9.60892857142857,1
POSI-J-024352,"Applied Mathematical Modelling",0307-904X,200,2061,2061,4,2061,29125,14.13148956817079,1
POSI-J-024353,"Applied Mathematics Letters",0893-9659,200,1418,1418,3,1418,9922,6.9971791255289135,1
POSI-J-024354,"Applied Numerical Mathematics",0168-9274,200,937,937,2,937,5573,5.9477054429028815,1
POSI-J-024355,"Applied Nursing Research",0897-1897,200,340,340,2,340,2113,6.214705882352941,1
POSI-J-000976,"Applied Ocean Research",0141-1187,200,1527,1527,3,1527,17535,11.483300589390963,1
POSI-J-024356,"Applied Radiation and Isotopes",0969-8043,200,1873,1873,3,1873,8271,4.415910304324613,1
POSI-J-024357,"Applied Soft Computing",1568-4946,200,4672,4672,6,4672,82234,17.601455479452056,1
POSI-J-024358,"Applied Soil Ecology",0929-1393,200,2017,2017,4,2017,26295,13.03668815071889,1
POSI-J-024359,"Applied Studies in Innovative Learning and Teaching",3051-3243,200,0,0,1,0,0,,
POSI-J-003998,"Applied Surface Science Advances",2666-5239,200,680,680,2,680,13676,20.111764705882354,1
POSI-J-024360,"Apunts Sports Medicine",2666-5069,200,90,90,2,90,346,3.8444444444444446,1
POSI-J-024361,"Aquacultural Engineering",0144-8609,200,301,301,2,301,3223,10.70764119601329,1
POSI-J-024362,"Aquaculture and Fisheries",2468-550X,200,392,392,2,392,4318,11.01530612244898,1
POSI-J-001199,"Aquaculture Reports",2352-5134,200,2312,2312,4,2312,12581,5.4416089965397925,1
POSI-J-024363,"Aquatic Botany",0304-3770,200,312,312,2,312,2090,6.698717948717949,1
POSI-J-024364,"Aquatic Diversity and Ecology",3117-8634,200,0,0,1,0,0,,
POSI-J-024365,"Aquatic Toxicology",0166-445X,200,1248,1248,3,1248,13677,10.959134615384615,1
POSI-J-024366,"Arab Journal of Gastroenterology",1687-1979,200,263,263,2,263,664,2.5247148288973382,1
POSI-J-024367,"Arabian Journal of Chemistry",1878-5352,200,2507,2507,4,2507,38571,15.385321100917432,1
POSI-J-024368,"Archaeological Research in Asia",2352-2267,200,233,233,2,233,457,1.96137339055794,1
POSI-J-024369,"Archives of Cancer and Medically Complex Rehabilitation",3117-8685,200,0,0,1,0,0,,
POSI-J-024370,"Archives of Cardiovascular Diseases",1875-2136,200,1381,1381,3,1381,2011,1.4561911658218682,1
POSI-J-024371,"Archives of Cardiovascular Diseases Supplements",1878-6480,200,1063,1063,3,1063,89,0.08372530573847602,1
POSI-J-024372,"Archives of Gerontology and Geriatrics",0167-4943,200,1163,1163,3,1163,12243,10.527085124677559,1
POSI-J-010832,"Archives of Gerontology and Geriatrics Plus",2950-3078,200,220,220,2,220,622,2.827272727272727,1
POSI-J-024373,"Archives of Legal Medicine",2950-3949,200,72,72,2,72,19,0.2638888888888889,1
POSI-J-024374,"Archives des Maladies du Cœur et des Vaisseaux - Pratique",1261-694X,200,457,457,2,457,28,0.061269146608315096,1
POSI-J-024375,"Archives des Maladies Professionnelles et de l’Environnement",1775-8785,200,1164,1164,3,1164,103,0.08848797250859107,1
POSI-J-024376,"Archives of Medical Research",0188-4409,200,464,464,2,464,3336,7.189655172413793,1
POSI-J-024377,"Archives of Oral Biology",0003-9969,200,796,796,2,796,4272,5.366834170854271,1
POSI-J-024378,"Archives of Physical Medicine and Rehabilitation",0003-9993,200,3203,3203,5,3203,11006,3.4361536059943805,1
POSI-J-024379,"Archives of Psychiatric Nursing",0883-9417,200,629,629,2,629,3138,4.988871224165342,1
POSI-J-006695,"Archives of Rehabilitation Research and Clinical Translation",2590-1095,200,313,313,2,313,921,2.9424920127795526,1
POSI-J-024380,"Archives of Stroke Rehabilitation",3117-8588,200,0,0,1,0,0,,
POSI-J-024381,"Archivos de Bronconeumología",0300-2896,200,1100,1100,3,1100,4875,4.431818181818182,1
POSI-J-024382,"Archivos de la Sociedad Española de Oftalmología",0365-6691,200,517,517,2,517,486,0.9400386847195358,1
POSI-J-024383,"Archivos de la Sociedad Española de Oftalmología (English Edition)",2173-5794,200,504,504,2,504,332,0.6587301587301587,1
POSI-J-003982,"Array",2590-0056,200,453,453,2,453,6519,14.390728476821192,1
POSI-J-002017,"Arthroplasty Today",2352-3441,200,1016,1016,3,1016,5150,5.068897637795276,1
POSI-J-024384,"Arthropod Structure & Development",1467-8039,200,222,222,2,222,637,2.869369369369369,1
POSI-J-002984,"Arthroscopy, Sports Medicine, and Rehabilitation",2666-061X,200,815,815,2,791,5036,6.366624525916562,1
POSI-J-001089,"Arthroscopy Techniques",2212-6287,200,1786,1786,3,1738,4888,2.8124280782508633,1
POSI-J-024385,"Artificial Intelligence",0004-3702,200,520,520,2,520,5723,11.00576923076923,1
POSI-J-010017,"Artificial Intelligence in Agriculture",2589-7217,200,144,144,2,144,3388,23.52777777777778,1
POSI-J-016257,"Artificial Intelligence Chemistry",2949-7477,200,98,98,2,98,1219,12.438775510204081,1
POSI-J-024386,"Artificial Intelligence in Emergency Medicine",3051-2883,200,0,0,1,0,0,,
POSI-J-013294,"Artificial Intelligence in Geosciences",2666-5441,200,125,125,2,125,632,5.056,1
POSI-J-014849,"Artificial Intelligence in the Life Sciences",2667-3185,200,103,103,2,103,801,7.776699029126213,1
POSI-J-024387,"Artificial Intelligence in Medicine",0933-3657,200,743,743,2,743,15042,20.244952893674295,1
POSI-J-024388,"Artificial Intelligence for Transportation",3050-8606,200,22,22,2,22,105,4.7727272727272725,1
POSI-J-024389,"The Arts in Psychotherapy",0197-4556,200,347,347,2,347,1429,4.118155619596542,1
POSI-J-016225,"Asia and the Global Economy",2667-1115,200,96,96,2,96,466,4.854166666666667,1
POSI-J-024390,"Asia Nexus Journal of Management",3050-9548,404,0,0,0,0,0,,
POSI-J-003004,"Asia-Pacific Journal of Ophthalmology",2162-0989,200,373,373,2,373,3649,9.7828418230563,1
POSI-J-004266,"Asia-Pacific Journal of Sports Medicine, Arthroscopy, Rehabilitation and Technology",2214-6873,200,110,110,2,110,243,2.209090909090909,1
POSI-J-024391,"Asia Pacific Management Review",1029-3132,200,179,179,2,179,3017,16.854748603351954,1
POSI-J-003824,"Asian Journal of Pharmaceutical Sciences",1818-0876,200,251,251,2,251,3950,15.737051792828685,1
POSI-J-024392,"Asian Journal of Psychiatry",1876-2018,200,1521,1521,3,1521,10765,7.077580539119,1
POSI-J-000408,"The Asian Journal of Shipping and Logistics",2092-5212,200,90,90,2,90,975,10.833333333333334,1
POSI-J-024393,"Asian Journal of Social Science",1568-4849,200,179,179,2,179,389,2.1731843575418996,1
POSI-J-016637,"Asian Journal of Sport and Exercise Psychology",2667-2391,200,94,94,2,94,580,6.170212765957447,1
POSI-J-024394,"Asian Journal of Surgery",1015-9584,200,8524,8524,10,8524,9707,1.1387846081651807,1
POSI-J-004530,"Asian Journal of Urology",2214-3882,404,0,0,0,0,0,,
POSI-J-004769,"Asian Nursing Research",1976-1317,200,199,199,2,199,1010,5.075376884422111,1
POSI-J-013846,"Asian Transport Studies",2185-5560,200,124,124,2,124,656,5.290322580645161,1
POSI-J-017365,"Aspects of Molecular Medicine",2949-6888,200,87,87,2,87,605,6.954022988505747,1
POSI-J-019957,"ASPET Discovery",3050-5674,200,16,16,2,16,62,3.875,1
POSI-J-024395,"Assessing Writing",1075-2935,200,291,291,2,291,4474,15.374570446735396,1
POSI-J-024396,"Astronomy and Computing",2213-1337,200,328,328,2,328,1817,5.539634146341464,1
POSI-J-024397,"Astroparticle Physics",0927-6505,200,230,230,2,230,1575,6.8478260869565215,1
POSI-J-000844,"Atención Primaria",0212-6567,200,670,670,2,670,1833,2.735820895522388,1
POSI-J-010867,"Atherosclerosis Plus",2667-0895,200,208,208,2,208,664,3.1923076923076925,1
POSI-J-024398,"Atherosclerosis Supplements",1567-5688,200,0,0,1,0,0,,
POSI-J-024399,"Atlas of the Oral and Maxillofacial Surgery Clinics",1061-3315,200,136,136,2,136,310,2.2794117647058822,1
POSI-J-007551,"Atmospheric Environment: X",2590-1621,200,251,251,2,251,907,3.6135458167330676,1
POSI-J-002610,"Atmospheric and Oceanic Science Letters",1674-2834,200,291,291,2,291,1426,4.900343642611684,1
POSI-J-024400,"Atmospheric Pollution Research",1309-1042,200,1174,1174,3,1174,10925,9.30579216354344,1
POSI-J-024401,"Atmospheric Research",0169-8095,200,2049,2049,4,2049,23119,11.283064909712055,1
POSI-J-024402,"Atomic Data and Nuclear Data Tables",0092-640X,200,117,117,2,117,728,6.222222222222222,1
POSI-J-024403,"Auris Nasus Larynx",0385-8146,200,621,621,2,621,2995,4.822866344605475,1
POSI-J-024404,"Australasian Emergency Care",2588-994X,200,227,227,2,227,1352,5.955947136563877,1
POSI-J-024405,"Australian Critical Care",1036-7314,200,901,901,2,901,4437,4.9245283018867925,1
POSI-J-001015,"Australian and New Zealand Journal of Public Health",1326-0200,200,412,412,2,406,2527,6.224137931034483,1
POSI-J-024406,"Autoimmunity Reviews",1568-9972,200,641,641,2,641,12705,19.82059282371295,1
POSI-J-024407,"Automatica",0005-1098,200,2258,2258,4,2258,37235,16.490256864481843,1
POSI-J-024408,"Automation in Construction",0926-5805,200,2269,2269,4,2269,72490,31.947994711326576,1
POSI-J-024409,"Autonomic Neuroscience",1566-0702,200,279,279,2,279,2422,8.68100358422939,1
POSI-J-024410,"Autonomous Transportation Research",3050-8622,200,6,6,2,6,18,3,1
POSI-J-005381,"Avian Research",2053-7166,200,304,304,2,304,1511,4.970394736842105,1
POSI-J-024411,"Bacteriophage",3051-2697,200,0,0,1,0,0,,
POSI-J-001816,"Basic and Applied Ecology",1439-1791,200,371,371,2,371,3513,9.46900269541779,1
POSI-J-024412,"Basketball Studies",3117-8839,200,0,0,1,0,0,,
POSI-J-013647,"BBA Advances",2667-1603,200,138,138,2,138,1327,9.615942028985508,1
POSI-J-024413,"Behavior Therapy",0005-7894,200,381,381,2,381,4019,10.548556430446194,1
POSI-J-024414,"Behavioural Processes",0376-6357,200,496,496,2,496,2075,4.183467741935484,1
POSI-J-024415,"BenchCouncil Transactions on Benchmarks, Standards and Evaluations",2772-4859,200,115,115,2,115,2323,20.2,1
POSI-J-024416,"Best Practice & Research Clinical Anaesthesiology",1521-6896,200,0,0,1,0,0,,
POSI-J-024417,"Best Practice & Research Clinical Endocrinology & Metabolism",1521-690X,200,266,266,2,266,3839,14.43233082706767,1
POSI-J-024418,"Best Practice & Research Clinical Gastroenterology",1521-6918,200,274,274,2,274,1919,7.0036496350364965,1
POSI-J-024419,"Best Practice & Research Clinical Haematology",1521-6926,200,175,175,2,175,1057,6.04,1
POSI-J-024420,"Best Practice & Research Clinical Obstetrics & Gynaecology",1521-6934,200,405,405,2,405,4542,11.214814814814815,1
POSI-J-024421,"Best Practice & Research Clinical Rheumatology",1521-6942,200,242,242,2,242,3097,12.797520661157025,1
POSI-J-024422,"Big Data and Earth System",3050-7405,200,12,12,2,12,19,1.5833333333333333,1
POSI-J-024423,"Big Data Research",2214-5796,200,193,193,2,193,2064,10.694300518134716,1
POSI-J-024424,"Bioactive Carbohydrates and Dietary Fibre",2212-6198,200,217,217,2,217,1491,6.870967741935484,1
POSI-J-024425,"Bioactive Materials",2452-199X,200,1823,1823,3,1823,44495,24.4075699396599,1
POSI-J-024426,"Biocatalysis and Agricultural Biotechnology",1878-8181,200,1635,1635,3,1635,16916,10.346177370030581,1
POSI-J-024427,"Biochemical Engineering Journal",1369-703X,200,1358,1358,3,1358,14484,10.665684830633284,1
POSI-J-024428,"Biochemical Systematics and Ecology",0305-1978,200,602,602,2,602,2834,4.707641196013289,1
POSI-J-001558,"Biochemistry and Biophysics Reports",2405-5808,200,1158,1158,3,1158,3873,3.344559585492228,1
POSI-J-024429,"Biochimica et Biophysica Acta (BBA) - Gene Regulatory Mechanisms",1874-9399,200,221,221,2,221,1738,7.864253393665158,1
POSI-J-024430,"Biochimica et Biophysica Acta (BBA) - Molecular Basis of Disease",0925-4439,200,1484,1484,3,1484,14564,9.814016172506738,1
POSI-J-024431,"Biochimica et Biophysica Acta (BBA) - Molecular and Cell Biology of Lipids",1388-1981,200,421,421,2,421,2743,6.515439429928741,1
POSI-J-024432,"Biochimica et Biophysica Acta (BBA) - Molecular Cell Research",0167-4889,200,714,714,2,714,7383,10.340336134453782,1
POSI-J-024433,"Biochimica et Biophysica Acta (BBA) - Proteins and Proteomics",1570-9639,200,214,214,2,214,1128,5.271028037383178,1
POSI-J-024434,"Biochimica et Biophysica Acta (BBA) - Reviews on Cancer",0304-419X,200,738,738,2,738,13614,18.447154471544714,1
POSI-J-024435,"Biochimie",0300-9084,200,854,854,2,854,6828,7.995316159250586,1
POSI-J-024436,"Biocybernetics and Biomedical Engineering",0208-5216,200,255,255,2,255,4748,18.619607843137256,1
POSI-J-015536,"BioDesign Research",2693-1257,200,102,102,2,102,1596,15.647058823529411,1
POSI-J-024437,"Bioelectrochemistry",1567-5394,200,858,858,2,858,10450,12.179487179487179,1
POSI-J-009223,"Biofilm",2590-2075,200,272,272,2,272,3556,13.073529411764707,1
POSI-J-014945,"Biogeotechnics",2949-9291,200,115,115,2,115,2765,24.043478260869566,1
POSI-J-024438,"Biological Conservation",0006-3207,200,1730,1730,3,1730,20111,11.62485549132948,1
POSI-J-024439,"Biological Control",1049-9644,200,852,852,2,852,7977,9.362676056338028,1
POSI-J-024440,"Biological Psychiatry: Cognitive Neuroscience and Neuroimaging",2451-9022,200,872,872,2,872,3250,3.727064220183486,1
POSI-J-004786,"Biological Psychiatry Global Open Science",2667-1743,200,572,572,2,572,4040,7.062937062937063,1
POSI-J-024441,"Biological Psychology",0301-0511,200,677,677,2,677,5537,8.178729689807977,1
POSI-J-024442,"Biologicals",1045-1056,200,184,184,2,184,793,4.309782608695652,1
POSI-J-015223,"Biomarkers in Neuropsychiatry",2666-1446,200,86,86,2,86,508,5.906976744186046,1
POSI-J-024443,"Biomass and Bioenergy",0961-9534,200,1710,1710,3,1710,23674,13.844444444444445,1
POSI-J-022835,"Biomass Futures",3051-4444,200,0,0,1,0,0,,
POSI-J-024444,"Biomaterials Advances",2772-9508,200,1532,1532,3,1532,25252,16.48302872062663,1
POSI-J-016294,"Biomaterials and Biosystems",2666-5344,200,84,84,2,84,618,7.357142857142857,1
POSI-J-024445,"Biomaterials and Living Medicine for Pharmaceutics​",3117-4663,200,0,0,1,0,0,,
POSI-J-019058,"Biomedical Analysis",2950-435X,200,45,45,2,45,320,7.111111111111111,1
POSI-J-012659,"Biomedical Engineering Advances",2667-0992,200,174,174,2,174,2488,14.298850574712644,1
POSI-J-024446,"Biomedical and Environmental Sciences",0895-3988,200,0,0,1,0,0,,
POSI-J-024447,"Biomedical Instrumentation",3050-5372,200,14,14,2,14,22,1.5714285714285714,1
POSI-J-003300,"Biomedical Journal",2319-4170,200,369,369,2,369,4632,12.552845528455284,1
POSI-J-024448,"Biomedical Signal Processing and Control",1746-8094,200,4715,4715,6,4715,80267,17.0237539766702,1
POSI-J-016368,"Biomedical Technology",2949-723X,200,105,105,2,105,2905,27.666666666666668,1
POSI-J-024449,"Biomimetic Intelligence and Robotics",2667-3797,200,149,149,2,149,1815,12.181208053691275,1
POSI-J-024450,"Bioorganic Chemistry",0045-2068,200,3483,3483,5,3483,34214,9.823140970427792,1
POSI-J-024451,"Bioorganic & Medicinal Chemistry",0968-0896,200,1483,1483,3,1483,9329,6.290627107215104,1
POSI-J-024452,"Biophysical Chemistry",0301-4622,200,500,500,2,500,3173,6.346,1
POSI-J-024453,"Biophysical Journal",0006-3495,200,12704,12704,14,12704,16237,1.2781013853904282,1
POSI-J-013961,"Biophysical Reports",2667-0747,200,132,132,2,132,537,4.068181818181818,1
POSI-J-024454,"Bioprinting",2405-8866,200,270,270,2,270,4746,17.57777777777778,1
POSI-J-024455,"Bioresource Technology Reports",2589-014X,200,1549,1549,3,1549,12404,8.007746933505487,1
POSI-J-009351,"Biosafety and Health",2590-0536,200,205,205,2,205,1758,8.575609756097561,1
POSI-J-006085,"Biosensors and Bioelectronics: X",2590-1370,200,507,507,2,507,3481,6.865877712031558,1
POSI-J-024456,"Biosystems",0303-2647,200,692,692,2,692,3427,4.952312138728324,1
POSI-J-024457,"Biosystems Engineering",1537-5110,200,877,877,2,877,13956,15.913340935005701,1
POSI-J-022765,"Biotechnology Notes",2665-9069,200,85,85,2,85,885,10.411764705882353,1
POSI-J-003975,"Biotechnology Reports",2215-017X,200,232,232,2,232,3306,14.25,1
POSI-J-024458,"BJA Education",2058-5349,200,364,364,2,364,2190,6.016483516483516,1
POSI-J-007177,"BJA Open",2772-6096,200,451,451,2,451,1455,3.2261640798226163,1
POSI-J-008617,"Blockchain: Research and Applications",2096-7209,200,260,260,2,260,2982,11.46923076923077,1
POSI-J-000868,"Blood Advances",2473-9529,200,2972,2972,4,2972,44104,14.839838492597577,1
POSI-J-024459,"Blood Cells, Molecules, and Diseases",1079-9796,200,165,165,2,165,686,4.157575757575757,1
POSI-J-016825,"Blood Global Hematology",3050-5658,200,36,36,2,36,20,0.5555555555555556,1
POSI-J-018586,"Blood Immunology & Cellular Therapy",3050-5976,200,19,19,2,19,28,1.4736842105263157,1
POSI-J-011606,"Blood Neoplasia",2950-3280,200,169,169,2,169,547,3.2366863905325443,1
POSI-J-017502,"Blood Red Cells & Iron",3050-5984,200,33,33,2,33,40,1.2121212121212122,1
POSI-J-024460,"Blood Reviews",0268-960X,200,269,269,2,269,4614,17.152416356877325,1
POSI-J-013964,"Blood Vessels, Thrombosis & Hemostasis",2950-3272,200,108,108,2,108,286,2.6481481481481484,1
POSI-J-024461,"Body Image",1740-1445,200,606,606,2,606,9581,15.810231023102311,1
POSI-J-001555,"Boletín de la Sociedad Española de Cerámica y Vidrio",0366-3175,200,224,224,2,224,1537,6.861607142857143,1
POSI-J-024462,"Bone",8756-3282,200,1071,1071,3,1071,10766,10.052287581699346,1
POSI-J-002120,"Bone Reports",2352-1872,200,688,688,2,688,2103,3.056686046511628,1
POSI-J-004446,"Borsa Istanbul Review",2214-8450,200,513,513,2,513,9865,19.230019493177387,1
POSI-J-024463,"Brachytherapy",1538-4721,200,1245,1245,3,1245,1634,1.3124497991967872,1
POSI-J-024464,"Brain and Environment",3050-5917,200,8,8,2,8,11,1.375,1
POSI-J-024465,"Brain, Behavior, and Immunity",0889-1591,200,1978,1978,3,1978,26599,13.4474216380182,1
POSI-J-003302,"Brain, Behavior, & Immunity - Health",2666-3546,200,671,671,2,671,4771,7.110283159463488,1
POSI-J-014542,"Brain Behavior and Immunity Integrative",2949-8341,200,136,136,2,136,328,2.411764705882353,1
POSI-J-024466,"Brain and Cognition",0278-2626,200,312,312,2,312,1245,3.9903846153846154,1
POSI-J-024467,"Brain and Development",0387-7604,200,548,548,2,548,1692,3.0875912408759123,1
POSI-J-024468,"Brain and Development Case Reports",2950-2217,200,112,112,2,112,33,0.29464285714285715,1
POSI-J-010399,"Brain Disorders",2666-4593,200,260,260,2,260,908,3.4923076923076923,1
POSI-J-010780,"Brain Hemorrhages",2589-238X,200,191,191,2,191,670,3.507853403141361,1
POSI-J-024469,"Brain Horizons",3117-5813,200,0,0,1,0,0,,
POSI-J-024470,"Brain and Language",0093-934X,200,316,316,2,316,1736,5.493670886075949,1
POSI-J-024471,"Brain Mechanisms",3050-6425,200,20,20,2,20,18,0.9,1
POSI-J-024472,"Brain Multiphysics",2666-5220,200,59,59,2,59,521,8.830508474576272,1
POSI-J-019111,"Brain Network Disorders",3050-6239,200,31,31,2,31,111,3.5806451612903225,1
POSI-J-019051,"Brain Organoid and Systems Neuroscience Journal",2949-9216,200,43,43,2,43,79,1.8372093023255813,1
POSI-J-024473,"Brain Science and Child Development",3117-4388,200,0,0,1,0,0,,
POSI-J-000882,"Brain and Spine",2772-5294,200,4904,4904,6,4904,3518,0.717373572593801,1
POSI-J-024474,"Brain Stimulation",1935-861X,200,3165,3165,5,3165,14098,4.45434439178515,1
POSI-J-002518,"Brazilian Journal of Anesthesiology (English Edition)",0104-0014,200,470,470,2,470,1174,2.497872340425532,1
POSI-J-000811,"The Brazilian Journal of Infectious Diseases",1413-8670,200,2586,2586,4,2586,1496,0.5784996133023975,1
POSI-J-024475,"Brazilian Journal of Otorhinolaryngology",1808-8694,200,703,703,2,703,3515,5,1
POSI-J-024476,"Brazilian Journal of Physical Therapy",1413-3555,200,956,956,2,956,2217,2.319037656903766,1
POSI-J-000681,"The Breast",0960-9776,200,1769,1769,3,1769,11499,6.500282645562464,1
POSI-J-024477,"The British Accounting Review",0890-8389,200,374,374,2,374,4836,12.93048128342246,1
POSI-J-024478,"British Journal of Oral and Maxillofacial Surgery",0266-4356,200,2178,2178,4,2178,3354,1.5399449035812671,1
POSI-J-024479,"Building and Environment",0360-1323,200,4537,4537,6,4537,93784,20.67092792594225,1
POSI-J-024480,"Bulletin de l'Académie Nationale de Médecine",0001-4079,200,885,885,2,885,209,0.23615819209039549,1
POSI-J-024481,"Bulletin du Cancer",0007-4551,200,949,949,2,949,1297,1.3667017913593256,1
POSI-J-024482,"Bulletin des Sciences Mathématiques",0007-4497,200,438,438,2,438,1047,2.3904109589041096,1
POSI-J-024483,"Burns",0305-4179,200,1255,1255,3,1255,7000,5.577689243027889,1
POSI-J-007529,"Burns Open",2468-9122,200,196,196,2,196,436,2.2244897959183674,1
POSI-J-024484,"Cahiers de Nutrition et de Diététique",0007-9960,200,231,231,2,231,125,0.5411255411255411,1
POSI-J-024485,"Calphad",0364-5916,200,413,413,2,413,1972,4.774818401937046,1
POSI-J-024486,"Canadian Journal of Cardiology",0828-282X,200,2915,2915,4,2915,6259,2.147169811320755,1
POSI-J-024487,"Canadian Journal of Diabetes",1499-2671,200,1286,1286,3,1286,2369,1.8421461897356144,1
POSI-J-024488,"Canadian Journal of Ophthalmology",0008-4182,200,913,913,2,913,2493,2.7305585980284777,1
POSI-J-024489,"Cancer Bioscience",3117-4671,200,0,0,1,0,0,,
POSI-J-024490,"Cancer Cell",1535-6108,200,775,775,2,775,58822,75.89935483870968,1
POSI-J-024491,"Cancer Epidemiology",1877-7821,200,743,743,2,743,4904,6.600269179004037,1
POSI-J-024492,"Cancer Genetics",2210-7762,200,824,824,2,824,2493,3.025485436893204,1
POSI-J-024493,"Cancer Neuroscience",3051-3235,200,0,0,1,0,0,,
POSI-J-012641,"Cancer Pathogenesis and Therapy",2949-7132,200,170,170,2,170,1404,8.258823529411766,1
POSI-J-024494,"Cancer/Radiothérapie",1278-3218,200,518,518,2,518,1784,3.444015444015444,1
POSI-J-003129,"Cancer Treatment and Research Communications",2468-2942,200,528,528,2,528,2481,4.698863636363637,1
POSI-J-024495,"Cancer Treatment Reviews",0305-7372,200,479,479,2,479,11268,23.52400835073069,1
POSI-J-003286,"Carbohydrate Polymer Technologies and Applications",2666-8939,200,859,859,2,859,6050,7.043073341094296,1
POSI-J-006193,"Carbon Capture Science & Technology",2772-6568,200,491,491,2,491,5036,10.256619144602851,1
POSI-J-024496,"Carbon Neutral Technologies",3050-6603,200,8,8,2,8,18,2.25,1
POSI-J-008948,"Carbon Resources Conversion",2588-9133,200,203,203,2,203,1873,9.226600985221674,1
POSI-J-005829,"Carbon Trends",2667-0569,200,442,442,2,442,4910,11.108597285067873,1
POSI-J-024497,"Cardiac Electrophysiology Clinics",1877-9182,200,331,331,2,331,768,2.3202416918429005,1
POSI-J-024498,"Cardiology Clinics",0733-8651,200,288,288,2,288,643,2.232638888888889,1
POSI-J-024499,"Cardiovascular Digital Health Journal",2666-6936,200,184,184,2,184,1045,5.679347826086956,1
POSI-J-024500,"Cardiovascular Pathology",1054-8807,200,270,270,2,270,1107,4.1,1
POSI-J-024501,"Cardiovascular Revascularization Medicine",1553-8389,200,1990,1990,3,1990,4769,2.3964824120603017,1
POSI-J-024502,"Cardiovascular Revascularization Medicine: Interesting Cases",2950-2756,200,124,124,2,124,8,0.06451612903225806,1
POSI-J-024503,"CASE",2468-6441,200,482,482,2,482,393,0.8153526970954357,1
POSI-J-004541,"Case Reports in Women's Health",2214-9112,200,394,394,2,394,683,1.733502538071066,1
POSI-J-002740,"Case Studies in Chemical and Environmental Engineering",2666-0164,200,1129,1129,3,1129,17466,15.470327723649246,1
POSI-J-000862,"Case Studies in Construction Materials",2214-5095,200,4857,4857,6,4857,24902,5.127033148033766,1
POSI-J-000766,"Case Studies in Thermal Engineering",2214-157X,200,5744,5744,7,5744,78668,13.695682451253482,1
POSI-J-024504,"Case Studies on Transport Policy",2213-624X,200,861,861,2,861,7238,8.40650406504065,1
POSI-J-024505,"Catalysis Today",0920-5861,200,1809,1809,3,1809,24094,13.318960751796572,1
POSI-J-024506,"CATENA",0341-8162,200,3460,3460,5,3460,54102,15.636416184971099,1
POSI-J-024507,"Cell Biomaterials",3050-5623,200,109,109,2,109,1125,10.321100917431192,1
POSI-J-024508,"Cell Calcium",0143-4160,200,379,379,2,379,3015,7.955145118733509,1
POSI-J-024509,"Cell Chemical Biology ",2451-9456,200,643,643,2,643,12031,18.710730948678073,1
POSI-J-024510,"Cell Death",3051-1151,200,1,1,2,1,0,0,1
POSI-J-024511,"Cell Ecosystem",2949-9461,404,0,0,0,0,0,,
POSI-J-005635,"Cell Genomics",2666-979X,200,542,542,2,542,11485,21.190036900369005,1
POSI-J-024512,"Cell Host & Microbe",1931-3128,200,855,855,2,855,31788,37.17894736842105,1
POSI-J-019401,"Cell Investigation",3050-5380,200,30,30,2,30,218,7.266666666666667,1
POSI-J-024513,"Cell Metabolism",1550-4131,200,764,764,2,764,50816,66.5130890052356,1
POSI-J-001902,"Cell Reports Medicine",2666-3791,200,1536,1536,3,1536,31278,20.36328125,1
POSI-J-004129,"Cell Reports Methods",2667-2375,200,690,690,2,690,8191,11.871014492753623,1
POSI-J-001595,"Cell Reports Physical Science",2666-3864,200,1806,1806,3,1806,22696,12.566998892580289,1
POSI-J-010490,"Cell Reports Sustainability",2949-7906,200,225,225,2,225,1165,5.177777777777778,1
POSI-J-024514,"Cell Stem Cell",1934-5909,200,650,650,2,650,27137,41.74923076923077,1
POSI-J-001884,"Cell Stress and Chaperones",1355-8145,200,289,289,2,289,2575,8.910034602076125,1
POSI-J-014468,"The Cell Surface",2468-2330,200,89,89,2,89,1319,14.820224719101123,1
POSI-J-024515,"Cell Systems",2405-4712,200,426,426,2,426,8135,19.0962441314554,1
POSI-J-024516,"Cells and Development",2667-2901,200,205,205,2,205,915,4.463414634146342,1
POSI-J-001888,"Cellular and Molecular Gastroenterology and Hepatology",2352-345X,200,795,795,2,795,10782,13.562264150943395,1
POSI-J-024517,"Cellular Signalling",0898-6568,200,1694,1694,3,1694,15145,8.940377804014167,1
POSI-J-005899,"Cement",2666-5492,200,123,123,2,123,979,7.959349593495935,1
POSI-J-024518,"Cement and Concrete Composites",0958-9465,200,1725,1725,3,1725,61703,35.76985507246377,1
POSI-J-024519,"Cement and Concrete Research",0008-8846,200,1065,1065,3,1065,39424,37.01784037558686,1
POSI-J-014052,"Central Bank Review",1303-0701,200,73,73,2,73,251,3.4383561643835616,1
POSI-J-006869,"Cerebral Circulation - Cognition and Behavior",2666-2450,200,471,471,2,471,687,1.4585987261146496,1
POSI-J-024520,"Chaos, Solitons & Fractals",0960-0779,200,5328,5328,7,5328,66733,12.524962462462462,1
POSI-J-024521,"Chaos, Solitons & Fractals: X",2590-0544,200,54,54,2,54,346,6.407407407407407,1
POSI-J-024522,"Chem",2451-9294,200,1168,1168,3,1168,40090,34.3236301369863,1
POSI-J-024523,"Chem Catalysis",2667-1093,200,1053,1053,3,1053,13958,13.255460588793921,1
POSI-J-024524,"Chem Circularity",3051-2948,200,0,0,1,0,0,,
POSI-J-024525,"Chemical Data Collections",2405-8300,200,409,409,2,409,2979,7.28361858190709,1
POSI-J-002972,"Chemical Engineering Journal Advances",2666-8211,200,752,752,2,752,13495,17.945478723404257,1
POSI-J-022777,"Chemical Engineering Journal: Green and Sustainable",3051-0031,200,0,0,1,0,0,,
POSI-J-024526,"Chemical Engineering and Processing - Process Intensification",0255-2701,200,1556,1556,3,1556,15256,9.804627249357326,1
POSI-J-024527,"Chemical Engineering Research and Design",0263-8762,200,2606,2606,4,2606,27790,10.663852647735993,1
POSI-J-024528,"Chemical Geology",0009-2541,200,1767,1767,3,1767,14811,8.38200339558574,1
POSI-J-024529,"Chemical Physics",0301-0104,200,1290,1290,3,1290,6864,5.32093023255814,1
POSI-J-003496,"Chemical Physics Impact",2667-0224,200,905,905,2,905,10743,11.870718232044199,1
POSI-J-010115,"Chemical Thermodynamics and Thermal Analysis",2667-3126,200,208,208,2,208,868,4.173076923076923,1
POSI-J-024530,"Chemico-Biological Interactions",0009-2797,200,1609,1609,3,1609,21230,13.194530764449969,1
POSI-J-014824,"Chemistry of Inorganic Materials",2949-7469,200,127,127,2,127,506,3.984251968503937,1
POSI-J-024531,"Chemistry and Physics of Lipids",0009-3084,200,192,192,2,192,1121,5.838541666666667,1
POSI-J-024532,"Chemometrics and Intelligent Laboratory Systems",0169-7439,200,761,761,2,761,7533,9.898817345597898,1
POSI-J-024533,"ChemPhysMater",2772-5715,200,154,154,2,154,2047,13.292207792207792,1
POSI-J-024534,"Chest",0012-3692,200,17098,17098,19,17098,26559,1.553339571879752,1
POSI-J-010912,"CHEST Critical Care",2949-7884,200,207,207,2,207,654,3.1594202898550723,1
POSI-J-011119,"CHEST Pulmonary",2949-7892,200,206,206,2,206,512,2.4854368932038833,1
POSI-J-024535,"Child and Adolescent Psychiatric Clinics of North America",1056-4993,200,312,312,2,312,1254,4.019230769230769,1
POSI-J-010143,"Child Protection and Practice",2950-1938,200,257,257,2,257,487,1.894941634241245,1
POSI-J-016589,"China Economic Quarterly International",2666-9331,200,86,86,2,86,676,7.8604651162790695,1
POSI-J-024536,"China Economic Review",1043-951X,200,720,720,2,720,9302,12.919444444444444,1
POSI-J-006436,"China Geology",2096-5192,200,245,245,2,245,1000,4.081632653061225,1
POSI-J-008256,"China Journal of Accounting Research",1755-3091,200,144,144,2,144,1130,7.847222222222222,1
POSI-J-024537,"China Journal of Agricultural Economics & Development",3051-2654,404,0,0,0,0,0,,
POSI-J-024538,"China Welding",3117-4159,200,10,10,2,10,4,0.4,1
POSI-J-024539,"Chinese Astronomy and Astrophysics",0275-1062,200,175,175,2,175,159,0.9085714285714286,1
POSI-J-024540,"Chinese Chemical Letters",1001-8417,200,4410,4410,6,4410,80023,18.14580498866213,1
POSI-J-018264,"Chinese General Practice Journal",2950-5593,200,68,68,2,68,171,2.514705882352941,1
POSI-J-003773,"Chinese Herbal Medicines",1674-6384,200,292,292,2,292,2722,9.321917808219178,1
POSI-J-024541,"Chinese Journal of Aeronautics",1000-9361,200,1805,1805,3,1805,28209,15.62825484764543,1
POSI-J-024542,"Chinese Journal of Analytical Chemistry",1872-2040,200,388,388,2,388,2192,5.649484536082475,1
POSI-J-024543,"Chinese Journal of Catalysis",1872-2067,200,1021,1021,3,1021,38783,37.98530852105779,1
POSI-J-024544,"Chinese Journal of Chemical Engineering",1004-9541,200,1500,1500,3,1500,14335,9.556666666666667,1
POSI-J-000979,"Chinese Journal of Mechanical Engineering",1000-9345,200,180,180,2,180,3020,16.77777777777778,1
POSI-J-024545,"Chinese Journal of Mechanical Engineering: Additive Manufacturing Frontiers",2772-6657,200,72,72,2,72,798,11.083333333333334,1
POSI-J-024546,"Chinese Journal of Natural Medicines",1875-5364,200,419,419,2,419,1860,4.4391408114558475,1
POSI-J-024547,"Chinese Journal of Physics",0577-9073,200,1675,1675,3,1675,17995,10.743283582089552,1
POSI-J-011222,"Chinese Journal of Plastic and Reconstructive Surgery",2096-6911,200,167,167,2,167,413,2.4730538922155687,1
POSI-J-024548,"Chinese Journal of Population, Resources and Environment",2325-4262,200,171,171,2,171,1480,8.654970760233919,1
POSI-J-024549,"Chinese Journal of Structural Chemistry",0254-5861,200,426,426,2,426,3018,7.084507042253521,1
POSI-J-002172,"Chinese Journal of Traumatology",1008-1275,200,301,301,2,301,1487,4.940199335548173,1
POSI-J-024550,"Chinese Medical Journal - Pulmonary and Critical Care Medicine",2772-5588,200,105,105,2,105,1244,11.847619047619048,1
POSI-J-024551,"Chinese Medical Sciences Journal",1001-9294,200,154,154,2,154,367,2.383116883116883,1
POSI-J-014085,"Chip",2709-4723,200,126,126,2,126,2387,18.944444444444443,1
POSI-J-016863,"Circular Economy",2773-1677,200,90,90,2,90,1516,16.844444444444445,1
POSI-J-024552,"CIRP Annals",0007-8506,200,549,549,2,549,6633,12.081967213114755,1
POSI-J-024553,"CIRP Journal of Manufacturing Science and Technology",1755-5817,200,638,638,2,638,9540,14.952978056426332,1
POSI-J-001876,"Cirugía Cardiovascular",1134-0096,200,442,442,2,442,87,0.19683257918552036,1
POSI-J-024554,"Cirugía Española",0009-739X,200,3414,3414,5,3414,878,0.25717633274751023,1
POSI-J-024555,"Cirugía Española (English Edition)",2173-5077,200,791,791,2,791,503,0.6359039190897599,1
POSI-J-024556,"Cities: Smart Futures",3117-3764,200,0,0,1,0,0,,
POSI-J-024557,"City, Culture and Society",1877-9166,200,139,139,2,139,734,5.280575539568345,1
POSI-J-008817,"City and Environment Interactions",2590-2520,200,193,193,2,193,2034,10.538860103626943,1
POSI-J-002820,"CJC Open",2589-790X,200,770,770,2,770,2943,3.822077922077922,1
POSI-J-010934,"CJC Pediatric and Congenital Heart Disease",2772-8129,200,227,227,2,227,703,3.0969162995594712,1
POSI-J-012629,"Cleaner Chemical Engineering",2772-7823,200,210,210,2,210,2786,13.266666666666667,1
POSI-J-013075,"Cleaner and Circular Bioeconomy",2772-8013,200,183,183,2,183,1571,8.584699453551913,1
POSI-J-024558,"Cleaner Cities",3117-9061,404,0,0,0,0,0,,
POSI-J-011580,"Cleaner Energy Systems",2772-7831,200,216,216,2,216,2317,10.726851851851851,1
POSI-J-003113,"Cleaner Engineering and Technology",2666-7908,200,752,752,2,752,10894,14.486702127659575,1
POSI-J-007728,"Cleaner Environmental Systems",2666-7894,200,304,304,2,304,2847,9.365131578947368,1
POSI-J-009779,"Cleaner Logistics and Supply Chain",2772-3909,200,263,263,2,263,4577,17.403041825095055,1
POSI-J-024559,"Cleaner Manufacturing",3050-998X,200,0,0,1,0,0,,
POSI-J-008427,"Cleaner Materials",2772-3976,200,323,323,2,323,6933,21.46439628482972,1
POSI-J-015219,"Cleaner Production Letters",2666-7916,200,113,113,2,113,1277,11.300884955752212,1
POSI-J-007937,"Cleaner and Responsible Consumption",2666-7843,200,315,315,2,315,3687,11.704761904761904,1
POSI-J-006733,"Cleaner Waste Systems",2772-9125,200,445,445,2,445,3637,8.17303370786517,1
POSI-J-011095,"Cleaner Water",2950-2632,200,182,182,2,182,1004,5.516483516483516,1
POSI-J-016930,"Climate Change Ecology",2666-9005,200,55,55,2,55,418,7.6,1
POSI-J-024560,"Climate Physics and Atmospheric Science: Scientific Insights and Societal Challenges",3051-4088,200,0,0,1,0,0,,
POSI-J-004549,"Climate Risk Management",2212-0963,200,364,364,2,364,4943,13.57967032967033,1
POSI-J-005932,"Climate Services",2405-8807,200,342,342,2,342,3406,9.95906432748538,1
POSI-J-017543,"Climate Smart Agriculture",2950-4090,200,50,50,2,50,352,7.04,1
POSI-J-024561,"Clínica e Investigación en Arteriosclerosis",0214-9168,200,174,174,2,174,283,1.6264367816091954,1
POSI-J-024562,"Clínica e Investigación en arteriosclerosis (English edition)",2529-9123,200,173,173,2,173,86,0.49710982658959535,1
POSI-J-024563,"Clínica e Investigación en Ginecología y Obstetricia",0210-573X,200,200,200,2,200,60,0.3,1
POSI-J-024564,"Clinical Biochemistry",0009-9120,200,588,588,2,588,3139,5.33843537414966,1
POSI-J-024565,"Clinical Biomechanics",0268-0033,200,851,851,2,851,3679,4.323149236192714,1
POSI-J-024566,"Clinical Breast Cancer",1526-8209,200,830,830,2,830,5188,6.250602409638554,1
POSI-J-024567,"Clinical Colorectal Cancer",1533-0028,200,263,263,2,263,1217,4.6273764258555135,1
POSI-J-017925,"Clinical Complementary Medicine and Pharmacology",2772-3712,200,73,73,2,73,552,7.561643835616438,1
POSI-J-024568,"Clinical Dental Journal",3117-4892,200,0,0,1,0,0,,
POSI-J-015645,"Clinical eHealth",2588-9141,200,95,95,2,95,1053,11.08421052631579,1
POSI-J-001853,"Clinical Epidemiology and Global Health",2213-3984,200,1130,1130,3,1130,5279,4.6716814159292035,1
POSI-J-024569,"Clinical Gastroenterology and Hepatology",1542-3565,200,2469,2469,4,2469,41741,16.906034831915754,1
POSI-J-024570,"Clinical Genitourinary Cancer",1558-7673,200,841,841,2,841,4693,5.580261593341261,1
POSI-J-024571,"Clinical Imaging",0899-7071,200,932,932,2,932,4228,4.536480686695279,1
POSI-J-024572,"Clinical Immunology",1521-6616,200,1361,1361,3,1361,9057,6.654665686994857,1
POSI-J-015563,"Clinical Immunology Communications",2772-6134,200,106,106,2,106,285,2.688679245283019,1
POSI-J-006017,"Clinical Infection in Practice",2590-1702,200,396,396,2,396,476,1.202020202020202,1
POSI-J-024573,"Clinical Lung Cancer",1525-7304,200,688,688,2,688,4936,7.174418604651163,1
POSI-J-024574,"Clinical Lymphoma Myeloma and Leukemia",2152-2650,200,9268,9268,11,9268,6082,0.656236512731981,1
POSI-J-000784,"Clinical Medicine",1470-2118,200,932,932,2,932,4437,4.760729613733906,1
POSI-J-024575,"Clinical Microbiology and Infection",1198-743X,200,1516,1516,3,1516,23640,15.593667546174142,1
POSI-J-024576,"Clinical Microbiology Newsletter",0196-4399,200,129,129,2,129,228,1.7674418604651163,1
POSI-J-024577,"Clinical Neurology and Neurosurgery",0303-8467,200,1815,1815,3,1815,7934,4.3713498622589535,1
POSI-J-007484,"Clinical Neurophysiology Practice",2467-981X,200,197,197,2,197,1142,5.7969543147208125,1
POSI-J-024578,"Clinical Nutrition ESPEN",2405-4577,200,6097,6097,8,6097,12280,2.0141052976873874,1
POSI-J-015482,"Clinical Nutrition Experimental",2352-9393,200,0,0,1,0,0,,
POSI-J-006722,"Clinical Nutrition Open Science",2667-2685,200,406,406,2,406,1596,3.9310344827586206,1
POSI-J-024579,"Clinical Oncology",0936-6555,200,1144,1144,3,1144,4371,3.820804195804196,1
POSI-J-007566,"Clinical Parkinsonism & Related Disorders",2590-1125,200,289,289,2,289,759,2.6262975778546713,1
POSI-J-024580,"Clinical Psychology Review",0272-7358,200,339,339,2,339,10074,29.716814159292035,1
POSI-J-024581,"Clinical Simulation in Nursing",1876-1399,200,582,582,2,582,3831,6.582474226804123,1
POSI-J-024582,"Clinical Spectroscopy",2666-0547,200,10,10,2,10,84,8.4,1
POSI-J-016008,"Clinical Surgical Oncology",2773-160X,200,107,107,2,107,125,1.1682242990654206,1
POSI-J-016514,"Clinical Traditional Medicine and Pharmacology",2097-3829,200,93,93,2,93,370,3.978494623655914,1
POSI-J-003154,"Clinical and Translational Radiation Oncology",2405-6308,200,611,611,2,611,2054,3.3617021276595747,1
POSI-J-001085,"Clinics",1807-5932,200,827,827,2,827,3717,4.494558645707376,1
POSI-J-024584,"Clinics in Anaesthesiology",0261-9881,200,0,0,1,0,0,,
POSI-J-024585,"Clinics in Chest Medicine",0272-5231,200,350,350,2,350,2431,6.945714285714286,1
POSI-J-024586,"Clinics in Dermatology",0738-081X,200,568,568,2,568,3064,5.394366197183099,1
POSI-J-024587,"Clinics in Gastroenterology",0300-5089,200,0,0,1,0,0,,
POSI-J-024588,"Clinics in Geriatric Medicine",0749-0690,200,289,289,2,289,1899,6.570934256055363,1
POSI-J-024589,"Clinics in Haematology",0308-2261,200,0,0,1,0,0,,
POSI-J-024590,"Clinics in Integrated Care",2666-8696,200,46,46,2,46,216,4.695652173913044,1
POSI-J-024591,"Clinics in Laboratory Medicine",0272-2712,200,286,286,2,286,769,2.6888111888111887,1
POSI-J-024592,"Clinics in Liver Disease",1089-3261,200,312,312,2,312,2266,7.262820512820513,1
POSI-J-024593,"Clinics in Obstetrics and Gynaecology",0306-3356,200,0,0,1,0,0,,
POSI-J-024594,"Clinics in Perinatology",0095-5108,200,349,349,2,349,1801,5.160458452722063,1
POSI-J-024595,"Clinics in Perioperative Nursing Care",2950-3884,200,0,0,1,0,0,,
POSI-J-024596,"Clinics in Plastic Surgery",0094-1298,200,303,303,2,303,1190,3.927392739273927,1
POSI-J-024597,"Clinics in Podiatric Medicine and Surgery",0891-8422,200,331,331,2,331,601,1.8157099697885197,1
POSI-J-024598,"Clinics and Research in Hepatology and Gastroenterology",2210-7401,200,841,841,2,841,3967,4.717003567181926,1
POSI-J-024599,"Clinics in Rheumatic Diseases",0307-742X,200,0,0,1,0,0,,
POSI-J-024600,"Clinics in Sports Medicine",0278-5919,200,330,330,2,330,1119,3.390909090909091,1
POSI-J-014124,"CMI Communications",2950-5909,200,122,122,2,122,287,2.3524590163934427,1
POSI-J-000877,"KSCE Journal of Civil Engineering",1226-7988,200,1565,1565,3,1565,10298,6.580191693290735,1
POSI-J-024601,"Coacervates",3117-6178,404,0,0,0,0,0,,
POSI-J-024602,"Coastal Engineering",0378-3839,200,597,597,2,597,7260,12.160804020100503,1
POSI-J-024603,"Cognitive and Behavioral Practice",1077-7229,200,260,260,2,260,2207,8.488461538461538,1
POSI-J-024604,"Cognitive Development",0885-2014,200,403,403,2,403,2072,5.141439205955335,1
POSI-J-024605,"Cognitive Psychology",0010-0285,200,135,135,2,135,882,6.533333333333333,1
POSI-J-014323,"Cognitive Robotics",2667-2413,200,92,92,2,92,2967,32.25,1
POSI-J-024606,"Cognitive Systems Research",1389-0417,200,324,324,2,324,2419,7.466049382716049,1
POSI-J-024607,"Cold Regions Science and Technology",0165-232X,200,945,945,2,945,10299,10.898412698412699,1
POSI-J-024608,"Collegian",1322-7696,200,345,345,2,345,2093,6.066666666666666,1
POSI-J-004262,"Colloid and Interface Science Communications",2215-0382,200,302,302,2,302,4555,15.082781456953642,1
POSI-J-024609,"Colloids and Surfaces B: Biointerfaces",0927-7765,200,2568,2568,4,2568,37128,14.457943925233645,1
POSI-J-024610,"Colloids and Surfaces C: Environmental Aspects",2949-7590,200,85,85,2,85,202,2.376470588235294,1
POSI-J-024611,"Combustion and Flame",0010-2180,200,2372,2372,4,2372,37333,15.739038785834738,1
POSI-J-024612,"Communications in Nonlinear Science and Numerical Simulation",1007-5704,200,2384,2384,4,2384,21242,8.91023489932886,1
POSI-J-012472,"Communications in Transportation Research",2772-4247,200,166,166,2,166,3254,19.602409638554217,1
POSI-J-024613,"Comparative Biochemistry and Physiology Part A: Molecular & Integrative Physiology",1095-6433,200,588,588,2,588,3162,5.377551020408164,1
POSI-J-024614,"Comparative Biochemistry and Physiology Part B: Biochemistry and Molecular Biology",1096-4959,200,335,335,2,335,1915,5.7164179104477615,1
POSI-J-024615,"Comparative Biochemistry and Physiology Part C: Toxicology & Pharmacology",1532-0456,200,841,841,2,841,7133,8.481569560047562,1
POSI-J-024616,"Comparative Biochemistry and Physiology Part D: Genomics and Proteomics",1744-117X,200,616,616,2,616,1720,2.792207792207792,1
POSI-J-024617,"Comparative Immunology, Microbiology and Infectious Diseases",0147-9571,200,413,413,2,413,2107,5.101694915254237,1
POSI-J-014582,"Comparative Immunology Reports",2950-3116,200,132,132,2,132,348,2.6363636363636362,1
POSI-J-024618,"Complementary Therapies in Clinical Practice",1744-3881,200,419,419,2,419,3623,8.646778042959427,1
POSI-J-001159,"Complementary Therapies in Medicine",0965-2299,200,484,484,2,484,4079,8.427685950413224,1
POSI-J-024619,"Composite Structures",0263-8223,200,4211,4211,6,4211,82264,19.5355022559962,1
POSI-J-024620,"Composites Communications",2452-2139,200,1533,1533,3,1533,23891,15.584474885844749,1
POSI-J-024621,"Composites Part A: Applied Science and Manufacturing",1359-835X,200,2217,2217,4,2217,46142,20.812810103743796,1
POSI-J-024622,"Composites Part B: Engineering",1359-8368,200,2931,2931,4,2931,97742,33.34766291368134,1
POSI-J-005127,"Composites Part C: Open Access",2666-6820,200,451,451,2,451,4976,11.033259423503326,1
POSI-J-024623,"Composites Science and Technology",0266-3538,200,1912,1912,3,1912,47365,24.772489539748953,1
POSI-J-000830,"Comprehensive Psychiatry",0010-440X,200,350,350,2,350,4506,12.874285714285714,1
POSI-J-010070,"Comprehensive Psychoneuroendocrinology",2666-4976,200,210,210,2,210,1201,5.719047619047619,1
POSI-J-024624,"Computational Biology and Chemistry",1476-9271,200,836,836,2,836,6351,7.59688995215311,1
POSI-J-024625,"Computational Condensed Matter",2352-2143,200,534,534,2,534,4127,7.728464419475656,1
POSI-J-024626,"Computational Geometry",0925-7721,200,203,203,2,203,312,1.5369458128078817,1
POSI-J-024627,"Computational Materials Science",0927-0256,200,2794,2794,4,2794,25223,9.027559055118111,1
POSI-J-018976,"Computational Materials Today",2950-4635,200,42,42,2,42,224,5.333333333333333,1
POSI-J-024628,"Computational Particle Mechanics",2196-4386,200,706,706,2,706,4706,6.665722379603399,1
POSI-J-024629,"Computational Statistics & Data Analysis",0167-9473,200,616,616,2,616,2898,4.704545454545454,1
POSI-J-001166,"Computational and Structural Biotechnology Journal",2001-0370,200,2143,2143,4,2143,27685,12.918805412972468,1
POSI-J-024630,"Computational and Structural Biotechnology Reports",2950-3639,200,78,78,2,78,263,3.371794871794872,1
POSI-J-024631,"Computational and Theoretical Chemistry",2210-271X,200,1724,1724,3,1724,11211,6.502900232018561,1
POSI-J-024632,"Computational Toxicology",2468-1113,200,190,190,2,190,1621,8.531578947368422,1
POSI-J-024633,"Computer-Aided Design",0010-4485,200,439,439,2,439,3709,8.44874715261959,1
POSI-J-024634,"Computer Aided Geometric Design",0167-8396,200,247,247,2,247,986,3.9919028340080973,1
POSI-J-024635,"Computer Communications",0140-3664,200,1363,1363,3,1363,19289,14.1518708730741,1
POSI-J-024636,"Computer Law & Security Review",2212-473X,200,457,457,2,457,4277,9.358862144420131,1
POSI-J-024637,"Computer Methods in Applied Mechanics and Engineering",0045-7825,200,3009,3009,5,3009,61707,20.507477567298107,1
POSI-J-024638,"Computer Methods and Programs in Biomedicine",0169-2607,200,2130,2130,4,2130,34382,16.141784037558686,1
POSI-J-011868,"Computer Methods and Programs in Biomedicine Update",2666-9900,200,169,169,2,169,3017,17.85207100591716,1
POSI-J-024639,"Computer Networks",1389-1286,200,2334,2334,4,2334,29695,12.722793487574979,1
POSI-J-024640,"Computer Physics Communications",0010-4655,200,1427,1427,3,1427,26279,18.415557112824107,1
POSI-J-024641,"Computer Science Review",1574-0137,200,239,239,2,239,8833,36.9581589958159,1
POSI-J-024642,"Computer Speech & Language",0885-2308,200,365,365,2,365,4255,11.657534246575343,1
POSI-J-024643,"Computer Standards & Interfaces",0920-5489,200,340,340,2,340,4990,14.676470588235293,1
POSI-J-024644,"Computer Vision and Image Understanding",1077-3142,200,834,834,2,834,7955,9.538369304556355,1
POSI-J-024645,"Computer-Aided Civil and Infrastructure Engineering",1093-9687,200,1081,1081,3,993,15496,15.605236656596173,1
POSI-J-024646,"Computerized Medical Imaging and Graphics",0895-6111,200,540,540,2,540,7178,13.292592592592593,1
POSI-J-024647,"Computers in Biology and Medicine",0010-4825,200,5628,5628,7,5628,100247,17.812189054726367,1
POSI-J-024648,"Computers & Chemical Engineering",0098-1354,200,1429,1429,3,1429,17252,12.072778166550036,1
POSI-J-024649,"Computers and Composition",8755-4615,200,167,167,2,167,1159,6.940119760479042,1
POSI-J-005957,"Computers and Education: Artificial Intelligence",2666-920X,200,474,474,2,474,25780,54.38818565400844,1
POSI-J-009496,"Computers and Education Open",2666-5573,200,249,249,2,249,6830,27.429718875502008,1
POSI-J-014578,"Computers & Education: X Reality",2949-6780,200,121,121,2,121,1189,9.826446280991735,1
POSI-J-024650,"Computers & Electrical Engineering",0045-7906,200,2680,2680,4,2680,39935,14.901119402985074,1
POSI-J-024651,"Computers and Electronics in Agriculture",0168-1699,200,4167,4167,6,4167,97910,23.49652027837773,1
POSI-J-024652,"Computers, Environment and Urban Systems",0198-9715,200,415,415,2,415,9823,23.66987951807229,1
POSI-J-024653,"Computers & Fluids",0045-7930,200,1066,1066,3,1066,7756,7.2757973733583485,1
POSI-J-024654,"Computers & Geosciences",0098-3004,200,686,686,2,686,8395,12.237609329446064,1
POSI-J-024655,"Computers and Geotechnics",0266-352X,200,2687,2687,4,2687,44604,16.59992556754745,1
POSI-J-024656,"Computers & Graphics",0097-8493,200,986,986,2,986,6763,6.859026369168357,1
POSI-J-010297,"Computers in Human Behavior: Artificial Humans",2949-8821,200,231,231,2,231,4222,18.27705627705628,1
POSI-J-003513,"Computers in Human Behavior Reports",2451-9588,200,661,661,2,661,8523,12.89409984871407,1
POSI-J-024657,"Computers & Industrial Engineering",0360-8352,200,3258,3258,5,3258,60051,18.43186003683241,1
POSI-J-024658,"Computers in Industry",0166-3615,200,598,598,2,598,17152,28.682274247491637,1
POSI-J-024659,"Computers & Mathematics with Applications",0898-1221,200,1787,1787,3,1787,10766,6.024622271964186,1
POSI-J-024660,"Computers & Operations Research",0305-0548,200,1278,1278,3,1278,16364,12.804381846635367,1
POSI-J-024661,"Computers & Security",0167-4048,200,1776,1776,3,1776,35518,19.998873873873872,1
POSI-J-024662,"Computers & Structures",0045-7949,200,881,881,2,881,9292,10.547105561861521,1
POSI-J-024663,"Consciousness and Cognition",1053-8100,200,451,451,2,451,2797,6.201773835920178,1
POSI-J-024664,"Construction and Building Materials in Transportation",3117-650X,200,0,0,1,0,0,,
POSI-J-024665,"Contact Lens and Anterior Eye",1367-0484,200,687,687,2,687,4385,6.382823871906841,1
POSI-J-024666,"Contemporary Clinical Trials",1551-7144,200,1140,1140,3,1140,6019,5.279824561403509,1
POSI-J-002414,"Contemporary Clinical Trials Communications",2451-8654,200,675,675,2,675,2609,3.8651851851851853,1
POSI-J-024667,"Contemporary Educational Psychology",0361-476X,200,301,301,2,301,3370,11.196013289036545,1
POSI-J-001761,"Continence",2772-9737,200,2084,2084,4,2084,724,0.3474088291746641,1
POSI-J-017030,"Continence Reports",2772-9745,200,87,87,2,87,74,0.8505747126436781,1
POSI-J-024668,"Continental Shelf Research",0278-4343,200,555,555,2,555,3015,5.4324324324324325,1
POSI-J-024669,"Contraception",0010-7824,200,1294,1294,3,1294,4126,3.188562596599691,1
POSI-J-024670,"Contraception: X",2590-1516,200,46,46,2,46,263,5.717391304347826,1
POSI-J-024671,"Control Engineering Practice",0967-0661,200,1199,1199,3,1199,14847,12.38281901584654,1
POSI-J-024672,"Coordination Chemistry Research",2950-4864,200,17,17,2,17,31,1.8235294117647058,1
POSI-J-024673,"Coordination Chemistry Reviews",0010-8545,200,2183,2183,4,2183,122028,55.899221255153456,1
POSI-J-010213,"Corrosion Communications",2667-2669,200,160,160,2,160,3698,23.1125,1
POSI-J-024674,"Corrosion Science",0010-938X,200,3016,3016,5,3016,70620,23.415119363395224,1
POSI-J-024675,"Cortex",0010-9452,200,1006,1006,3,1006,8296,8.246520874751491,1
POSI-J-024676,"Cretaceous Research",0195-6671,200,848,848,2,848,3742,4.412735849056604,1
POSI-J-024677,"Critical Care Clinics",0749-0704,200,299,299,2,299,1645,5.501672240802676,1
POSI-J-024678,"Critical Care Nursing Clinics of North America",0899-5885,200,287,287,2,287,693,2.4146341463414633,1
POSI-J-024679,"Critical Care and Resuscitation",1441-2772,200,203,203,2,203,307,1.5123152709359606,1
POSI-J-024680,"Critical Perspectives on Accounting",1045-2354,200,276,276,2,276,3822,13.847826086956522,1
POSI-J-024681,"Critical Reviews in Oncology/Hematology",1040-8428,200,1059,1059,3,1059,14835,14.008498583569406,1
POSI-J-017738,"Crop Design",2772-8994,200,73,73,2,73,573,7.8493150684931505,1
POSI-J-015770,"Crop and Environment",2773-126X,200,108,108,2,108,2317,21.453703703703702,1
POSI-J-024682,"The Crop Journal",2214-5141,200,753,753,2,753,12345,16.394422310756973,1
POSI-J-024683,"Crop Protection",0261-2194,200,1247,1247,3,1247,8598,6.894947874899759,1
POSI-J-024684,"Cryobiology",0011-2240,200,1263,1263,3,1263,2354,1.86381631037213,1
POSI-J-024685,"Cryogenics",0011-2275,200,648,648,2,648,3272,5.049382716049383,1
POSI-J-024686,"Cure & Care",3051-0627,200,18,18,2,18,10,0.5555555555555556,1
POSI-J-024687,"Current Applied Physics",1567-1739,200,826,826,2,826,5855,7.088377723970944,1
POSI-J-000645,"Current Developments in Nutrition",2475-2991,200,6619,6619,8,6619,5703,0.8616105151835625,1
POSI-J-024688,"Current Genomics",1389-2029,200,132,132,2,132,1193,9.037878787878787,1
POSI-J-024689,"Current Opinion in Behavioral Sciences",2352-1546,200,412,412,2,412,4019,9.754854368932039,1
POSI-J-024690,"Current Opinion in Biomedical Engineering",2468-4511,200,261,261,2,261,2207,8.455938697318008,1
POSI-J-024691,"Current Opinion in Biotechnology",0958-1669,200,647,647,2,647,15413,23.82225656877898,1
POSI-J-024692,"Current Opinion in Cell Biology",0955-0674,200,448,448,2,448,5868,13.098214285714286,1
POSI-J-024693,"Current Opinion in Chemical Biology",1367-5931,200,391,391,2,391,7481,19.132992327365727,1
POSI-J-024694,"Current Opinion in Chemical Engineering",2211-3398,200,372,372,2,372,7579,20.373655913978496,1
POSI-J-024695,"Current Opinion in Colloid & Interface Science",1359-0294,200,277,277,2,277,5055,18.249097472924188,1
POSI-J-024696,"Current Opinion in Electrochemistry",2451-9103,200,777,777,2,777,9462,12.177606177606178,1
POSI-J-024697,"Current Opinion in Endocrine and Metabolic Research",2451-9650,200,165,165,2,165,794,4.8121212121212125,1
POSI-J-024698,"Current Opinion in Environmental Science & Health",2468-5844,200,356,356,2,356,4234,11.893258426966293,1
POSI-J-024699,"Current Opinion in Environmental Sustainability",1877-3435,200,299,299,2,299,5697,19.05351170568562,1
POSI-J-024700,"Current Opinion in Food Science",2214-7993,200,466,466,2,466,9306,19.969957081545065,1
POSI-J-024701,"Current Opinion in Genetics & Development",0959-437X,200,396,396,2,396,4489,11.335858585858587,1
POSI-J-024702,"Current Opinion in Green and Sustainable Chemistry",2452-2236,200,468,468,2,468,8174,17.465811965811966,1
POSI-J-024703,"Current Opinion in Immunology",0952-7915,200,390,390,2,390,5713,14.648717948717948,1
POSI-J-024704,"Current Opinion in Insect Science",2214-5745,200,436,436,2,436,4998,11.463302752293577,1
POSI-J-024705,"Current Opinion in Microbiology",1369-5274,200,427,427,2,427,9317,21.81967213114754,1
POSI-J-024706,"Current Opinion in Neurobiology",0959-4388,200,490,490,2,490,8210,16.755102040816325,1
POSI-J-024707,"Current Opinion in Pharmacology",1471-4892,200,271,271,2,271,3646,13.453874538745387,1
POSI-J-024708,"Current Opinion in Physiology",2468-8673,200,191,191,2,191,848,4.439790575916231,1
POSI-J-024709,"Current Opinion in Plant Biology",1369-5266,200,486,486,2,486,9926,20.4238683127572,1
POSI-J-024710,"Current Opinion in Psychology",2352-250X,200,801,801,2,801,19000,23.72034956304619,1
POSI-J-024711,"Current Opinion in Solid State and Materials Science",1359-0286,200,143,143,2,143,4809,33.62937062937063,1
POSI-J-024712,"Current Opinion in Structural Biology",0959-440X,200,733,733,2,733,15059,20.544338335607094,1
POSI-J-024713,"Current Opinion in Systems Biology",2452-3100,200,112,112,2,112,658,5.875,1
POSI-J-024714,"Current Opinion in Toxicology",2468-2020,200,123,123,2,123,1122,9.121951219512194,1
POSI-J-024715,"Current Opinion in Virology",1879-6257,200,181,181,2,181,3017,16.668508287292816,1
POSI-J-024716,"Current Pharmaceutical Analysis",1573-4129,200,292,292,2,292,1468,5.027397260273973,1
POSI-J-005992,"Current Plant Biology",2214-6628,200,322,322,2,322,3124,9.701863354037267,1
POSI-J-024717,"Current Problems in Cancer",0147-0272,200,275,275,2,275,1364,4.96,1
POSI-J-008392,"Current Problems in Cancer: Case Reports",2666-6219,200,258,258,2,258,82,0.3178294573643411,1
POSI-J-024718,"Current Problems in Cardiology",0146-2806,200,1928,1928,3,1928,15357,7.965248962655601,1
POSI-J-024719,"Current Problems in Diagnostic Radiology",0363-0188,200,516,516,2,516,2016,3.9069767441860463,1
POSI-J-024720,"Current Problems in Pediatric and Adolescent Health Care",1538-5442,200,311,311,2,311,764,2.4565916398713825,1
POSI-J-001561,"Current Problems in Surgery",0011-3840,200,506,506,2,506,1223,2.41699604743083,1
POSI-J-024721,"Current Radiopharmaceuticals",1874-4710,200,146,146,2,146,630,4.315068493150685,1
POSI-J-013259,"Current Research in Behavioral Sciences",2666-5182,200,120,120,2,120,791,6.591666666666667,1
POSI-J-008726,"Current Research in Biotechnology",2590-2628,200,282,282,2,282,3649,12.939716312056738,1
POSI-J-024722,"Current Research in Chemical Biology",2666-2469,200,32,32,2,32,522,16.3125,1
POSI-J-011321,"Current Research in Ecological and Social Psychology",2666-6227,200,220,220,2,220,1554,7.0636363636363635,1
POSI-J-009533,"Current Research in Environmental Sustainability",2666-0490,200,208,208,2,208,2794,13.432692307692308,1
POSI-J-002614,"Current Research in Food Science",2665-9271,200,1096,1096,3,1096,20757,18.938868613138688,1
POSI-J-007023,"Current Research in Green and Sustainable Chemistry",2666-0865,200,266,266,2,266,5236,19.68421052631579,1
POSI-J-024723,"Current Research in Immunology",2590-2555,200,53,53,2,53,957,18.056603773584907,1
POSI-J-016449,"Current Research in Insect Science",2666-5158,200,89,89,2,89,807,9.067415730337078,1
POSI-J-006066,"Current Research in Microbial Sciences",2666-5174,200,414,414,2,414,2895,6.992753623188406,1
POSI-J-015277,"Current Research in Neurobiology",2665-945X,200,116,116,2,116,1152,9.931034482758621,1
POSI-J-008959,"Current Research in Parasitology and Vector-Borne Diseases",2667-114X,200,265,265,2,265,1479,5.581132075471698,1
POSI-J-011934,"Current Research in Pharmacology and Drug Discovery",2590-2571,200,158,158,2,158,2287,14.474683544303797,1
POSI-J-013837,"Current Research in Physiology",2665-9441,200,128,128,2,128,757,5.9140625,1
POSI-J-013338,"Current Research in Structural Biology",2665-928X,200,119,119,2,119,1106,9.294117647058824,1
POSI-J-010328,"Current Research in Toxicology",2666-027X,200,206,206,2,206,1732,8.407766990291263,1
POSI-J-024724,"Current Research in Translational Medicine ",2452-3186,200,211,211,2,211,670,3.175355450236967,1
POSI-J-001589,"Current Therapeutic Research",0011-393X,200,153,153,2,153,931,6.084967320261438,1
POSI-J-024725,"Currents in Pharmacy Teaching and Learning",1877-1297,200,730,730,2,730,2425,3.3219178082191783,1
POSI-J-017098,"Cyber Security and Applications",2772-9184,200,98,98,2,98,2051,20.928571428571427,1
POSI-J-024726,"Cyber-Physical Energy Systems",3050-7448,200,11,11,2,11,38,3.4545454545454546,1
POSI-J-024727,"Cytokine & Growth Factor Reviews",1359-6101,200,251,251,2,251,7130,28.406374501992033,1
POSI-J-024728,"Cytokine: X",2590-1532,200,6,6,2,6,44,7.333333333333333,1
POSI-J-024729,"Cytotherapy",1465-3249,200,2973,2973,4,2973,6352,2.1365623948873194,1
POSI-J-024730,"Damage",3117-8448,200,0,0,1,0,0,,
POSI-J-012557,"Data and Information Management",2543-9251,200,94,94,2,94,1197,12.73404255319149,1
POSI-J-024731,"Data & Knowledge Engineering",0169-023X,200,338,338,2,338,3184,9.420118343195266,1
POSI-J-024732,"Data Science and Informetrics",2694-6106,200,98,98,2,98,50,0.5102040816326531,1
POSI-J-013876,"Data Science and Management",2666-7649,200,129,129,2,129,2437,18.891472868217054,1
POSI-J-017495,"DeCarbon",2949-8813,200,76,76,2,76,1653,21.75,1
POSI-J-005864,"Decision Analytics Journal",2772-6622,200,569,569,2,569,12137,21.330404217926187,1
POSI-J-024733,"Decision Support Systems",0167-9236,200,549,549,2,549,10216,18.608378870673953,1
POSI-J-018810,"Decoding Infection and Transmission",2949-9240,200,48,48,2,48,148,3.0833333333333335,1
POSI-J-012749,"Deep Brain Stimulation",2949-6691,200,50,50,2,50,164,3.28,1
POSI-J-024734,"Deep Resources Engineering",2949-9305,200,52,52,2,52,329,6.326923076923077,1
POSI-J-024735,"Deep Sea Research Part I: Oceanographic Research Papers",0967-0637,200,610,610,2,610,2816,4.616393442622951,1
POSI-J-024736,"Deep Sea Research Part II: Topical Studies in Oceanography",0967-0645,200,348,348,2,348,2218,6.373563218390805,1
POSI-J-001836,"Defence Technology",2214-9147,200,992,992,2,992,14687,14.805443548387096,1
POSI-J-024737,"Dendrochronologia",1125-7865,200,387,387,2,387,2092,5.405684754521964,1
POSI-J-024738,"Dental Abstracts",0011-8486,200,1128,1128,3,1128,11,0.00975177304964539,1
POSI-J-024739,"Dental Clinics of North America",0011-8532,200,345,345,2,345,1230,3.5652173913043477,1
POSI-J-024740,"Dental Materials",0109-5641,200,1540,1540,3,1540,11630,7.5519480519480515,1
POSI-J-024741,"Dental Research",3117-4876,200,0,0,1,0,0,,
POSI-J-012919,"Dentistry Review",2772-5596,200,124,124,2,124,688,5.548387096774194,1
POSI-J-024742,"Dermatologic Clinics",0733-8635,200,318,318,2,318,1704,5.3584905660377355,1
POSI-J-024743,"Desalination",0011-9164,200,3310,3310,5,3310,75246,22.732930513595168,1
POSI-J-000578,"Desalination and Water Treatment",1944-3986,200,3528,3528,5,3528,24150,6.845238095238095,1
POSI-J-024744,"Design and Artificial Intelligence",3050-7413,200,21,21,2,21,64,3.0476190476190474,1
POSI-J-024745,"Design Science Vision",2950-2624,200,1,1,2,1,0,0,1
POSI-J-024746,"Design Studies",0142-694X,200,147,147,2,147,1861,12.65986394557823,1
POSI-J-024747,"Development Engineering",2352-7285,200,24,24,2,24,327,13.625,1
POSI-J-024748,"Development and Sustainability in Economics and Finance",2950-5240,200,102,102,2,102,474,4.647058823529412,1
POSI-J-024749,"Developmental Cell",1534-5807,200,967,967,2,967,23459,24.259565667011376,1
POSI-J-002234,"Developmental Cognitive Neuroscience",1878-9293,200,558,558,2,558,8012,14.3584229390681,1
POSI-J-024750,"Developmental & Comparative Immunology",0145-305X,200,965,965,2,965,5131,5.317098445595855,1
POSI-J-024751,"Developmental Review",0273-2297,200,121,121,2,121,1560,12.892561983471074,1
POSI-J-003927,"Developments in the Built Environment",2666-1659,200,751,751,2,751,8570,11.411451398135819,1
POSI-J-024752,"Device",2666-9986,200,460,460,2,460,5578,12.126086956521739,1
POSI-J-011966,"Diabetes Epidemiology and Management",2666-9706,200,196,196,2,196,761,3.88265306122449,1
POSI-J-024753,"Diabetes & Metabolic Syndrome: Clinical Research and Reviews",1871-4021,200,705,705,2,705,7356,10.434042553191489,1
POSI-J-024754,"Diabetes & Metabolism",1262-3636,200,335,335,2,335,3058,9.128358208955223,1
POSI-J-024755,"Diagnostic Histopathology",1756-2317,200,353,353,2,353,439,1.2436260623229463,1
POSI-J-024756,"Diagnostic and Interventional Imaging",2211-5684,200,411,411,2,411,5749,13.987834549878345,1
POSI-J-024757,"Diagnostic Microbiology and Infectious Disease",0732-8893,200,1115,1115,3,1115,4761,4.269955156950672,1
POSI-J-010195,"Dialogues in Health",2772-6533,200,255,255,2,255,1442,5.654901960784314,1
POSI-J-024758,"Diamond and Related Materials",0925-9635,200,4048,4048,6,4048,46708,11.538537549407115,1
POSI-J-024759,"Differential Geometry and its Applications",0926-2245,200,333,333,2,333,493,1.4804804804804805,1
POSI-J-024760,"Differentiation",0301-4681,200,188,188,2,188,1232,6.553191489361702,1
POSI-J-024761,"Digestive and Liver Disease Supplements",1594-5804,200,0,0,1,0,0,,
POSI-J-024762,"Digital Applications in Archaeology and Cultural Heritage",2212-0548,200,247,247,2,247,876,3.5465587044534415,1
POSI-J-014180,"Digital Business",2666-9544,200,143,143,2,143,2915,20.384615384615383,1
POSI-J-010345,"Digital Chemical Engineering",2772-5081,200,263,263,2,263,2583,9.8212927756654,1
POSI-J-024763,"Digital Chinese Medicine",2589-3777,200,168,168,2,168,470,2.7976190476190474,1
POSI-J-003663,"Digital Communications and Networks",2352-8648,200,618,618,2,618,11135,18.01779935275081,1
POSI-J-022776,"Digital Dentistry Journal",2950-6433,200,44,44,2,44,33,0.75,1
POSI-J-016110,"Digital Engineering",2950-550X,200,67,67,2,67,565,8.432835820895523,1
POSI-J-014396,"Digital Geography and Society",2666-3783,200,120,120,2,120,1053,8.775,1
POSI-J-024764,"Digital Signal Processing",1051-2004,200,1886,1886,3,1886,16635,8.820254506892894,1
POSI-J-024765,"Disability and Health Journal",1936-6574,200,503,503,2,503,3985,7.922465208747515,1
POSI-J-024766,"Discourse, Context & Media",2211-6958,200,213,213,2,213,1219,5.723004694835681,1
POSI-J-024767,"Discrete Applied Mathematics",0166-218X,200,1703,1703,3,1703,5015,2.9448032883147386,1
POSI-J-024768,"Discrete Mathematics",0012-365X,200,1712,1712,3,1712,4181,2.4421728971962615,1
POSI-J-024769,"Discrete Optimization",1572-5286,200,129,129,2,129,391,3.0310077519379846,1
POSI-J-024770,"Disease-a-Month",0011-5029,200,388,388,2,388,1209,3.115979381443299,1
POSI-J-024771,"Disease and Therapeutics",3050-9998,200,3,3,2,3,0,0,1
POSI-J-024772,"Displays",0141-9382,200,871,871,2,871,8112,9.313432835820896,1
POSI-J-024773,"DNA Repair",1568-7864,200,420,420,2,420,3085,7.345238095238095,1
POSI-J-024774,"Domestic Animal Endocrinology",0739-7240,200,200,200,2,200,992,4.96,1
POSI-J-024775,"Douleurs : Évaluation – Diagnostic – Traitement",1624-5687,200,279,279,2,279,56,0.2007168458781362,1
POSI-J-024776,"Drug and Alcohol Dependence",0376-8716,200,3337,3337,5,3337,13543,4.058435720707222,1
POSI-J-007926,"Drug and Alcohol Dependence Reports",2772-7246,200,372,372,2,372,2542,6.833333333333333,1
POSI-J-024777,"Drug Discovery Today",1359-6446,200,1149,1149,3,1149,24447,21.276762402088774,1
POSI-J-024778,"Drug Metabolism and Disposition",0090-9556,200,737,737,2,737,6347,8.611940298507463,1
POSI-J-024779,"Drug Metabolism and Pharmacokinetics",1347-4367,200,852,852,2,852,1191,1.397887323943662,1
POSI-J-024780,"Drug Resistance Updates",1368-7646,200,320,320,2,320,12370,38.65625,1
POSI-J-024781,"Dyes and Pigments",0143-7208,200,2906,2906,4,2906,31506,10.841706813489333,1
POSI-J-024782,"Dynamics of Atmospheres and Oceans",0377-0265,200,238,238,2,238,996,4.184873949579832,1
POSI-J-024783,"EANM Innovation",3051-2913,200,10,10,2,10,12,1.2,1
POSI-J-024784,"The EANM Journal",3051-2921,200,12,12,2,12,53,4.416666666666667,1
POSI-J-024785,"Early Childhood Research Quarterly",0885-2006,200,491,491,2,491,4591,9.35030549898167,1
POSI-J-024786,"Early Human Development",0378-3782,200,579,579,2,579,2877,4.9689119170984455,1
POSI-J-018647,"Earth Critical Zone",2950-4767,200,44,44,2,44,336,7.636363636363637,1
POSI-J-019291,"Earth Energy Science",2950-1547,200,36,36,2,36,270,7.5,1
POSI-J-019670,"Earth History and Biodiversity",2950-4759,200,34,34,2,34,62,1.8235294117647058,1
POSI-J-024787,"Earth and Planetary Science Advances",3117-6798,200,0,0,1,0,0,,
POSI-J-024788,"Earth-Science Reviews",0012-8252,200,1136,1136,3,1136,30957,27.25088028169014,1
POSI-J-024789,"Earth System",3051-3111,404,0,0,0,0,0,,
POSI-J-010434,"Earth System Governance",2589-8116,200,169,169,2,169,1434,8.485207100591715,1
POSI-J-024790,"Earthquake Research Advances",2772-4670,200,142,142,2,142,1396,9.830985915492958,1
POSI-J-004519,"Earthquake Science",1674-4519,200,168,168,2,168,1045,6.220238095238095,1
POSI-J-024791,"Eating Behaviors",1471-0153,200,357,357,2,357,2374,6.649859943977591,1
POSI-J-024792,"EBES Sustainable Building",3051-2441,200,0,0,1,0,0,,
POSI-J-000857,"EBioMedicine",2352-3964,200,2256,2256,4,2256,57032,25.28014184397163,1
POSI-J-001141,"EClinicalMedicine",2589-5370,200,2429,2429,4,2429,60444,24.88431453272952,1
POSI-J-012372,"Eco-Environment & Health",2772-9850,200,188,188,2,188,5689,30.26063829787234,1
POSI-J-024793,"Ecohydrology & Hydrobiology",1642-3593,200,348,348,2,348,2070,5.948275862068965,1
POSI-J-024794,"Ecological Complexity",1476-945X,200,85,85,2,85,560,6.588235294117647,1
POSI-J-024795,"Ecological Engineering",0925-8574,200,1023,1023,3,1023,11935,11.666666666666666,1
POSI-J-024796,"Ecological Frontiers",2950-5097,200,303,303,2,303,1866,6.158415841584159,1
POSI-J-024797,"Ecological Genetics and Genomics",2405-9854,200,321,321,2,321,762,2.3738317757009346,1
POSI-J-000614,"Ecological Indicators",1470-160X,200,5945,5945,7,5945,117218,19.71707317073171,1
POSI-J-001170,"Ecological Informatics",1574-9541,200,1928,1928,3,1928,31802,16.494813278008298,1
POSI-J-024798,"Ecological Modelling",0304-3800,200,1193,1193,3,1193,9604,8.050293378038559,1
POSI-J-024799,"Econometrics and Statistics",2452-3062,200,245,245,2,245,1095,4.469387755102041,1
POSI-J-010465,"EconomiA",1517-7580,200,86,86,2,86,284,3.302325581395349,1
POSI-J-024800,"Economic Analysis and Policy",0313-5926,200,1457,1457,3,1457,27029,18.551132463967054,1
POSI-J-024801,"Economic Systems",0939-3625,200,273,273,2,273,2291,8.391941391941392,1
POSI-J-024802,"Economics of Education Review",0272-7757,200,368,368,2,368,2129,5.7853260869565215,1
POSI-J-024803,"Economics & Human Biology",1570-677X,200,373,373,2,373,1965,5.2680965147453085,1
POSI-J-024804,"Economics of Transportation",2212-0122,200,91,91,2,91,461,5.065934065934066,1
POSI-J-024805,"Ecosystem Services",2212-0416,200,402,402,2,402,7770,19.328358208955223,1
POSI-J-000575,"Ecotoxicology and Environmental Safety",0147-6513,200,6399,6399,8,6399,98758,15.43334896077512,1
POSI-J-001400,"Educación Médica",1575-1813,200,366,366,2,366,518,1.4153005464480874,1
POSI-J-024806,"Education for Chemical Engineers",1749-7728,200,171,171,2,171,1748,10.222222222222221,1
POSI-J-024807,"Educational Research Review",1747-938X,200,240,240,2,240,7580,31.583333333333332,1
POSI-J-024808,"EFB Bioeconomy Journal",2667-0410,200,49,49,2,49,755,15.408163265306122,1
POSI-J-004072,"Egyptian Informatics Journal",1110-8665,200,482,482,2,482,4712,9.775933609958507,1
POSI-J-004890,"The Egyptian Journal of Aquatic Research",1687-4285,200,258,258,2,258,1982,7.682170542635659,1
POSI-J-004843,"Egyptian Journal of Petroleum",1110-0621,200,58,58,2,58,727,12.53448275862069,1
POSI-J-004751,"The Egyptian Journal of Remote Sensing and Space Science",1110-9823,200,315,315,2,315,2083,6.612698412698412,1
POSI-J-024809,"The Egyptian Rheumatologist",1110-1164,200,237,237,2,237,665,2.8059071729957807,1
POSI-J-007006,"EJC Pediatric Oncology",2772-610X,200,415,415,2,415,667,1.6072289156626507,1
POSI-J-003369,"EJC Skin Cancer",2772-6118,200,760,760,2,760,232,0.30526315789473685,1
POSI-J-000503,"EJVES Vascular Forum",2666-688X,200,461,461,2,461,666,1.4446854663774404,1
POSI-J-024810,"Electoral Studies",0261-3794,200,417,417,2,417,3093,7.41726618705036,1
POSI-J-024811,"Electric Power Systems Research",0378-7796,200,3913,3913,5,3913,49293,12.597239969332993,1
POSI-J-024812,"The Electricity Journal",1040-6190,200,278,278,2,278,1881,6.766187050359712,1
POSI-J-000763,"Electrochemistry Communications",1388-2481,200,639,639,2,639,6556,10.259780907668231,1
POSI-J-024813,"Electronic Commerce Research and Applications",1567-4223,200,412,412,2,412,6917,16.788834951456312,1
POSI-J-002492,"Electronic Journal of Biotechnology",0717-3458,200,171,171,2,171,1359,7.947368421052632,1
POSI-J-024814,"EMC - AKOS - Trattato di Medicina",1634-7358,200,138,138,2,138,6,0.043478260869565216,1
POSI-J-024815,"EMC - Anestesia-Reanimación",1280-4703,200,71,71,2,71,12,0.16901408450704225,1
POSI-J-024816,"EMC - Anestesia-Rianimazione",1283-0771,200,70,70,2,70,0,0,1
POSI-J-024817,"EMC - Aparato Locomotor",1286-935X,200,87,87,2,87,14,0.16091954022988506,1
POSI-J-024818,"EMC - Cirugía General",1634-7080,200,25,25,2,25,1,0.04,1
POSI-J-024819,"EMC - Cirugía Otorrinolaringológica y Cervicofacial",1635-2505,200,37,37,2,37,2,0.05405405405405406,1
POSI-J-024820,"EMC - Cirugía Plástica Reparadora y Estética",1634-2143,200,30,30,2,30,3,0.1,1
POSI-J-024821,"EMC - Cosmetologia Medica e Medicina degli Inestetismi Cutanei",1776-0313,200,24,24,2,24,0,0,1
POSI-J-024822,"EMC - Dermatología",1761-2896,200,59,59,2,59,5,0.0847457627118644,1
POSI-J-024823,"EMC - Ginecología-Obstetricia",1283-081X,200,99,99,2,99,12,0.12121212121212122,1
POSI-J-024824,"EMC - Kinesiterapia - Medicina Fisica",1293-2965,200,59,59,2,59,5,0.0847457627118644,1
POSI-J-024825,"EMC - Medicina Riabilitativa",1283-078X,200,57,57,2,57,0,0,1
POSI-J-024826,"EMC - Neurologia",1634-7072,200,72,72,2,72,2,0.027777777777777776,1
POSI-J-024827,"EMC - Otorinolaringoiatria",1639-870X,200,73,73,2,73,1,0.0136986301369863,1
POSI-J-024828,"EMC - Otorrinolaringología",1632-3475,200,88,88,2,88,6,0.06818181818181818,1
POSI-J-024829,"EMC - Pediatría",1245-1789,200,115,115,2,115,28,0.24347826086956523,1
POSI-J-024830,"EMC - Podología",1762-827X,200,43,43,2,43,6,0.13953488372093023,1
POSI-J-024831,"EMC - Técnicas Quirúrgicas - Aparato Digestivo",1282-9129,200,49,49,2,49,5,0.10204081632653061,1
POSI-J-024832,"EMC - Técnicas Quirúrgicas - Ortopedia y Traumatología",2211-033X,200,45,45,2,45,3,0.06666666666666667,1
POSI-J-024833,"EMC - Tecniche Chirurgiche Addominale",1283-0798,200,49,49,2,49,1,0.02040816326530612,1
POSI-J-024834,"EMC - Tecniche Chirurgiche - Chirurgia Generale",1636-5577,200,34,34,2,34,0,0,1
POSI-J-024835,"EMC - Tecniche Chirurgiche - Chirurgia ORL e Cervico-Facciale",1292-3036,200,37,37,2,37,0,0,1
POSI-J-024836,"EMC - Tecniche Chirurgiche - Chirurgia Ortopedica",2211-0801,200,24,24,2,24,0,0,1
POSI-J-024837,"EMC - Tecniche Chirurgiche - Chirurgia Plastica, Ricostruttiva ed Estetica",1769-6704,200,32,32,2,32,0,0,1
POSI-J-024838,"EMC - Tecniche Chirurgiche Torace",1288-3336,200,17,17,2,17,1,0.058823529411764705,1
POSI-J-024839,"EMC - Tecniche Chirurgiche Vascolare",1283-0801,200,33,33,2,33,1,0.030303030303030304,1
POSI-J-024840,"EMC - Tratado de Medicina",1636-5410,200,251,251,2,251,50,0.199203187250996,1
POSI-J-024841,"EMC - Urgenze",1286-9341,200,45,45,2,45,1,0.022222222222222223,1
POSI-J-024842,"EMC - Urología",1761-3310,200,77,77,2,77,3,0.03896103896103896,1
POSI-J-024843,"Emergency Medicine Clinics of North America",0733-8627,200,334,334,2,334,1213,3.6317365269461077,1
POSI-J-024844,"Emerging Animal Species",2772-8137,200,53,53,2,53,170,3.207547169811321,1
POSI-J-024845,"Emerging Contaminants",2405-6650,200,338,338,2,338,4883,14.446745562130177,1
POSI-J-024846,"Emerging Markets Review",1566-0141,200,403,403,2,403,4512,11.196029776674939,1
POSI-J-011381,"Emerging Trends in Drugs, Addictions, and Health",2667-1182,200,231,231,2,231,345,1.4935064935064934,1
POSI-J-024847,"Emotion, Space and Society",1755-4586,200,182,182,2,182,708,3.89010989010989,1
POSI-J-024848,"L’Encéphale",0013-7006,200,529,529,2,529,1575,2.977315689981096,1
POSI-J-024849,"Endeavour",0160-9327,200,104,104,2,104,117,1.125,1
POSI-J-011572,"Endocrine and Metabolic Science",2666-3961,200,160,160,2,160,577,3.60625,1
POSI-J-024850,"Endocrine Practice",1530-891X,200,3018,3018,5,3018,7797,2.5834990059642147,1
POSI-J-024851,"Endocrinología, Diabetes y Nutrición",2530-0164,200,796,796,2,796,638,0.8015075376884422,1
POSI-J-024852,"Endocrinología, Diabetes y Nutrición (English ed.)",2530-0180,200,439,439,2,439,502,1.143507972665148,1
POSI-J-024853,"Endocrinology and Metabolism Clinics of North America",0889-8529,200,305,305,2,305,2442,8.00655737704918,1
POSI-J-009545,"Energetic Materials Frontiers",2666-6472,200,200,200,2,200,1635,8.175,1
POSI-J-024854,"Energy 360",2950-4872,200,50,50,2,50,209,4.18,1
POSI-J-004981,"Energy and AI",2666-5468,200,510,510,2,510,12236,23.992156862745098,1
POSI-J-024855,"Energy and Buildings",0378-7788,200,4347,4347,6,4347,79759,18.348056130664826,1
POSI-J-007110,"Energy and Built Environment",2666-1233,200,311,311,2,311,6483,20.84565916398714,1
POSI-J-024856,"Energy and Climate Change",2666-2787,200,157,157,2,157,1490,9.490445859872612,1
POSI-J-001957,"Energy Conversion and Management: X",2590-1745,200,1251,1251,3,1251,6788,5.426059152677857,1
POSI-J-024857,"Energy Efficiency First",2950-1563,200,11,11,2,11,6,0.5454545454545454,1
POSI-J-024858,"Energy & Environmental Sustainability",3050-7456,200,35,35,2,35,530,15.142857142857142,1
POSI-J-024859,"Energy Foresight",2097-7204,200,25,25,2,25,1,0.04,1
POSI-J-007604,"Energy Geoscience",2666-7592,200,334,334,2,334,3568,10.682634730538922,1
POSI-J-005304,"Energy Nexus",2772-4271,200,555,555,2,555,12934,23.304504504504504,1
POSI-J-024860,"Energy Policy",0301-4215,200,1847,1847,3,1847,48666,26.348673524634542,1
POSI-J-000725,"Energy Reports",2352-4847,200,6360,6360,8,6360,123278,19.383333333333333,1
POSI-J-024861,"Energy Research & Social Science",2214-6296,200,1942,1942,3,1942,36442,18.76519052523172,1
POSI-J-017136,"Energy Reviews",2772-9702,200,93,93,2,93,3647,39.215053763440864,1
POSI-J-024862,"Energy and Safety Science",3117-7581,200,0,0,1,0,0,,
POSI-J-024863,"Energy Storage Materials",2405-8297,200,2879,2879,4,2879,104626,36.341090656477945,1
POSI-J-001916,"Energy Strategy Reviews",2211-467X,200,1114,1114,3,1114,27387,24.584380610412925,1
POSI-J-024864,"Energy for Sustainable Development",0973-0826,200,829,829,2,829,11362,13.705669481302774,1
POSI-J-024865,"EnergyChem",2589-7780,200,91,91,2,91,4498,49.42857142857143,1
POSI-J-006180,"eNeurologicalSci",2405-6502,200,199,199,2,199,863,4.336683417085427,1
POSI-J-024866,"Enfermedades Infecciosas y Microbiología Clínica",0213-005X,200,689,689,2,689,1520,2.2060957910014514,1
POSI-J-024867,"Enfermedades infecciosas y microbiologia clinica (English ed.)",2529-993X,200,666,666,2,666,542,0.8138138138138138,1
POSI-J-024868,"Enfermería Clínica",1130-8621,200,299,299,2,299,510,1.705685618729097,1
POSI-J-024869,"Enfermería Clínica (English Edition)",2445-1479,200,267,267,2,267,345,1.2921348314606742,1
POSI-J-024870,"Enfermería Intensiva",1130-2399,200,192,192,2,192,336,1.75,1
POSI-J-024871,"Enfermería Intensiva (English ed.)",2529-9840,200,170,170,2,170,238,1.4,1
POSI-J-013648,"Engineered Regeneration",2666-1381,200,140,140,2,140,1732,12.371428571428572,1
POSI-J-001567,"Engineering",2095-8099,200,1310,1310,3,1310,28279,21.58702290076336,1
POSI-J-024872,"Engineering Analysis with Boundary Elements",0955-7997,200,1839,1839,3,1839,17214,9.360522022838499,1
POSI-J-024873,"Engineering Applications of Artificial Intelligence",0952-1976,200,7150,7150,9,7150,132512,18.533146853146853,1
POSI-J-024874,"Engineering Failure Analysis",1350-6307,200,3898,3898,5,3898,59534,15.272960492560287,1
POSI-J-024875,"Engineering Fracture Mechanics",0013-7944,200,2916,2916,4,2916,37897,12.996227709190672,1
POSI-J-024876,"Engineering Geology",0013-7952,200,1582,1582,3,1582,32152,20.3236409608091,1
POSI-J-014297,"Engineering Microbiology",2667-3703,200,141,141,2,141,2044,14.49645390070922,1
POSI-J-002016,"Engineering Science and Technology, an International Journal",2215-0986,200,842,842,2,842,6641,7.8871733966745845,1
POSI-J-024877,"English for Specific Purposes",0889-4906,200,207,207,2,207,1717,8.294685990338165,1
POSI-J-017825,"EngMedicine",2950-4899,200,66,66,2,66,404,6.121212121212121,1
POSI-J-024878,"Entertainment Computing",1875-9521,200,582,582,2,582,4018,6.903780068728523,1
POSI-J-000616,"Environment International",0160-4120,200,3018,3018,5,3018,81382,26.965540092776674,1
POSI-J-005338,"Environmental Advances",2666-7657,200,529,529,2,529,10220,19.31947069943289,1
POSI-J-002466,"Environmental Challenges",2667-0100,200,960,960,2,960,12667,13.194791666666667,1
POSI-J-006547,"Environmental Chemistry and Ecotoxicology",2590-1826,200,313,313,2,313,4780,15.271565495207668,1
POSI-J-024879,"Environmental Development",2211-4645,200,518,518,2,518,6304,12.16988416988417,1
POSI-J-000858,"Environmental and Experimental Botany",0098-8472,200,1332,1332,3,1332,18735,14.065315315315315,1
POSI-J-024880,"Environmental Functional Materials",2773-0581,200,92,92,2,92,710,7.717391304347826,1
POSI-J-024881,"Environmental Impact Assessment Review",0195-9255,200,1206,1206,3,1206,34536,28.63681592039801,1
POSI-J-024882,"Environmental Innovation and Societal Transitions",2210-4224,200,390,390,2,390,6693,17.161538461538463,1
POSI-J-024883,"Environmental Management: Emerging Contaminants",3117-5929,404,0,0,0,0,0,,
POSI-J-024884,"Environmental Management: Smart Solutions",3117-6496,404,0,0,0,0,0,,
POSI-J-024885,"Environmental Modelling & Software",1364-8152,200,1143,1143,3,1143,13651,11.94313210848644,1
POSI-J-024886,"Environmental Nanotechnology, Monitoring & Management",2215-1532,200,496,496,2,496,4382,8.834677419354838,1
POSI-J-024887,"Environmental Nexus",3050-9890,200,0,0,1,0,0,,
POSI-J-018155,"Environmental Pollution and Management",2950-3051,200,48,48,2,48,597,12.4375,1
POSI-J-024888,"Environmental Risk",3117-9274,200,0,0,1,0,0,,
POSI-J-024889,"Environmental Science and Ecotechnology",2666-4984,200,367,367,2,367,11871,32.346049046321525,1
POSI-J-024890,"Environmental Science & Policy",1462-9011,200,1226,1226,3,1226,19693,16.062805872756933,1
POSI-J-024891,"Environmental Surfaces and Interfaces",2949-8643,200,35,35,2,35,214,6.114285714285714,1
POSI-J-002834,"Environmental and Sustainability Indicators",2665-9727,200,882,882,2,882,5461,6.191609977324263,1
POSI-J-001077,"Environmental Technology & Innovation",2352-1864,200,2166,2166,4,2166,36989,17.077100646352722,1
POSI-J-024892,"Environmental Toxicology and Pharmacology",1382-6689,200,872,872,2,872,9338,10.708715596330276,1
POSI-J-024893,"Enzyme and Microbial Technology",0141-0229,200,546,546,2,546,5023,9.199633699633699,1
POSI-J-004036,"Epidemics",1755-4365,200,303,303,2,303,2714,8.957095709570957,1
POSI-J-024894,"Epilepsy & Behavior",1525-5050,200,1890,1890,3,1890,10898,5.766137566137566,1
POSI-J-006759,"Epilepsy & Behavior Reports ",2589-9864,200,316,316,2,316,1008,3.189873417721519,1
POSI-J-024895,"Epilepsy Research",0920-1211,200,591,591,2,591,3247,5.494077834179357,1
POSI-J-024896,"e-Prime – Nexus of Electrical, Electronic, and Intelligent Engineering",3117-5112,200,0,0,1,0,0,,
POSI-J-024897,"Equity Neuroscience",3050-8401,200,16,16,2,16,12,0.75,1
POSI-J-008757,"eScience",2667-1417,200,254,254,2,254,24331,95.79133858267717,1
POSI-J-024898,"eScience Energy",3050-9955,200,11,11,2,11,98,8.909090909090908,1
POSI-J-010937,"ESMO Gastrointestinal Oncology",2949-8198,200,209,209,2,209,358,1.7129186602870814,1
POSI-J-000775,"ESMO Open",2059-7029,200,4490,4490,6,4490,19774,4.404008908685968,1
POSI-J-024899,"ESMO Rare Cancers",3050-4619,200,103,103,2,103,41,0.39805825242718446,1
POSI-J-000322,"ESMO Real World Data and Digital Oncology",2949-8201,200,527,527,2,527,400,0.7590132827324478,1
POSI-J-024900,"Estuarine, Coastal and Shelf Science",0272-7714,200,1508,1508,3,1508,9939,6.590848806366048,1
POSI-J-024901,"Ethics, Medicine and Public Health",2352-5525,200,451,451,2,451,736,1.6319290465631928,1
POSI-J-024902,"Éthique & Santé",1765-4629,200,225,225,2,225,45,0.2,1
POSI-J-024903,"eTransportation",2590-1168,200,348,348,2,348,13649,39.22126436781609,1
POSI-J-013197,"EULAR Rheumatology Open",3050-7081,200,79,79,2,79,74,0.9367088607594937,1
POSI-J-024904,"EuPA Open Proteomics",2212-9685,200,0,0,1,0,0,,
POSI-J-011552,"EURO Journal on Computational Optimization",2192-4406,200,96,96,2,96,480,5,1
POSI-J-014206,"EURO Journal on Decision Processes",2193-9438,200,49,49,2,49,357,7.285714285714286,1
POSI-J-010473,"EURO Journal on Transportation and Logistics",2192-4376,200,95,95,2,95,674,7.094736842105263,1
POSI-J-024905,"European Annals of Otorhinolaryngology, Head and Neck Diseases",1879-7296,200,401,401,2,401,1198,2.9875311720698257,1
POSI-J-024906,"European Journal of Agronomy",1161-0301,200,1135,1135,3,1135,17192,15.147136563876652,1
POSI-J-000611,"European Journal of Cancer Supplements",1359-6349,200,0,0,1,0,0,,
POSI-J-001721,"European Journal of Cell Biology",0171-9335,200,297,297,2,297,3960,13.333333333333334,1
POSI-J-024907,"European Journal of Combinatorics",0195-6698,200,598,598,2,598,1345,2.249163879598662,1
POSI-J-024908,"European Journal of Control",0947-3580,200,671,671,2,671,3718,5.540983606557377,1
POSI-J-024909,"European Journal of Integrative Medicine",1876-3820,200,433,433,2,433,1671,3.859122401847575,1
POSI-J-024910,"European Journal of Internal Medicine",0953-6205,200,1534,1534,3,1534,12623,8.228813559322035,1
POSI-J-024911,"European Journal of Mechanics - A/Solids",0997-7538,200,1126,1126,3,1126,12923,11.47690941385435,1
POSI-J-024912,"European Journal of Mechanics - B/Fluids",0997-7546,200,561,561,2,561,3640,6.4884135472370765,1
POSI-J-024913,"European Journal of Medical Genetics",1769-7212,200,523,523,2,523,3075,5.879541108986616,1
POSI-J-024914,"European Journal of Medicinal Chemistry",0223-5234,200,3871,3871,5,3871,54723,14.136657194523378,1
POSI-J-009695,"European Journal of Medicinal Chemistry Reports",2772-4174,200,286,286,2,286,1878,6.566433566433567,1
POSI-J-024915,"European Journal of Obstetrics & Gynecology and Reproductive Biology",0301-2115,200,3337,3337,5,3337,9890,2.9637398861252624,1
POSI-J-008053,"European Journal of Obstetrics & Gynecology and Reproductive Biology: X",2590-1613,200,293,293,2,293,900,3.0716723549488054,1
POSI-J-024916,"European Journal of Oncology Nursing",1462-3889,200,789,789,2,789,5890,7.465145754119138,1
POSI-J-024917,"European Journal of Paediatric Neurology",1090-3798,200,500,500,2,500,2738,5.476,1
POSI-J-000714,"European Journal of Pharmaceutical Sciences",0928-0987,200,1202,1202,3,1202,13631,11.34026622296173,1
POSI-J-024918,"European Journal of Pharmaceutics and Biopharmaceutics",0939-6411,200,1085,1085,3,1085,12267,11.305990783410138,1
POSI-J-024919,"European Journal of Political Economy",0176-2680,200,454,454,2,454,3321,7.314977973568282,1
POSI-J-024920,"European Journal of Protistology",0932-4739,200,223,223,2,223,1028,4.609865470852018,1
POSI-J-024921,"The European Journal of Psychiatry",0213-6163,200,169,169,2,169,709,4.195266272189349,1
POSI-J-024922,"European Journal of Radiology",0720-048X,200,2008,2008,4,2008,17179,8.555278884462151,1
POSI-J-022759,"European Journal of Radiology Artificial Intelligence",3050-5771,200,50,50,2,50,297,5.94,1
POSI-J-004984,"European Journal of Radiology Open",2352-0477,200,306,306,2,306,2341,7.650326797385621,1
POSI-J-024923,"European Journal of Soil Biology",1164-5563,200,294,294,2,294,2585,8.79251700680272,1
POSI-J-024924,"European Journal of Surgical Oncology",0748-7983,200,6068,6068,8,6068,13242,2.182267633487146,1
POSI-J-024925,"European Journal of Trauma & Dissociation",2468-7499,200,362,362,2,362,1399,3.8646408839779007,1
POSI-J-024926,"European Journal of Vascular and Endovascular Surgery",1078-5884,200,2300,2300,4,2300,12328,5.36,1
POSI-J-024927,"European Management Journal",0263-2373,200,406,406,2,406,7294,17.96551724137931,1
POSI-J-024928,"European Polymer Journal",0014-3057,200,3078,3078,5,3078,44011,14.298570500324887,1
POSI-J-010917,"European Research on Management and Business Economics",2444-8834,200,121,121,2,121,2661,21.99173553719008,1
POSI-J-018689,"European Transport Studies",2950-2985,200,46,46,2,46,100,2.1739130434782608,1
POSI-J-024929,"European Urology Focus",2405-4569,200,933,933,2,933,10030,10.7502679528403,1
POSI-J-024930,"European Urology Oncology",2588-9311,200,719,719,2,719,9198,12.792767732962448,1
POSI-J-000747,"European Urology Open Science",2666-1683,200,5080,5080,7,5080,7115,1.4005905511811023,1
POSI-J-024931,"Evaluation and Program Planning",0149-7189,200,523,523,2,523,2988,5.713193116634799,1
POSI-J-024932,"Evolution and Human Behavior",1090-5138,200,312,312,2,312,1998,6.403846153846154,1
POSI-J-024933,"L'Évolution Psychiatrique",0014-3855,200,309,309,2,309,208,0.6731391585760518,1
POSI-J-015348,"Evolving Earth",2950-1172,200,95,95,2,95,276,2.905263157894737,1
POSI-J-014022,"Examples and Counterexamples",2666-657X,200,141,141,2,141,235,1.6666666666666667,1
POSI-J-000761,"Experimental Gerontology",0531-5565,200,1140,1140,3,1140,12252,10.74736842105263,1
POSI-J-024934,"Experimental Hematology",0301-472X,200,1534,1534,3,1534,1999,1.303129074315515,1
POSI-J-000977,"Experimental and Molecular Pathology",0014-4800,200,225,225,2,225,1643,7.302222222222222,1
POSI-J-024935,"Experimental Parasitology",0014-4894,200,579,579,2,579,2289,3.9533678756476682,1
POSI-J-024936,"Experimental Thermal and Fluid Science",0894-1777,200,808,808,2,808,6879,8.513613861386139,1
POSI-J-024937,"Expert Systems with Applications: X",2590-1885,200,0,0,1,0,0,,
POSI-J-024938,"Explorations in Economic History",0014-4983,200,181,181,2,181,682,3.7679558011049723,1
POSI-J-004980,"Exploratory Research in Clinical and Social Pharmacy",2667-2766,200,581,581,2,581,2012,3.4629948364888126,1
POSI-J-024939,"EXPLORE",1550-8307,200,672,672,2,672,3074,4.574404761904762,1
POSI-J-024940,"Expositiones Mathematicae",0723-0869,200,205,205,2,205,374,1.824390243902439,1
POSI-J-017405,"Extracellular Vesicle",2773-0417,200,89,89,2,89,1482,16.651685393258425,1
POSI-J-024941,"Extracorporeal Life Support",2616-4205,200,0,0,1,0,0,,
POSI-J-024942,"The Extractive Industries and Society",2214-790X,200,644,644,2,644,3616,5.614906832298137,1
POSI-J-024943,"Extreme Materials",3050-628X,200,20,20,2,20,168,8.4,1
POSI-J-024944,"Extreme Mechanics Letters",2352-4316,200,637,637,2,637,7118,11.17425431711146,1
POSI-J-024945,"Eye Discovery",3117-4167,200,10,10,2,10,1,0.1,1
POSI-J-024946,"Facial Plastic Surgery Clinics of North America",1064-7406,200,328,328,2,328,1209,3.6859756097560976,1
POSI-J-015284,"Farming System",2949-9119,200,96,96,2,96,1463,15.239583333333334,1
POSI-J-024947,"Fermented Foods",3051-231X,200,2,2,2,2,1,0.5,1
POSI-J-024948,"Field Crops Research",0378-4290,200,1433,1433,3,1433,25894,18.069783670621074,1
POSI-J-024949,"Filtration Industry Analyst",1365-6937,200,64,64,2,64,15,0.234375,1
POSI-J-022723,"Finance Research Open",3050-7006,200,73,73,2,73,140,1.917808219178082,1
POSI-J-024950,"Finite Elements in Analysis and Design",0168-874X,200,444,444,2,444,2946,6.635135135135135,1
POSI-J-024951,"Finite Fields and Their Applications",1071-5797,200,546,546,2,546,1597,2.9249084249084247,1
POSI-J-024952,"Fire Safety Journal",0379-7112,200,848,848,2,848,8054,9.497641509433961,1
POSI-J-010057,"FirePhysChem",2667-1344,200,193,193,2,193,1983,10.27461139896373,1
POSI-J-017452,"First Nations Health and Wellbeing - The Lowitja Journal",2949-8406,200,81,81,2,81,160,1.9753086419753085,1
POSI-J-016601,"Fish and Shellfish Immunology Reports",2667-0119,200,74,74,2,74,589,7.95945945945946,1
POSI-J-024953,"Fisheries Research",0165-7836,200,1184,1184,3,1184,7179,6.063344594594595,1
POSI-J-024954,"Fisioterapia",0211-5638,200,423,423,2,423,108,0.2553191489361702,1
POSI-J-024955,"Fitoterapia",0367-326X,200,1605,1605,3,1605,8899,5.544548286604361,1
POSI-J-024956,"FlatChem",2452-2627,200,527,527,2,527,6881,13.056925996204933,1
POSI-J-024957,"Flora",0367-2530,200,602,602,2,602,2613,4.340531561461794,1
POSI-J-024958,"Flow Measurement and Instrumentation",0955-5986,200,787,787,2,787,5179,6.580686149936468,1
POSI-J-024959,"Fluid Phase Equilibria",0378-3812,200,889,889,2,889,6305,7.092238470191226,1
POSI-J-024960,"FMC - Formación Médica Continuada en Atención Primaria",1134-2072,200,529,529,2,529,102,0.19281663516068054,1
POSI-J-024961,"Focus on Catalysts",1351-4180,200,1734,1734,3,1734,396,0.22837370242214533,1
POSI-J-024962,"Focus on Pigments",0969-6210,200,556,556,2,556,14,0.025179856115107913,1
POSI-J-024963,"Focus on Powder Coatings",1364-5439,200,1568,1568,3,1568,467,0.29783163265306123,1
POSI-J-024964,"Focus on Surfactants",1351-4210,200,138,138,2,138,8,0.057971014492753624,1
POSI-J-024965,"Food and Bioproducts Processing",0960-3085,200,705,705,2,705,6396,9.072340425531914,1
POSI-J-024966,"Food Bioscience",2212-4292,200,6504,6504,8,6504,73450,11.293050430504305,1
POSI-J-002916,"Food Chemistry Advances",2772-753X,200,1162,1162,3,1162,16492,14.19277108433735,1
POSI-J-008280,"Food Chemistry: Molecular Sciences",2666-5662,200,265,265,2,265,1695,6.39622641509434,1
POSI-J-001116,"Food Chemistry: X",2590-1575,200,3171,3171,5,3171,36841,11.618101545253863,1
POSI-J-024967,"Food and Humanity",2949-8244,200,949,949,2,949,5432,5.723919915700738,1
POSI-J-010984,"Food Hydrocolloids for Health",2667-0259,200,205,205,2,205,2617,12.765853658536585,1
POSI-J-024968,"Food Medicine Health",3117-8200,404,0,0,0,0,0,,
POSI-J-024969,"Food Microbiology",0740-0020,200,761,761,2,761,10692,14.04993429697766,1
POSI-J-024970,"Food Nutrition",3050-8436,200,34,34,2,34,146,4.294117647058823,1
POSI-J-024971,"Food Packaging and Shelf Life",2214-2894,200,904,904,2,904,23177,25.638274336283185,1
POSI-J-016644,"Food Physics",2950-0699,200,53,53,2,53,575,10.849056603773585,1
POSI-J-024972,"Food Policy",0306-9192,200,569,569,2,569,9135,16.054481546572934,1
POSI-J-024973,"Food Quality and Preference",0950-3293,200,1072,1072,3,1072,15431,14.394589552238806,1
POSI-J-024974,"Food Research International: Reports",3117-3829,200,0,0,1,0,0,,
POSI-J-024975,"Food Research International: Translational Research",3117-3837,200,0,0,1,0,0,,
POSI-J-024976,"Food Science and Human Wellness",2213-4530,200,1262,1262,3,1262,14571,11.5459587955626,1
POSI-J-024977,"Food Structure",2213-3291,200,225,225,2,225,2494,11.084444444444445,1
POSI-J-010081,"Food and Waterborne Parasitology",2405-6766,200,145,145,2,145,951,6.558620689655172,1
POSI-J-024978,"Food Webs",2352-2496,200,201,201,2,201,933,4.641791044776119,1
POSI-J-024979,"Food Wellness",3050-7111,200,23,23,2,23,66,2.869565217391304,1
POSI-J-024980,"The Foot",0958-2592,200,248,248,2,248,1147,4.625,1
POSI-J-024981,"Foot and Ankle Clinics",1083-7515,200,340,340,2,340,1027,3.0205882352941176,1
POSI-J-024982,"Foot and Ankle Surgery",1268-7731,200,571,571,2,571,3951,6.919439579684764,1
POSI-J-006181,"Foot & Ankle Surgery: Techniques, Reports & Cases",2667-3967,200,443,443,2,443,255,0.5756207674943566,1
POSI-J-024983,"Football Studies",3051-2689,200,0,0,1,0,0,,
POSI-J-009846,"Forces in Mechanics",2666-3597,200,260,260,2,260,2774,10.669230769230769,1
POSI-J-024984,"Forensic Chemistry",2468-1709,200,303,303,2,303,1840,6.072607260726072,1
POSI-J-024985,"Forensic Imaging",2666-2256,200,162,162,2,162,449,2.771604938271605,1
POSI-J-024986,"Forensic Science International: Animals and Environments",2666-9374,200,52,52,2,52,226,4.346153846153846,1
POSI-J-024987,"Forensic Science International: Digital Investigation",2666-2817,200,432,432,2,432,1649,3.8171296296296298,1
POSI-J-024988,"Forensic Science International: Genetics",1872-4973,200,508,508,2,508,4718,9.28740157480315,1
POSI-J-024989,"Forensic Science International: Genetics Supplement Series",1875-1768,200,129,129,2,129,298,2.310077519379845,1
POSI-J-024990,"Forensic Science International: Mind and Law",2666-3538,200,59,59,2,59,146,2.4745762711864407,1
POSI-J-007522,"Forensic Science International: Reports",2665-9107,200,185,185,2,185,438,2.3675675675675674,1
POSI-J-004851,"Forensic Science International: Synergy",2589-871X,200,410,410,2,410,1293,3.153658536585366,1
POSI-J-024991,"Forensic Sciences Research",2471-1411,200,200,200,2,200,808,4.04,1
POSI-J-024992,"Forest Ecology and Management",0378-1127,200,2815,2815,4,2815,28274,10.04404973357016,1
POSI-J-024993,"Forest Ecosystems",2197-5620,200,373,373,2,373,4040,10.831099195710456,1
POSI-J-024994,"Forest Policy and Economics",1389-9341,200,710,710,2,710,7427,10.46056338028169,1
POSI-J-005773,"Franklin Open",2773-1863,200,423,423,2,423,2162,5.111111111111111,1
POSI-J-024995,"The French Journal of Urology",2950-3930,200,312,312,2,312,442,1.4166666666666667,1
POSI-J-003742,"Frontiers of Architectural Research",2095-2635,200,347,347,2,347,4036,11.631123919308358,1
POSI-J-024996,"Frontiers in Neuroendocrinology",0091-3022,200,172,172,2,172,3461,20.122093023255815,1
POSI-J-006133,"F&S Reports",2666-3341,200,385,385,2,385,889,2.309090909090909,1
POSI-J-024997,"F&S Reviews",2666-5719,200,69,69,2,69,373,5.405797101449275,1
POSI-J-024998,"F&S Science",2666-335X,200,191,191,2,191,408,2.136125654450262,1
POSI-J-015340,"Fuel Communications",2666-0520,200,107,107,2,107,2734,25.55140186915888,1
POSI-J-024999,"Fuel and Energy Abstracts",0140-6701,200,120,120,2,120,12,0.1,1
POSI-J-000735,"Fuel Processing Technology",0378-3820,200,1086,1086,3,1086,23869,21.978821362799263,1
POSI-J-017314,"Fundamental Plasma Physics",2772-8285,200,82,82,2,82,190,2.317073170731707,1
POSI-J-025000,"Fundamental Research",2667-3258,200,825,825,2,825,11706,14.18909090909091,1
POSI-J-025001,"Fungal Biology",1878-6146,200,405,405,2,405,2687,6.6345679012345675,1
POSI-J-025002,"Fungal Biology Reviews",1749-4613,200,133,133,2,133,1937,14.563909774436091,1
POSI-J-025003,"Fungal Ecology",1754-5048,200,215,215,2,215,1474,6.855813953488372,1
POSI-J-025004,"Fungal Genetics and Biology",1087-1845,200,242,242,2,242,1612,6.661157024793388,1
POSI-J-025005,"Fungal Interactions",2773-2150,200,3,3,2,3,5,1.6666666666666667,1
POSI-J-025006,"Fusion Engineering and Design",0920-3796,200,2053,2053,4,2053,9649,4.69995129079396,1
POSI-J-025007,"Fuss & Sprunggelenk",1619-9987,200,415,415,2,415,78,0.18795180722891566,1
POSI-J-013936,"Future Batteries",2950-2640,200,122,122,2,122,830,6.80327868852459,1
POSI-J-003331,"Future Foods",2666-8335,200,741,741,2,741,10327,13.936572199730094,1
POSI-J-025008,"Future Generation Computer Systems",0167-739X,200,1673,1673,3,1673,34138,20.405260011954574,1
POSI-J-002385,"Future Healthcare Journal",2514-6645,200,692,692,2,692,2182,3.153179190751445,1
POSI-J-025009,"Futures",0016-3287,200,588,588,2,588,6679,11.358843537414966,1
POSI-J-000950,"Gaceta Sanitaria",0213-9111,200,1239,1239,3,1239,1341,1.082324455205811,1
POSI-J-025010,"Gait & Posture",0966-6362,200,2677,2677,4,2677,10038,3.749719835636907,1
POSI-J-025011,"Games and Economic Behavior",0899-8256,200,629,629,2,629,2396,3.809220985691574,1
POSI-J-025012,"Gas Science and Engineering",2949-9089,200,684,684,2,684,8734,12.769005847953217,1
POSI-J-003571,"Gastro Hep Advances",2772-5723,200,823,823,2,823,3099,3.765492102065614,1
POSI-J-025013,"Gastroenterología y Hepatología",0210-5705,200,1116,1116,3,1116,1464,1.3118279569892473,1
POSI-J-025014,"Gastroenterología y Hepatología (English Edition)",2444-3824,200,534,534,2,534,136,0.2546816479400749,1
POSI-J-025015,"Gastroenterology",0016-5085,200,19688,19688,21,19688,51451,2.6133177570093458,1
POSI-J-025016,"Gastroenterology Clinics of North America",0889-8553,200,312,312,2,312,1874,6.006410256410256,1
POSI-J-015855,"Gastroenterology & Endoscopy",2949-7523,200,102,102,2,102,342,3.3529411764705883,1
POSI-J-025017,"Gastrointestinal Endoscopy",0016-5107,200,8201,8201,10,8201,16576,2.0212169247652727,1
POSI-J-025018,"Gastrointestinal Endoscopy Clinics of North America",1052-5157,200,326,326,2,326,1431,4.389570552147239,1
POSI-J-025019,"Gene Expression Patterns",1567-133X,200,117,117,2,117,375,3.2051282051282053,1
POSI-J-025020,"Gene and Genome Editing",2666-3880,200,22,22,2,22,125,5.681818181818182,1
POSI-J-025021,"Gene Reports",2452-0144,200,947,947,2,947,2162,2.282998944033791,1
POSI-J-025022,"General Hospital Psychiatry",0163-8343,200,674,674,2,674,4645,6.8916913946587535,1
POSI-J-001847,"Genes & Diseases",2352-3042,200,1177,1177,3,1177,16931,14.384876805437553,1
POSI-J-025023,"Genetics in Medicine",1098-3600,200,1526,1526,3,1526,13090,8.577981651376147,1
POSI-J-001183,"Genetics in Medicine Open",2949-7744,200,2877,2877,4,2877,1132,0.3934654153632256,1
POSI-J-000663,"Genomics",0888-7543,200,850,850,2,850,7407,8.714117647058824,1
POSI-J-025024,"Geobios",0016-6995,200,195,195,2,195,600,3.076923076923077,1
POSI-J-025025,"Geochemistry",0009-2819,200,356,356,2,356,1989,5.587078651685394,1
POSI-J-025026,"Geodata and AI",3050-483X,200,39,39,2,39,174,4.461538461538462,1
POSI-J-025027,"Geoderma Regional",2352-0094,200,563,563,2,563,3853,6.843694493783303,1
POSI-J-003934,"Geodesy and Geodynamics",1674-9847,200,267,267,2,267,1994,7.468164794007491,1
POSI-J-025028,"Geoenergy Science and Engineering",2949-8910,200,2556,2556,4,2556,25514,9.982003129890455,1
POSI-J-025029,"Geography and Sustainability",2666-6839,200,269,269,2,269,2727,10.137546468401487,1
POSI-J-016907,"Geohazard Mechanics",2949-7418,200,96,96,2,96,978,10.1875,1
POSI-J-025030,"Geomatica",1195-1036,200,88,88,2,88,456,5.181818181818182,1
POSI-J-025031,"Geomechanics for Energy and the Environment",2352-3808,200,456,456,2,456,2906,6.37280701754386,1
POSI-J-025032,"Geomorphology",0169-555X,200,1395,1395,3,1395,10648,7.632974910394265,1
POSI-J-025033,"Geopsychiatry",3050-7138,200,36,36,2,36,55,1.5277777777777777,1
POSI-J-025034,"Geoscience Frontiers",1674-9871,200,649,649,2,649,16557,25.5115562403698,1
POSI-J-008388,"Geosystems and Geoenvironment",2772-8838,200,334,334,2,334,3767,11.278443113772456,1
POSI-J-025035,"Geotextiles and Geomembranes",0266-1144,200,396,396,2,396,5257,13.275252525252526,1
POSI-J-025036,"Geothermics",0375-6505,200,940,940,2,940,10059,10.701063829787234,1
POSI-J-025037,"Geriatric Nursing",0197-4572,200,1531,1531,3,1531,8954,5.848465055519268,1
POSI-J-025038,"Geriatric Nursing: Asia",3051-3146,200,0,0,1,0,0,,
POSI-J-008753,"Giant",2666-5425,200,291,291,2,291,4104,14.103092783505154,1
POSI-J-025039,"Glial Health Research",2950-4074,200,10,10,2,10,18,1.8,1
POSI-J-025040,"Global Challenges & Regional Science",3050-502X,200,20,20,2,20,58,2.9,1
POSI-J-022941,"Global and Earth Surface Processes Change",2950-4740,200,8,8,2,8,42,5.25,1
POSI-J-001079,"Global Ecology and Conservation",2351-9894,200,2028,2028,4,2028,10028,4.944773175542406,1
POSI-J-025041,"Global Economics Research",3050-8037,200,14,14,2,14,81,5.785714285714286,1
POSI-J-006769,"Global Energy Interconnection",2096-5117,200,261,261,2,261,2431,9.314176245210728,1
POSI-J-025042,"Global Environmental Change",0959-3780,200,492,492,2,492,13750,27.947154471544714,1
POSI-J-019867,"Global Environmental Change Advances",2950-1385,200,27,27,2,27,165,6.111111111111111,1
POSI-J-011266,"Global Epidemiology",2590-1133,200,160,160,2,160,795,4.96875,1
POSI-J-025043,"Global Finance Journal",1044-0283,200,440,440,2,440,6330,14.386363636363637,1
POSI-J-025044,"Global Food Security",2211-9124,200,300,300,2,300,6785,22.616666666666667,1
POSI-J-025045,"Global Health Journal",2414-6447,200,146,146,2,146,1757,12.034246575342467,1
POSI-J-025046,"Global Heritage Research",3117-7395,200,0,0,1,0,0,,
POSI-J-025047,"Global Medical Genetics",2699-9404,200,193,193,2,181,791,4.370165745856354,1
POSI-J-025048,"Global Medicine and Healthcare",2949-916X,200,213,213,2,213,5478,25.718309859154928,1
POSI-J-025049,"Global Neurological Insights",3051-2484,200,0,0,1,0,0,,
POSI-J-009777,"Global Pediatrics",2667-0097,200,282,282,2,282,832,2.950354609929078,1
POSI-J-025050,"Global and Planetary Change",0921-8181,200,1128,1128,3,1128,10762,9.540780141843971,1
POSI-J-013696,"Global Transitions",2589-7918,200,101,101,2,101,930,9.207920792079207,1
POSI-J-025051,"Global Transitions Proceedings",2666-285X,200,66,66,2,66,2964,44.90909090909091,1
POSI-J-025052,"Glycoscience & Therapy",3050-6085,200,12,12,2,12,114,9.5,1
POSI-J-025053,"Gondwana Research",1342-937X,200,1017,1017,3,1017,22760,22.3795476892822,1
POSI-J-025054,"Government Information Quarterly",0740-624X,200,327,327,2,327,11127,34.027522935779814,1
POSI-J-025055,"Grain & Oil Science and Technology",2590-2598,200,102,102,2,102,1912,18.745098039215687,1
POSI-J-004009,"Graphical Models",1524-0703,200,138,138,2,138,600,4.3478260869565215,1
POSI-J-009015,"Green Analytical Chemistry",2772-5774,200,302,302,2,302,4692,15.536423841059603,1
POSI-J-013249,"Green Carbon",2950-1555,200,124,124,2,124,2761,22.266129032258064,1
POSI-J-025056,"Green Chemical Engineering",2666-9528,200,245,245,2,245,4508,18.4,1
POSI-J-025057,"Green Energy & Environment",2468-0257,200,672,672,2,672,19660,29.25595238095238,1
POSI-J-011713,"Green Energy and Intelligent Transportation",2773-1537,200,181,181,2,181,7316,40.41988950276243,1
POSI-J-017068,"Green Energy and Resources",2949-7205,200,84,84,2,84,1653,19.678571428571427,1
POSI-J-025058,"Green and Smart Mining Engineering",2950-5550,200,101,101,2,101,1539,15.237623762376238,1
POSI-J-007760,"Green Synthesis and Catalysis",2666-5549,200,298,298,2,298,2846,9.550335570469798,1
POSI-J-010223,"Green Technologies and Sustainability",2949-7361,200,157,157,2,157,2611,16.630573248407643,1
POSI-J-025059,"Groundwater for Sustainable Development",2352-801X,200,851,851,2,851,11740,13.795534665099883,1
POSI-J-025060,"Growth Hormone & IGF Research",1096-6374,200,107,107,2,107,430,4.018691588785047,1
POSI-J-025061,"Gut Microbiology",3051-1720,200,3,3,2,3,1,0.3333333333333333,1
POSI-J-025062,"Gut Microbiome and Health",3117-3594,200,0,0,1,0,0,,
POSI-J-001863,"Gynecologic Oncology Reports",2352-5789,200,1112,1112,3,1112,2184,1.9640287769784173,1
POSI-J-025063,"Gynécologie Obstétrique Fertilité & Sénologie",2468-7189,200,755,755,2,755,313,0.41456953642384103,1
POSI-J-025064,"Gynecology and Obstetrics Clinical Medicine",2667-1646,200,176,176,2,176,589,3.346590909090909,1
POSI-J-010754,"H2Open Journal",2616-6518,200,142,142,2,142,917,6.457746478873239,1
POSI-J-025065,"Habitat International",0197-3975,200,816,816,2,816,14314,17.541666666666668,1
POSI-J-025066,"Hand Clinics",0749-0712,200,314,314,2,314,852,2.713375796178344,1
POSI-J-025067,"Hand Surgery and Rehabilitation ",2468-1229,200,1498,1498,3,1498,1866,1.2456608811749,1
POSI-J-004758,"HardwareX",2468-0672,200,466,466,2,466,2943,6.315450643776824,1
POSI-J-025068,"Harmful Algae",1568-9883,200,573,573,2,573,5917,10.326352530541012,1
POSI-J-015474,"Health Care Transitions",2949-9232,200,121,121,2,121,316,2.6115702479338845,1
POSI-J-025069,"Health & Place",1353-8292,200,731,731,2,731,8023,10.975376196990425,1
POSI-J-025070,"Health Policy in Asia",3117-4620,200,0,0,1,0,0,,
POSI-J-014373,"Health Policy OPEN",2590-2296,200,90,90,2,90,677,7.522222222222222,1
POSI-J-025071,"Health Policy and Technology",2211-8837,200,368,368,2,368,3004,8.16304347826087,1
POSI-J-011429,"Health Sciences Review",2772-6320,200,232,232,2,232,1502,6.474137931034483,1
POSI-J-025072,"Healthcare",2213-0764,200,98,98,2,98,373,3.806122448979592,1
POSI-J-007924,"Healthcare Analytics",2772-4425,200,376,376,2,376,7860,20.904255319148938,1
POSI-J-025073,"Healthcare and Rehabilitation",3050-6131,200,33,33,2,33,46,1.393939393939394,1
POSI-J-025074,"Hearing Research",0378-5955,200,700,700,2,700,5233,7.475714285714286,1
POSI-J-025075,"Heart Failure Clinics",1551-7136,200,301,301,2,301,1318,4.378737541528239,1
POSI-J-025076,"Heart & Lung",0147-9563,200,812,812,2,812,4565,5.62192118226601,1
POSI-J-025077,"Heart, Lung and Circulation",1443-9506,200,5466,5466,7,5466,4493,0.8219904866447127,1
POSI-J-003202,"Heart Rhythm O2",2666-5018,200,769,769,2,769,3300,4.291287386215865,1
POSI-J-001661,"HeartRhythm Case Reports",2214-0271,200,1032,1032,3,1032,1615,1.564922480620155,1
POSI-J-003383,"Hellenic Journal of Cardiology",1109-9666,200,398,398,2,398,1713,4.3040201005025125,1
POSI-J-025078,"Hematology/Oncology Clinics of North America",0889-8588,200,458,458,2,458,2641,5.7663755458515285,1
POSI-J-000666,"Hematology, Transfusion and Cell Therapy",2531-1379,200,8331,8331,10,8331,2225,0.2670747809386628,1
POSI-J-025079,"Hepatobiliary Communications",3117-8162,200,0,0,1,0,0,,
POSI-J-025080,"Hepatobiliary & Pancreatic Diseases International",1499-3872,200,458,458,2,458,2561,5.591703056768559,1
POSI-J-025081,"High Energy Density Physics",1574-1818,200,154,154,2,154,405,2.6298701298701297,1
POSI-J-011993,"High-Confidence Computing",2667-2952,200,180,180,2,180,2931,16.283333333333335,1
POSI-J-015426,"High-speed Railway",2949-8678,200,104,104,2,104,595,5.721153846153846,1
POSI-J-025082,"Historia Mathematica",0315-0860,200,143,143,2,143,80,0.5594405594405595,1
POSI-J-013223,"hLife",2949-9283,200,152,152,2,152,1300,8.552631578947368,1
POSI-J-025083,"Horticultural Plant Journal",2468-0141,200,528,528,2,528,7141,13.524621212121213,1
POSI-J-025084,"HPB",1365-182X,200,6681,6681,8,6681,5899,0.8829516539440203,1
POSI-J-014894,"Human Factors in Healthcare",2772-5014,200,99,99,2,99,677,6.838383838383838,1
POSI-J-025085,"Human Gene",2773-0441,200,481,481,2,481,810,1.683991683991684,1
POSI-J-007089,"Human Genetics and Genomics Advances",2666-2477,200,358,358,2,358,1908,5.329608938547486,1
POSI-J-025086,"Human Movement Science",0167-9457,200,375,375,2,375,1887,5.032,1
POSI-J-011673,"Human Nutrition & Metabolism",2666-1497,200,205,205,2,205,1299,6.336585365853659,1
POSI-J-006735,"Human Pathology: Case Reports",2214-3300,200,0,0,1,0,0,,
POSI-J-010961,"Human Pathology Reports",2772-736X,200,221,221,2,221,333,1.506787330316742,1
POSI-J-025087,"Human Resource Management Review",1053-4822,200,179,179,2,179,7236,40.42458100558659,1
POSI-J-025088,"Human Settlements and Sustainability",3050-6077,200,26,26,2,26,116,4.461538461538462,1
POSI-J-005608,"Hybrid Advances",2773-207X,200,560,560,2,560,9281,16.573214285714286,1
POSI-J-025089,"Hydrology Research",1998-9563,200,341,341,2,341,2855,8.372434017595308,1
POSI-J-025090,"Hydrometallurgy",0304-386X,200,613,613,2,613,9186,14.98531810766721,1
POSI-J-015232,"HydroResearch",2589-7578,200,100,100,2,100,1519,15.19,1
POSI-J-014034,"Hygiene and Environmental Health Advances",2773-0492,200,153,153,2,153,1219,7.967320261437909,1
POSI-J-002897,"IATSS Research",0386-1112,200,235,235,2,235,2071,8.812765957446809,1
POSI-J-001457,"IBRO Neuroscience Reports",2667-2421,200,2722,2722,4,2722,4005,1.4713445995591476,1
POSI-J-002032,"IBRO Reports",2451-8301,200,0,0,1,0,0,,
POSI-J-025091,"Icarus",0019-1035,200,1499,1499,3,1499,11693,7.800533689126084,1
POSI-J-003512,"ICT Express",2405-9595,200,582,582,2,582,8337,14.324742268041238,1
POSI-J-001554,"IDCases",2214-2509,200,1082,1082,3,1082,2738,2.530499075785582,1
POSI-J-025092,"IFAC Journal of Systems and Control",2468-6018,200,150,150,2,150,553,3.6866666666666665,1
POSI-J-008000,"iGIE",2949-7086,200,312,312,2,312,498,1.5961538461538463,1
POSI-J-009169,"IHJ Cardiovascular Case Reports (CVCR)",2468-600X,200,80,80,2,80,45,0.5625,1
POSI-J-018727,"IHJ Cardiovascular Reports",2950-4678,200,56,56,2,56,8,0.14285714285714285,1
POSI-J-004634,"IIMB Management Review",0970-3896,200,170,170,2,170,614,3.611764705882353,1
POSI-J-002018,"IJC Heart & Vasculature",2352-9067,200,885,885,2,885,2309,2.609039548022599,1
POSI-J-016511,"IJID One Health",2949-9151,200,74,74,2,74,393,5.3108108108108105,1
POSI-J-004157,"IJID Regions",2772-7076,200,757,757,2,757,3444,4.5495376486129455,1
POSI-J-014115,"iLiver",2772-9478,200,158,158,2,158,593,3.7531645569620253,1
POSI-J-025093,"Image and Vision Computing",0262-8856,200,1091,1091,3,1091,11470,10.513290559120072,1
POSI-J-025094,"Imagerie de la Femme",1776-9817,200,158,158,2,158,20,0.12658227848101267,1
POSI-J-025095,"Immunity",1074-7613,200,952,952,2,952,52834,55.497899159663866,1
POSI-J-003114,"Immuno-Oncology Technology",2590-0188,200,1157,1157,3,1157,1157,1,1
POSI-J-000860,"Immunobiology",0171-2985,200,822,822,2,822,2979,3.624087591240876,1
POSI-J-018396,"ImmunoInformatics",2667-1190,200,52,52,2,52,493,9.48076923076923,1
POSI-J-025096,"Immunology and Allergy Clinics of North America",0889-8561,200,309,309,2,309,1424,4.608414239482201,1
POSI-J-025097,"Immunology Letters",0165-2478,200,369,369,2,369,2825,7.6558265582655824,1
POSI-J-025098,"In Analysis",2542-3606,200,208,208,2,208,62,0.2980769230769231,1
POSI-J-025099,"Indagationes Mathematicae",0019-3577,200,310,310,2,310,521,1.6806451612903226,1
POSI-J-000964,"Indian Heart Journal",0019-4832,200,1322,1322,3,1322,1914,1.447806354009077,1
POSI-J-025100,"Indian Journal of Medical Microbiology",0255-0857,200,714,714,2,714,2096,2.9355742296918765,1
POSI-J-025101,"Indian Journal of Tuberculosis",0019-5707,200,555,555,2,555,1589,2.863063063063063,1
POSI-J-003393,"Indian Pacing and Electrophysiology Journal",0972-6292,200,372,372,2,372,538,1.446236559139785,1
POSI-J-014308,"Indoor Environments",2950-3620,200,139,139,2,139,368,2.647482014388489,1
POSI-J-000579,"Industrial Crops and Products",0926-6690,200,7656,7656,9,7656,111307,14.538531870428422,1
POSI-J-025102,"Industrial Marketing Management",0019-8501,200,793,793,2,793,17198,21.687263556116015,1
POSI-J-025103,"Infection, Disease & Health",2468-0451,200,402,402,2,402,623,1.5497512437810945,1
POSI-J-000887,"Infection, Genetics and Evolution",1567-1348,200,669,669,2,669,4895,7.316890881913303,1
POSI-J-007087,"Infection Prevention in Practice",2590-0889,200,279,279,2,279,1252,4.487455197132617,1
POSI-J-025104,"Infectious Disease Clinics of North America",0891-5520,200,290,290,2,290,2237,7.713793103448276,1
POSI-J-005288,"Infectious Disease Modelling",2468-0427,200,346,346,2,346,1582,4.572254335260116,1
POSI-J-025105,"Infectious Diseases Now",2666-9919,200,485,485,2,485,2081,4.290721649484536,1
POSI-J-025106,"Infectious Medicine",2772-431X,200,177,177,2,177,1512,8.542372881355933,1
POSI-J-019169,"Informatics and Health",2949-9534,200,31,31,2,31,544,17.548387096774192,1
POSI-J-002300,"Informatics in Medicine Unlocked",2352-9148,200,867,867,2,867,11627,13.410611303344867,1
POSI-J-025107,"Information and Computation",0890-5401,200,445,445,2,445,1110,2.49438202247191,1
POSI-J-025108,"Information Economics and Policy",0167-6245,200,102,102,2,102,841,8.245098039215685,1
POSI-J-025109,"Information Fusion",1566-2535,200,1788,1788,3,1788,74622,41.73489932885906,1
POSI-J-025110,"Information Geography",3050-5208,200,31,31,2,31,101,3.2580645161290325,1
POSI-J-025111,"Information & Management",0378-7206,200,487,487,2,487,10297,21.143737166324435,1
POSI-J-025112,"Information and Organization",1471-7727,200,105,105,2,105,1512,14.4,1
POSI-J-006026,"Information Processing in Agriculture",2214-3173,200,209,209,2,209,3062,14.650717703349283,1
POSI-J-025113,"Information Processing Letters",0020-0190,200,304,304,2,304,589,1.9375,1
POSI-J-025114,"Information Processing & Management",0306-4573,200,1305,1305,3,1305,29490,22.597701149425287,1
POSI-J-025115,"Information and Software Technology",0950-5849,200,788,788,2,788,11111,14.100253807106599,1
POSI-J-025116,"Information Systems",0306-4379,200,447,447,2,447,5740,12.841163310961969,1
POSI-J-025117,"Infrared Physics & Technology",1350-4495,200,1947,1947,3,1947,17028,8.745762711864407,1
POSI-J-016733,"Journal of Infrastructure Intelligence and Resilience",2772-9915,200,95,95,2,95,631,6.6421052631578945,1
POSI-J-003587,"The Innovation",2666-6758,200,667,667,2,667,9587,14.373313343328336,1
POSI-J-012529,"Innovation and Green Development",2949-7531,200,194,194,2,194,6353,32.74742268041237,1
POSI-J-025118,"Innovations in Industrial Crops and Processing",3117-6526,404,0,0,0,0,0,,
POSI-J-025119,"Innovative Food Science & Emerging Technologies",1466-8564,200,1188,1188,3,1188,19366,16.301346801346803,1
POSI-J-019979,"Innovative Practice in Breast Health",2950-2128,200,25,25,2,25,30,1.2,1
POSI-J-025120,"Inorganic Chemistry Communications",1387-7003,200,6311,6311,8,6311,74754,11.84503248296625,1
POSI-J-025121,"Insect Biochemistry and Molecular Biology",0965-1748,200,445,445,2,445,4053,9.107865168539325,1
POSI-J-025122,"Insights in Biochemistry and Molecular Biology",3117-3632,200,0,0,1,0,0,,
POSI-J-025123,"Insurance: Mathematics and Economics",0167-6687,200,354,354,2,354,1348,3.8079096045197742,1
POSI-J-025124,"Integrated Diagnostics",3117-5899,200,0,0,1,0,0,,
POSI-J-025125,"Integration",0167-9260,200,639,639,2,639,4176,6.535211267605634,1
POSI-J-000406,"Integrative Medicine Research",2213-4220,200,262,262,2,262,2281,8.706106870229007,1
POSI-J-025126,"Intelligence",0160-2896,200,212,212,2,212,1777,8.382075471698114,1
POSI-J-008264,"Intelligence-Based Medicine",2666-5212,200,265,265,2,265,1939,7.316981132075472,1
POSI-J-025127,"Intelligent Climate and Eco-Environment",3051-2530,200,0,0,1,0,0,,
POSI-J-025128,"Intelligent Geoengineering",3050-6190,200,33,33,2,33,134,4.0606060606060606,1
POSI-J-025129,"Intelligent Hospital",3050-8371,200,20,20,2,20,72,3.6,1
POSI-J-025130,"Intelligent Medicine",2667-1026,200,141,141,2,141,2574,18.25531914893617,1
POSI-J-019252,"Intelligent Oncology",2950-2616,200,32,32,2,32,193,6.03125,1
POSI-J-012713,"Intelligent Pharmacy",2949-866X,200,189,189,2,189,1747,9.243386243386244,1
POSI-J-025131,"Intelligent Sports and Health",3050-5445,200,27,27,2,27,82,3.037037037037037,1
POSI-J-017253,"Intelligent Surgery",2666-6766,200,92,92,2,92,280,3.0434782608695654,1
POSI-J-005940,"Intelligent Systems with Applications",2667-3053,200,536,536,2,536,6273,11.703358208955224,1
POSI-J-025132,"Intelligent Translational Medicine",3117-969X,404,0,0,0,0,0,,
POSI-J-025133,"Intensive Care Science",3117-8219,200,0,0,1,0,0,,
POSI-J-025134,"Intensive and Critical Care Nursing",0964-3397,200,856,856,2,856,7119,8.31658878504673,1
POSI-J-025135,"Interbloc",0242-3960,200,240,240,2,240,17,0.07083333333333333,1
POSI-J-001795,"Interdisciplinary Neurosurgery",2214-7519,200,786,786,2,786,1306,1.6615776081424936,1
POSI-J-025136,"Intermetallics",0966-9795,200,1303,1303,3,1303,15170,11.642363775901766,1
POSI-J-025137,"International Biodeterioration & Biodegradation",0964-8305,200,584,584,2,584,5458,9.345890410958905,1
POSI-J-025138,"International Business Review",0969-5931,200,386,386,2,386,6998,18.129533678756477,1
POSI-J-025139,"International Communications in Heat and Mass Transfer",0735-1933,200,3828,3828,5,3828,49803,13.010188087774294,1
POSI-J-025140,"International Dairy Journal",0958-6946,200,906,906,2,906,8096,8.93598233995585,1
POSI-J-000825,"International Dental Journal",0020-6539,200,4414,4414,6,4414,9097,2.0609424558223832,1
POSI-J-025141,"International Economics",2110-7017,200,287,287,2,287,2476,8.627177700348431,1
POSI-J-025142,"International Emergency Nursing",1755-599X,200,449,449,2,449,2388,5.3184855233853,1
POSI-J-025143,"International Journal of Accounting Information Systems",1467-0895,200,132,132,2,132,2958,22.40909090909091,1
POSI-J-025144,"International Journal of Adhesion and Adhesives",0143-7496,200,952,952,2,952,8892,9.340336134453782,1
POSI-J-012928,"International Journal of Advanced Nuclear Reactor Design and Technology",2468-6050,200,139,139,2,139,372,2.676258992805755,1
POSI-J-003410,"International Journal of Africa Nursing Sciences",2214-1391,200,532,532,2,532,1522,2.8609022556390977,1
POSI-J-025145,"International Journal of Applied Earth Observation and Geoinformation",1569-8432,200,2289,2289,4,2289,21866,9.552643075578855,1
POSI-J-025146,"International Journal of Approximate Reasoning",0888-613X,200,717,717,2,717,5192,7.241283124128312,1
POSI-J-025147,"International Journal of Artificial Intelligence in Education",1560-4292,200,283,283,2,283,7938,28.04946996466431,1
POSI-J-025148,"The International Journal of Biochemistry & Cell Biology",1357-2725,200,442,442,2,442,3367,7.617647058823529,1
POSI-J-006685,"International Journal of Cardiology Cardiovascular Risk and Prevention",2772-4875,200,413,413,2,413,983,2.3801452784503634,1
POSI-J-006325,"International Journal of Cardiology Congenital Heart Disease",2666-6685,200,309,309,2,309,531,1.7184466019417475,1
POSI-J-018013,"International Journal of Cardiology Hypertension",2590-0862,200,0,0,1,0,0,,
POSI-J-025149,"International Journal of Cardiology Innovations",3051-4452,200,0,0,1,0,0,,
POSI-J-025150,"International Journal of Child-Computer Interaction",2212-8689,200,261,261,2,261,3126,11.977011494252874,1
POSI-J-005354,"International Journal of Clinical and Health Psychology",1697-2600,200,361,361,2,361,3683,10.202216066481995,1
POSI-J-025151,"International Journal of Coal Geology",0166-5162,200,588,588,2,588,8149,13.858843537414966,1
POSI-J-012399,"International Journal of Cognitive Computing in Engineering",2666-3074,200,145,145,2,145,2419,16.682758620689654,1
POSI-J-025152,"International Journal of Critical Infrastructure Protection",1874-5482,200,198,198,2,198,2652,13.393939393939394,1
POSI-J-025153,"International Journal of Drug Policy",0955-3959,200,1173,1173,3,1173,11849,10.101449275362318,1
POSI-J-025154,"International Journal of Educational Development",0738-0593,200,724,724,2,724,4614,6.37292817679558,1
POSI-J-025155,"International Journal of Educational Research",0883-0355,200,777,777,2,777,5833,7.507078507078507,1
POSI-J-006601,"International Journal of Educational Research Open",2666-3740,200,427,427,2,427,3980,9.320843091334895,1
POSI-J-000648,"International Journal of Electrical Power & Energy Systems",0142-0615,200,3799,3799,5,3799,57177,15.050539615688338,1
POSI-J-000646,"International Journal of Electrochemical Science",1452-3981,200,1902,1902,3,1902,13988,7.354363827549947,1
POSI-J-025156,"International Journal of Engineering Science",0020-7225,200,473,473,2,473,4342,9.17970401691332,1
POSI-J-025157,"International Journal of Fatigue",0142-1123,200,2248,2248,4,2248,41122,18.29270462633452,1
POSI-J-025158,"International Journal of Forecasting",0169-2070,200,459,459,2,459,9142,19.917211328976034,1
POSI-J-025159,"International Journal of Gastronomy and Food Science",1878-450X,200,923,923,2,923,7973,8.638136511375947,1
POSI-J-010520,"International Journal of Geoheritage and Parks",2577-4441,200,178,178,2,178,2192,12.314606741573034,1
POSI-J-025160,"International Journal of Greenhouse Gas Control",1750-5836,200,747,747,2,747,11444,15.319946452476573,1
POSI-J-025161,"International Journal of Heat and Fluid Flow",0142-727X,200,922,922,2,922,8399,9.109544468546638,1
POSI-J-025162,"International Journal of Hospitality Management",0278-4319,200,1054,1054,3,1054,23109,21.92504743833017,1
POSI-J-025163,"International Journal of Human-Computer Studies",1071-5819,200,587,587,2,587,9066,15.444633730834752,1
POSI-J-025164,"International Journal of Hygiene and Environmental Health",1438-4639,200,591,591,2,591,7006,11.854483925549916,1
POSI-J-025165,"International Journal of Impact Engineering",0734-743X,200,1106,1106,3,1106,17230,15.57866184448463,1
POSI-J-025166,"International Journal of Industrial Ergonomics",0169-8141,200,459,459,2,459,3777,8.22875816993464,1
POSI-J-025167,"International Journal of Industrial Organization",0167-7187,200,240,240,2,240,1159,4.829166666666667,1
POSI-J-025168,"International Journal of Information Management",0268-4012,200,363,363,2,363,22019,60.65840220385675,1
POSI-J-008302,"International Journal of Information Management Data Insights",2667-0968,200,325,325,2,325,8134,25.02769230769231,1
POSI-J-013351,"International Journal of Innovation Studies",2096-2487,200,101,101,2,101,1964,19.445544554455445,1
POSI-J-014243,"International Journal of Intelligent Networks",2666-6030,200,123,123,2,123,2883,23.4390243902439,1
POSI-J-025169,"International Journal of Intercultural Relations",0147-1767,200,590,590,2,590,4073,6.903389830508474,1
POSI-J-025170,"International Journal of Law, Crime and Justice",1756-0616,200,202,202,2,202,692,3.4257425742574257,1
POSI-J-025171,"International Journal of Law and Psychiatry",0160-2527,200,224,224,2,224,849,3.7901785714285716,1
POSI-J-007228,"International Journal of Lightweight Materials and Manufacture",2588-8404,200,242,242,2,242,1730,7.148760330578512,1
POSI-J-025172,"International Journal of Lung Cancer",3117-504X,200,0,0,1,0,0,,
POSI-J-025173,"International Journal of Machine Tools and Manufacture",0890-6955,200,245,245,2,245,9842,40.17142857142857,1
POSI-J-025174,"The International Journal of Management Education",1472-8117,200,623,623,2,623,9419,15.118780096308186,1
POSI-J-025175,"International Journal of Mass Spectrometry",1387-3806,200,565,565,2,565,1982,3.5079646017699115,1
POSI-J-025176,"International Journal of Mechanical Sciences",0020-7403,200,3403,3403,5,3403,80033,23.518366147516897,1
POSI-J-025177,"International Journal of Medical Informatics",1386-5056,200,1121,1121,3,1121,15449,13.781445138269403,1
POSI-J-001805,"International Journal of Medical Microbiology",1438-4221,200,130,130,2,130,851,6.546153846153846,1
POSI-J-001981,"International Journal of Mining Science and Technology",2095-2686,200,498,498,2,498,16466,33.06425702811245,1
POSI-J-025178,"International Journal of Multiphase Flow",0301-9322,200,1144,1144,3,1144,10983,9.600524475524475,1
POSI-J-003121,"International Journal of Naval Architecture and Ocean Engineering",2092-6782,200,262,262,2,262,2373,9.057251908396946,1
POSI-J-025179,"International Journal of Non-Linear Mechanics",0020-7462,200,942,942,2,942,7817,8.298301486199575,1
POSI-J-025180,"International Journal of Nursing Sciences",2352-0132,200,341,341,2,341,1907,5.592375366568915,1
POSI-J-025181,"International Journal of Nursing Studies",0020-7489,200,800,800,2,800,14332,17.915,1
POSI-J-006299,"International Journal of Nursing Studies Advances",2666-142X,200,387,387,2,387,3284,8.48578811369509,1
POSI-J-025182,"International Journal of Obstetric Anesthesia",0959-289X,200,1235,1235,3,1235,1608,1.3020242914979756,1
POSI-J-025183,"International Journal of Gynecological Cancer",1048-891X,200,8091,8091,10,8091,10829,1.3384006921270548,1
POSI-J-025184,"International Journal of Oral and Maxillofacial Surgery",0901-5027,200,2607,2607,4,2607,5301,2.0333716915995397,1
POSI-J-025185,"International Journal of Orthopaedic and Trauma Nursing",1878-1241,200,217,217,2,217,593,2.7327188940092166,1
POSI-J-025186,"International Journal of Osteopathic Medicine",1746-0689,200,188,188,2,188,550,2.925531914893617,1
POSI-J-025187,"International Journal of Paleopathology",1879-9817,200,189,189,2,189,625,3.306878306878307,1
POSI-J-025188,"International Journal for Parasitology",0020-7519,200,336,336,2,336,2493,7.419642857142857,1
POSI-J-005722,"International Journal for Parasitology: Drugs and Drug Resistance",2211-3207,200,188,188,2,188,1587,8.441489361702128,1
POSI-J-003054,"International Journal for Parasitology: Parasites and Wildlife",2213-2244,200,501,501,2,501,2370,4.730538922155689,1
POSI-J-002411,"International Journal of Particle Therapy",2331-5180,200,1256,1256,3,1256,661,0.5262738853503185,1
POSI-J-025189,"International Journal of Pediatric Otorhinolaryngology",0165-5876,200,1255,1255,3,1255,4629,3.688446215139442,1
POSI-J-006421,"International Journal of Pharmaceutics: X",2590-1567,200,351,351,2,351,1861,5.301994301994302,1
POSI-J-025190,"International Journal of Plasticity",0749-6419,200,1059,1059,3,1059,35095,33.139754485363554,1
POSI-J-025191,"International Journal of Pressure Vessels and Piping",0308-0161,200,880,880,2,880,8129,9.2375,1
POSI-J-025192,"International Journal of Project Management",0263-7863,200,302,302,2,302,5100,16.887417218543046,1
POSI-J-025193,"International Journal of Psychophysiology",0167-8760,200,1281,1281,3,1281,3875,3.0249804839968775,1
POSI-J-025194,"International Journal of Radiation Oncology*Biology*Physics",0360-3016,200,11161,11161,13,11161,25058,2.2451393244332944,1
POSI-J-025195,"International Journal of Refractory Metals and Hard Materials",0263-4368,200,1470,1470,3,1470,16742,11.389115646258503,1
POSI-J-025196,"International Journal of Refrigeration",0140-7007,200,1490,1490,3,1490,14703,9.867785234899328,1
POSI-J-025197,"International Journal of Research in Marketing",0167-8116,200,279,279,2,279,5691,20.397849462365592,1
POSI-J-025198,"International Journal of Rock Mechanics and Mining Sciences",1365-1609,200,1048,1048,3,1048,18805,17.943702290076335,1
POSI-J-003461,"International Journal of Sediment Research",1001-6279,200,315,315,2,315,2996,9.511111111111111,1
POSI-J-025199,"International Journal of Solids and Structures",0020-7683,200,1645,1645,3,1645,15525,9.437689969604863,1
POSI-J-025200,"International Journal of Surgery Case Reports",2210-2612,200,5424,5424,7,5424,10283,1.8958333333333333,1
POSI-J-025201,"International Journal of Surgery Open",2405-8572,200,577,577,2,577,732,1.268630849220104,1
POSI-J-025202,"International Journal of Thermal Sciences",1290-0729,200,2600,2600,4,2600,35480,13.646153846153846,1
POSI-J-002437,"International Journal of Thermofluids",2666-2027,200,1339,1339,3,1339,20698,15.45780433159074,1
POSI-J-005300,"International Journal of Transportation Science and Technology",2046-0430,200,326,326,2,326,4093,12.55521472392638,1
POSI-J-025203,"International Orthodontics",1761-7227,200,311,311,2,311,1657,5.327974276527331,1
POSI-J-000847,"International Psychogeriatrics",1041-6102,200,1074,1074,3,1074,4198,3.908752327746741,1
POSI-J-025204,"International Review of Economics Education",1477-3880,200,99,99,2,99,362,3.6565656565656566,1
POSI-J-025205,"International Review of Financial Analysis",1057-5219,200,2420,2420,4,2420,53312,22.0297520661157,1
POSI-J-025206,"International Review of Law and Economics",0144-8188,200,155,155,2,155,415,2.6774193548387095,1
POSI-J-004960,"International Soil and Water Conservation Research",2095-6339,200,281,281,2,281,5534,19.693950177935942,1
POSI-J-025207,"The Internet and Higher Education",1096-7516,200,121,121,2,121,2311,19.09917355371901,1
POSI-J-003983,"Internet Interventions",2214-7829,200,403,403,2,403,5055,12.543424317617866,1
POSI-J-025208,"Internet of Things",2542-6605,200,1280,1280,3,1280,26681,20.84453125,1
POSI-J-017202,"Internet of Things and Cyber-Physical Systems",2667-3452,200,85,85,2,85,6899,81.16470588235295,1
POSI-J-025209,"Interventional Cardiology Clinics",2211-7458,200,301,301,2,301,218,0.7242524916943521,1
POSI-J-025210,"Interventional Pain Medicine",2772-5944,200,678,678,2,678,492,0.7256637168141593,1
POSI-J-007783,"Intestinal Failure",2950-4562,200,309,309,2,309,44,0.1423948220064725,1
POSI-J-019118,"Invention Disclosure",2772-4441,200,43,43,2,43,64,1.4883720930232558,1
POSI-J-025211,"iOptics",3051-1771,200,8,8,2,8,20,2.5,1
POSI-J-025212,"IPEM-Translation",2667-2588,200,30,30,2,30,112,3.7333333333333334,1
POSI-J-025213,"iPharma",3117-4701,200,0,0,1,0,0,,
POSI-J-025214,"IRBM",1959-0318,200,256,256,2,256,3154,12.3203125,1
POSI-J-025215,"IRBM News",1959-7568,200,98,98,2,98,26,0.2653061224489796,1
POSI-J-025216,"ISA Transactions",0019-0578,200,2358,2358,4,2358,41300,17.51484308736217,1
POSI-J-025217,"ISPRS Journal of Photogrammetry and Remote Sensing",0924-2716,200,1278,1278,3,1278,39510,30.91549295774648,1
POSI-J-016222,"ISPRS Open Journal of Photogrammetry and Remote Sensing",2667-3932,200,93,93,2,93,1022,10.989247311827956,1
POSI-J-003615,"Italian Journal of Agronomy",1125-4718,200,130,130,2,130,694,5.338461538461538,1
POSI-J-011602,"JAACAP Open",2949-7329,200,189,189,2,189,794,4.201058201058201,1
POSI-J-000999,"JAAD Case Reports",2352-5126,200,2097,2097,4,2097,5330,2.541726275631855,1
POSI-J-003807,"JAAD International",2666-3287,200,658,658,2,658,3565,5.4179331306990886,1
POSI-J-012162,"JAAD Reviews",2950-1989,200,158,158,2,158,316,2,1
POSI-J-001741,"JACC: Advances",2772-963X,200,1900,1900,3,1900,9719,5.115263157894737,1
POSI-J-003642,"JACC: Asia",2772-3747,200,737,737,2,737,3846,5.218453188602442,1
POSI-J-002330,"JACC: Basic to Translational Science",2452-302X,200,824,824,2,824,6511,7.901699029126213,1
POSI-J-003970,"JACC: CardioOncology",2666-0873,200,572,572,2,572,6672,11.664335664335665,1
POSI-J-025218,"JACC: Cardiovascular Imaging",1936-878X,200,1131,1131,3,1131,17845,15.778072502210433,1
POSI-J-025219,"JACC: Cardiovascular Interventions",1936-8798,200,3386,3386,5,3386,21593,6.377141169521559,1
POSI-J-000886,"JACC: Case Reports",2666-0849,200,3157,3157,5,3157,2860,0.9059233449477352,1
POSI-J-025220,"JACC: Clinical Electrophysiology",2405-500X,404,0,0,0,0,0,,
POSI-J-025221,"JACC: Heart Failure",2213-1779,200,1213,1213,3,1213,12244,10.093981863149217,1
POSI-J-000409,"JACEP Open",2688-1152,200,990,990,2,972,2630,2.705761316872428,1
POSI-J-018241,"JADA Foundational Science",2772-414X,200,60,60,2,60,132,2.2,1
POSI-J-025222,"JAND Global Reports",3050-7189,200,1,1,2,1,2,2,1
POSI-J-025223,"Japan and the World Economy",0922-1425,200,117,117,2,117,430,3.675213675213675,1
POSI-J-008072,"Japanese Dental Science Review",1882-7616,200,123,123,2,123,2669,21.69918699186992,1
POSI-J-022929,"JAPhA Pharmacotherapy",2949-9623,200,14,14,2,14,12,0.8571428571428571,1
POSI-J-017413,"JAPhA Practice Innovations",2949-9690,200,54,54,2,54,46,0.8518518518518519,1
POSI-J-011858,"JCA Advances",2950-5534,200,183,183,2,183,93,0.5081967213114754,1
POSI-J-013958,"JCIS Open",2666-934X,200,118,118,2,118,1507,12.771186440677965,1
POSI-J-004429,"JDS Communications",2666-9102,200,578,578,2,578,2785,4.818339100346021,1
POSI-J-025224,"JEM International",3051-3227,200,0,0,1,0,0,,
POSI-J-011766,"JEM Reports",2773-2320,200,194,194,2,194,72,0.3711340206185567,1
POSI-J-013657,"JFO Open Ophthalmology",2949-8899,200,174,174,2,174,185,1.0632183908045978,1
POSI-J-002468,"JHEP Reports",2589-5559,200,991,991,2,991,11552,11.656912209889,1
POSI-J-006300,"JHLT Open",2950-1334,200,393,393,2,393,895,2.27735368956743,1
POSI-J-007848,"JID Innovations",2667-0267,200,315,315,2,315,2400,7.619047619047619,1
POSI-J-025225,"JMV-Journal de Médecine Vasculaire",2542-4513,200,527,527,2,527,122,0.2314990512333966,1
POSI-J-025226,"Joint Bone Spine",1297-319X,200,651,651,2,651,4080,6.267281105990784,1
POSI-J-025227,"The Joint Commission Journal on Quality and Patient Safety",1553-7250,200,536,536,2,536,979,1.8264925373134329,1
POSI-J-000947,"Jornal de Pediatria",0021-7557,200,472,472,2,472,3442,7.2923728813559325,1
POSI-J-025228,"JOS Case Reports",2772-9648,200,122,122,2,122,53,0.4344262295081967,1
POSI-J-025229,"Joule",2542-4351,200,917,917,2,917,62345,67.98800436205016,1
POSI-J-017860,"Journal of Economy and Technology",2949-9488,200,63,63,2,63,1093,17.349206349206348,1
POSI-J-025230,"The Journal of Academic Librarianship",0099-1333,200,528,528,2,528,3909,7.403409090909091,1
POSI-J-025231,"Journal of the Academy of Consultation-Liaison Psychiatry",2667-2960,200,1398,1398,3,1398,1768,1.2646638054363377,1
POSI-J-025232,"Journal of the Academy of Nutrition and Dietetics",2212-2672,200,2455,2455,4,2455,6136,2.49938900203666,1
POSI-J-025233,"Journal of Accounting and Economics",0165-4101,200,250,250,2,250,5159,20.636,1
POSI-J-025234,"Journal of Accounting Education",0748-5751,200,114,114,2,114,661,5.798245614035087,1
POSI-J-025235,"Journal of Accounting and Public Policy",0278-4254,200,306,306,2,306,2106,6.882352941176471,1
POSI-J-025236,"Journal of Adolescent Health",1054-139X,200,2258,2258,4,2258,14071,6.231620903454385,1
POSI-J-008529,"Journal of Advanced Joining Processes",2666-3309,200,281,281,2,281,2111,7.512455516014235,1
POSI-J-025237,"Journal of Advanced Research",2090-1232,200,1233,1233,3,1233,35434,28.738037307380374,1
POSI-J-025238,"Journal of Aerosol Science",0021-8502,200,541,541,2,541,4256,7.866913123844732,1
POSI-J-003478,"Journal of Affective Disorders Reports",2666-9153,200,693,693,2,693,3081,4.445887445887446,1
POSI-J-025239,"Journal of African Earth Sciences",1464-343X,200,1073,1073,3,1073,6124,5.707362534948742,1
POSI-J-010258,"The Journal of Aging Research & Lifestyle",2534-773X,200,78,78,2,78,195,2.5,1
POSI-J-025240,"Journal of Aging Studies",0890-4065,200,290,290,2,290,1541,5.313793103448276,1
POSI-J-001389,"Journal of Agriculture and Food Research",2666-1543,200,2259,2259,4,2259,20420,9.039397963700752,1
POSI-J-025241,"Journal of Air Transport Management",0969-6997,200,511,511,2,511,6040,11.819960861056751,1
POSI-J-025242,"Journal of the Air Transport Research Society",2941-198X,200,100,100,2,100,1154,11.54,1
POSI-J-025243,"Journal of Algebra",0021-8693,200,2080,2080,4,2080,4135,1.9879807692307692,1
POSI-J-025244,"The Journal of Allergy and Clinical Immunology: In Practice",2213-2198,200,2731,2731,4,2731,24200,8.861222995239839,1
POSI-J-025245,"Journal of Allergy and Hypersensitivity Diseases",2950-3124,200,32,32,2,32,35,1.09375,1
POSI-J-025246,"Journal of Alloys and Compounds Communications",2950-2845,200,144,144,2,144,373,2.5902777777777777,1
POSI-J-011794,"Journal of Alloys and Metallurgical Systems",2949-9178,200,223,223,2,223,1257,5.63677130044843,1
POSI-J-025247,"Journal of the American Academy of Child & Adolescent Psychiatry",0890-8567,200,6173,6173,8,6173,8764,1.4197310869917381,1
POSI-J-025248,"Journal of the American Academy of Dermatology",0190-9622,200,9321,9321,11,9321,29155,3.127883274326789,1
POSI-J-025249,"Journal of American Association for Pediatric Ophthalmology and Strabismus",1091-8531,200,1316,1316,3,1316,1701,1.2925531914893618,1
POSI-J-025250,"Journal of the American College of Radiology",1546-1440,200,1393,1393,3,1393,8828,6.337401292175161,1
POSI-J-025251,"Journal of the American Medical Directors Association",1525-8610,200,2107,2107,4,2107,12407,5.8884670147128615,1
POSI-J-025252,"Journal of the American Pharmacists Association",1544-3191,200,1530,1530,3,1530,5781,3.7784313725490195,1
POSI-J-025253,"Journal of the American Society of Cytopathology",2213-2945,200,799,799,2,799,1461,1.8285356695869837,1
POSI-J-025254,"Journal of the American Society of Echocardiography",0894-7317,200,996,996,2,996,8472,8.506024096385541,1
POSI-J-025255,"Journal of Analytical and Applied Pyrolysis",0165-2370,200,1748,1748,3,1748,28140,16.098398169336384,1
POSI-J-025256,"Journal of Anesthesia and Translational Medicine",2957-3912,200,106,106,2,106,235,2.2169811320754715,1
POSI-J-025257,"Journal of Anthropological Archaeology",0278-4165,200,246,246,2,246,1167,4.7439024390243905,1
POSI-J-025258,"Journal of Anxiety Disorders",0887-6185,200,384,384,2,384,4311,11.2265625,1
POSI-J-025259,"Journal of Applied Developmental Psychology",0193-3973,200,378,378,2,378,2142,5.666666666666667,1
POSI-J-025260,"Journal of Applied Geophysics",0926-9851,200,1177,1177,3,1177,7015,5.960067969413764,1
POSI-J-001438,"Journal of Applied Poultry Research",1056-6171,200,402,402,2,402,1910,4.751243781094527,1
POSI-J-025261,"Journal of Applied Research on Medicinal and Aromatic Plants",2214-7861,200,326,326,2,326,1567,4.806748466257669,1
POSI-J-025262,"Journal of Approximation Theory",0021-9045,200,254,254,2,254,474,1.8661417322834646,1
POSI-J-025263,"Journal of Aquatic Plants",3051-2301,200,3,3,2,3,1,0.3333333333333333,1
POSI-J-025264,"Journal of Archaeological Science",0305-4403,200,608,608,2,608,3711,6.103618421052632,1
POSI-J-025265,"Journal of Archaeological Science: Reports",2352-409X,200,1996,1996,3,1996,3123,1.564629258517034,1
POSI-J-025266,"Journal of Arid Environments",0140-1963,200,603,603,2,603,4164,6.9054726368159205,1
POSI-J-025267,"Journal of Arid Land",1674-6767,200,373,373,2,373,2981,7.991957104557641,1
POSI-J-003083,"Journal of Asia-Pacific Biodiversity",2287-884X,200,443,443,2,443,715,1.6139954853273137,1
POSI-J-025268,"Journal of Asia-Pacific Entomology",1226-8615,200,653,653,2,653,2192,3.356814701378254,1
POSI-J-025269,"Journal of Asian Earth Sciences",1367-9120,200,1375,1375,3,1375,8431,6.131636363636364,1
POSI-J-013335,"Journal of Asian Earth Sciences: X",2590-0560,200,129,129,2,129,407,3.1550387596899223,1
POSI-J-025270,"Journal of Asian Economics",1049-0078,200,517,517,2,517,3967,7.673114119922631,1
POSI-J-025271,"Journal of Atmospheric and Solar-Terrestrial Physics",1364-6826,200,617,617,2,617,2513,4.072933549432739,1
POSI-J-025272,"Journal of Autoimmunity",0896-8411,200,514,514,2,514,9377,18.2431906614786,1
POSI-J-015967,"Journal of Automation and Intelligence",2949-8554,200,99,99,2,99,904,9.131313131313131,1
POSI-J-002510,"Journal of Ayurveda and Integrative Medicine",0975-9476,200,621,621,2,621,3642,5.8647342995169085,1
POSI-J-025273,"Journal of Behavior Therapy and Experimental Psychiatry",0005-7916,200,262,262,2,262,1559,5.950381679389313,1
POSI-J-025274,"Journal of Behavioral and Cognitive Therapy",2589-9791,200,138,138,2,138,578,4.188405797101449,1
POSI-J-025275,"Journal of Behavioral and Experimental Economics",2214-8043,200,549,549,2,549,2334,4.251366120218579,1
POSI-J-025276,"Journal of Behavioral and Experimental Finance",2214-6350,200,350,350,2,350,3568,10.194285714285714,1
POSI-J-025277,"Journal of Biomechanics Open",3051-1313,200,0,0,1,0,0,,
POSI-J-025278,"Journal of Biomedical Informatics",1532-0464,200,899,899,2,899,13291,14.78420467185762,1
POSI-J-008855,"Journal of Bioresources and Bioproducts",2369-9698,200,172,172,2,172,3181,18.49418604651163,1
POSI-J-013216,"Journal of Biosafety and Biosecurity",2588-9338,200,102,102,2,102,849,8.323529411764707,1
POSI-J-025279,"Journal of Bioscience and Bioengineering",1389-1723,200,526,526,2,526,3980,7.566539923954372,1
POSI-J-025280,"Journal of Bodywork and Movement Therapies",1360-8592,200,1432,1432,3,1432,4165,2.9085195530726256,1
POSI-J-025281,"Journal of Bone Oncology",2212-1374,200,314,314,2,314,2369,7.544585987261146,1
POSI-J-025282,"Journal of Brain and Spine",3079-7802,200,0,0,1,0,0,,
POSI-J-025283,"Journal of Building Engineering",2352-7102,200,11186,11186,13,11186,99878,8.928839620954765,1
POSI-J-025284,"Journal of Business Venturing",0883-9026,200,216,216,2,216,5261,24.35648148148148,1
POSI-J-025285,"Journal of Business Venturing Design",2667-2774,200,19,19,2,19,79,4.157894736842105,1
POSI-J-025286,"Journal of Business Venturing Insights",2352-6734,200,289,289,2,289,3578,12.380622837370241,1
POSI-J-025287,"Journal of Cancer Policy",2213-5383,200,342,342,2,342,1336,3.9064327485380117,1
POSI-J-025288,"Journal of Cardiology",0914-5087,200,671,671,2,671,5282,7.871833084947839,1
POSI-J-025289,"Journal of Cardiology Cases",1878-5409,200,606,606,2,606,794,1.3102310231023102,1
POSI-J-025290,"Journal of Cardiovascular Computed Tomography",1934-5925,200,1527,1527,3,1527,3508,2.2973149967256057,1
POSI-J-000723,"Journal of Cardiovascular Magnetic Resonance",1097-6647,200,2062,2062,4,2062,4774,2.315227934044617,1
POSI-J-011568,"Journal of Cartilage & Joint Preservation",2667-2545,200,187,187,2,187,371,1.9839572192513368,1
POSI-J-025291,"Journal of Cereal Science",0733-5210,200,800,800,2,800,7819,9.77375,1
POSI-J-025292,"Journal of Chemical Neuroanatomy",0891-0618,200,276,276,2,276,1871,6.778985507246377,1
POSI-J-025293,"The Journal of Chemical Thermodynamics",0021-9614,200,639,639,2,639,4085,6.392801251956182,1
POSI-J-025294,"Journal of Chiropractic Humanities",1556-3499,200,40,40,2,40,33,0.825,1
POSI-J-025295,"Journal of Chiropractic Medicine",1556-3707,200,195,195,2,195,407,2.0871794871794873,1
POSI-J-025296,"Journal de Chirurgie Viscérale",1878-786X,200,590,590,2,590,21,0.03559322033898305,1
POSI-J-025297,"Journal of Choice Modelling",1755-5345,200,150,150,2,150,1112,7.413333333333333,1
POSI-J-025298,"Journal of Chromatography B",1570-0232,200,1262,1262,3,1262,7854,6.223454833597464,1
POSI-J-009671,"Journal of Chromatography Open",2772-3917,200,255,255,2,255,1702,6.674509803921569,1
POSI-J-007385,"The Journal of Climate Change and Health",2667-2782,200,341,341,2,341,2882,8.451612903225806,1
POSI-J-025299,"Journal of Climate Finance",2949-7280,200,72,72,2,72,857,11.902777777777779,1
POSI-J-025300,"Journal of Clinical Anesthesia",0952-8180,200,1213,1213,3,1213,8666,7.144270403957131,1
POSI-J-025301,"Journal of Clinical Densitometry",1094-6950,200,307,307,2,307,1396,4.547231270358306,1
POSI-J-025302,"Journal of Clinical and Experimental Hepatology",0973-6883,200,2657,2657,4,2657,5872,2.2100112909296197,1
POSI-J-025303,"Journal of Clinical Insight",3117-373X,200,0,0,1,0,0,,
POSI-J-025304,"Journal of Clinical Lipidology",1933-2874,200,1064,1064,3,1064,5354,5.0319548872180455,1
POSI-J-025305,"Journal of Clinical Neuroscience",0967-5868,200,1796,1796,3,1796,7526,4.190423162583519,1
POSI-J-025306,"Journal of Clinical Orthopaedics and Trauma",0976-5662,200,1040,1040,3,1040,2935,2.8221153846153846,1
POSI-J-007959,"Journal of Clinical & Translational Endocrinology",2214-6237,200,139,139,2,139,612,4.402877697841727,1
POSI-J-012961,"Journal of Clinical and Translational Endocrinology: Case Reports",2214-6245,200,95,95,2,95,97,1.0210526315789474,1
POSI-J-006000,"Journal of Clinical Tuberculosis and Other Mycobacterial Diseases",2405-5794,200,277,277,2,277,1364,4.924187725631769,1
POSI-J-025307,"Journal of Clinical Virology",1386-6532,200,485,485,2,485,3983,8.212371134020618,1
POSI-J-011973,"Journal of Clinical Virology Plus",2667-0380,200,174,174,2,174,471,2.706896551724138,1
POSI-J-001338,"Journal of CO2 Utilization",2212-9820,200,1282,1282,3,1282,26647,20.785491419656786,1
POSI-J-025308,"Journal of Combinatorial Theory, Series A",0097-3165,200,338,338,2,338,1123,3.3224852071005917,1
POSI-J-025309,"Journal of Combinatorial Theory, Series B",0095-8956,200,336,336,2,336,1230,3.6607142857142856,1
POSI-J-025310,"Journal of Commodity Markets",2405-8513,200,218,218,2,218,2027,9.29816513761468,1
POSI-J-025311,"Journal of Communication Disorders",0021-9924,200,268,268,2,268,1472,5.492537313432836,1
POSI-J-025312,"Journal of Comparative Economics",0147-5967,200,245,245,2,245,2516,10.269387755102041,1
POSI-J-025313,"Journal of Comparative Pathology",0021-9975,200,1186,1186,3,1186,960,0.8094435075885329,1
POSI-J-025314,"Journal of Complexity",0885-064X,200,211,211,2,211,812,3.8483412322274884,1
POSI-J-025315,"Journal of Computational and Applied Mathematics",0377-0427,200,2195,2195,4,2195,14531,6.62004555808656,1
POSI-J-017565,"Journal of Computational Mathematics and Data Science",2772-4158,200,80,80,2,80,715,8.9375,1
POSI-J-025316,"Journal of Computational Physics: X",2590-0552,200,24,24,2,24,43,1.7916666666666667,1
POSI-J-025317,"Journal of Computational Science",1877-7503,200,844,844,2,844,8155,9.662322274881516,1
POSI-J-025318,"Journal of Computer Languages",2590-1184,200,153,153,2,153,664,4.339869281045751,1
POSI-J-025319,"Journal of Computer and System Sciences",0022-0000,200,231,231,2,231,635,2.7489177489177488,1
POSI-J-025320,"Journal of Constructional Steel Research",0143-974X,200,2547,2547,4,2547,27280,10.710639968590499,1
POSI-J-025321,"Journal of Contaminant Hydrology",0169-7722,200,569,569,2,569,6561,11.530755711775043,1
POSI-J-025322,"Journal of Contemporary Accounting & Economics",1815-5669,200,140,140,2,140,804,5.742857142857143,1
POSI-J-025323,"Journal of Contextual Behavioral Science",2212-1447,200,380,380,2,380,3207,8.439473684210526,1
POSI-J-025324,"Journal of Co-operative Organization and Management",2213-297X,200,72,72,2,72,600,8.333333333333334,1
POSI-J-025325,"Journal of Corporate Finance",0929-1199,200,577,577,2,577,10426,18.069324090121317,1
POSI-J-025326,"Journal of Cranio-Maxillofacial Surgery",1010-5182,200,854,854,2,854,3399,3.980093676814988,1
POSI-J-016532,"Journal of Creativity",2713-3745,200,91,91,2,91,1696,18.63736263736264,1
POSI-J-025327,"Journal of Criminal Justice",0047-2352,200,521,521,2,521,2846,5.462571976967371,1
POSI-J-025328,"Journal of Critical Care",0883-9441,200,1111,1111,3,1111,6007,5.406840684068407,1
POSI-J-025329,"Journal of Cultural Heritage",1296-2074,200,835,835,2,835,7417,8.882634730538921,1
POSI-J-016645,"Journal of Cycling and Micromobility Research",2950-1059,200,94,94,2,94,423,4.5,1
POSI-J-025330,"Journal of Cystic Fibrosis",1569-1993,200,6350,6350,8,6350,10717,1.6877165354330708,1
POSI-J-001499,"Journal of Dental Sciences",1991-7902,200,1491,1491,3,1491,8787,5.893360160965795,1
POSI-J-025331,"Journal of Dentistry",0300-5712,200,1873,1873,3,1873,21653,11.560597971169248,1
POSI-J-015972,"Journal of Dermatologic Science and Cosmetic Technology",2950-306X,200,106,106,2,106,401,3.7830188679245285,1
POSI-J-025332,"Journal of Dermatological Science",0923-1811,200,414,414,2,414,2390,5.7729468599033815,1
POSI-J-025333,"Journal of Destination Marketing & Management",2212-571X,200,242,242,2,242,4273,17.65702479338843,1
POSI-J-025334,"Journal of Development Economics",0304-3878,200,600,600,2,600,8695,14.491666666666667,1
POSI-J-025335,"Journal of Diabetes and its Complications",1056-8727,200,653,653,2,653,4690,7.182235834609495,1
POSI-J-025336,"Journal of Differential Equations",0022-0396,200,2558,2558,4,2558,13843,5.41164972634871,1
POSI-J-025337,"Journal of Digital Economy",2773-0670,200,88,88,2,88,1166,13.25,1
POSI-J-025338,"Journal d'imagerie diagnostique et interventionnelle",2543-3431,200,315,315,2,315,23,0.07301587301587302,1
POSI-J-025339,"Journal of Drug Delivery Science and Technology",1773-2247,200,4286,4286,6,4286,38662,9.020531964535698,1
POSI-J-025340,"Journal of Dynamic Disasters",2950-5763,200,22,22,2,22,68,3.090909090909091,1
POSI-J-025341,"The Journal of Economic Asymmetries",1703-4949,200,196,196,2,196,1939,9.892857142857142,1
POSI-J-012750,"Journal of Economic Criminology",2949-7914,200,186,186,2,186,1263,6.790322580645161,1
POSI-J-025342,"Journal of Economic Dynamics and Control",0165-1889,200,608,608,2,608,3695,6.077302631578948,1
POSI-J-025343,"Journal of Economic Psychology",0167-4870,200,238,238,2,238,1596,6.705882352941177,1
POSI-J-025344,"The Journal of the Economics of Ageing",2212-828X,200,174,174,2,174,1057,6.074712643678161,1
POSI-J-025345,"Journal of Economics and Business",0148-6195,200,129,129,2,129,826,6.403100775193798,1
POSI-J-025346,"Journal of Electroanalytical Chemistry",1572-6657,200,3102,3102,5,3102,33641,10.844938749194068,1
POSI-J-025347,"Journal of Electrocardiology",0022-0736,200,964,964,2,964,2319,2.4056016597510372,1
POSI-J-025348,"Journal of Electromyography and Kinesiology",1050-6411,200,325,325,2,325,2099,6.458461538461538,1
POSI-J-025349,"Journal of Electron Spectroscopy and Related Phenomena",0368-2048,200,243,243,2,243,1074,4.419753086419753,1
POSI-J-006940,"Journal of Electronic Science and Technology",1674-862X,200,114,114,2,114,832,7.298245614035087,1
POSI-J-025350,"Journal of Electrostatics",0304-3886,200,386,386,2,386,1829,4.738341968911917,1
POSI-J-025351,"The Journal of Emergency Medicine",0736-4679,200,1288,1288,3,1288,3234,2.510869565217391,1
POSI-J-025352,"Journal of Emergency Nursing",0099-1767,200,596,596,2,596,2243,3.7634228187919465,1
POSI-J-025353,"Journal of Empirical Finance",0927-5398,200,332,332,2,332,2367,7.129518072289157,1
POSI-J-025354,"Journal of Endodontics",0099-2399,200,993,993,2,993,8166,8.223564954682779,1
POSI-J-022740,"Journal of Endometriosis and Uterine Disorders",2949-8384,200,100,100,2,100,377,3.77,1
POSI-J-025355,"Journal of Energy Chemistry",2095-4956,200,2997,2997,4,2997,115625,38.58024691358025,1
POSI-J-025356,"Journal of Energy Infrastructure",3051-097X,200,0,0,1,0,0,,
POSI-J-025357,"Journal of the Energy Institute",1743-9671,200,1193,1193,3,1193,17444,14.621961441743505,1
POSI-J-001879,"Journal of Engineering Research",2307-1877,200,1057,1057,3,1045,6845,6.55023923444976,1
POSI-J-025358,"Journal of Engineering and Technology Management",0923-4748,200,167,167,2,167,1664,9.964071856287426,1
POSI-J-025359,"Journal of English for Academic Purposes",1475-1585,200,378,378,2,378,2781,7.357142857142857,1
POSI-J-025360,"Journal of Environmental Chemical Engineering",2213-3437,200,13620,13620,15,13620,180068,13.220851688693099,1
POSI-J-025361,"Journal of Environmental Economics and Management",0095-0696,200,471,471,2,471,5495,11.666666666666666,1
POSI-J-025362,"Journal of Environmental Psychology",0272-4944,200,910,910,2,910,15656,17.204395604395604,1
POSI-J-025363,"Journal of Environmental Radioactivity",0265-931X,200,768,768,2,768,4130,5.377604166666667,1
POSI-J-025364,"Journal of Environmental Sciences",1001-0742,200,1991,1991,3,1991,38099,19.135610246107483,1
POSI-J-025365,"Journal of Epidemiology and Population Health",2950-4333,200,884,884,2,884,297,0.33597285067873306,1
POSI-J-025366,"Journal of Equine Rehabilitation",2949-9054,200,43,43,2,43,50,1.1627906976744187,1
POSI-J-025367,"Journal of Equine Veterinary Science",0737-0806,200,1529,1529,3,1529,2941,1.9234793982995422,1
POSI-J-025368,"Journal of the European Ceramic Society",0955-2219,200,3290,3290,5,3290,54733,16.636170212765958,1
POSI-J-019637,"Journal of the European Meteorological Society",2950-6301,200,24,24,2,24,103,4.291666666666667,1
POSI-J-025369,"Journal Européen des Urgences et de Réanimation",2211-4238,200,55,55,2,55,10,0.18181818181818182,1
POSI-J-025370,"Journal of Evidence Based Dental Practice",1532-3382,200,392,392,2,392,2044,5.214285714285714,1
POSI-J-006239,"Journal of Exercise Science & Fitness",1728-869X,200,235,235,2,235,2318,9.863829787234042,1
POSI-J-025371,"Journal of Exotic Pet Medicine",1557-5063,200,267,267,2,267,332,1.243445692883895,1
POSI-J-025372,"Journal of Experimental Horticulture",3051-1186,200,0,0,1,0,0,,
POSI-J-025373,"Journal of Experimental Marine Biology and Ecology",0022-0981,200,356,356,2,356,1796,5.044943820224719,1
POSI-J-025374,"Journal of Experimental Social Psychology",0022-1031,200,432,432,2,432,3551,8.219907407407407,1
POSI-J-025375,"Journal of Family Business Strategy",1877-8585,200,128,128,2,128,2099,16.3984375,1
POSI-J-014314,"The Journal of Finance and Data Science",2405-9188,200,89,89,2,89,787,8.842696629213483,1
POSI-J-025376,"Journal of Financial Economics",0304-405X,200,597,597,2,597,29825,49.95812395309883,1
POSI-J-025377,"Journal of Financial Intermediation",1042-9573,200,149,149,2,149,1511,10.140939597315436,1
POSI-J-025378,"Journal of Financial Markets",1386-4181,200,210,210,2,210,1236,5.885714285714286,1
POSI-J-025379,"Journal of Financial Stability",1572-3089,200,372,372,2,372,4651,12.50268817204301,1
POSI-J-025380,"Journal of Fluency Disorders",0094-730X,200,153,153,2,153,532,3.477124183006536,1
POSI-J-025381,"Journal of Fluids and Structures",0889-9746,200,673,673,2,673,6246,9.280832095096583,1
POSI-J-025382,"Journal of Fluorine Chemistry",0022-1139,200,437,437,2,437,1297,2.9679633867276887,1
POSI-J-025383,"Journal of Food Composition and Analysis",0889-1575,200,4112,4112,6,4112,42171,10.255593385214008,1
POSI-J-025384,"The Journal of Foot and Ankle Surgery",1067-2516,200,849,849,2,849,3345,3.939929328621908,1
POSI-J-025385,"Journal of Forensic and Legal Medicine",1752-928X,200,536,536,2,536,1797,3.3526119402985075,1
POSI-J-005089,"The Journal of Frailty & Aging",2260-1341,200,297,297,2,297,2048,6.895622895622895,1
POSI-J-025386,"Journal Français d'Ophtalmologie",0181-5512,200,1424,1424,3,1424,1601,1.1242977528089888,1
POSI-J-025387,"Journal of Fuel Chemistry and Technology",1872-5813,200,373,373,2,373,2287,6.131367292225201,1
POSI-J-025388,"Journal of Functional Analysis",0022-1236,200,1300,1300,3,1300,4807,3.6976923076923076,1
POSI-J-000808,"Journal of Functional Foods",1756-4646,200,2207,2207,4,2207,21410,9.700951517897598,1
POSI-J-004997,"Journal of Future Foods",2772-5669,200,417,417,2,417,4783,11.470023980815348,1
POSI-J-025389,"Journal of Gender-Specific Imaging",3117-9010,404,0,0,0,0,0,,
POSI-J-025390,"Journal of Genetics and Genomics",1673-8527,200,579,579,2,579,8292,14.321243523316062,1
POSI-J-025391,"Journal of Geochemical Exploration",0375-6742,200,693,693,2,693,6636,9.575757575757576,1
POSI-J-025392,"Journal of Geodynamics",0264-3707,200,119,119,2,119,487,4.092436974789916,1
POSI-J-025393,"Journal of Geomechanics and Measurements",3117-843X,200,0,0,1,0,0,,
POSI-J-025394,"Journal of Geometry and Physics",0393-0440,200,936,936,2,936,2490,2.66025641025641,1
POSI-J-025395,"Journal of Geophysical Prospecting",3117-6518,200,0,0,1,0,0,,
POSI-J-025396,"Journal of Geriatric Oncology",1879-4068,200,1611,1611,3,1611,4722,2.931098696461825,1
POSI-J-001723,"Journal of Ginseng Research",1226-8453,200,343,343,2,343,5826,16.985422740524783,1
POSI-J-001333,"Journal of Global Antimicrobial Resistance",2213-7165,200,1350,1350,3,1350,7978,5.90962962962963,1
POSI-J-015470,"Journal of Government and Economics",2667-3193,200,112,112,2,112,333,2.9732142857142856,1
POSI-J-025397,"Journal of Great Lakes Research",0380-1330,200,627,627,2,627,3750,5.980861244019139,1
POSI-J-025398,"Journal of Gynecology Obstetrics and Human Reproduction",2468-7847,200,679,679,2,679,2593,3.8188512518409428,1
POSI-J-025399,"Journal of Hand and Microsurgery",0974-3227,200,388,388,2,379,772,2.0369393139841687,1
POSI-J-003503,"Journal of Hand Surgery Global Online",2589-5141,200,670,670,2,670,2189,3.2671641791044777,1
POSI-J-025400,"Journal of Hand Therapy",0894-1130,200,502,502,2,502,1803,3.591633466135458,1
POSI-J-002941,"Journal of Hazardous Materials Advances",2772-4166,200,898,898,2,898,9471,10.546770601336302,1
POSI-J-025401,"Journal of Hazardous Materials: Air",3117-941X,404,0,0,0,0,0,,
POSI-J-014179,"Journal of Hazardous Materials Letters",2666-9110,200,121,121,2,121,1713,14.15702479338843,1
POSI-J-025402,"Journal of Hazardous Materials: Organics",3051-0597,200,7,7,2,7,8,1.1428571428571428,1
POSI-J-025403,"Journal of Hazardous Materials: Plastics",3051-0600,200,15,15,2,15,21,1.4,1
POSI-J-025404,"Journal of Health Economics",0167-6296,200,362,362,2,362,3579,9.886740331491712,1
POSI-J-025405,"Journal of Healthcare Quality Research",2603-6479,200,259,259,2,259,558,2.1544401544401546,1
POSI-J-025406,"The Journal of Heart and Lung Transplantation",1053-2498,200,7017,7017,9,7017,13811,1.9682200370528715,1
POSI-J-025407,"Journal of Herbal Medicine",2210-8033,200,547,547,2,547,2992,5.469835466179159,1
POSI-J-025408,"Journal of High Energy Astrophysics",2214-4048,200,295,295,2,295,3799,12.877966101694915,1
POSI-J-025409,"The Journal of High Technology Management Research",1047-8310,200,64,64,2,64,907,14.171875,1
POSI-J-025410,"Journal of Historical Geography",0305-7488,200,359,359,2,359,554,1.543175487465181,1
POSI-J-025411,"Journal of Holistic Integrative Pharmacy",2950-175X,404,0,0,0,0,0,,
POSI-J-025412,"Journal of Hospital Infection",0195-6701,200,1167,1167,3,1167,8743,7.491859468723222,1
POSI-J-025413,"Journal of Hospitality, Leisure, Sport & Tourism Education",1473-8376,200,188,188,2,188,1776,9.446808510638299,1
POSI-J-025414,"Journal of Hospitality and Tourism Management",1447-6770,200,693,693,2,693,14673,21.173160173160174,1
POSI-J-025415,"Journal of Housing Economics",1051-1377,200,168,168,2,168,955,5.684523809523809,1
POSI-J-025416,"Journal of Hydro-environment Research",1570-6443,200,122,122,2,122,782,6.409836065573771,1
POSI-J-001214,"Journal of Hydrology: Regional Studies",2214-5818,200,2026,2026,4,2026,12006,5.9259624876604144,1
POSI-J-014221,"Journal of Hydrology X",2589-9155,200,83,83,2,83,490,5.903614457831325,1
POSI-J-025417,"Journal of Immunological Methods",0022-1759,200,521,521,2,521,1986,3.8119001919385798,1
POSI-J-025418,"Journal of Immunology and Regenerative Medicine",2468-4988,200,22,22,2,22,99,4.5,1
POSI-J-025419,"Journal of the Indian Chemical Society",0019-4522,200,2035,2035,4,2035,16307,8.013267813267813,1
POSI-J-025420,"Journal of Industrial and Engineering Chemistry",1226-086X,200,2537,2537,4,2537,42345,16.69097359085534,1
POSI-J-025421,"Journal of Industrial Information Integration",2452-414X,200,579,579,2,579,8725,15.06908462867012,1
POSI-J-018338,"Journal of Industrial Safety",2950-2764,200,48,48,2,48,163,3.3958333333333335,1
POSI-J-000674,"Journal of Infection",0163-4453,200,1406,1406,3,1406,15774,11.219061166429588,1
POSI-J-025422,"Journal of Infection and Chemotherapy",1341-321X,200,1164,1164,3,1164,5151,4.425257731958763,1
POSI-J-001261,"Journal of Infection and Public Health",1876-0341,200,1192,1192,3,1192,12298,10.31711409395973,1
POSI-J-014260,"Journal of Information and Intelligence",2949-7159,200,128,128,2,128,1071,8.3671875,1
POSI-J-025423,"Journal of Information Security and Applications",2214-2126,200,959,959,2,959,5982,6.237747653806048,1
POSI-J-025424,"Journal of Informetrics",1751-1577,200,409,409,2,409,3620,8.85085574572127,1
POSI-J-003612,"Journal of Innovation & Knowledge",2444-569X,200,673,673,2,673,25647,38.10846953937593,1
POSI-J-025425,"Journal of Inorganic Biochemistry",0162-0134,200,1167,1167,3,1167,8762,7.508140531276778,1
POSI-J-025426,"Journal of Insect Physiology",0022-1910,200,360,360,2,360,2151,5.975,1
POSI-J-025427,"Journal of Integrative Horticulture",3051-2905,200,0,0,1,0,0,,
POSI-J-025428,"Journal of Integrative Medicine",2095-4964,200,274,274,2,274,2716,9.912408759124087,1
POSI-J-025429,"Journal of Intensive Medicine",2667-100X,200,217,217,2,217,2219,10.225806451612904,1
POSI-J-025430,"Journal of International Accounting, Auditing and Taxation",1061-9518,200,173,173,2,173,1558,9.00578034682081,1
POSI-J-025431,"Journal of International Ceramic Studies",3050-9971,200,28,28,2,28,4,0.14285714285714285,1
POSI-J-025432,"Journal of International Economics",0022-1996,200,462,462,2,462,6052,13.0995670995671,1
POSI-J-025433,"Journal of International Financial Markets, Institutions and Money",1042-4431,200,561,561,2,561,8868,15.807486631016042,1
POSI-J-025434,"Journal of International Management",1075-4253,200,275,275,2,275,3044,11.069090909090908,1
POSI-J-025435,"Journal of International Money and Finance",0261-5606,200,681,681,2,681,7528,11.054331864904553,1
POSI-J-025436,"Journal of Interprofessional Education & Practice",2405-4526,200,309,309,2,309,720,2.3300970873786406,1
POSI-J-012947,"Journal of Interventional Medicine",2096-3602,200,83,83,2,83,231,2.783132530120482,1
POSI-J-025437,"Journal of Invertebrate Pathology",0022-2011,200,552,552,2,552,3116,5.644927536231884,1
POSI-J-025438,"Journal of Investigative Dermatology",0022-202X,200,9557,9557,11,9557,17346,1.8150047085905618,1
POSI-J-025439,"Journal of Investigative Dermatology Symposium Proceedings",1087-0024,200,0,0,1,0,0,,
POSI-J-013150,"Journal of Ionic Liquids",2772-4220,200,168,168,2,168,951,5.660714285714286,1
POSI-J-025440,"Journal of the Japanese and International Economies",0889-1583,200,121,121,2,121,797,6.586776859504132,1
POSI-J-015239,"Journal of Joint Surgery and Research",2949-7051,200,113,113,2,113,369,3.265486725663717,1
POSI-J-001387,"Journal of King Saud University - Computer and Information Sciences",1319-1578,200,1942,1942,3,1942,38672,19.913491246138,1
POSI-J-003043,"Journal of King Saud University - Engineering Sciences",1018-3639,200,322,322,2,322,2697,8.375776397515528,1
POSI-J-025441,"Journal of King Saud University - Science",1018-3647,200,1810,1810,3,1810,21441,11.84585635359116,1
POSI-J-000635,"Journal of Lipid Research",0022-2275,200,724,724,2,724,7325,10.117403314917127,1
POSI-J-008173,"The Journal of Liquid Biopsy",2950-1954,200,404,404,2,404,1186,2.9356435643564356,1
POSI-J-010331,"Journal of Liver Transplantation",2666-9676,200,215,215,2,215,336,1.5627906976744186,1
POSI-J-025442,"Journal of Logical and Algebraic Methods in Programming",2352-2208,200,199,199,2,199,421,2.1155778894472363,1
POSI-J-025443,"Journal of Loss Prevention in the Process Industries",0950-4230,200,955,955,2,955,10833,11.343455497382198,1
POSI-J-025444,"Journal of Macroeconomics",0164-0704,200,224,224,2,224,1088,4.857142857142857,1
POSI-J-001850,"Journal of Magnesium and Alloys",2213-9567,200,1271,1271,3,1271,41696,32.805664830841856,1
POSI-J-025445,"Journal of Magnetic Resonance",1090-7807,200,601,601,2,601,3194,5.314475873544093,1
POSI-J-012892,"Journal of Magnetic Resonance Open",2666-4410,200,182,182,2,182,859,4.71978021978022,1
POSI-J-011467,"Journal of Management Science and Engineering",2096-2320,200,133,133,2,133,818,6.150375939849624,1
POSI-J-025446,"Journal of Manipulative and Physiological Therapeutics",0161-4754,200,270,270,2,270,616,2.2814814814814817,1
POSI-J-025447,"Journal of Manufacturing Processes",1526-6125,200,4159,4159,6,4159,76617,18.421976436643423,1
POSI-J-025448,"Journal of Manufacturing Systems",0278-6125,200,955,955,2,955,38843,40.673298429319374,1
POSI-J-025449,"Journal of Marine Systems",0924-7963,200,330,330,2,330,1950,5.909090909090909,1
POSI-J-025450,"Journal of Mass Spectrometry and Advances in the Clinical Lab",2667-145X,200,157,157,2,157,1352,8.611464968152866,1
POSI-J-025451,"Journal of Materials Processing Technology",0924-0136,200,1486,1486,3,1486,29593,19.914535666218036,1
POSI-J-025452,"Journal of Materials Research and Technology",2238-7854,200,11740,11740,13,11740,198990,16.949744463373083,1
POSI-J-025453,"Journal of Materials Science & Technology",1005-0302,200,3485,3485,5,3485,148818,42.702439024390245,1
POSI-J-003122,"Journal of Materiomics",2352-8478,200,619,619,2,619,10738,17.347334410339258,1
POSI-J-025454,"The Journal of Mathematical Behavior",0732-3123,200,258,258,2,258,1230,4.767441860465116,1
POSI-J-025455,"Journal of Mathematical Economics",0304-4068,200,362,362,2,362,776,2.143646408839779,1
POSI-J-025456,"Journal of Mathematical Psychology",0022-2496,200,166,166,2,166,798,4.807228915662651,1
POSI-J-025457,"Journal de Mathématiques Pures et Appliquées",0021-7824,200,373,373,2,373,2146,5.753351206434316,1
POSI-J-025458,"Journal of the Mechanical Behavior of Biomedical Materials",1751-6161,200,1907,1907,3,1907,20963,10.992658626114316,1
POSI-J-025459,"Journal of the Mechanics and Physics of Solids",0022-5096,200,1268,1268,3,1268,19762,15.585173501577287,1
POSI-J-025460,"Journal of Medical Imaging and Radiation Sciences",1939-8654,200,1528,1528,3,1528,2143,1.4024869109947644,1
POSI-J-016666,"Journal of Membrane Science Letters",2772-4212,200,98,98,2,98,712,7.26530612244898,1
POSI-J-025461,"Journal of Memory and Language",0749-596X,200,241,241,2,241,1738,7.211618257261411,1
POSI-J-025462,"Journal of Microbiological Methods",0167-7012,200,676,676,2,676,3475,5.140532544378698,1
POSI-J-001525,"Journal of Microbiology, Immunology and Infection",1684-1182,200,536,536,2,536,4940,9.216417910447761,1
POSI-J-008395,"Journal of Migration and Health",2666-6235,200,296,296,2,296,2050,6.925675675675675,1
POSI-J-025463,"Journal of Minimally Invasive Gynecology",1553-4650,200,3064,3064,5,3064,4389,1.4324412532637076,1
POSI-J-005155,"Journal of Molecular and Cellular Cardiology Plus",2772-9761,200,390,390,2,390,363,0.9307692307692308,1
POSI-J-025464,"The Journal of Molecular Diagnostics",1525-1578,200,565,565,2,565,4000,7.079646017699115,1
POSI-J-025465,"Journal of Molecular Graphics and Modelling",1093-3263,200,903,903,2,903,7156,7.924695459579181,1
POSI-J-025466,"Journal of Molecular Spectroscopy",0022-2852,200,292,292,2,292,971,3.3253424657534247,1
POSI-J-025467,"Journal of Monetary Economics",0304-3932,200,406,406,2,406,5479,13.495073891625616,1
POSI-J-015512,"Journal of Mood and Anxiety Disorders",2950-0044,200,122,122,2,122,572,4.688524590163935,1
POSI-J-025468,"Journal of Multinational Financial Management",1042-444X,200,109,109,2,109,1019,9.34862385321101,1
POSI-J-025469,"Journal of Multivariate Analysis",0047-259X,200,447,447,2,447,2077,4.646532438478747,1
POSI-J-025470,"Journal of Medical Mycology",1156-5233,200,280,280,2,280,1456,5.2,1
POSI-J-025471,"Journal of the National Cancer Center",2667-0054,200,204,204,2,204,4881,23.926470588235293,1
POSI-J-025472,"Journal of the National Medical Association",0027-9684,200,621,621,2,621,1052,1.6940418679549114,1
POSI-J-008938,"Journal of Natural Gas Geoscience",2468-256X,200,145,145,2,145,614,4.23448275862069,1
POSI-J-025473,"Journal of Natural Gas Science and Engineering",1875-5100,200,418,418,2,418,9462,22.636363636363637,1
POSI-J-013398,"Journal of Natural Pesticide Research",2773-0786,200,165,165,2,165,841,5.096969696969697,1
POSI-J-025474,"Journal for Nature Conservation",1617-1381,200,795,795,2,795,5000,6.289308176100629,1
POSI-J-025475,"Journal of Neonatal Nursing",1355-1841,200,590,590,2,590,1579,2.676271186440678,1
POSI-J-025476,"Journal of Network and Computer Applications",1084-8045,200,743,743,2,743,14642,19.706594885598925,1
POSI-J-025477,"Journal of Neuroimmunology",0165-5728,200,704,704,2,704,4658,6.6164772727272725,1
POSI-J-025478,"Journal of Neurolinguistics",0911-6044,200,161,161,2,161,688,4.273291925465839,1
POSI-J-025479,"Journal of the Neurological Sciences",0022-510X,200,5210,5210,7,5210,10339,1.9844529750479847,1
POSI-J-025480,"Journal of Neuroradiology",0150-9861,200,655,655,2,655,1973,3.0122137404580154,1
POSI-J-009283,"Journal of Neurorestoratology",2324-2426,200,162,162,2,162,948,5.851851851851852,1
POSI-J-025481,"Journal of Neuroscience Methods",0165-0270,200,822,822,2,822,6411,7.799270072992701,1
POSI-J-025482,"Journal of Non-Crystalline Solids: X",2590-1591,200,122,122,2,122,512,4.19672131147541,1
POSI-J-025483,"Journal of Non-Newtonian Fluid Mechanics",0377-0257,200,440,440,2,440,2720,6.181818181818182,1
POSI-J-025484,"Journal of Number Theory",0022-314X,200,800,800,2,800,1332,1.665,1
POSI-J-025485,"The Journal for Nurse Practitioners",1555-4155,200,1251,1251,3,1251,1935,1.5467625899280575,1
POSI-J-025486,"Journal of Nursing Regulation",2155-8256,200,192,192,2,192,1467,7.640625,1
POSI-J-025487,"Journal of Nutrition Education and Behavior",1499-4046,200,1499,1499,3,1499,2660,1.7745163442294862,1
POSI-J-001255,"The Journal of nutrition, health and aging",1279-7707,200,871,871,2,871,7965,9.144661308840414,1
POSI-J-005382,"Journal of Nutrition & Intermediary Metabolism",2352-3859,200,0,0,1,0,0,,
POSI-J-025488,"The Journal of Nutritional Biochemistry",0955-2863,200,892,892,2,892,11646,13.056053811659194,1
POSI-J-025489,"Journal of Obsessive-Compulsive and Related Disorders",2211-3649,200,194,194,2,194,821,4.231958762886598,1
POSI-J-025490,"Journal of Obstetric, Gynecologic & Neonatal Nursing",0884-2175,200,852,852,2,852,1217,1.4284037558685445,1
POSI-J-025491,"Journal of Obstetrics and Gynaecology Canada",1701-2163,200,1273,1273,3,1273,2925,2.297721916732129,1
POSI-J-025492,"Journal of Ocean Engineering and Science",2468-0133,200,363,363,2,363,5256,14.479338842975206,1
POSI-J-005238,"Journal of Allergy and Clinical Immunology: Global",2772-8293,200,558,558,2,558,2098,3.759856630824373,1
POSI-J-025493,"Journal of Cardiac Failure - Intersections",3050-6611,200,34,34,2,34,14,0.4117647058823529,1
POSI-J-019474,"Journal of Computational Algebra",2772-8277,200,37,37,2,37,64,1.7297297297297298,1
POSI-J-002276,"Journal of ISAKOS",2059-7754,200,1282,1282,3,1282,3360,2.6209048361934477,1
POSI-J-025494,"Journal of Nutritional Physiology",3050-6247,200,12,12,2,12,7,0.5833333333333334,1
POSI-J-025495,"Journal of Precision Medicine: Health and Disease",3050-6328,200,23,23,2,23,58,2.5217391304347827,1
POSI-J-002289,"Journal of Open Innovation: Technology, Market, and Complexity",2199-8531,200,902,902,2,902,19209,21.2960088691796,1
POSI-J-005294,"Journal of Optometry",1888-4296,200,185,185,2,185,1252,6.767567567567568,1
POSI-J-002545,"Journal of Oral Biology and Craniofacial Research",2212-4268,200,696,696,2,696,4173,5.995689655172414,1
POSI-J-025496,"Journal of Oral Biosciences",1349-0079,200,333,333,2,333,1720,5.165165165165165,1
POSI-J-025497,"Journal of Oral and Maxillofacial Surgery",0278-2391,200,1801,1801,3,1801,5505,3.056635202665186,1
POSI-J-025498,"Journal of Oral and Maxillofacial Surgery, Medicine, and Pathology",2212-5558,200,626,626,2,626,818,1.3067092651757188,1
POSI-J-003706,"Journal of Orthopaedic Reports",2773-157X,200,713,713,2,713,571,0.8008415147265077,1
POSI-J-002713,"Journal of Orthopaedic Translation",2214-031X,200,480,480,2,480,7602,15.8375,1
POSI-J-025499,"Journal of Orthopaedics",0972-978X,200,1227,1227,3,1227,5193,4.232273838630807,1
POSI-J-005670,"Journal of Otology",1672-2930,200,172,172,2,172,583,3.38953488372093,1
POSI-J-025500,"Journal of Outdoor Recreation and Tourism",2213-0780,200,410,410,2,410,4226,10.307317073170731,1
POSI-J-025501,"The Journal of Pain",1526-5900,200,2458,2458,4,2458,9919,4.035394629780309,1
POSI-J-025502,"Journal of Pain and Symptom Management",0885-3924,200,3077,3077,5,3077,9872,3.2083197920052,1
POSI-J-025503,"Journal of Parallel and Distributed Computing",0743-7315,200,610,610,2,610,6529,10.70327868852459,1
POSI-J-003275,"Journal of Pathology Informatics",2153-3539,200,422,422,2,422,3590,8.507109004739336,1
POSI-J-025504,"Journal of Pediatric and Adolescent Gynecology",1083-3188,200,1150,1150,3,1150,2370,2.0608695652173914,1
POSI-J-025505,"Journal of Pediatric Health Care",0891-5245,200,603,603,2,603,1883,3.1227197346600333,1
POSI-J-025506,"Journal of Pediatric Nursing",0882-5963,200,1503,1503,3,1503,9076,6.038589487691284,1
POSI-J-004547,"Journal of the Pediatric Orthopaedic Society of North America",2768-2765,200,510,510,2,510,973,1.907843137254902,1
POSI-J-001335,"Journal of Pediatric Surgery Case Reports",2213-5766,200,1010,1010,3,1010,647,0.6405940594059406,1
POSI-J-011163,"Journal of Pediatric Surgery Open",2949-7116,200,226,226,2,226,258,1.1415929203539823,1
POSI-J-025507,"Journal of Pediatric Urology",1477-5131,200,1571,1571,3,1571,5098,3.2450668364099298,1
POSI-J-016649,"The Journal of Pediatrics: Clinical Practice",2950-5410,200,88,88,2,88,110,1.25,1
POSI-J-018958,"The Journal of Pediatrics: X",2590-0420,200,9,9,2,9,10,1.1111111111111112,1
POSI-J-025508,"Journal de Pédiatrie et de Puériculture",0987-7983,200,255,255,2,255,63,0.24705882352941178,1
POSI-J-025509,"Journal of PeriAnesthesia Nursing",1089-9472,200,1349,1349,3,1349,3679,2.727205337286879,1
POSI-J-025510,"Journal of Petroleum Science and Engineering",0920-4105,200,1783,1783,3,1783,37715,21.15255187885586,1
POSI-J-002357,"Journal of Pharmaceutical Analysis",2095-1779,200,671,671,2,671,11529,17.181818181818183,1
POSI-J-025511,"Journal of Pharmaceutical and Biomedical Analysis",0731-7085,200,2305,2305,4,2305,20151,8.742299349240781,1
POSI-J-016992,"Journal of Pharmaceutical and Biomedical Analysis Open",2949-771X,200,92,92,2,92,402,4.369565217391305,1
POSI-J-001164,"Journal of Pharmacological Sciences",1347-8613,200,389,389,2,389,3119,8.017994858611825,1
POSI-J-025512,"Journal of Pharmacological and Toxicological Methods",1056-8719,200,484,484,2,484,1056,2.1818181818181817,1
POSI-J-025513,"The Journal of Pharmacology and Experimental Therapeutics",0022-3565,200,2481,2481,4,2481,5597,2.2559451833937927,1
POSI-J-025514,"Journal of Phonetics",0095-4470,200,198,198,2,198,1115,5.6313131313131315,1
POSI-J-010931,"Journal of Photochemistry and Photobiology",2666-4690,200,169,169,2,169,1319,7.804733727810651,1
POSI-J-025515,"Journal of Photochemistry and Photobiology A: Chemistry",1010-6030,200,2679,2679,4,2679,31464,11.74468085106383,1
POSI-J-025516,"Journal of Photochemistry and Photobiology B: Biology",1011-1344,200,652,652,2,652,6092,9.343558282208589,1
POSI-J-025517,"Journal of Photochemistry and Photobiology C: Photochemistry Reviews",1389-5567,200,98,98,2,98,2924,29.836734693877553,1
POSI-J-002595,"Journal of Physiotherapy",1836-9553,200,413,413,2,413,2474,5.990314769975787,1
POSI-J-008705,"Journal of Pipeline Science and Engineering",2667-1433,200,204,204,2,204,1782,8.735294117647058,1
POSI-J-025518,"Journal of Plant Physiology",0176-1617,200,709,709,2,709,8228,11.605077574047955,1
POSI-J-025519,"Journal of Plastic, Reconstructive & Aesthetic Surgery",1748-6815,200,2696,2696,4,2696,11906,4.416172106824926,1
POSI-J-025520,"Journal of Polar Science and Engineering",3051-3219,404,0,0,0,0,0,,
POSI-J-025521,"Journal of Policy Modeling",0161-8938,200,343,343,2,343,2517,7.338192419825073,1
POSI-J-014234,"Journal of Power Sources Advances",2666-2485,200,94,94,2,94,865,9.202127659574469,1
POSI-J-000499,"The Journal of Prevention of Alzheimer's Disease",2274-5807,200,702,702,2,702,9710,13.831908831908832,1
POSI-J-025522,"Journal of Process Control",0959-1524,200,663,663,2,663,6816,10.28054298642534,1
POSI-J-025523,"Journal of Professional Nursing",8755-7223,200,596,596,2,596,4462,7.4865771812080535,1
POSI-J-025524,"Journal of Proteomics",1874-3919,200,682,682,2,682,4777,7.004398826979473,1
POSI-J-025525,"Journal of Psychiatric Research",0022-3956,200,2431,2431,4,2431,22749,9.357877416700946,1
POSI-J-025526,"Journal of Psychosomatic Research",0022-3999,200,1399,1399,3,1399,7779,5.560400285918513,1
POSI-J-025527,"Journal of Public Economics",0047-2727,200,673,673,2,673,6807,10.114413075780089,1
POSI-J-025528,"Journal of Public Economics Plus",2666-5514,200,5,5,2,5,41,8.2,1
POSI-J-004903,"Journal of Public Transportation",1077-291X,200,135,135,2,135,1207,8.940740740740742,1
POSI-J-025529,"Journal of Purchasing and Supply Management",1478-4092,200,161,161,2,161,2991,18.577639751552795,1
POSI-J-025530,"Journal of Pure and Applied Algebra",0022-4049,200,1093,1093,3,1093,1951,1.7849954254345837,1
POSI-J-025531,"Journal of Quantitative Spectroscopy and Radiative Transfer",0022-4073,200,1190,1190,3,1190,8331,7.000840336134454,1
POSI-J-025532,"Journal of Radiology Nursing",1546-0843,200,428,428,2,428,581,1.3574766355140186,1
POSI-J-025533,"Journal of Rail Transport Planning & Management",2210-9706,200,168,168,2,168,727,4.3273809523809526,1
POSI-J-025534,"Journal of Railway Science and Technology",3050-8142,200,21,21,2,21,85,4.0476190476190474,1
POSI-J-025535,"Journal of Rare Earths",1002-0721,200,1102,1102,3,1102,20361,18.476406533575318,1
POSI-J-025536,"Journal of Renal Nutrition",1051-2276,200,514,514,2,514,3371,6.558365758754864,1
POSI-J-025537,"Journal of Reproductive Immunology",0165-0378,200,1169,1169,3,1169,4521,3.867408041060736,1
POSI-J-025538,"Journal of Research in Personality",0092-6566,200,355,355,2,355,2786,7.847887323943662,1
POSI-J-025539,"Journal of Resource Insects",3050-516X,200,0,0,1,0,0,,
POSI-J-014520,"Journal of Responsible Technology",2666-6596,200,115,115,2,115,1495,13,1
POSI-J-025540,"Journal of Retailing",0022-4359,200,197,197,2,197,4797,24.3502538071066,1
POSI-J-025541,"Journal of Retailing and Consumer Services",0969-6989,200,1538,1538,3,1538,57403,37.32314694408323,1
POSI-J-015879,"Journal of Road Engineering",2097-0498,200,109,109,2,109,2747,25.201834862385322,1
POSI-J-001469,"Journal of Rock Mechanics and Geotechnical Engineering",1674-7755,200,1286,1286,3,1286,28575,22.220062208398133,1
POSI-J-025542,"Journal of Rural Studies",0743-0167,200,1151,1151,3,1151,18966,16.47784535186794,1
POSI-J-025543,"Journal of Safety Research",0022-4375,200,688,688,2,688,8182,11.892441860465116,1
POSI-J-025544,"Journal of Safety Science and Resilience",2666-4496,200,169,169,2,169,1492,8.828402366863905,1
POSI-J-018150,"Journal of Safety and Sustainability",2949-9267,200,61,61,2,61,215,3.5245901639344264,1
POSI-J-002068,"Journal of Saudi Chemical Society",1319-6103,200,475,475,2,475,6869,14.461052631578948,1
POSI-J-004240,"Journal of the Saudi Society of Agricultural Sciences",1658-077X,200,312,312,2,312,2662,8.532051282051283,1
POSI-J-025545,"Journal of School Psychology",0022-4405,200,309,309,2,309,3069,9.932038834951456,1
POSI-J-003458,"Journal of Science: Advanced Materials and Devices",2468-2179,200,562,562,2,562,3980,7.081850533807829,1
POSI-J-025546,"Journal of Science and Medicine in Sport",1440-2440,200,1296,1296,3,1296,5721,4.414351851851852,1
POSI-J-001594,"Journal of Sea Research",1385-1101,200,393,393,2,393,3184,8.101781170483461,1
POSI-J-025547,"Journal of Second Language Writing",1060-3743,200,286,286,2,286,2748,9.608391608391608,1
POSI-J-025548,"The Journal of Sexual Medicine",1743-6095,200,5247,5247,7,5247,5681,1.0827139317705357,1
POSI-J-025549,"Journal of Shoulder and Elbow Surgery",1058-2746,200,2115,2115,4,2115,15550,7.3522458628841605,1
POSI-J-001153,"Journal of the Society for Cardiovascular Angiography & Interventions",2772-9303,200,2805,2805,4,2805,2154,0.7679144385026738,1
POSI-J-025550,"Journal of South American Earth Sciences",0895-9811,200,1790,1790,3,1790,6755,3.7737430167597767,1
POSI-J-025551,"Journal of Space Safety Engineering",2468-8967,200,343,343,2,343,1397,4.072886297376093,1
POSI-J-025552,"Journal of Sport and Health Science",2095-2546,200,404,404,2,404,9580,23.712871287128714,1
POSI-J-025553,"Journal of Statistical Planning and Inference",0378-3758,200,319,319,2,319,888,2.7836990595611284,1
POSI-J-025554,"The Journal of Steroid Biochemistry and Molecular Biology",0960-0760,200,562,562,2,562,3820,6.797153024911032,1
POSI-J-025555,"Journal of Stomatology, Oral and Maxillofacial Surgery",2468-7855,200,1306,1306,3,1306,6364,4.8728943338437976,1
POSI-J-025556,"Journal of Stored Products Research",0022-474X,200,761,761,2,761,5484,7.206307490144547,1
POSI-J-025557,"The Journal of Strategic Information Systems",0963-8687,200,123,123,2,123,2691,21.878048780487806,1
POSI-J-025558,"Journal of Strategy & Innovation",3050-7901,200,16,16,2,16,79,4.9375,1
POSI-J-000710,"Journal of Stroke and Cerebrovascular Diseases",1052-3057,200,1995,1995,3,1995,10343,5.184461152882205,1
POSI-J-025559,"Journal of Structural Biology",1047-8477,200,365,365,2,365,2628,7.2,1
POSI-J-015505,"Journal of Structural Biology: X",2590-1524,200,81,81,2,81,537,6.62962962962963,1
POSI-J-025560,"Journal of Structural Geology",0191-8141,200,742,742,2,742,4928,6.6415094339622645,1
POSI-J-025561,"Journal of Subatomic Particles and Cosmology",3050-4805,200,261,261,2,261,160,0.6130268199233716,1
POSI-J-025562,"Journal of Substance Abuse Treatment",0740-5472,200,266,266,2,266,3567,13.409774436090226,1
POSI-J-025563,"Journal of Substance Use and Addiction Treatment",2949-8759,200,660,660,2,660,2777,4.207575757575758,1
POSI-J-025564,"The Journal of Supercritical Fluids",0896-8446,200,875,875,2,875,8702,9.945142857142857,1
POSI-J-025565,"Journal of Surgical Education",1931-7204,200,1111,1111,3,1111,6039,5.435643564356436,1
POSI-J-025566,"Journal of Sustainable Finance and Accounting",2950-3701,200,25,25,2,25,251,10.04,1
POSI-J-025567,"Journal of Symbolic Computation",0747-7171,200,320,320,2,320,826,2.58125,1
POSI-J-025568,"Journal of Systems Architecture",1383-7621,200,814,814,2,814,8720,10.712530712530713,1
POSI-J-025569,"Journal of Systems and Software",0164-1212,200,985,985,2,985,12633,12.825380710659898,1
POSI-J-002291,"Journal of Taibah University Medical Sciences",1658-3612,200,632,632,2,632,1801,2.8496835443037973,1
POSI-J-025570,"Journal of the Taiwan Institute of Chemical Engineers",1876-1070,200,1799,1799,3,1799,27413,15.237909949972206,1
POSI-J-025571,"Journal of Terramechanics",0022-4898,200,178,178,2,178,1610,9.044943820224718,1
POSI-J-025572,"Journal of Thermal Biology",0306-4565,200,1049,1049,3,1049,7982,7.609151572926597,1
POSI-J-025573,"Journal of Thrombosis and Haemostasis",1538-7836,200,1755,1755,3,1743,17426,9.997705106138842,1
POSI-J-025574,"Journal of Tissue Viability",0965-206X,200,491,491,2,491,3494,7.116089613034624,1
POSI-J-025575,"Journal of Trace Elements in Medicine and Biology",0946-672X,200,905,905,2,905,8131,8.984530386740332,1
POSI-J-010467,"Journal of Trace Elements and Minerals",2773-0506,200,260,260,2,260,1640,6.3076923076923075,1
POSI-J-006159,"Journal of Traditional Chinese Medical Sciences",2095-7548,200,221,221,2,221,286,1.2941176470588236,1
POSI-J-003758,"Journal of Traditional and Complementary Medicine",2225-4110,200,297,297,2,297,2478,8.343434343434344,1
POSI-J-005047,"Journal of Traffic and Transportation Engineering (English Edition)",2095-7564,200,279,279,2,279,3256,11.670250896057349,1
POSI-J-009181,"Journal of Translational Autoimmunity",2589-9090,200,192,192,2,192,1763,9.182291666666666,1
POSI-J-025576,"Journal of Transport Geography",0966-6923,200,1001,1001,3,1001,15528,15.512487512487512,1
POSI-J-025577,"Journal of Transport & Health",2214-1405,200,749,749,2,749,5509,7.355140186915888,1
POSI-J-025578,"Journal de Traumatologie du Sport",0762-915X,200,293,293,2,293,150,0.5119453924914675,1
POSI-J-025579,"Journal of Urban Economics",0094-1190,200,264,264,2,264,3512,13.303030303030303,1
POSI-J-006675,"Journal of Urban Management",2226-5856,200,229,229,2,229,2794,12.200873362445416,1
POSI-J-012215,"Journal of Urban Mobility",2667-0917,200,156,156,2,156,1922,12.320512820512821,1
POSI-J-025580,"Journal of Vascular and Endovascular Research",3050-6093,404,0,0,0,0,0,,
POSI-J-025581,"Journal of Vascular and Interventional Radiology",1051-0443,200,3758,3758,5,3758,6824,1.815859499733901,1
POSI-J-025582,"Journal of Vascular Nursing",1062-0303,200,202,202,2,202,460,2.277227722772277,1
POSI-J-025583,"Journal of Vascular Surgery",0741-5214,200,5624,5624,7,5624,17800,3.1650071123755334,1
POSI-J-025584,"Journal of Vascular Surgery Cases and Innovative Techniques",2468-4287,200,1159,1159,3,1159,1611,1.3899913718723038,1
POSI-J-001292,"Journal of Vascular Surgery: Venous and Lymphatic Disorders",2213-333X,200,1099,1099,3,1099,4802,4.369426751592357,1
POSI-J-025585,"Journal of Veterinary Behavior",1558-7878,200,366,366,2,366,1498,4.092896174863388,1
POSI-J-025586,"Journal of Veterinary Cardiology",1760-2734,200,306,306,2,306,1000,3.2679738562091503,1
POSI-J-025587,"Journal of Virological Methods",0166-0934,200,670,670,2,670,3581,5.344776119402985,1
POSI-J-002102,"Journal of Virus Eradication",2055-6640,200,506,506,2,506,608,1.2015810276679841,1
POSI-J-025588,"Journal of Visceral Surgery",1878-7886,200,450,450,2,450,1237,2.7488888888888887,1
POSI-J-025589,"Journal of Visual Communication and Image Representation",1047-3203,200,988,988,2,988,7947,8.043522267206479,1
POSI-J-025590,"Journal of Vocational Behavior",0001-8791,200,295,295,2,295,4672,15.837288135593221,1
POSI-J-025591,"Journal of Voice",0892-1997,200,2033,2033,4,2033,9459,4.652729955730448,1
POSI-J-025592,"Journal of Volcanology and Geothermal Research",0377-0273,200,732,732,2,732,4354,5.948087431693989,1
POSI-J-025593,"Journal of Water Process Engineering",2214-7144,200,6746,6746,8,6746,91435,13.553957900978357,1
POSI-J-004934,"Journal of Web Semantics",1570-8268,200,104,104,2,104,1216,11.692307692307692,1
POSI-J-025594,"Journal of Wind Engineering and Industrial Aerodynamics",0167-6105,200,1093,1093,3,1093,14381,13.15736505032022,1
POSI-J-025595,"Journal of World Business",1090-9516,200,213,213,2,213,5055,23.732394366197184,1
POSI-J-025596,"Journal of the World Federation of Orthodontists",2212-4438,200,882,882,2,882,812,0.9206349206349206,1
POSI-J-002863,"JPRAS Open",2352-5878,200,642,642,2,642,2427,3.7803738317757007,1
POSI-J-016284,"JSAMS Plus",2772-6967,200,110,110,2,110,344,3.1272727272727274,1
POSI-J-002213,"JSES International",2666-6383,200,1052,1052,3,1052,4349,4.13403041825095,1
POSI-J-004665,"JSES Reviews, Reports, and Techniques",2666-6391,200,498,498,2,498,652,1.3092369477911647,1
POSI-J-002110,"JTCVS Open",2666-2736,200,1093,1093,3,1093,3402,3.112534309240622,1
POSI-J-001726,"JTCVS Techniques",2666-2507,200,1178,1178,3,1178,2251,1.9108658743633278,1
POSI-J-004394,"JTO Clinical and Research Reports",2666-3643,200,554,554,2,554,1737,3.1353790613718413,1
POSI-J-007665,"JVS-Vascular Insights",2949-9127,200,298,298,2,298,371,1.24496644295302,1
POSI-J-006935,"JVS - Vascular Science",2666-3503,200,295,295,2,295,593,2.010169491525424,1
POSI-J-025597,"Kidney International Case Reports",3117-471X,200,0,0,1,0,0,,
POSI-J-000625,"Kidney International Reports",2468-0249,200,6717,6717,8,6717,16543,2.4628554414172994,1
POSI-J-025598,"Kidney International Supplements",2157-1716,200,34,34,2,34,3122,91.82352941176471,1
POSI-J-002729,"Kidney Medicine",2590-0595,200,747,747,2,747,5263,7.045515394912985,1
POSI-J-025599,"Kinésithérapie, la Revue",1779-0123,200,1049,1049,3,1049,100,0.09532888465204957,1
POSI-J-025600,"The Knee",0968-0160,200,849,849,2,849,4467,5.261484098939929,1
POSI-J-025601,"Knowledge-Based Systems",0950-7051,200,5413,5413,7,5413,100489,18.564382043229262,1
POSI-J-016467,"JTCVS Structural and Endovascular",2950-6050,200,81,81,2,81,54,0.6666666666666666,1
POSI-J-004104,"Kuwait Journal of Science",2307-4108,200,563,563,2,555,2849,5.133333333333334,1
POSI-J-025602,"La Presse Médicale Formation",2666-4798,200,420,420,2,420,70,0.16666666666666666,1
POSI-J-025603,"La Presse Médicale Open",2590-2504,200,31,31,2,31,66,2.129032258064516,1
POSI-J-018543,"LabMed Discovery",3050-4740,200,59,59,2,59,200,3.389830508474576,1
POSI-J-025604,"Laboratory Investigation",0023-6837,200,2470,2470,4,2470,6366,2.577327935222672,1
POSI-J-025605,"Labour Economics",0927-5371,200,547,547,2,547,4260,7.787934186471664,1
POSI-J-025606,"The Lancet",0140-6736,200,6230,6230,8,6230,244977,39.32215088282504,1
POSI-J-025607,"The Lancet Child & Adolescent Health",2352-4642,200,786,786,2,786,12610,16.043256997455472,1
POSI-J-025608,"The Lancet Diabetes & Endocrinology",2213-8587,200,830,830,2,830,28344,34.149397590361446,1
POSI-J-003730,"The Lancet Digital Health",2589-7500,200,544,544,2,544,22612,41.56617647058823,1
POSI-J-025609,"The Lancet Gastroenterology & Hepatology",2468-1253,200,1021,1021,3,1021,30690,30.058765915768856,1
POSI-J-001007,"The Lancet Global Health",2214-109X,200,1592,1592,3,1592,35620,22.37437185929648,1
POSI-J-025610,"The Lancet Haematology",2352-3026,200,800,800,2,800,12923,16.15375,1
POSI-J-004432,"The Lancet Healthy Longevity",2666-7568,200,595,595,2,595,12239,20.569747899159665,1
POSI-J-025611,"The Lancet HIV",2352-3018,200,731,731,2,731,9270,12.6812585499316,1
POSI-J-025612,"The Lancet Infectious Diseases",1473-3099,200,2215,2215,4,2215,56367,25.44785553047404,1
POSI-J-025613,"The Lancet Medical Imaging & Theranostics",3117-4523,200,0,0,1,0,0,,
POSI-J-002763,"The Lancet Microbe",2666-5247,200,923,923,2,923,23064,24.988082340195017,1
POSI-J-025614,"The Lancet Neurology",1474-4422,200,1202,1202,3,1202,40416,33.62396006655574,1
POSI-J-025615,"The Lancet Oncology",1470-2045,200,1981,1981,3,1981,53064,26.786471479050984,1
POSI-J-002475,"The Lancet Planetary Health",2542-5196,200,719,719,2,719,21900,30.458970792767733,1
POSI-J-014793,"The Lancet Primary Care",3050-5143,200,79,79,2,79,147,1.860759493670886,1
POSI-J-025616,"The Lancet Psychiatry",2215-0366,200,968,968,2,968,21288,21.99173553719008,1
POSI-J-002406,"The Lancet Public Health",2468-2667,200,701,701,2,701,26088,37.215406562054206,1
POSI-J-025617,"The Lancet Regional Health - Africa",3050-5011,200,0,0,1,0,0,,
POSI-J-002645,"The Lancet Regional Health - Americas",2667-193X,200,1164,1164,3,1164,8818,7.5756013745704465,1
POSI-J-025618,"The Lancet Regional Health - Eastern Mediterranean",3050-5054,404,0,0,0,0,0,,
POSI-J-002338,"The Lancet Regional Health - Europe",2666-7762,200,1184,1184,3,1184,19027,16.07010135135135,1
POSI-J-005128,"The Lancet Regional Health - Southeast Asia",2772-3682,200,643,643,2,643,5355,8.328149300155522,1
POSI-J-002223,"The Lancet Regional Health - Western Pacific",2666-6065,200,1340,1340,3,1340,10753,8.024626865671642,1
POSI-J-025619,"The Lancet Respiratory Medicine",2213-2600,200,1090,1090,3,1090,29899,27.430275229357797,1
POSI-J-025620,"The Lancet Rheumatology",2665-9913,200,758,758,2,758,13037,17.19920844327177,1
POSI-J-025621,"Land Use Policy",0264-8377,200,1710,1710,3,1710,32122,18.78479532163743,1
POSI-J-025622,"Landscape Architecture and Sustainability",3050-7324,200,13,13,2,13,19,1.4615384615384615,1
POSI-J-025623,"Landscape and Urban Planning",0169-2046,200,874,874,2,874,23935,27.38558352402746,1
POSI-J-025624,"Language & Communication",0271-5309,200,265,265,2,265,996,3.758490566037736,1
POSI-J-018682,"Language and Health",2949-9038,200,57,57,2,57,202,3.543859649122807,1
POSI-J-025625,"Language Sciences",0388-0001,200,170,170,2,170,681,4.0058823529411764,1
POSI-J-011528,"Laparoscopic, Endoscopic and Robotic Surgery",2468-9009,200,129,129,2,129,624,4.837209302325581,1
POSI-J-013421,"Latin American Journal of Central Banking",2666-1438,200,113,113,2,113,446,3.9469026548672566,1
POSI-J-025626,"Latin American Transport Studies",2950-0249,200,47,47,2,47,121,2.574468085106383,1
POSI-J-025627,"Le Pharmacien Clinicien",2772-9532,200,1693,1693,3,1693,67,0.039574719432959246,1
POSI-J-025628,"The Leadership Quarterly",1048-9843,200,191,191,2,191,4595,24.05759162303665,1
POSI-J-025629,"Learning in Context",3050-578X,200,18,18,2,18,26,1.4444444444444444,1
POSI-J-025630,"Learning, Culture and Social Interaction",2210-6561,200,229,229,2,229,1148,5.013100436681222,1
POSI-J-025631,"Learning and Individual Differences",1041-6080,200,504,504,2,504,10825,21.478174603174605,1
POSI-J-025632,"Learning and Instruction",0959-4752,200,530,530,2,530,7151,13.492452830188679,1
POSI-J-025633,"Learning and Motivation",0023-9690,200,333,333,2,333,3360,10.09009009009009,1
POSI-J-025634,"Legal Medicine",1344-6223,200,577,577,2,577,2230,3.8648180242634314,1
POSI-J-025635,"Letters in Drug Design & Discovery",1570-1808,200,903,903,2,903,2879,3.1882613510520486,1
POSI-J-025636,"Leukemia Research",0145-2126,200,1120,1120,3,1120,2301,2.054464285714286,1
POSI-J-006315,"Leukemia Research Reports",2213-0489,200,257,257,2,257,291,1.132295719844358,1
POSI-J-025637,"Library & Information Science Research",0740-8188,200,154,154,2,154,917,5.954545454545454,1
POSI-J-025638,"Life Sciences in Space Research",2214-5524,200,277,277,2,277,1206,4.353790613718411,1
POSI-J-025639,"The Lignin Journal",3117-8715,200,0,0,1,0,0,,
POSI-J-025640,"Limnologica",0075-9511,200,213,213,2,213,981,4.605633802816901,1
POSI-J-025641,"Linear Algebra and its Applications",0024-3795,200,1472,1472,3,1472,3419,2.322690217391304,1
POSI-J-025642,"Linguistics and Education",0898-5898,200,319,319,2,319,2007,6.29153605015674,1
POSI-J-025643,"Lithos",0024-4937,200,1413,1413,3,1413,4383,3.1019108280254777,1
POSI-J-025644,"Liver Research",2542-5684,200,163,163,2,163,1148,7.042944785276074,1
POSI-J-025645,"Livestock Science",1871-1413,200,734,734,2,734,3843,5.235694822888283,1
POSI-J-025646,"Longevity Science and Medicine",3117-4043,200,0,0,1,0,0,,
POSI-J-025647,"Low-altitude Transportation",3117-8197,404,0,0,0,0,0,,
POSI-J-005107,"Machine Learning with Applications",2666-8270,200,490,490,2,490,5846,11.93061224489796,1
POSI-J-025648,"Magnetic Medicine",2950-5844,200,21,21,2,21,60,2.857142857142857,1
POSI-J-025649,"Magnetic Resonance Imaging",0730-725X,200,819,819,2,819,4311,5.263736263736264,1
POSI-J-025650,"Magnetic Resonance Imaging Clinics of North America",1064-9689,200,317,317,2,317,917,2.892744479495268,1
POSI-J-025651,"Magnetic Resonance Letters",2772-5162,200,136,136,2,136,610,4.485294117647059,1
POSI-J-025652,"Management Accounting Research",1044-5005,200,87,87,2,87,887,10.195402298850574,1
POSI-J-025653,"Manufacturing Letters",2213-8463,200,994,994,2,994,4870,4.899396378269618,1
POSI-J-025654,"Marine Chemistry",0304-4203,200,313,313,2,313,1724,5.507987220447284,1
POSI-J-025655,"Marine Environmental Research",0141-1136,200,1784,1784,3,1784,12553,7.036434977578475,1
POSI-J-025656,"Marine Genomics",1874-7787,200,167,167,2,167,573,3.431137724550898,1
POSI-J-025657,"Marine Geology",0025-3227,200,682,682,2,682,4040,5.92375366568915,1
POSI-J-025658,"Marine Geoscience and Energy Resources ",3117-5775,200,0,0,1,0,0,,
POSI-J-025659,"Marine Geotechnics",3117-8189,404,0,0,0,0,0,,
POSI-J-025660,"Marine Micropaleontology",0377-8398,200,269,269,2,269,1015,3.7732342007434942,1
POSI-J-025661,"Marine and Petroleum Geology",0264-8172,200,1844,1844,3,1844,18107,9.81941431670282,1
POSI-J-025662,"Marine Policy",0308-597X,200,1729,1729,3,1729,19255,11.136495083863505,1
POSI-J-025663,"Marine Structures",0951-8339,200,595,595,2,595,8130,13.663865546218487,1
POSI-J-015665,"Maritime Transport Research",2666-822X,200,90,90,2,90,890,9.88888888888889,1
POSI-J-025664,"Marketing Strategy Journal",2950-3086,200,11,11,2,11,11,1,1
POSI-J-018468,"Mass Gathering Medicine",3050-4562,200,46,46,2,46,90,1.9565217391304348,1
POSI-J-025665,"Materialia",2589-1529,200,1313,1313,3,1313,9424,7.177456207159177,1
POSI-J-025666,"Materials Characterization",1044-5803,200,3849,3849,5,3849,50272,13.061054819433618,1
POSI-J-025667,"Materials Chemistry and Physics: Sustainability and Energy",3050-4716,200,47,47,2,47,80,1.702127659574468,1
POSI-J-000621,"Materials & Design",0264-1275,200,4944,4944,6,4944,85782,17.350728155339805,1
POSI-J-012056,"Materials Letters: X",2590-1508,200,131,131,2,131,310,2.366412213740458,1
POSI-J-011725,"Materials Reports: Energy",2666-9358,200,177,177,2,177,1525,8.615819209039548,1
POSI-J-025668,"Materials Research Bulletin",0025-5408,200,1748,1748,3,1748,24810,14.193363844393593,1
POSI-J-008164,"Materials Science for Energy Technologies",2589-2991,200,163,163,2,163,1581,9.699386503067485,1
POSI-J-025669,"Materials Science and Engineering: B",0921-5107,200,2788,2788,4,2788,31963,11.464490674318508,1
POSI-J-025670,"Materials Science and Engineering: R: Reports",0927-796X,200,299,299,2,299,11019,36.852842809364546,1
POSI-J-025671,"Materials Science in Semiconductor Processing",1369-8001,200,3340,3340,5,3340,40014,11.980239520958083,1
POSI-J-025672,"Materials Today",1369-7021,200,1108,1108,3,1108,35820,32.328519855595665,1
POSI-J-004608,"Materials Today Advances",2590-0498,200,455,455,2,455,5780,12.703296703296703,1
POSI-J-001304,"Materials Today Bio",2590-0064,200,2417,2417,4,2417,33321,13.786098469176665,1
POSI-J-016258,"Materials Today Catalysis",2949-754X,200,114,114,2,114,852,7.473684210526316,1
POSI-J-025673,"Materials Today Chemistry",2468-5194,200,2604,2604,4,2604,22833,8.768433179723502,1
POSI-J-025674,"Materials Today Communications",2352-4928,200,11278,11278,13,11278,64185,5.691168646923213,1
POSI-J-013542,"Materials Today Electronics",2772-9494,200,155,155,2,155,1917,12.36774193548387,1
POSI-J-025675,"Materials Today Energy",2468-6069,200,1232,1232,3,1232,13294,10.790584415584416,1
POSI-J-025676,"Materials Today Nano",2588-8420,200,568,568,2,568,6359,11.195422535211268,1
POSI-J-025677,"Materials Today Physics",2542-5293,200,1283,1283,3,1283,18050,14.06858924395947,1
POSI-J-018470,"Materials Today Quantum",2950-2578,200,56,56,2,56,197,3.517857142857143,1
POSI-J-002781,"Materials Today Sustainability",2589-2347,200,1171,1171,3,1171,10933,9.336464560204954,1
POSI-J-025678,"Mathematical Biosciences",0025-5564,200,457,457,2,457,2228,4.87527352297593,1
POSI-J-025679,"Mathematical Social Sciences",0165-4896,200,261,261,2,261,491,1.8812260536398469,1
POSI-J-025680,"Matrix Biology",0945-053X,200,305,305,2,305,4344,14.242622950819673,1
POSI-J-014132,"Matrix Biology Plus",2590-0285,200,82,82,2,82,797,9.71951219512195,1
POSI-J-025681,"Matter",2590-2385,200,1504,1504,3,1504,41063,27.30252659574468,1
POSI-J-025682,"Matter & Light",3117-5848,200,0,0,1,0,0,,
POSI-J-025683,"Maturitas",0378-5122,200,1300,1300,3,1300,6569,5.053076923076923,1
POSI-J-009286,"Mayo Clinic Proceedings: Digital Health",2949-7612,200,306,306,2,306,2157,7.049019607843137,1
POSI-J-004816,"Mayo Clinic Proceedings: Innovations, Quality & Outcomes",2542-4548,200,310,310,2,310,2184,7.04516129032258,1
POSI-J-017231,"Measurement: Energy",2950-3450,200,73,73,2,73,516,7.068493150684931,1
POSI-J-025684,"Measurement and Evaluations in Cancer Care",2949-8775,200,23,23,2,23,32,1.391304347826087,1
POSI-J-011136,"Measurement: Food",2772-2759,200,233,233,2,233,1846,7.92274678111588,1
POSI-J-002098,"Measurement: Sensors",2665-9174,200,1504,1504,3,1504,12660,8.417553191489361,1
POSI-J-022873,"Measurement: Digitalization",3050-6441,200,17,17,2,17,28,1.6470588235294117,1
POSI-J-025685,"Meat Science",0309-1740,200,989,989,2,989,16436,16.61880687563195,1
POSI-J-025686,"Mechanical Systems and Signal Processing",0888-3270,200,5032,5032,7,5032,120729,23.99224960254372,1
POSI-J-025687,"Mechanics of Materials",0167-6636,200,986,986,2,986,10160,10.304259634888439,1
POSI-J-025688,"Mechanics Research Communications",0093-6413,200,510,510,2,510,2806,5.5019607843137255,1
POSI-J-025689,"Mechanism and Machine Theory",0094-114X,200,1359,1359,3,1359,20444,15.043414275202355,1
POSI-J-025690,"Mechanisms of Ageing and Development",0047-6374,200,333,333,2,333,4485,13.468468468468469,1
POSI-J-016418,"Mechanobiology in Medicine",2949-9070,200,101,101,2,101,671,6.643564356435643,1
POSI-J-025691,"Mechatronics",0957-4158,200,476,476,2,476,4191,8.804621848739496,1
POSI-J-025692,"Med",2666-6340,200,545,545,2,545,8386,15.387155963302753,1
POSI-J-025693,"Médecine de Catastrophe - Urgences Collectives",1279-8479,200,323,323,2,323,42,0.13003095975232198,1
POSI-J-025694,"Médecine & Droit",1246-7391,200,119,119,2,119,48,0.40336134453781514,1
POSI-J-025695,"Médecine et Maladies Infectieuses Formation",2772-7432,200,1825,1825,3,1825,116,0.06356164383561644,1
POSI-J-025696,"Médecine des Maladies Métaboliques",1957-2557,200,533,533,2,533,92,0.1726078799249531,1
POSI-J-025697,"Médecine Nucléaire",0928-1258,200,876,876,2,876,43,0.04908675799086758,1
POSI-J-025698,"Médecine Palliative",1636-6522,200,221,221,2,221,102,0.46153846153846156,1
POSI-J-025699,"Médecine du Sommeil",1769-4493,200,951,951,2,951,132,0.138801261829653,1
POSI-J-025700,"Medical Dosimetry",0958-3947,200,245,245,2,245,761,3.1061224489795918,1
POSI-J-025701,"Medical Engineering & Physics",1350-4533,200,678,678,2,678,4076,6.011799410029498,1
POSI-J-025702,"Medical Hypotheses",0306-9877,200,767,767,2,767,1480,1.9295958279009127,1
POSI-J-025703,"Medical Image Analysis",1361-8415,200,1253,1253,3,1253,48332,38.57302474062251,1
POSI-J-025704,"Medical Journal Armed Forces India",0377-1237,200,821,821,2,821,1866,2.2728380024360537,1
POSI-J-004668,"Medical Mycology Case Reports",2211-7539,200,240,240,2,240,829,3.4541666666666666,1
POSI-J-025705,"Medical Reports",2949-9186,200,391,391,2,391,127,0.3248081841432225,1
POSI-J-025706,"Medicina Clínica",0025-7753,200,1478,1478,3,1478,3381,2.287550744248985,1
POSI-J-025707,"Medicina Clínica (English Edition)",2387-0206,200,1454,1454,3,1454,535,0.36795048143053644,1
POSI-J-007250,"Medicina Clínica Práctica",2603-9249,200,228,228,2,228,199,0.8728070175438597,1
POSI-J-025708,"Medicina de Familia. SEMERGEN",1138-3593,200,541,541,2,541,727,1.343807763401109,1
POSI-J-025709,"Medicina Intensiva",0210-5691,200,692,692,2,692,1723,2.489884393063584,1
POSI-J-025710,"Medicina Intensiva (English Edition)",2173-5727,200,645,645,2,645,443,0.6868217054263566,1
POSI-J-025711,"Medicina Reproductiva y Embriología Clínica",2340-9320,200,15,15,2,15,16,1.0666666666666667,1
POSI-J-025712,"Medicine",1357-3039,200,739,739,2,739,1004,1.3585926928281462,1
POSI-J-025713,"Medicine Discovery",3117-9282,404,0,0,0,0,0,,
POSI-J-011968,"Medicine in Drug Discovery",2590-0986,200,119,119,2,119,2045,17.18487394957983,1
POSI-J-014490,"Medicine in Microecology",2590-0978,200,105,105,2,105,1395,13.285714285714286,1
POSI-J-008569,"Medicine in Novel Technology and Devices",2590-0935,200,291,291,2,291,2264,7.780068728522337,1
POSI-J-018955,"Medicine in Omics",2590-1249,200,32,32,2,32,164,5.125,1
POSI-J-017415,"Medicine Plus",2950-3477,200,73,73,2,73,378,5.178082191780822,1
POSI-J-025714,"Medicine - Programa de Formación Médica Continuada Acreditado",0304-5412,200,806,806,2,806,137,0.16997518610421836,1
POSI-J-015891,"Memories - Materials, Devices, Circuits and Systems",2773-0646,200,127,127,2,127,809,6.3700787401574805,1
POSI-J-025715,"Mendeleev Communications",0959-9436,200,1071,1071,3,1071,3607,3.3678804855275444,1
POSI-J-025716,"Mental Health and Physical Activity",1755-2966,200,248,248,2,248,1781,7.181451612903226,1
POSI-J-025717,"Mental Health & Prevention",2212-6570,200,230,230,2,230,1458,6.339130434782609,1
POSI-J-025718,"Meta Plants",3117-8235,404,0,0,0,0,0,,
POSI-J-025719,"Metabolic Engineering",1096-7176,200,537,537,2,537,11224,20.901303538175046,1
POSI-J-011011,"Metabolic Engineering Communications",2214-0301,200,72,72,2,72,1016,14.11111111111111,1
POSI-J-025720,"Metabolism and Diseases",3051-3073,200,0,0,1,0,0,,
POSI-J-007575,"Metabolism Open",2589-9368,200,267,267,2,267,2445,9.157303370786517,1
POSI-J-025721,"Metal Science",3117-9649,404,0,0,0,0,0,,
POSI-J-025722,"Metals Advances",3117-7220,200,0,0,1,0,0,,
POSI-J-016820,"Meta-Radiology",2950-1628,200,87,87,2,87,2139,24.586206896551722,1
POSI-J-025723,"Methods",1046-2023,200,753,753,2,753,8618,11.444887118193892,1
POSI-J-013080,"Methods in Psychology",2590-2601,200,106,106,2,106,926,8.735849056603774,1
POSI-J-001125,"MethodsX",2215-0161,200,2111,2111,4,2111,14294,6.7711984841307435,1
POSI-J-009396,"Micro and Nano Engineering",2590-0072,200,235,235,2,235,2212,9.412765957446808,1
POSI-J-025724,"Micro and Nanostructures",2773-0123,200,942,942,2,942,6901,7.325902335456475,1
POSI-J-005037,"The Microbe",2950-1946,200,630,630,2,630,3859,6.125396825396826,1
POSI-J-025725,"Microbes and Infection",1286-4579,200,424,424,2,424,2875,6.78066037735849,1
POSI-J-025726,"Microbial Pathogenesis",0882-4010,200,2473,2473,4,2473,20896,8.449656287909422,1
POSI-J-025727,"Microbial Risk Analysis",2352-3522,200,113,113,2,113,394,3.4867256637168142,1
POSI-J-025728,"Microbiological Research",0944-5013,200,1099,1099,3,1099,22097,20.106460418562328,1
POSI-J-025729,"MicroBiome and One Health",3117-633X,200,0,0,1,0,0,,
POSI-J-025730,"Microelectronic Engineering",0167-9317,200,435,435,2,435,3779,8.687356321839081,1
POSI-J-025731,"Microelectronics Journal",1879-2391,200,1184,1184,3,1184,6311,5.330236486486487,1
POSI-J-025732,"Micron",0968-4328,200,424,424,2,424,2537,5.9834905660377355,1
POSI-J-025733,"Microporous and Mesoporous Materials",1387-1811,200,1853,1853,3,1853,23612,12.742579600647598,1
POSI-J-025734,"Microprocessors and Microsystems",0141-9331,200,534,534,2,534,5028,9.415730337078651,1
POSI-J-025735,"Microvascular Research",0026-2862,200,451,451,2,451,3332,7.388026607538802,1
POSI-J-025736,"Midwifery",0266-6138,200,1085,1085,3,1085,7167,6.605529953917051,1
POSI-J-025737,"Minerals Engineering",0892-6875,200,2058,2058,4,2058,28720,13.955296404275996,1
POSI-J-019515,"Mitochondrial Communications",2590-2792,200,41,41,2,41,192,4.682926829268292,1
POSI-J-025738,"Mitochondrion",1567-7249,200,347,347,2,347,4301,12.394812680115274,1
POSI-J-025739,"Model Organisms Research",3117-8170,200,0,0,1,0,0,,
POSI-J-025740,"Modern Pathology",0893-3952,200,936,936,2,936,16165,17.270299145299145,1
POSI-J-025741,"Molecular Aspects of Medicine",0098-2997,200,259,259,2,259,7006,27.05019305019305,1
POSI-J-025742,"Molecular and Biochemical Parasitology",0166-6851,200,166,166,2,166,663,3.9939759036144578,1
POSI-J-025743,"Molecular Catalysis",2468-8231,200,3134,3134,5,3134,12364,3.945118059987237,1
POSI-J-025744,"Molecular Cell",1097-2765,200,1602,1602,3,1602,59216,36.96379525593009,1
POSI-J-025745,"Molecular and Cellular Neuroscience",1044-7431,200,246,246,2,246,2087,8.483739837398375,1
POSI-J-001626,"Molecular and Cellular Probes",0890-8508,200,214,214,2,214,1492,6.97196261682243,1
POSI-J-000869,"Molecular & Cellular Proteomics",1535-9476,200,1039,1039,3,1039,10669,10.268527430221367,1
POSI-J-025746,"Molecular Chemistry & Engineering",3050-7960,200,19,19,2,19,58,3.0526315789473686,1
POSI-J-025747,"Molecular and Digital Medicine",3117-7026,200,0,0,1,0,0,,
POSI-J-025748,"Molecular Genetics and Metabolism",1096-7192,200,2648,2648,4,2648,5460,2.0619335347432024,1
POSI-J-002881,"Molecular Genetics and Metabolism Reports",2214-4269,200,446,446,2,446,1111,2.491031390134529,1
POSI-J-001730,"Molecular Metabolism",2212-8778,200,815,815,2,815,14626,17.94601226993865,1
POSI-J-025749,"Molecular Phylogenetics and Evolution",1055-7903,200,807,807,2,807,8165,10.117719950433704,1
POSI-J-025750,"Molecular Plant",1674-2052,200,753,753,2,753,29104,38.65073041168659,1
POSI-J-025751,"Molecular Therapy Advances",3117-387X,200,0,0,1,0,0,,
POSI-J-002132,"Molecular Therapy - Methods & Clinical Development",2329-0501,200,818,818,2,818,9129,11.160146699266503,1
POSI-J-001297,"Molecular Therapy - Nucleic Acids",2162-2531,200,1309,1309,3,1309,16945,12.944996180290298,1
POSI-J-004563,"Molecular Therapy - Oncolytics",2372-7705,200,260,260,2,260,4953,19.05,1
POSI-J-007708,"Molecular Therapy: Oncology",2950-3299,200,305,305,2,305,1219,3.99672131147541,1
POSI-J-025752,"Molecules and Cells",1016-8478,200,406,406,2,406,5280,13.004926108374384,1
POSI-J-025753,"Morphologie",1286-0115,200,581,581,2,581,755,1.2994836488812394,1
POSI-J-025754,"Motricité Cérébrale",0245-5919,200,134,134,2,134,20,0.14925373134328357,1
POSI-J-025755,"Mucosal Immunology",1933-0219,200,435,435,2,435,8302,19.085057471264367,1
POSI-J-013054,"Multimodal Transportation",2772-5863,200,158,158,2,158,2265,14.335443037974683,1
POSI-J-025756,"Multiple Sclerosis and Related Disorders",2211-0348,200,2921,2921,4,2921,17750,6.076686066415611,1
POSI-J-025757,"Musculoskeletal Science and Practice",2468-7812,200,667,667,2,667,3094,4.638680659670165,1
POSI-J-025759,"Mutation Research - Fundamental and Molecular Mechanisms of Mutagenesis",1386-1964,200,113,113,2,113,376,3.327433628318584,1
POSI-J-025760,"Mutation Research/Genetic Toxicology and Environmental Mutagenesis",1383-5718,200,290,290,2,290,1808,6.23448275862069,1
POSI-J-025761,"Mutation Research/Reviews in Mutation Research",1383-5742,200,101,101,2,101,1166,11.544554455445544,1
POSI-J-017192,"NAM Journal",3050-6204,200,66,66,2,66,169,2.5606060606060606,1
POSI-J-005894,"Nano Biomedicine and Engineering",2150-5578,200,167,167,2,167,1799,10.77245508982036,1
POSI-J-025762,"Nano Communication Networks",1878-7789,200,114,114,2,114,954,8.368421052631579,1
POSI-J-025763,"Nano Energy",2211-2855,200,4408,4408,6,4408,177281,40.21801270417423,1
POSI-J-025764,"Nano Materials Science",2589-9651,200,307,307,2,307,7522,24.501628664495115,1
POSI-J-025765,"Nano-Structures & Nano-Objects",2352-507X,200,705,705,2,705,7857,11.14468085106383,1
POSI-J-025766,"Nano Today",1748-0132,200,1406,1406,3,1406,32495,23.11166429587482,1
POSI-J-016867,"Nano TransMed",2790-6760,200,75,75,2,75,1693,22.573333333333334,1
POSI-J-012935,"Nano Trends",2666-9781,200,161,161,2,161,1813,11.26086956521739,1
POSI-J-025767,"NanoImpact",2452-0748,200,227,227,2,227,4203,18.515418502202643,1
POSI-J-025768,"Nanomedicine: Nanotechnology, Biology and Medicine",1549-9634,200,396,396,2,396,4182,10.56060606060606,1
POSI-J-004516,"Natural Gas Industry B",2352-8540,200,238,238,2,238,3268,13.731092436974789,1
POSI-J-009694,"Natural Hazards Research",2666-5921,200,247,247,2,247,3665,14.838056680161943,1
POSI-J-013119,"Natural Language Processing Journal",2949-7191,200,186,186,2,186,3043,16.36021505376344,1
POSI-J-009649,"Nature-Based Solutions",2772-4115,200,276,276,2,276,2886,10.456521739130435,1
POSI-J-025769,"NDT & E International",0963-8695,200,726,726,2,726,9503,13.089531680440771,1
POSI-J-001527,"Nefrología",0211-6995,200,528,528,2,528,1085,2.054924242424242,1
POSI-J-002710,"Nefrología (English Edition)",2013-2514,200,526,526,2,526,1003,1.9068441064638784,1
POSI-J-025770,"NefroPlus",1888-9700,200,140,140,2,140,7,0.05,1
POSI-J-001454,"Neoplasia",1476-5586,200,459,459,2,459,7456,16.24400871459695,1
POSI-J-025771,"Neural Networks",0893-6080,200,2901,2901,4,2901,45145,15.561875215442951,1
POSI-J-000805,"Neurobiology of Disease",0969-9961,200,1451,1451,3,1451,21355,14.717436250861475,1
POSI-J-025772,"Neurobiology of Learning and Memory",1074-7427,200,323,323,2,323,1792,5.547987616099071,1
POSI-J-012872,"Neurobiology of Pain",2452-073X,200,122,122,2,122,1189,9.745901639344263,1
POSI-J-015518,"Neurobiology of Sleep and Circadian Rhythms",2451-9944,200,59,59,2,59,413,7,1
POSI-J-004781,"Neurobiology of Stress",2352-2895,200,312,312,2,312,3360,10.76923076923077,1
POSI-J-025773,"Neurochemistry International",0197-0186,200,590,590,2,590,6423,10.886440677966101,1
POSI-J-025774,"Neurochirurgie",0028-3770,200,490,490,2,490,1622,3.3102040816326532,1
POSI-J-025775,"Neurocirugía",1130-1473,200,608,608,2,608,206,0.33881578947368424,1
POSI-J-025776,"Neurocirugía (English Edition)",2529-8496,200,208,208,2,208,199,0.9567307692307693,1
POSI-J-001115,"NeuroImage: Clinical",2213-1582,200,1014,1014,3,1014,12188,12.019723865877712,1
POSI-J-009581,"Neuroimage: Reports",2666-9560,200,212,212,2,212,1075,5.070754716981132,1
POSI-J-025777,"NeuroImage Stroke",3117-5740,200,0,0,1,0,0,,
POSI-J-025778,"Neuroimaging Clinics of North America",1052-5149,200,315,315,2,315,1009,3.2031746031746033,1
POSI-J-025779,"Neuroimmunology Reports",2667-257X,200,217,217,2,217,316,1.456221198156682,1
POSI-J-001793,"Neurología",0213-4853,200,440,440,2,440,1770,4.0227272727272725,1
POSI-J-025780,"Neurología Argentina",1853-0028,200,166,166,2,166,61,0.3674698795180723,1
POSI-J-002000,"Neurología (English Edition)",2173-5808,200,433,433,2,433,1110,2.5635103926097,1
POSI-J-025781,"Neurologic Clinics",0733-8619,200,308,308,2,308,2132,6.922077922077922,1
POSI-J-001578,"Neurology Perspectives",2667-0496,200,2557,2557,4,2557,368,0.14391865467344545,1
POSI-J-025782,"NeuroMarkers",2950-5887,200,31,31,2,31,179,5.774193548387097,1
POSI-J-025783,"Neuromodulation: Technology at the Neural Interface",1094-7159,200,3702,3702,5,3702,7229,1.9527282549972989,1
POSI-J-025784,"Neuromuscular Disorders",0960-8966,200,3052,3052,5,3052,3800,1.2450851900393185,1
POSI-J-025785,"Neuron Communications",3117-8731,404,0,0,0,0,0,,
POSI-J-025786,"Neuropeptides",0143-4179,200,224,224,2,224,1478,6.598214285714286,1
POSI-J-025787,"Neurophysiologie Clinique",0987-7053,200,241,241,2,241,1256,5.211618257261411,1
POSI-J-025788,"Neuropsychiatrie de l'Enfance et de l'Adolescence",0222-9617,200,286,286,2,286,251,0.8776223776223776,1
POSI-J-000938,"Neuroscience Applied",2772-4085,200,3966,3966,5,3966,1089,0.2745839636913767,1
POSI-J-025789,"Neuroscience & Biobehavioral Reviews",0149-7634,200,1727,1727,3,1727,40468,23.43254198031268,1
POSI-J-011711,"Neuroscience Informatics",2772-5286,200,196,196,2,196,2518,12.846938775510203,1
POSI-J-025790,"Neurosurgery Clinics of North America",1042-3680,200,323,323,2,323,1362,4.21671826625387,1
POSI-J-025791,"NeuroToxicology",0161-813X,200,547,547,2,547,5600,10.23765996343693,1
POSI-J-025792,"Neurotoxicology and Teratology",0892-0362,200,345,345,2,345,1431,4.147826086956521,1
POSI-J-025793,"New Astronomy",1384-1076,200,515,515,2,515,2610,5.067961165048544,1
POSI-J-025794,"New Astronomy Reviews",1387-6473,200,40,40,2,40,1758,43.95,1
POSI-J-000903,"New Biotechnology",1871-6784,200,761,761,2,761,4339,5.701708278580814,1
POSI-J-025795,"New Carbon Materials",1872-5805,200,313,313,2,313,4911,15.690095846645367,1
POSI-J-025796,"New Crops",2949-9526,200,58,58,2,58,1428,24.620689655172413,1
POSI-J-025797,"New Ideas in Psychology",0732-118X,200,178,178,2,178,1537,8.634831460674157,1
POSI-J-002116,"New Microbes and New Infections",2052-2975,200,716,716,2,716,2575,3.596368715083799,1
POSI-J-025798,"New Scientist",0262-4079,200,9016,9016,11,9016,589,0.06532830523513754,1
POSI-J-018599,"New Techno-Humanities",2664-3294,200,65,65,2,65,190,2.923076923076923,1
POSI-J-025799,"Newton",2950-6360,200,163,163,2,163,672,4.122699386503068,1
POSI-J-025800,"Next Bioengineering",3050-7235,200,10,10,2,10,27,2.7,1
POSI-J-025801,"Next Chemical Engineering",3050-7243,200,15,15,2,15,19,1.2666666666666666,1
POSI-J-005293,"Next Energy",2949-821X,200,464,464,2,464,3905,8.41594827586207,1
POSI-J-001613,"Next Materials",2949-8228,200,1345,1345,3,1345,5919,4.400743494423792,1
POSI-J-006550,"Next Nanotechnology",2949-8295,200,314,314,2,314,2210,7.038216560509555,1
POSI-J-025802,"Next Research",3050-4759,200,1070,1070,3,1070,2573,2.404672897196262,1
POSI-J-009134,"Next Sustainability",2949-8236,200,221,221,2,221,1587,7.180995475113122,1
POSI-J-017910,"Nexus",2950-1601,200,62,62,2,62,1076,17.35483870967742,1
POSI-J-011416,"NFS Journal",2352-3646,200,135,135,2,135,989,7.325925925925926,1
POSI-J-025803,"Nitric Oxide",1089-8603,200,301,301,2,301,2531,8.408637873754152,1
POSI-J-006878,"Non-coding RNA Research",2468-0540,200,333,333,2,333,3945,11.846846846846846,1
POSI-J-025804,"Nonlinear Analysis",0362-546X,200,803,803,2,803,2763,3.4408468244084682,1
POSI-J-025805,"Nonlinear Analysis: Hybrid Systems",1751-570X,200,342,342,2,342,2963,8.663742690058479,1
POSI-J-025806,"Nonlinear Analysis: Real World Applications",1468-1218,200,737,737,2,737,3102,4.208955223880597,1
POSI-J-025807,"Nonlinear Science",3050-5178,200,82,82,2,82,146,1.7804878048780488,1
POSI-J-025808,"The North American Journal of Economics and Finance",1062-9408,200,753,753,2,753,7520,9.9867197875166,1
POSI-J-004449,"North American Spine Society Journal (NASSJ)",2666-5484,200,665,665,2,665,1057,1.5894736842105264,1
POSI-J-025809,"NPG Neurologie - Psychiatrie – Gériatrie",1627-4830,200,259,259,2,259,113,0.4362934362934363,1
POSI-J-016103,"Nuclear Analysis",2773-1839,200,95,95,2,95,356,3.7473684210526317,1
POSI-J-025810,"Nuclear Data Sheets",0090-3752,200,98,98,2,98,374,3.816326530612245,1
POSI-J-025811,"Nuclear Engineering and Design",0029-5493,200,2560,2560,4,2560,13217,5.162890625,1
POSI-J-000841,"Nuclear Engineering and Technology",1738-5733,200,2208,2208,4,2208,15369,6.960597826086956,1
POSI-J-001948,"Nuclear Materials and Energy",2352-1791,200,901,901,2,901,3443,3.821309655937847,1
POSI-J-025812,"Nuclear Medicine and Biology",0969-8051,200,1737,1737,3,1737,1632,0.9395509499136442,1
POSI-J-025813,"Nuclear and Particle Physics Proceedings",2405-6014,200,319,319,2,319,239,0.7492163009404389,1
POSI-J-025814,"Nurse Education in Practice",1471-5953,200,1146,1146,3,1146,11811,10.306282722513089,1
POSI-J-025815,"Nurse Education Today",0260-6917,200,1373,1373,3,1373,18481,13.460305899490168,1
POSI-J-025816,"Nurse Leader",1541-4612,200,633,633,2,633,1874,2.9605055292259084,1
POSI-J-025817,"Nursing Clinics of North America",0029-6465,200,313,313,2,313,997,3.1853035143769968,1
POSI-J-025818,"Nursing Outlook",0029-6554,200,665,665,2,665,4321,6.497744360902256,1
POSI-J-025819,"Nursing for Women's Health",1751-4851,200,357,357,2,357,663,1.8571428571428572,1
POSI-J-025820,"Nutrition",0899-9007,200,1088,1088,3,1088,9485,8.717830882352942,1
POSI-J-025821,"Nutrition Clinique et Métabolisme",0985-0562,200,573,573,2,573,234,0.4083769633507853,1
POSI-J-025822,"Nutrition, Metabolism and Cardiovascular Diseases",0939-4753,200,1283,1283,3,1283,11838,9.226812159002339,1
POSI-J-025823,"Nutrition Research",0271-5317,200,544,544,2,544,3834,7.047794117647059,1
POSI-J-025824,"Nutritional Psychiatry",3051-1569,200,0,0,1,0,0,,
POSI-J-025825,"Obesity Medicine",2451-8476,200,263,263,2,263,1070,4.068441064638783,1
POSI-J-011135,"Obesity Pillars",2667-3681,200,218,218,2,218,1988,9.119266055045872,1
POSI-J-025826,"Obesity Research & Clinical Practice",1871-403X,200,473,473,2,473,1751,3.7019027484143763,1
POSI-J-025827,"Obstetrics, Gynaecology & Reproductive Medicine",1751-7214,200,288,288,2,288,350,1.2152777777777777,1
POSI-J-025828,"Obstetrics and Gynecology Clinics of North America",0889-8545,200,322,322,2,322,1366,4.24223602484472,1
POSI-J-025829,"Ocean & Coastal Management",0964-5691,200,1562,1562,3,1562,21513,13.772727272727273,1
POSI-J-025830,"Ocean Modelling",1463-5003,200,441,441,2,441,3049,6.913832199546485,1
POSI-J-003178,"Oceanologia",0078-3234,200,172,172,2,172,1243,7.226744186046512,1
POSI-J-025831,"Ocular Genetics and Omics",2949-7817,200,2,2,2,2,3,1.5,1
POSI-J-025832,"The Ocular Surface",1542-0124,200,485,485,2,485,6424,13.245360824742267,1
POSI-J-011616,"Oil Crop Science",2096-2428,200,130,130,2,130,1149,8.838461538461539,1
POSI-J-025833,"Omega",0305-0483,200,588,588,2,588,11020,18.741496598639454,1
POSI-J-025834,"One Earth",2590-3322,200,824,824,2,824,18769,22.777912621359224,1
POSI-J-002451,"One Health",2352-7714,200,922,922,2,922,9158,9.932754880694143,1
POSI-J-025835,"Online Social Networks and Media",2468-6964,200,107,107,2,107,993,9.280373831775702,1
POSI-J-003928,"Open Ceramics",2666-5395,200,653,653,2,653,3226,4.940275650842266,1
POSI-J-025836,"Open Nuclear Energy",3051-2808,200,0,0,1,0,0,,
POSI-J-005782,"Open Respiratory Archives",2659-6636,200,388,388,2,388,746,1.922680412371134,1
POSI-J-010624,"OpenNano",2352-9520,200,218,218,2,218,4728,21.68807339449541,1
POSI-J-025837,"Operations Research, Data Analytics and Logistics",3050-7847,200,20,20,2,20,19,0.95,1
POSI-J-025838,"Operations Research for Health Care",2211-6923,200,42,42,2,42,153,3.642857142857143,1
POSI-J-025839,"Operations Research Letters",0167-6377,200,474,474,2,474,1306,2.7552742616033754,1
POSI-J-009234,"Operations Research Perspectives",2214-7160,200,143,143,2,143,966,6.755244755244755,1
POSI-J-025840,"Operative Techniques in Orthopaedics",1048-6666,200,167,167,2,167,127,0.7604790419161677,1
POSI-J-025841,"Operative Techniques in Otolaryngology-Head and Neck Surgery",1043-1810,200,220,220,2,220,247,1.1227272727272728,1
POSI-J-025842,"Operative Techniques in Sports Medicine",1060-1872,200,181,181,2,181,293,1.6187845303867403,1
POSI-J-025843,"Operative Techniques in Thoracic and Cardiovascular Surgery",1522-2942,200,209,209,2,209,221,1.0574162679425838,1
POSI-J-025844,"Ophthalmology Glaucoma",2589-4196,200,459,459,2,459,2794,6.087145969498911,1
POSI-J-025845,"Ophthalmology Retina",2468-6530,200,1044,1044,3,1044,7971,7.635057471264368,1
POSI-J-003192,"Ophthalmology Science",2666-9145,200,755,755,2,755,7742,10.254304635761589,1
POSI-J-025846,"Optical Fiber Technology",1068-5200,200,1519,1519,3,1519,10175,6.698485845951284,1
POSI-J-025847,"Optical Materials",0925-3467,200,5286,5286,7,5286,55634,10.524782444192207,1
POSI-J-008863,"Optical Materials: X",2590-1478,200,280,280,2,280,867,3.0964285714285715,1
POSI-J-025848,"Optical Switching and Networking",1573-4277,200,103,103,2,103,739,7.174757281553398,1
POSI-J-025849,"Optics & Laser Technology",0030-3992,200,6232,6232,8,6232,71898,11.536906290115533,1
POSI-J-025850,"Optics and Lasers in Engineering",0143-8166,200,2243,2243,4,2243,21557,9.610789121711992,1
POSI-J-025851,"Option/Bio",0992-5945,200,940,940,2,940,16,0.01702127659574468,1
POSI-J-007724,"Oral and Maxillofacial Surgery Cases",2214-5419,200,185,185,2,185,209,1.1297297297297297,1
POSI-J-025852,"Oral and Maxillofacial Surgery Clinics of North America",1042-3699,200,301,301,2,301,978,3.249169435215947,1
POSI-J-025853,"Oral Oncology",1368-8375,200,1790,1790,3,1790,8913,4.9793296089385475,1
POSI-J-004847,"Oral Oncology Reports",2772-9060,200,762,762,2,762,2074,2.7217847769028873,1
POSI-J-025854,"Oral Surgery, Oral Medicine, Oral Pathology and Oral Radiology",2212-4403,200,4310,4310,6,4310,4689,1.0879350348027843,1
POSI-J-025855,"Orbis",0030-4387,200,167,167,2,167,224,1.341317365269461,1
POSI-J-025856,"Ore and Energy Resource Geology",2666-2612,200,99,99,2,99,208,2.101010101010101,1
POSI-J-000818,"Ore Geology Reviews",0169-1368,200,2157,2157,4,2157,19264,8.93092257765415,1
POSI-J-025857,"Organic Electronics",1566-1199,200,719,719,2,719,5588,7.771905424200278,1
POSI-J-025858,"Organic Geochemistry",0146-6380,200,435,435,2,435,2322,5.337931034482758,1
POSI-J-025859,"Organizational Behavior and Human Decision Processes",0749-5978,200,181,181,2,181,1928,10.651933701657459,1
POSI-J-025860,"Organizational Dynamics",0090-2616,200,215,215,2,215,2120,9.86046511627907,1
POSI-J-025861,"Organs-on-a-Chip",2666-1020,200,21,21,2,21,303,14.428571428571429,1
POSI-J-025862,"Originality",3051-2700,200,0,0,1,0,0,,
POSI-J-025863,"Orthopaedics and Trauma",1877-1327,200,281,281,2,281,357,1.2704626334519573,1
POSI-J-025864,"Orthopaedics & Traumatology: Surgery & Research",1877-0568,200,1108,1108,3,1108,7093,6.4016245487364625,1
POSI-J-025865,"Orthopedic Clinics of North America",0030-5898,200,304,304,2,304,1084,3.5657894736842106,1
POSI-J-025866,"Orthoplastic Surgery",2666-769X,200,100,100,2,100,221,2.21,1
POSI-J-005186,"Osteoarthritis and Cartilage Open",2665-9131,200,420,420,2,420,2747,6.54047619047619,1
POSI-J-025867,"Osteoarthritis Imaging",2772-6541,200,320,320,2,320,385,1.203125,1
POSI-J-025868,"Osteopathische Medizin",1615-9071,200,424,424,2,424,59,0.1391509433962264,1
POSI-J-005298,"Osteoporosis and Sarcopenia",2405-5255,200,224,224,2,224,662,2.955357142857143,1
POSI-J-025869,"Otolaryngologic Clinics of North America",0030-6665,200,564,564,2,564,1887,3.345744680851064,1
POSI-J-005132,"Otolaryngology Case Reports",2468-5488,200,314,314,2,314,221,0.7038216560509554,1
POSI-J-025870,"Oxymag",0990-1310,200,240,240,2,240,23,0.09583333333333334,1
POSI-J-025871,"Pacific-Basin Finance Journal",0927-538X,200,1115,1115,3,1115,13242,11.876233183856503,1
POSI-J-025872,"Paediatric Respiratory Reviews",1526-0542,200,192,192,2,192,791,4.119791666666667,1
POSI-J-025873,"Paediatrics and Child Health",1751-7222,200,327,327,2,327,487,1.489296636085627,1
POSI-J-025874,"Pain Management Nursing",1524-9042,200,847,847,2,847,3175,3.7485242030696577,1
POSI-J-025875,"Palaeogeography, Palaeoclimatology, Palaeoecology",0031-0182,200,1997,1997,3,1997,12500,6.259389083625438,1
POSI-J-025876,"Palaeoworld",1871-174X,200,373,373,2,373,1233,3.3056300268096517,1
POSI-J-025877,"Pancreatology",1424-3903,200,2411,2411,4,2411,5159,2.139776026545002,1
POSI-J-025878,"Papers in Regional Science",1056-8190,200,255,255,2,243,1799,7.403292181069959,1
POSI-J-025879,"Parallel Computing",0167-8191,200,144,144,2,144,862,5.986111111111111,1
POSI-J-007121,"Parasite Epidemiology and Control",2405-6731,200,215,215,2,215,1283,5.967441860465116,1
POSI-J-025880,"Parasitology International",1383-5769,200,509,509,2,509,2579,5.066797642436149,1
POSI-J-025881,"Parkinsonism & Related Disorders",1353-8020,200,2454,2454,4,2454,9576,3.902200488997555,1
POSI-J-003299,"Partial Differential Equations in Applied Mathematics",2666-8181,200,993,993,2,993,5654,5.693856998992951,1
POSI-J-025882,"Particuology",1674-2001,200,970,970,2,970,11853,12.219587628865979,1
POSI-J-025883,"Pathology",0031-3025,200,2126,2126,4,2126,3418,1.6077140169332078,1
POSI-J-025884,"Pathology - Research and Practice",0344-0338,200,2204,2204,4,2204,18084,8.20508166969147,1
POSI-J-025885,"Patient Education and Counseling",0738-3991,200,2189,2189,4,2189,13675,6.2471448149840105,1
POSI-J-025886,"Pattern Recognition",0031-3203,200,3252,3252,5,3252,79416,24.420664206642066,1
POSI-J-025887,"Pattern Recognition Letters",0167-8655,200,1256,1256,3,1256,12100,9.63375796178344,1
POSI-J-003941,"Patterns",2666-3899,200,579,579,2,579,14389,24.85146804835924,1
POSI-J-025888,"Peace and Sustainability",2950-6425,200,16,16,2,16,31,1.9375,1
POSI-J-025889,"PEC Global",3117-468X,200,1,1,2,1,0,0,1
POSI-J-007453,"PEC Innovation",2772-6282,200,439,439,2,439,2436,5.548974943052392,1
POSI-J-025890,"Pediatric Clinics of North America",0031-3955,200,506,506,2,506,1860,3.675889328063241,1
POSI-J-025891,"Pediatric Dental Journal",0917-2394,200,127,127,2,127,233,1.8346456692913387,1
POSI-J-025892,"Pediatric Gastroenterology & Hepatology Advances",3117-583X,404,0,0,0,0,0,,
POSI-J-001693,"Pediatric Hematology Oncology Journal",2468-1245,200,1279,1279,3,1279,441,0.344800625488663,1
POSI-J-025893,"Pediatric Neurology",0887-8994,200,1048,1048,3,1048,5116,4.8816793893129775,1
POSI-J-001870,"Pediatrics & Neonatology",1875-9572,200,607,607,2,607,2060,3.3937397034596377,1
POSI-J-025894,"Pedobiologia",0031-4056,200,177,177,2,177,853,4.8192090395480225,1
POSI-J-025895,"Pedosphere",1002-0160,200,473,473,2,473,6217,13.143763213530656,1
POSI-J-025896,"Perfectionnement en Pédiatrie",2588-932X,200,459,459,2,459,37,0.08061002178649238,1
POSI-J-025897,"Performance Enhancement & Health",2211-2669,200,158,158,2,158,862,5.455696202531645,1
POSI-J-025898,"Performance Evaluation",0166-5316,200,151,151,2,151,445,2.947019867549669,1
POSI-J-025899,"Periodontology Journal",3117-3683,200,0,0,1,0,0,,
POSI-J-025900,"Perioperative Care and Operating Room Management",2405-6030,200,357,357,2,357,571,1.5994397759103642,1
POSI-J-025901,"Personalized Medicine in Psychiatry",2468-1717,200,80,80,2,80,159,1.9875,1
POSI-J-025902,"Perspective of Higher Education",3117-7638,200,0,0,1,0,0,,
POSI-J-025903,"Perspectives in Architecture and Urbanism",2950-2675,200,35,35,2,35,15,0.42857142857142855,1
POSI-J-008177,"Perspectives in Ecology and Conservation",2530-0644,200,175,175,2,175,1244,7.1085714285714285,1
POSI-J-025904,"Perspectives in Plant Ecology, Evolution and Systematics",1433-8319,200,149,149,2,149,945,6.342281879194631,1
POSI-J-025905,"Perspectives in Vaccinology",2210-7622,200,0,0,1,0,0,,
POSI-J-025906,"Pervasive and Mobile Computing",1574-1192,200,310,310,2,310,2924,9.432258064516128,1
POSI-J-025907,"Pesticide Biochemistry and Physiology",0048-3575,200,1462,1462,3,1462,14943,10.220930232558139,1
POSI-J-025908,"PET Clinics",1556-8598,200,304,304,2,304,1318,4.3355263157894735,1
POSI-J-025909,"Petroleum",2405-6561,200,237,237,2,237,3087,13.025316455696203,1
POSI-J-001310,"Petroleum Exploration and Development",1876-3804,200,475,475,2,475,11101,23.370526315789473,1
POSI-J-006994,"Petroleum Research",2096-2495,200,251,251,2,251,1755,6.99203187250996,1
POSI-J-001487,"Petroleum Science",1995-8226,200,1233,1233,3,1233,19267,15.626115166261151,1
POSI-J-016957,"Pharmaceutical Science Advances",2773-2169,200,85,85,2,85,938,11.035294117647059,1
POSI-J-025910,"Le Pharmacien Hospitalier et Clinicien",2211-1042,200,0,0,1,0,0,,
POSI-J-025911,"Pharmacoeconomics and Policy",2950-2667,200,24,24,2,24,36,1.5,1
POSI-J-004797,"Pharmacological Research - Modern Chinese Medicine",2667-1425,200,675,675,2,675,4479,6.635555555555555,1
POSI-J-025912,"Pharmacological Research - Natural Products",2950-1997,200,445,445,2,445,770,1.7303370786516854,1
POSI-J-025913,"Pharmacological Research - Reports",2950-2004,200,70,70,2,70,88,1.2571428571428571,1
POSI-J-025914,"Pharmacological Reviews",0031-6997,200,241,241,2,241,8335,34.5850622406639,1
POSI-J-025915,"Pharmacology & Therapeutics",0163-7258,200,628,628,2,628,22806,36.31528662420382,1
POSI-J-025916,"PharmaNutrition",2213-4344,200,154,154,2,154,976,6.337662337662338,1
POSI-J-025917,"Pharma-X",3117-9770,404,0,0,0,0,0,,
POSI-J-004472,"Photoacoustics",2213-5979,200,443,443,2,443,8251,18.62528216704289,1
POSI-J-000845,"Photodiagnosis and Photodynamic Therapy",1572-1000,200,2568,2568,4,2568,13396,5.216510903426792,1
POSI-J-025918,"Photonics and Nanostructures - Fundamentals and Applications",1569-4410,200,362,362,2,362,2270,6.2707182320441985,1
POSI-J-025919,"Physica D: Nonlinear Phenomena",0167-2789,200,1404,1404,3,1404,8199,5.839743589743589,1
POSI-J-025920,"Physica E: Low-dimensional Systems and Nanostructures",1386-9477,200,1062,1062,3,1062,8109,7.635593220338983,1
POSI-J-025921,"Physica Medica",1120-1797,200,3457,3457,5,3457,5502,1.591553369973966,1
POSI-J-025922,"Physical Communication",1874-4907,200,1098,1098,3,1098,6342,5.775956284153006,1
POSI-J-025923,"Physical Medicine and Rehabilitation Clinics of North America",1047-9651,200,334,334,2,334,1361,4.074850299401198,1
POSI-J-025924,"Physical Therapy in Sport",1466-853X,200,469,469,2,469,2828,6.029850746268656,1
POSI-J-025925,"Physician Assistant Clinics",2405-7991,200,348,348,2,348,112,0.3218390804597701,1
POSI-J-025926,"Physics and Chemistry of the Earth, Parts A/B/C",1474-7065,200,985,985,2,985,9352,9.494416243654822,1
POSI-J-025927,"Physics of the Dark Universe",2212-6864,200,1159,1159,3,1159,15246,13.15444348576359,1
POSI-J-025928,"Physics of The Earth and Planetary Interiors",0031-9201,200,377,377,2,377,1578,4.185676392572944,1
POSI-J-003678,"Physics and Imaging in Radiation Oncology",2405-6316,200,583,583,2,583,2649,4.543739279588336,1
POSI-J-025929,"Physics of Life Reviews",1571-0645,200,556,556,2,556,3445,6.196043165467626,1
POSI-J-008864,"Physics Open",2666-0326,200,224,224,2,224,823,3.674107142857143,1
POSI-J-025930,"Physiological and Molecular Plant Pathology",0885-5765,200,1007,1007,3,1007,7707,7.653426017874876,1
POSI-J-025931,"Physiotherapy",0031-9406,200,1189,1189,3,1189,1704,1.4331370899915896,1
POSI-J-025932,"Phytochemistry Letters",1874-3900,200,1739,1739,3,1739,2588,1.4882116158711904,1
POSI-J-025933,"Phytomedicine",0944-7113,200,3707,3707,5,3707,72969,19.684111141084436,1
POSI-J-003771,"Phytomedicine Plus",2667-0313,200,753,753,2,753,5542,7.3598937583001325,1
POSI-J-025934,"Piel",0213-9251,200,763,763,2,763,77,0.10091743119266056,1
POSI-J-025935,"Placenta",0143-4004,200,2239,2239,4,2239,6128,2.7369361322018757,1
POSI-J-025936,"Planetary and Space Science",0032-0633,200,463,463,2,463,2036,4.397408207343412,1
POSI-J-003579,"Plant Communications",2590-3462,200,682,682,2,682,16970,24.882697947214076,1
POSI-J-025937,"Plant Diversity",2468-2659,200,308,308,2,308,4608,14.96103896103896,1
POSI-J-025938,"Plant Gene",2352-4073,200,204,204,2,204,896,4.392156862745098,1
POSI-J-010357,"Plant Nano Biology",2773-1111,200,211,211,2,211,3936,18.654028436018958,1
POSI-J-025939,"Plant Phenomics",2643-6515,200,333,333,2,333,5622,16.882882882882882,1
POSI-J-025940,"Plant Physiology and Biochemistry",0981-9428,200,3478,3478,5,3478,42725,12.284358826912019,1
POSI-J-025941,"Plant Research",3117-5821,200,0,0,1,0,0,,
POSI-J-025942,"Plant Science",0168-9452,200,1340,1340,3,1340,15611,11.65,1
POSI-J-002725,"Plant Stress",2667-064X,200,1071,1071,3,1071,16813,15.698412698412698,1
POSI-J-025943,"Plasmid",0147-619X,200,70,70,2,70,339,4.8428571428571425,1
POSI-J-025944,"Poetics",0304-422X,200,252,252,2,252,1301,5.162698412698413,1
POSI-J-025945,"Polar Science",1873-9652,200,264,264,2,264,979,3.7083333333333335,1
POSI-J-025946,"Political Geography",0962-6298,200,691,691,2,691,7744,11.206946454413893,1
POSI-J-025947,"Political Geography Open Research",2772-9990,200,8,8,2,8,30,3.75,1
POSI-J-025948,"Polymer Degradation and Stability",0141-3910,200,1607,1607,3,1607,29094,18.104542626011202,1
POSI-J-000776,"Polymer Testing",0142-9418,200,1347,1347,3,1347,20951,15.553823311061619,1
POSI-J-025949,"Postharvest Biology and Technology",0925-5214,200,1790,1790,3,1790,30338,16.948603351955306,1
POSI-J-015463,"Power Electronic Devices and Components",2772-3704,200,128,128,2,128,637,4.9765625,1
POSI-J-025950,"Power Grid Engineering Science",3117-762X,404,0,0,0,0,0,,
POSI-J-025951,"Power-to-X",3117-5872,200,0,0,1,0,0,,
POSI-J-006683,"Practical Laboratory Medicine",2352-5517,200,247,247,2,247,810,3.279352226720648,1
POSI-J-025952,"Practical Radiation Oncology",1879-8500,200,709,709,2,709,4379,6.176304654442878,1
POSI-J-025953,"Le Praticien en Anesthésie Réanimation",1279-7960,200,289,289,2,289,18,0.06228373702422145,1
POSI-J-025954,"Pratique Neurologique - FMC",1878-7762,200,248,248,2,248,15,0.06048387096774194,1
POSI-J-025955,"Pratiques Psychologiques",1269-1763,200,86,86,2,86,105,1.2209302325581395,1
POSI-J-025956,"Precambrian Research",0301-9268,200,1082,1082,3,1082,7892,7.293900184842884,1
POSI-J-025957,"Precision Engineering",0141-6359,200,868,868,2,868,9158,10.550691244239632,1
POSI-J-025958,"Precision Measurement",3050-6557,404,0,0,0,0,0,,
POSI-J-019397,"Precision Medication",2950-5232,200,34,34,2,34,44,1.2941176470588236,1
POSI-J-025959,"Precision Medicine and Engineering",2950-4821,200,49,49,2,49,296,6.040816326530612,1
POSI-J-025960,"Precision Pathology",3117-678X,200,0,0,1,0,0,,
POSI-J-025961,"Pregnancy Hypertension",2210-7789,200,673,673,2,673,2971,4.4145616641901935,1
POSI-J-025962,"La Presse Médicale",0755-4982,200,169,169,2,169,1381,8.171597633136095,1
POSI-J-025963,"Preventive Medicine",0091-7435,200,1199,1199,3,1199,11523,9.610508757297747,1
POSI-J-001250,"Preventive Medicine Reports",2211-3355,200,1610,1610,3,1610,9817,6.097515527950311,1
POSI-J-025964,"Preventive Veterinary Medicine",0167-5877,200,830,830,2,830,5453,6.569879518072289,1
POSI-J-025965,"Preventive Veterinary Medicine: Regional Studies and Reports",3051-3081,200,0,0,1,0,0,,
POSI-J-025966,"Primary Care: Clinics in Office Practice",0095-4543,200,318,318,2,318,2331,7.330188679245283,1
POSI-J-025967,"Primary Care Diabetes",1751-9918,200,499,499,2,499,2849,5.709418837675351,1
POSI-J-025968,"Probabilistic Engineering Mechanics",0266-8920,200,503,503,2,503,4471,8.888667992047713,1
POSI-J-025969,"Procedia CIRP",2212-8271,200,4307,4307,6,4307,21619,5.01950313443232,1
POSI-J-025970,"Procedia Structural Integrity",2452-3216,200,3132,3132,5,3132,8573,2.7372286079182633,1
POSI-J-025971,"Proceedings of the Combustion Institute",1540-7489,200,1338,1338,3,1338,12319,9.207025411061286,1
POSI-J-025972,"Proceedings of the Geologists’ Association",0016-7878,200,220,220,2,220,546,2.481818181818182,1
POSI-J-025973,"Process Biochemistry",1359-5113,200,1359,1359,3,1359,16077,11.830022075055188,1
POSI-J-025974,"Process Safety and Environmental Protection",0957-5820,200,4995,4995,6,4995,92564,18.53133133133133,1
POSI-J-025976,"Progrès en Urologie - FMC",1761-676X,200,1035,1035,3,1035,57,0.05507246376811594,1
POSI-J-025977,"Progress in Aerospace Sciences",0376-0421,200,182,182,2,182,7276,39.97802197802198,1
POSI-J-025978,"Progress in Biophysics and Molecular Biology",0079-6107,200,258,258,2,258,2833,10.98062015503876,1
POSI-J-025979,"Progress in Cardiovascular Diseases",0033-0620,200,490,490,2,490,6408,13.077551020408164,1
POSI-J-025980,"Progress in Crystal Growth and Characterization of Materials",0960-8974,200,47,47,2,47,267,5.680851063829787,1
POSI-J-006230,"Progress in Disaster Science",2590-0617,200,278,278,2,278,2859,10.284172661870503,1
POSI-J-025981,"Progress in Economic Geography",2949-6942,200,52,52,2,52,332,6.384615384615385,1
POSI-J-025982,"Progress in Energy and Combustion Science",0360-1285,200,141,141,2,141,13906,98.62411347517731,1
POSI-J-025983,"Progress in Engineering Science",2950-4252,200,180,180,2,180,890,4.944444444444445,1
POSI-J-025984,"Progress in Lipid Research",0163-7827,200,125,125,2,125,5545,44.36,1
POSI-J-025985,"Progress in Materials Science",0079-6425,200,458,458,2,458,45756,99.90393013100437,1
POSI-J-025986,"Progress in Natural Science: Materials International",1002-0071,200,447,447,2,447,6825,15.268456375838927,1
POSI-J-025987,"Progress in Neuro-Psychopharmacology and Biological Psychiatry",0278-5846,200,983,983,2,983,9573,9.73855544252289,1
POSI-J-025988,"Progress in Neurobiology",0301-0082,200,383,383,2,383,6406,16.72584856396867,1
POSI-J-025989,"Progress in Nuclear Energy",0149-1970,200,1575,1575,3,1575,13965,8.866666666666667,1
POSI-J-025990,"Progress in Nuclear Magnetic Resonance Spectroscopy",0079-6565,200,61,61,2,61,1141,18.704918032786885,1
POSI-J-025991,"Progress in Oceanography",0079-6611,200,615,615,2,615,5619,9.136585365853659,1
POSI-J-025992,"Progress in Optoelectronics and Communications",3104-8498,404,0,0,0,0,0,,
POSI-J-025993,"Progress in Organic Coatings",0300-9440,200,2726,2726,4,2726,28369,10.406823184152605,1
POSI-J-025994,"Progress in Particle and Nuclear Physics",0146-6410,200,129,129,2,129,5075,39.34108527131783,1
POSI-J-025995,"Progress in Pediatric Cardiology",1058-9813,200,338,338,2,338,379,1.121301775147929,1
POSI-J-025996,"Progress in Planning",0305-9006,200,97,97,2,97,919,9.474226804123711,1
POSI-J-025997,"Progress in Polymer Science",0079-6700,200,240,240,2,240,13551,56.4625,1
POSI-J-025998,"Progress in Quantum Electronics",0079-6727,200,87,87,2,87,1654,19.011494252873565,1
POSI-J-025999,"Progress in Retinal and Eye Research",1350-9462,200,240,240,2,240,9372,39.05,1
POSI-J-026000,"Progress in Solid State Chemistry",0079-6786,200,97,97,2,97,1506,15.525773195876289,1
POSI-J-026001,"Progress in Surface Science",0079-6816,200,48,48,2,48,469,9.770833333333334,1
POSI-J-012829,"Project Leadership and Society",2666-7215,200,158,158,2,158,1904,12.050632911392405,1
POSI-J-007858,"Propulsion and Power Research",2212-540X,200,148,148,2,148,2299,15.533783783783784,1
POSI-J-026002,"Prostaglandins, Leukotrienes and Essential Fatty Acids",0952-3278,200,194,194,2,194,1299,6.695876288659794,1
POSI-J-026003,"Prostaglandins & Other Lipid Mediators",1098-8823,200,263,263,2,263,1618,6.152091254752852,1
POSI-J-007255,"Prostate International",2287-8882,200,152,152,2,152,1154,7.592105263157895,1
POSI-J-026004,"Protein Expression and Purification",1046-5928,200,524,524,2,524,2034,3.881679389312977,1
POSI-J-026005,"Protist",1434-4610,200,147,147,2,147,647,4.401360544217687,1
POSI-J-026006,"Psiquiatría Biológica",1134-5934,200,374,374,2,374,46,0.12299465240641712,1
POSI-J-026007,"Psychedelics",2950-4848,200,6,6,2,6,2,0.3333333333333333,1
POSI-J-026008,"Psychiatric Clinics of North America",0193-953X,200,308,308,2,308,1909,6.1980519480519485,1
POSI-J-026009,"Psychiatry Research Case Reports",2773-0212,200,288,288,2,288,231,0.8020833333333334,1
POSI-J-011459,"Psychiatry Research Communications",2772-5987,200,224,224,2,224,1034,4.616071428571429,1
POSI-J-026010,"Psychiatry Research: Neuroimaging",0925-4927,200,440,440,2,440,2485,5.6477272727272725,1
POSI-J-026011,"Psychologie Française",0033-2984,200,121,121,2,121,171,1.4132231404958677,1
POSI-J-026012,"Psychologie du Travail et des Organisations",1420-2530,200,103,103,2,103,116,1.1262135922330097,1
POSI-J-026013,"Psychology of Sport and Exercise",1469-0292,200,732,732,2,732,7468,10.202185792349727,1
POSI-J-026014,"Psychoneuroendocrinology",0306-4530,200,1464,1464,3,1464,9288,6.344262295081967,1
POSI-J-004606,"Public Health in Practice",2666-5352,200,455,455,2,455,2204,4.843956043956044,1
POSI-J-026015,"Public Relations Review",0363-8111,200,379,379,2,379,4355,11.490765171503957,1
POSI-J-026016,"Pulmonary Function Diagnostics",3051-276X,200,0,0,1,0,0,,
POSI-J-026017,"Pulmonary Pharmacology & Therapeutics",1094-5539,200,176,176,2,176,1245,7.073863636363637,1
POSI-J-026018,"Pulmonology",2531-0437,200,498,498,2,498,3277,6.580321285140562,1
POSI-J-026019,"Pulsed Power",3117-5716,200,0,0,1,0,0,,
POSI-J-014769,"Qualitative Research in Medicine & Healthcare",2532-2044,200,67,67,2,67,153,2.283582089552239,1
POSI-J-026020,"Quantum Computing and Engineering Applications",3117-9045,404,0,0,0,0,0,,
POSI-J-026021,"Quantum Review Letters",3050-4910,200,5,5,2,5,7,1.4,1
POSI-J-026022,"The Quarterly Review of Economics and Finance",1062-9769,200,512,512,2,512,4866,9.50390625,1
POSI-J-017229,"Quaternary Environments and Humans",2950-2365,200,89,89,2,89,170,1.9101123595505618,1
POSI-J-026023,"Quaternary Geochronology",1871-1014,200,324,324,2,324,1966,6.067901234567901,1
POSI-J-026024,"Quaternary International",1040-6182,200,1086,1086,3,1086,5470,5.036832412523021,1
POSI-J-010436,"Quaternary Science Advances",2666-0334,200,246,246,2,246,1468,5.967479674796748,1
POSI-J-026025,"Quaternary Science Reviews",0277-3791,200,1736,1736,3,1736,13988,8.057603686635945,1
POSI-J-026026,"Radiation Measurements",1350-4487,200,589,589,2,589,2525,4.286926994906621,1
POSI-J-000462,"Radiation Medicine and Protection",2666-5557,200,166,166,2,166,544,3.2771084337349397,1
POSI-J-026027,"Radiography",1078-8174,200,1154,1154,3,1154,6036,5.23050259965338,1
POSI-J-026028,"Radiología",0033-8338,200,421,421,2,421,395,0.9382422802850356,1
POSI-J-026029,"Radiología (English Edition)",2173-5107,200,368,368,2,368,783,2.1277173913043477,1
POSI-J-026030,"Radiologic Clinics of North America",0033-8389,200,461,461,2,461,1698,3.683297180043384,1
POSI-J-000759,"Radiology Case Reports",1930-0433,200,4589,4589,6,4589,8532,1.859228590106777,1
POSI-J-026031,"Radiotherapy and Oncology",0167-8140,200,12700,12700,14,12700,20121,1.5843307086614173,1
POSI-J-026032,"Rangeland Ecology & Management",1550-7424,200,514,514,2,514,2911,5.663424124513619,1
POSI-J-026033,"Rangelands",0190-0528,200,162,162,2,162,945,5.833333333333333,1
POSI-J-015856,"Rare",2950-0087,200,107,107,2,107,190,1.7757009345794392,1
POSI-J-026034,"Reactive and Functional Polymers",1381-5148,200,1110,1110,3,1110,12901,11.622522522522523,1
POSI-J-026035,"REC: CardioClinics",2605-1532,200,489,489,2,489,187,0.3824130879345603,1
POSI-J-000387,"Redox Biochemistry and Chemistry",2773-1766,200,61,61,2,61,307,5.032786885245901,1
POSI-J-001083,"Redox Biology",2213-2317,200,1705,1705,3,1705,54472,31.948387096774194,1
POSI-J-026036,"Redox in Muscle Physiology, Exercise, and Sport",2772-6231,200,2,2,2,2,8,4,1
POSI-J-003326,"Regenerative Therapy",2352-3204,200,662,662,2,662,5566,8.407854984894259,1
POSI-J-018507,"Regenesis Repair Rehabilitation",2950-5755,200,42,42,2,42,56,1.3333333333333333,1
POSI-J-003236,"Regional Science Policy & Practice",1757-7802,200,529,529,2,512,3401,6.642578125,1
POSI-J-026037,"Regional Science and Urban Economics",0166-0462,200,284,284,2,284,2569,9.045774647887324,1
POSI-J-026038,"Regional Studies in Marine Science",2352-4855,200,2227,2227,4,2227,6550,2.9411764705882355,1
POSI-J-026039,"Regional Sustainability",2666-660X,200,148,148,2,148,1488,10.054054054054054,1
POSI-J-026040,"Regulatory Toxicology and Pharmacology",0273-2300,200,630,630,2,630,6039,9.585714285714285,1
POSI-J-026041,"Rehabilitación",0048-7120,200,228,228,2,228,280,1.2280701754385965,1
POSI-J-026042,"Reliability Engineering & System Safety",0951-8320,200,2896,2896,4,2896,92647,31.991367403314918,1
POSI-J-026043,"Remote Sensing Applications: Society and Environment",2352-9385,200,1145,1145,3,1145,6134,5.357205240174673,1
POSI-J-026044,"Remote Sensing of Environment",0034-4257,200,1861,1861,3,1861,58551,31.46211714132187,1
POSI-J-026045,"Renewable Energy Focus",1755-0084,200,366,366,2,366,8289,22.647540983606557,1
POSI-J-026046,"Renewable Energy System and Equipment",2950-208X,200,10,10,2,10,39,3.9,1
POSI-J-026047,"Renewable and Sustainable Energy Reviews",1364-0321,200,3774,3774,5,3774,191695,50.79358770535241,1
POSI-J-015376,"Renewable and Sustainable Energy Transition",2667-095X,200,109,109,2,109,913,8.376146788990825,1
POSI-J-026048,"Reports on Mathematical Physics",0034-4877,200,196,196,2,196,490,2.5,1
POSI-J-014470,"Reproduction and Breeding",2667-0712,200,124,124,2,124,615,4.959677419354839,1
POSI-J-026049,"Reproductive Biology",1642-431X,200,356,356,2,356,2100,5.898876404494382,1
POSI-J-026050,"Reproductive BioMedicine Online",1472-6483,200,1615,1615,3,1615,9391,5.814860681114551,1
POSI-J-026051,"Reproductive Toxicology",0890-6238,200,707,707,2,707,5089,7.198019801980198,1
POSI-J-026052,"Research in Autism",3050-6565,200,155,155,2,155,241,1.5548387096774194,1
POSI-J-026054,"Research in Cold and Arid Regions",2097-1583,200,148,148,2,148,423,2.858108108108108,1
POSI-J-026055,"Research in Developmental Disabilities",0891-4222,200,718,718,2,718,4949,6.892757660167131,1
POSI-J-019041,"Research in Diagnostic and Interventional Imaging",2772-6525,200,55,55,2,55,73,1.3272727272727274,1
POSI-J-026056,"Research in Economics",1090-9443,200,187,187,2,187,635,3.3957219251336896,1
POSI-J-009220,"Research in Globalization",2590-051X,200,253,253,2,253,2720,10.75098814229249,1
POSI-J-026057,"Research in Neurodiversity",3050-5798,200,11,11,2,11,9,0.8181818181818182,1
POSI-J-026058,"Research in Inclusive Education",3117-8944,404,0,0,0,0,0,,
POSI-J-026059,"Research in International Business and Finance",0275-5319,200,1428,1428,3,1428,25532,17.87955182072829,1
POSI-J-026060,"Research Methods in Applied Linguistics",2772-7661,200,278,278,2,278,5356,19.26618705035971,1
POSI-J-026061,"Research in Microbiology",0923-2508,200,246,246,2,246,2292,9.317073170731707,1
POSI-J-026062,"Research in Organizational Behavior",0191-3085,200,47,47,2,47,298,6.340425531914893,1
POSI-J-026063,"Research Policy",0048-7333,200,706,706,2,706,20000,28.328611898016998,1
POSI-J-001102,"Research and Practice in Thrombosis and Haemostasis",2475-0379,200,3218,3218,5,3208,7798,2.430798004987531,1
POSI-J-026064,"Research in Social and Administrative Pharmacy",1551-7411,200,1256,1256,3,1256,6823,5.432324840764331,1
POSI-J-026065,"Research in Social Stratification and Mobility",0276-5624,200,274,274,2,274,1305,4.762773722627737,1
POSI-J-026066,"Research in Transportation Business & Management",2210-5395,200,668,668,2,668,5061,7.576347305389222,1
POSI-J-026067,"Research in Transportation Economics",0739-8859,200,374,374,2,374,3351,8.959893048128341,1
POSI-J-026068,"Research in Veterinary Science",0034-5288,200,1256,1256,3,1256,6036,4.805732484076433,1
POSI-J-014819,"Resilient Cities and Structures",2772-7416,200,134,134,2,134,1717,12.813432835820896,1
POSI-J-026069,"Resource and Energy Economics",0928-7655,200,156,156,2,156,1367,8.762820512820513,1
POSI-J-013244,"Resources Chemicals and Materials",2772-4433,200,160,160,2,160,998,6.2375,1
POSI-J-026070,"Resources, Conservation and Recycling",0921-3449,200,2256,2256,4,2256,70176,31.106382978723403,1
POSI-J-010543,"Resources, Conservation & Recycling Advances",2667-3789,200,228,228,2,228,2691,11.802631578947368,1
POSI-J-019589,"Resources, Conservation & Recycling: X",2590-289X,200,0,0,1,0,0,,
POSI-J-009859,"Resources, Environment and Sustainability",2666-9161,200,218,218,2,218,2031,9.31651376146789,1
POSI-J-026071,"Respiratory Investigation",2212-5345,200,640,640,2,640,3039,4.7484375,1
POSI-J-026072,"Respiratory Medicine",0954-6111,200,1370,1370,3,1370,8893,6.491240875912409,1
POSI-J-001658,"Respiratory Medicine Case Reports",2213-0071,200,773,773,2,773,871,1.1267787839586028,1
POSI-J-026073,"Respiratory Medicine and Research",2590-0412,200,319,319,2,319,505,1.5830721003134796,1
POSI-J-026074,"Respiratory Physiology & Neurobiology",1569-9048,200,432,432,2,432,1959,4.534722222222222,1
POSI-J-006632,"Results in Applied Mathematics",2590-0374,200,373,373,2,373,1010,2.707774798927614,1
POSI-J-001243,"Results in Chemistry",2211-7156,200,2629,2629,4,2629,26546,10.097375427919362,1
POSI-J-005617,"Results in Control and Optimization",2666-7207,200,503,503,2,503,3639,7.2345924453280315,1
POSI-J-014825,"Results in Earth Sciences",2211-7148,200,140,140,2,140,666,4.757142857142857,1
POSI-J-000659,"Results in Engineering",2590-1230,200,7999,7999,9,7999,104965,13.122265283160395,1
POSI-J-026075,"Results in Geochemistry",2666-2779,200,10,10,2,10,88,8.8,1
POSI-J-026076,"Results in Geophysical Sciences",2666-8289,200,29,29,2,29,284,9.793103448275861,1
POSI-J-003918,"Results in Materials",2590-048X,200,584,584,2,584,3722,6.373287671232877,1
POSI-J-003709,"Results in Optics",2666-9501,200,711,711,2,711,5763,8.10548523206751,1
POSI-J-000769,"Results in Physics",2211-3797,200,3165,3165,5,3165,32813,10.367456556082148,1
POSI-J-004546,"Results in Surfaces and Interfaces",2666-8459,200,619,619,2,619,4489,7.252019386106624,1
POSI-J-002849,"Resuscitation Plus",2666-5204,200,951,951,2,951,4964,5.219768664563618,1
POSI-J-026077,"Reumatología Clínica",1699-258X,200,449,449,2,449,917,2.0423162583518932,1
POSI-J-026078,"Reumatología Clínica (English Edition)",2173-5743,200,419,419,2,419,413,0.9856801909307876,1
POSI-J-026079,"Review of Economic Dynamics",1094-2025,200,234,234,2,234,1987,8.491452991452991,1
POSI-J-015590,"Review of Materials Research",3050-9130,200,78,78,2,78,263,3.371794871794872,1
POSI-J-026080,"Review of Palaeobotany and Palynology",0034-6667,200,566,566,2,566,2399,4.238515901060071,1
POSI-J-026081,"Reviews in Physics",2405-4283,200,46,46,2,46,664,14.434782608695652,1
POSI-J-004013,"Revista Argentina de Microbiología",0325-7541,200,222,222,2,222,556,2.5045045045045047,1
POSI-J-026082,"Revista Científica de la Sociedad de Enfermería Neurológica (English ed.)",2530-299X,200,56,56,2,56,21,0.375,1
POSI-J-026083,"Revista Científica de la Sociedad Española de Enfermería Neurológica",2013-5246,200,62,62,2,62,21,0.3387096774193548,1
POSI-J-026084,"Revista Clínica Española",0014-2565,200,3595,3595,5,3595,991,0.2756606397774687,1
POSI-J-026085,"Revista Clínica Española (English Edition)",2254-8874,200,394,394,2,394,510,1.2944162436548223,1
POSI-J-007207,"Revista Colombiana de Ortopedia y Traumatología",0120-8845,200,56,56,2,56,22,0.39285714285714285,1
POSI-J-026086,"Revista Colombiana de Psiquiatría",0034-7450,200,351,351,2,351,533,1.5185185185185186,1
POSI-J-026087,"Revista Colombiana de Psiquiatría (English ed.)",2530-3120,200,189,189,2,189,144,0.7619047619047619,1
POSI-J-026088,"Revista Colombiana de Reumatología",0121-8123,200,320,320,2,320,145,0.453125,1
POSI-J-026089,"Revista Colombiana de Reumatología (English Edition)",2444-4405,200,287,287,2,287,61,0.21254355400696864,1
POSI-J-004179,"Revista de Investigación Clínica",0034-8376,200,138,138,2,138,295,2.13768115942029,1
POSI-J-026090,"Revista Española de Anestesiología y Reanimación",0034-9356,200,466,466,2,466,536,1.150214592274678,1
POSI-J-026091,"Revista Española de Anestesiología y Reanimación (English Edition)",2341-1929,200,461,461,2,461,337,0.7310195227765727,1
POSI-J-026092,"Revista Española de Cardiología",0300-8932,200,4111,4111,6,4111,2682,0.652396010702992,1
POSI-J-026093,"Revista Española de Cardiología (English Edition)",1885-5857,200,831,831,2,831,1356,1.6317689530685922,1
POSI-J-026094,"Revista Española de Cardiología Suplementos",1131-3587,200,20,20,2,20,10,0.5,1
POSI-J-001233,"Revista Española de Cirugía Ortopédica y Traumatología",1888-4415,200,632,632,2,632,399,0.6313291139240507,1
POSI-J-026095,"Revista Española de Geriatría y Gerontología",0211-139X,200,351,351,2,351,478,1.3618233618233617,1
POSI-J-026096,"Revista Española de Medicina Legal",0377-4732,200,116,116,2,116,55,0.47413793103448276,1
POSI-J-026097,"Revista Española de Medicina Nuclear e Imagen Molecular",2253-654X,200,645,645,2,645,31,0.04806201550387597,1
POSI-J-026098,"Revista Española de Medicina Nuclear e Imagen Molecular (English Edition)",2253-8089,200,361,361,2,361,176,0.48753462603878117,1
POSI-J-026099,"Revista Española de Patología",1699-8855,200,213,213,2,213,159,0.7464788732394366,1
POSI-J-002989,"Revista de Gastroenterología de México",0375-0906,200,476,476,2,476,187,0.39285714285714285,1
POSI-J-003780,"Revista de Gastroenterología de México (English Edition)",2255-534X,200,379,379,2,379,374,0.9868073878627969,1
POSI-J-026100,"Revista Iberoamericana de Micología",1130-1406,200,62,62,2,62,253,4.080645161290323,1
POSI-J-026101,"Revista Internacional de Andrología",1698-031X,200,154,154,2,154,205,1.3311688311688312,1
POSI-J-026102,"Revista de Logopedia, Foniatría y Audiología",0214-4603,200,224,224,2,224,142,0.6339285714285714,1
POSI-J-001976,"Revista Médica Clínica Las Condes",0716-8640,200,298,298,2,298,390,1.308724832214765,1
POSI-J-001572,"Revista Portuguesa de Cardiologia",0870-2551,200,709,709,2,709,1655,2.3342736248236955,1
POSI-J-001165,"Revista Portuguesa de Pneumologia",0873-2159,200,0,0,1,0,0,,
POSI-J-026103,"Revista de Psicodidáctica",1136-1034,200,80,80,2,80,399,4.9875,1
POSI-J-026104,"Revista de Psicodidáctica (English ed.)",2530-3805,200,80,80,2,80,481,6.0125,1
POSI-J-026106,"Revista de Senología y Patología Mamaria",0214-1582,200,260,260,2,260,74,0.2846153846153846,1
POSI-J-026107,"Revue de Chirurgie Orthopédique et Traumatologique",1877-0517,200,1111,1111,3,1111,60,0.054005400540054004,1
POSI-J-026108,"Revue d'Épidémiologie et de Santé Publique",0398-7620,200,1336,1336,3,1336,564,0.4221556886227545,1
POSI-J-026109,"Revue Européenne de Psychologie Appliquée",1162-9088,200,164,164,2,164,550,3.3536585365853657,1
POSI-J-026110,"Revue Française d’Allergologie",1877-0320,200,1449,1449,3,1449,387,0.2670807453416149,1
POSI-J-026111,"Revue Francophone Internationale de Recherche Infirmière",2352-8028,200,125,125,2,125,20,0.16,1
POSI-J-026112,"Revue Francophone des Laboratoires",1773-035X,200,1200,1200,3,1200,182,0.15166666666666667,1
POSI-J-026113,"Revue Francophone d'Orthoptie",1876-2204,200,229,229,2,229,9,0.039301310043668124,1
POSI-J-026114,"Revue des Maladies Respiratoires",0761-8425,200,734,734,2,734,459,0.6253405994550408,1
POSI-J-026115,"Revue des Maladies Respiratoires Actualités",1877-1203,200,2853,2853,4,2853,94,0.03294777427269541,1
POSI-J-026116,"La Revue de Médecine Interne",0248-8663,200,3944,3944,5,3944,1099,0.27865111561866124,1
POSI-J-026117,"La Revue de Médecine Légale",1878-6529,200,66,66,2,66,15,0.22727272727272727,1
POSI-J-026118,"Revue de Micropaléontologie",0035-1598,200,100,100,2,100,184,1.84,1
POSI-J-026119,"Revue Neurologique",0035-3787,200,2301,2301,4,2301,3188,1.38548457192525,1
POSI-J-026120,"Revue du Rhumatisme",1169-8330,200,2572,2572,4,2572,159,0.06181959564541213,1
POSI-J-026121,"Revue du Rhumatisme Monographies",1878-6227,200,58,58,2,58,7,0.1206896551724138,1
POSI-J-026122,"Revue Vétérinaire Clinique",2214-5672,200,178,178,2,178,27,0.15168539325842698,1
POSI-J-026123,"Rheumatic Disease Clinics of North America",0889-857X,200,321,321,2,321,1426,4.442367601246106,1
POSI-J-026124,"Rhizosphere",2452-2198,200,742,742,2,742,6894,9.2911051212938,1
POSI-J-003576,"Rice Science",1672-6308,200,270,270,2,270,3316,12.281481481481482,1
POSI-J-019490,"Risk Sciences",2950-6298,200,27,27,2,27,97,3.5925925925925926,1
POSI-J-026125,"Robotics and Autonomous Systems",0921-8890,200,843,843,2,843,12576,14.91814946619217,1
POSI-J-026126,"Robotics and Computer-Integrated Manufacturing",0736-5845,200,678,678,2,678,24457,36.07227138643068,1
POSI-J-012968,"Rock Mechanics Bulletin",2773-2304,200,132,132,2,132,1962,14.863636363636363,1
POSI-J-026127,"Russian Literature",0304-3479,200,101,101,2,101,48,0.4752475247524752,1
POSI-J-001940,"Safety and Health at Work",2093-7911,200,1319,1319,3,1319,2434,1.8453373768006065,1
POSI-J-026128,"Safety Science",0925-7535,200,1196,1196,3,1196,22140,18.51170568561873,1
POSI-J-026129,"Safety Science Reports",3117-7018,404,0,0,0,0,0,,
POSI-J-026130,"Sages-Femmes",1637-4088,200,444,444,2,444,111,0.25,1
POSI-J-026131,"Santé mentale et Droit",2772-9710,200,821,821,2,821,16,0.0194884287454324,1
POSI-J-002642,"The Saudi Dental Journal",1013-9052,200,607,607,2,607,3817,6.28830313014827,1
POSI-J-026132,"Saudi Journal of Biological Sciences",1319-562X,200,1020,1020,3,1020,17368,17.027450980392157,1
POSI-J-001782,"Saudi Pharmaceutical Journal",1319-0164,200,819,819,2,819,8510,10.390720390720391,1
POSI-J-026133,"Scandinavian Journal of Management",0956-5221,200,157,157,2,157,916,5.834394904458598,1
POSI-J-000382,"Schizophrenia Research: Cognition",2215-0013,200,172,172,2,172,934,5.430232558139535,1
POSI-J-026134,"Science Bulletin",2095-9273,200,2057,2057,4,2057,45766,22.248906174039863,1
POSI-J-026135,"Science of Computer Programming",0167-6423,200,386,386,2,386,1624,4.2072538860103625,1
POSI-J-026136,"Science & Justice",1355-0306,200,419,419,2,419,2351,5.610978520286396,1
POSI-J-016053,"Science in One Health",2949-7043,200,106,106,2,106,1568,14.79245283018868,1
POSI-J-007893,"Science of Remote Sensing",2666-0172,200,300,300,2,300,2533,8.443333333333333,1
POSI-J-026137,"Science & Sports",0765-1597,200,442,442,2,442,1059,2.3959276018099547,1
POSI-J-026138,"Science Talks",2772-5693,200,484,484,2,484,849,1.7541322314049588,1
POSI-J-000302,"Scientific African",2468-2276,200,1974,1974,3,1974,11198,5.672745694022289,1
POSI-J-026139,"Scripta Materialia",1359-6462,200,2078,2078,4,2078,32236,15.512993262752646,1
POSI-J-026140,"Sedimentary Geology",0037-0738,200,536,536,2,536,3406,6.354477611940299,1
POSI-J-026141,"Seizure",1059-1311,200,1048,1048,3,1048,6844,6.530534351145038,1
POSI-J-026142,"Seminars in Arthritis and Rheumatism",0049-0172,200,898,898,2,898,7593,8.455456570155903,1
POSI-J-026143,"Seminars in Cancer Biology",1044-579X,200,679,679,2,679,31900,46.98085419734904,1
POSI-J-026144,"Seminars in Cell & Developmental Biology",1084-9521,200,635,635,2,635,12204,19.218897637795276,1
POSI-J-026145,"Seminars in Colon and Rectal Surgery",1043-1489,200,156,156,2,156,246,1.5769230769230769,1
POSI-J-026146,"Seminars in Diagnostic Pathology",0740-2570,200,278,278,2,278,1726,6.2086330935251794,1
POSI-J-026147,"Seminars in Fetal and Neonatal Medicine",1744-165X,200,217,217,2,217,1497,6.8986175115207375,1
POSI-J-026148,"Seminars in Hematology",0037-1963,200,221,221,2,221,1847,8.357466063348417,1
POSI-J-026149,"Seminars in Immunology",1044-5323,200,232,232,2,232,5311,22.892241379310345,1
POSI-J-026150,"Seminars in Arthroplasty: JSES",1045-4527,200,482,482,2,482,1088,2.2572614107883817,1
POSI-J-026151,"Seminars in Nephrology",0270-9295,200,294,294,2,294,1991,6.772108843537415,1
POSI-J-026152,"Seminars in Nuclear Medicine",0001-2998,200,322,322,2,322,5344,16.596273291925467,1
POSI-J-026153,"Seminars in Oncology",0093-7754,200,232,232,2,232,1356,5.844827586206897,1
POSI-J-026154,"Seminars in Oncology Nursing",0749-2081,200,496,496,2,496,2647,5.336693548387097,1
POSI-J-026155,"Seminars in Orthodontics",1073-8746,200,342,342,2,342,1234,3.608187134502924,1
POSI-J-026156,"Seminars in Pediatric Neurology",1071-9091,200,158,158,2,158,986,6.2405063291139244,1
POSI-J-026157,"Seminars in Pediatric Surgery",1055-8586,200,276,276,2,276,1512,5.478260869565218,1
POSI-J-026158,"Seminars in Perinatology",0146-0005,200,411,411,2,411,2556,6.218978102189781,1
POSI-J-026159,"Seminars in Radiation Oncology",1053-4296,200,205,205,2,205,1924,9.385365853658536,1
POSI-J-026160,"Seminars in Roentgenology",0037-198X,200,182,182,2,182,450,2.4725274725274726,1
POSI-J-026161,"Seminars in Spine Surgery",1040-7383,200,182,182,2,182,198,1.0879120879120878,1
POSI-J-026162,"Seminars in Thoracic and Cardiovascular Surgery",1043-0679,200,632,632,2,632,2309,3.653481012658228,1
POSI-J-026163,"Seminars in Thoracic and Cardiovascular Surgery: Pediatric Cardiac Surgery Annual",1092-9126,200,63,63,2,63,218,3.4603174603174605,1
POSI-J-026164,"Seminars in Ultrasound, CT and MRI",0887-2171,200,192,192,2,192,993,5.171875,1
POSI-J-026165,"Seminars in Vascular Surgery",0895-7967,200,223,223,2,223,1495,6.7040358744394615,1
POSI-J-003713,"Sensing and Bio-Sensing Research",2214-1804,200,448,448,2,448,3338,7.450892857142857,1
POSI-J-026166,"Sensors and Actuators A: Physical",0924-4247,200,3520,3520,5,3520,40036,11.373863636363636,1
POSI-J-007582,"Sensors and Actuators Reports",2666-0539,200,332,332,2,332,3625,10.918674698795181,1
POSI-J-009933,"Sensors International",2666-3511,200,173,173,2,173,3879,22.421965317919074,1
POSI-J-003551,"Sexual Medicine",2050-1161,200,390,390,2,390,1585,4.064102564102564,1
POSI-J-026167,"Sexual Medicine Reviews",2050-0521,200,298,298,2,298,2440,8.187919463087248,1
POSI-J-003523,"Sexual & Reproductive Healthcare",1877-5756,200,390,390,2,390,1840,4.717948717948718,1
POSI-J-026168,"She Ji: The Journal of Design, Economics, and Innovation",2405-8726,200,129,129,2,129,365,2.8294573643410854,1
POSI-J-026169,"Signal Processing",0165-1684,200,1441,1441,3,1441,15038,10.435808466342818,1
POSI-J-026170,"Signal Processing: Image Communication",0923-5965,200,493,493,2,493,3565,7.231237322515213,1
POSI-J-007784,"In Silico Research in Biomedicine",3050-7871,200,146,146,2,146,314,2.1506849315068495,1
POSI-J-026171,"Simulation Modelling Practice and Theory",1569-190X,200,575,575,2,575,6656,11.575652173913044,1
POSI-J-001383,"SLAS Discovery",2472-5552,200,266,266,2,266,2018,7.586466165413534,1
POSI-J-003340,"SLAS Technology",2472-6303,200,352,352,2,352,2649,7.525568181818182,1
POSI-J-026172,"Slavic Literatures",2950-3965,200,81,81,2,81,5,0.06172839506172839,1
POSI-J-015570,"Sleep Epidemiology",2667-3436,200,103,103,2,103,580,5.631067961165049,1
POSI-J-026173,"Sleep Health",2352-7218,200,570,570,2,570,4563,8.005263157894737,1
POSI-J-026174,"Sleep Medicine Clinics",1556-407X,200,306,306,2,306,2884,9.42483660130719,1
POSI-J-026175,"Sleep Medicine Reviews",1087-0792,200,480,480,2,480,12169,25.352083333333333,1
POSI-J-014108,"Sleep Medicine: X",2590-1427,200,118,118,2,118,574,4.864406779661017,1
POSI-J-026176,"Small Ruminant Research",0921-4488,200,770,770,2,770,3131,4.066233766233767,1
POSI-J-001779,"Smart Agricultural Technology",2772-3755,200,1610,1610,3,1610,17241,10.708695652173914,1
POSI-J-026177,"Smart Civil Infrastructures",3117-5260,404,0,0,0,0,0,,
POSI-J-009827,"Smart Energy",2666-9552,200,148,148,2,148,2015,13.614864864864865,1
POSI-J-026178,"Smart Health",2352-6483,200,258,258,2,258,2438,9.449612403100776,1
POSI-J-017097,"Smart Materials in Manufacturing",2772-8102,200,73,73,2,73,745,10.205479452054794,1
POSI-J-012603,"Smart Materials in Medicine",2590-1834,200,155,155,2,155,2528,16.309677419354838,1
POSI-J-026179,"Smart Power & Energy Security",2949-8414,200,20,20,2,20,58,2.9,1
POSI-J-026180,"Smart Underground Engineering",3050-614X,200,13,13,2,13,87,6.6923076923076925,1
POSI-J-013156,"Social and Emotional Learning: Research, Practice, and Policy",2773-2339,200,165,165,2,165,555,3.3636363636363638,1
POSI-J-026181,"Social Networks",0378-8733,200,300,300,2,300,2506,8.353333333333333,1
POSI-J-026182,"Social Science Research",0049-089X,200,410,410,2,410,3363,8.202439024390245,1
POSI-J-001381,"Social Sciences & Humanities Open",2590-2911,200,2049,2049,4,2049,11361,5.544655929721816,1
POSI-J-013546,"Societal Impacts",2949-6977,200,156,156,2,156,491,3.1474358974358974,1
POSI-J-026183,"Socio-Economic Planning Sciences",0038-0121,200,1050,1050,3,1050,16143,15.374285714285714,1
POSI-J-020082,"Soft Computing Letters",2666-2221,200,0,0,1,0,0,,
POSI-J-026184,"Software Engineering Nexus",3117-9002,404,0,0,0,0,0,,
POSI-J-026185,"Software Impacts",2665-9638,200,496,496,2,496,2496,5.032258064516129,1
POSI-J-001717,"SoftwareX",2352-7110,200,1384,1384,3,1384,8048,5.815028901734104,1
POSI-J-016264,"Soil Advances",2950-2896,200,90,90,2,90,324,3.6,1
POSI-J-026186,"Soil Dynamics and Earthquake Engineering",0267-7261,200,2338,2338,4,2338,28472,12.177929854576561,1
POSI-J-016298,"Soil & Environmental Health",2949-9194,200,101,101,2,101,1798,17.801980198019802,1
POSI-J-012400,"Soil Security",2667-0062,200,184,184,2,184,1761,9.570652173913043,1
POSI-J-026187,"Soil and Tillage Research",0167-1987,200,1278,1278,3,1278,24929,19.50625978090767,1
POSI-J-022075,"Soils and Foundations",0038-0806,200,425,425,2,425,3849,9.056470588235294,1
POSI-J-015111,"Solar Compass",2772-9400,200,131,131,2,131,1221,9.320610687022901,1
POSI-J-026188,"Solar Energy",0038-092X,200,3202,3202,5,3202,59383,18.545596502186132,1
POSI-J-015666,"Solar Energy Advances",2667-1131,200,113,113,2,113,927,8.20353982300885,1
POSI-J-026189,"Solar Energy Materials and Solar Cells",0927-0248,200,2058,2058,4,2058,34536,16.78134110787172,1
POSI-J-010766,"Solid Earth Sciences",2451-912X,200,130,130,2,130,349,2.6846153846153844,1
POSI-J-026190,"Solid-State Electronics",0038-1101,200,779,779,2,779,2902,3.725288831835687,1
POSI-J-026191,"Solid State Electronics Letters",2589-2088,200,4,4,2,4,1,0.25,1
POSI-J-026192,"Solid State Ionics",0167-2738,200,865,865,2,865,6273,7.252023121387284,1
POSI-J-026193,"Solid State Nuclear Magnetic Resonance",0926-2040,200,152,152,2,152,634,4.171052631578948,1
POSI-J-026194,"Solid State Sciences",1293-2558,200,1113,1113,3,1113,7467,6.708894878706199,1
POSI-J-026195,"The Solutions",3117-8243,200,0,0,1,0,0,,
POSI-J-026196,"South African Journal of Botany",0254-6299,200,2785,2785,4,2785,22876,8.214003590664273,1
POSI-J-003895,"South African Journal of Chemical Engineering",1026-9185,200,532,532,2,532,4505,8.468045112781954,1
POSI-J-026197,"Space Habitation",2950-6166,200,18,18,2,18,44,2.4444444444444446,1
POSI-J-026198,"Space Policy",0265-9646,200,159,159,2,159,915,5.754716981132075,1
POSI-J-026199,"Space Solar Power and Wireless Transmission",2950-1040,200,44,44,2,44,164,3.727272727272727,1
POSI-J-026200,"Spanish Journal of Legal Medicine",2445-4249,200,113,113,2,113,80,0.7079646017699115,1
POSI-J-026201,"Spanish Journal of Psychiatry and Mental Health",2950-2853,200,157,157,2,157,629,4.006369426751593,1
POSI-J-026202,"Spatial and Spatio-temporal Epidemiology",1877-5845,200,214,214,2,214,1095,5.116822429906542,1
POSI-J-026203,"Spatial Statistics",2211-6753,200,310,310,2,310,2315,7.467741935483871,1
POSI-J-026204,"Spectrochimica Acta Part B: Atomic Spectroscopy",0584-8547,200,748,748,2,748,5773,7.717914438502674,1
POSI-J-026205,"Speech Communication",0167-6393,200,390,390,2,390,3241,8.310256410256411,1
POSI-J-026206,"Sports Economics Review",2773-1618,200,55,55,2,55,202,3.672727272727273,1
POSI-J-009326,"Sports Medicine and Health Science",2666-3376,200,206,206,2,206,1515,7.354368932038835,1
POSI-J-026207,"Sports Orthopaedics and Traumatology",0949-328X,200,641,641,2,641,137,0.21372854914196568,1
POSI-J-011490,"SSM - Health Systems",2949-8562,200,157,157,2,157,434,2.7643312101910826,1
POSI-J-005786,"SSM - Mental Health",2666-5603,200,507,507,2,507,3702,7.3017751479289945,1
POSI-J-002055,"SSM - Population Health",2352-8273,200,887,887,2,887,8282,9.337091319052988,1
POSI-J-004671,"SSM - Qualitative Research in Health",2667-3215,200,639,639,2,639,4454,6.970266040688576,1
POSI-J-001047,"STAR Protocols",2666-1667,200,3160,3160,5,3160,13828,4.375949367088608,1
POSI-J-026208,"Statistical Learning and Data Science",3051-3901,200,0,0,1,0,0,,
POSI-J-026209,"Statistics & Probability Letters",0167-7152,200,831,831,2,831,1524,1.8339350180505416,1
POSI-J-001543,"Stem Cell Reports",2213-6711,200,707,707,2,707,10347,14.635077793493634,1
POSI-J-001113,"Stem Cell Research",1873-5061,200,1242,1242,3,1242,2187,1.7608695652173914,1
POSI-J-026210,"Steroids",0039-128X,200,458,458,2,458,2574,5.620087336244541,1
POSI-J-026211,"Stochastic Processes and their Applications",0304-4149,200,784,784,2,784,2355,3.003826530612245,1
POSI-J-026212,"Strategic Business Research",3051-0643,200,19,19,2,19,31,1.631578947368421,1
POSI-J-026213,"Structural Change and Economic Dynamics",0954-349X,200,704,704,2,704,10323,14.663352272727273,1
POSI-J-002523,"Structural Heart",2474-8706,200,509,509,2,509,1361,2.673870333988212,1
POSI-J-026214,"Structural Safety",0167-4730,200,316,316,2,316,5091,16.110759493670887,1
POSI-J-026215,"Structure",0969-2126,200,790,790,2,790,8553,10.826582278481013,1
POSI-J-026216,"Structures",2352-0124,200,8391,8391,10,8391,82171,9.792754141341915,1
POSI-J-026217,"Studies in Educational Evaluation",0191-491X,200,337,337,2,337,3343,9.919881305637983,1
POSI-J-026218,"Studies in History and Philosophy of Science",0039-3681,200,434,434,2,434,1940,4.470046082949309,1
POSI-J-007478,"Superconductivity",2772-8307,200,151,151,2,151,2431,16.09933774834437,1
POSI-J-012342,"Supply Chain Analytics",2949-8635,200,161,161,2,161,1787,11.099378881987578,1
POSI-J-017011,"Supramolecular Materials",2667-2405,200,94,94,2,94,995,10.585106382978724,1
POSI-J-026219,"Surface Science Reports",0167-5729,200,36,36,2,36,499,13.86111111111111,1
POSI-J-026220,"Surfaces and Interfaces",2468-0230,200,6208,6208,8,6208,36140,5.821520618556701,1
POSI-J-026221,"The Surgeon",1479-666X,200,481,481,2,481,2952,6.137214137214137,1
POSI-J-026222,"Surgery Case Reports",2950-1032,200,144,144,2,144,53,0.3680555555555556,1
POSI-J-026223,"Surgery for Obesity and Related Diseases",1550-7289,200,2569,2569,4,2569,6488,2.5254963020630594,1
POSI-J-013070,"Surgery Open Digestive Advance",2667-0089,200,168,168,2,168,83,0.49404761904761907,1
POSI-J-006337,"Surgery Open Science",2589-8450,200,461,461,2,461,1945,4.219088937093275,1
POSI-J-026224,"Surgery (Oxford)",0263-9319,200,593,593,2,593,642,1.0826306913996628,1
POSI-J-009993,"Surgery in Practice and Science",2666-2620,200,260,260,2,260,706,2.7153846153846155,1
POSI-J-026225,"Surgical Clinics of North America",0039-6109,200,505,505,2,505,2432,4.815841584158416,1
POSI-J-026226,"Surgical Oncology",0960-7404,200,478,478,2,478,2881,6.027196652719665,1
POSI-J-026227,"Surgical Oncology Clinics of North America",1055-3207,200,306,306,2,306,1295,4.23202614379085,1
POSI-J-026228,"Surgical Oncology Insight",2950-2470,200,165,165,2,165,234,1.4181818181818182,1
POSI-J-026229,"Surgical Pathology Clinics",1875-9181,200,306,306,2,306,969,3.1666666666666665,1
POSI-J-026230,"Survey of Ophthalmology",0039-6257,200,431,431,2,431,7198,16.700696055684453,1
POSI-J-018758,"Sustainability Analytics and Modeling",2667-2596,200,43,43,2,43,456,10.604651162790697,1
POSI-J-019293,"Sustainable Chemistry for Energy Materials",2950-4775,200,26,26,2,26,95,3.6538461538461537,1
POSI-J-010020,"Sustainable Chemistry for the Environment",2949-8392,200,296,296,2,296,3722,12.574324324324325,1
POSI-J-026231,"Sustainable Chemistry for Biodiversity",3050-6212,200,0,0,1,0,0,,
POSI-J-012612,"Sustainable Chemistry for Climate Action",2772-8269,200,160,160,2,160,1115,6.96875,1
POSI-J-026232,"Sustainable Chemistry One World",2950-3574,200,151,151,2,151,957,6.337748344370861,1
POSI-J-026233,"Sustainable Chemistry and Pharmacy",2352-5541,200,1508,1508,3,1508,14807,9.818965517241379,1
POSI-J-026234,"Sustainable Cities and Society",2210-6707,200,3531,3531,5,3531,108461,30.716794109317473,1
POSI-J-026235,"Sustainable Cities and Society: Advances",3051-052X,200,13,13,2,13,25,1.9230769230769231,1
POSI-J-026236,"Sustainable Computing: Informatics and Systems",2210-5379,200,505,505,2,505,4078,8.075247524752475,1
POSI-J-026237,"Sustainable Energy, Grids and Networks",2352-4677,200,1308,1308,3,1308,11796,9.01834862385321,1
POSI-J-026238,"Sustainable Energy Technologies and Assessments",2213-1388,200,2794,2794,4,2794,24853,8.89513242662849,1
POSI-J-001995,"Sustainable Futures",2666-1888,200,1471,1471,3,1471,11387,7.740992522093814,1
POSI-J-022957,"Sustainable Geosciences: People, Planet and Prosperity",2950-4929,200,10,10,2,10,16,1.6,1
POSI-J-026239,"Sustainable Horizons",2772-7378,200,147,147,2,147,2304,15.673469387755102,1
POSI-J-026240,"Sustainable Manufacturing and Service Economics",2667-3444,200,32,32,2,32,825,25.78125,1
POSI-J-026241,"Sustainable Materials and Technologies",2214-9937,200,1403,1403,3,1403,10733,7.650035637918745,1
POSI-J-015523,"Sustainable Operations and Computers",2666-4127,200,98,98,2,98,5164,52.69387755102041,1
POSI-J-026242,"Sustainable Production and Consumption",2352-5509,200,1355,1355,3,1355,38365,28.313653136531364,1
POSI-J-015816,"Sustainable Technology and Entrepreneurship",2773-0328,200,105,105,2,105,2595,24.714285714285715,1
POSI-J-026243,"Swarm and Evolutionary Computation",2210-6502,200,1066,1066,3,1066,18831,17.665103189493433,1
POSI-J-026244,"The Swine Journal",3117-4132,404,0,0,0,0,0,,
POSI-J-026245,"Synthetic and Systems Biotechnology",2405-805X,200,423,423,2,423,4796,11.33806146572104,1
POSI-J-026246,"Systematic and Applied Microbiology",0723-2020,200,230,230,2,230,2146,9.330434782608696,1
POSI-J-026247,"Systems & Control Letters",0167-6911,200,785,785,2,785,4819,6.138853503184714,1
POSI-J-026248,"Systems Ethnopharmacology and Sustainable Bioresources",3117-5767,200,0,0,1,0,0,,
POSI-J-007389,"Systems and Soft Computing",2772-9419,200,389,389,2,389,2296,5.902313624678663,1
POSI-J-001154,"Taiwanese Journal of Obstetrics and Gynecology",1028-4559,200,970,970,2,970,4425,4.561855670103093,1
POSI-J-005761,"Talanta Open",2666-8319,200,511,511,2,511,5631,11.019569471624266,1
POSI-J-026249,"TAO",3050-5283,200,16,16,2,16,12,0.75,1
POSI-J-026250,"Teaching and Learning in Nursing",1557-3087,200,796,796,2,796,3751,4.7123115577889445,1
POSI-J-026251,"Teaching and Teacher Education: Leadership and Professional Development",2667-3207,200,11,11,2,11,154,14,1
POSI-J-026252,"Team Sports Studies",3117-8790,200,0,0,1,0,0,,
POSI-J-008349,"Technical Innovations & Patient Support in Radiation Oncology",2405-6324,200,215,215,2,215,925,4.3023255813953485,1
POSI-J-026253,"Techniques and Innovations in Gastrointestinal Endoscopy",2590-0307,200,222,222,2,222,424,1.90990990990991,1
POSI-J-026254,"Techniques in Vascular and Interventional Radiology",1089-2516,200,187,187,2,187,568,3.037433155080214,1
POSI-J-026255,"Technology in Society",0160-791X,200,1120,1120,3,1120,41099,36.69553571428571,1
POSI-J-026256,"Technovation",0166-4972,200,736,736,2,736,23767,32.29211956521739,1
POSI-J-026257,"Tectonophysics",0040-1951,200,1182,1182,3,1182,7095,6.00253807106599,1
POSI-J-026258,"Telecommunications Policy",0308-5961,200,467,467,2,467,7856,16.822269807280513,1
POSI-J-026259,"Telematics and Informatics",0736-5853,200,359,359,2,359,8070,22.479108635097493,1
POSI-J-009946,"Telematics and Informatics Reports",2772-5030,200,260,260,2,260,3792,14.584615384615384,1
POSI-J-015079,"Tetrahedron Chem",2666-951X,200,142,142,2,142,1202,8.464788732394366,1
POSI-J-017448,"Tetrahedron Green Chem",2773-2231,200,84,84,2,84,654,7.785714285714286,1
POSI-J-001425,"The Journal of Physiological Sciences",1880-6546,200,166,166,2,166,1306,7.867469879518072,1
POSI-J-026260,"The Lancet Obstetrics, Gynaecology, & Women’s Health",3050-5038,200,87,87,2,87,124,1.4252873563218391,1
POSI-J-026261,"Theoretical and Applied Fracture Mechanics",0167-8442,200,1829,1829,3,1829,26965,14.743028977583378,1
POSI-J-003351,"Theoretical and Applied Mechanics Letters",2095-0349,200,260,260,2,260,2216,8.523076923076923,1
POSI-J-026262,"Theoretical Computer Science",0304-3975,200,1734,1734,3,1734,4621,2.6649365628604382,1
POSI-J-026263,"Theoretical Population Biology",0040-5809,200,189,189,2,189,647,3.4232804232804233,1
POSI-J-026264,"Thérapie",0040-5957,200,539,539,2,539,1543,2.862708719851577,1
POSI-J-014916,"Theriogenology Wild",2773-093X,200,135,135,2,135,426,3.1555555555555554,1
POSI-J-026265,"Thermal Advances",3050-4635,200,86,86,2,86,237,2.755813953488372,1
POSI-J-026266,"Thermal Science and Engineering Progress",2451-9049,200,3096,3096,5,3096,17008,5.493540051679586,1
POSI-J-026267,"Thin-Walled Structures",0263-8231,200,4163,4163,6,4163,70599,16.958683641604612,1
POSI-J-026268,"Thinking Skills and Creativity",1871-1871,200,843,843,2,843,10850,12.870699881376037,1
POSI-J-026269,"Thoracic Radiology",3117-5724,200,0,0,1,0,0,,
POSI-J-026270,"Thoracic Surgery Clinics",1547-4127,200,304,304,2,304,883,2.9046052631578947,1
POSI-J-012478,"Thrombosis Update",2666-5727,200,128,128,2,128,393,3.0703125,1
POSI-J-026271,"Thyroid Science",2950-3000,200,29,29,2,29,21,0.7241379310344828,1
POSI-J-001668,"Ticks and Tick-borne Diseases",1877-959X,200,602,602,2,602,5412,8.990033222591363,1
POSI-J-026272,"Tissue and Cell",0040-8166,200,1247,1247,3,1247,8133,6.52205292702486,1
POSI-J-026273,"Tomography of Materials and Structures",2949-673X,200,74,74,2,74,152,2.054054054054054,1
POSI-J-026274,"Topics in Companion Animal Medicine",1938-9736,200,213,213,2,213,675,3.1690140845070425,1
POSI-J-026275,"Topology and its Applications",0166-8641,200,1192,1192,3,1192,1322,1.1090604026845639,1
POSI-J-026276,"Total Chemistry",3050-581X,200,21,21,2,21,28,1.3333333333333333,1
POSI-J-026277,"Total Environment Advances",2950-3957,200,53,53,2,53,419,7.90566037735849,1
POSI-J-026278,"Total Environment Engineering",2950-631X,200,57,57,2,57,174,3.0526315789473686,1
POSI-J-026279,"Total Environment Microbiology",3050-6417,200,47,47,2,47,138,2.9361702127659575,1
POSI-J-026280,"Total Environment Research Themes",2772-8099,200,80,80,2,80,1585,19.8125,1
POSI-J-026281,"Tourism Management Perspectives",2211-9736,200,392,392,2,392,6893,17.584183673469386,1
POSI-J-026282,"Toxicologie Analytique et Clinique",2352-0078,200,1105,1105,3,1105,544,0.49230769230769234,1
POSI-J-026283,"Toxicology Letters",0378-4274,200,4215,4215,6,4215,5253,1.2462633451957295,1
POSI-J-001768,"Toxicology Reports",2214-7500,200,940,940,2,940,9256,9.846808510638297,1
POSI-J-026284,"Toxicology in Vitro",0887-2333,200,669,669,2,669,4977,7.439461883408072,1
POSI-J-013365,"Toxicon: X",2590-1710,200,99,99,2,99,738,7.454545454545454,1
POSI-J-026285,"TrAC Trends in Analytical Chemistry",0165-9936,200,1671,1671,3,1671,52060,31.154997007779773,1
POSI-J-026286,"Transactions of Materials Research",3050-9149,200,106,106,2,106,224,2.1132075471698113,1
POSI-J-026287,"Transactions of Nonferrous Metals Society of China",1003-6326,200,1170,1170,3,1170,14461,12.35982905982906,1
POSI-J-026288,"Transcranial Magnetic Stimulation",3050-5291,200,190,190,2,190,72,0.37894736842105264,1
POSI-J-026289,"Transformative Energy",3117-4639,200,0,0,1,0,0,,
POSI-J-026290,"Transfusion and Apheresis Science",1473-0502,200,751,751,2,751,1834,2.4420772303595206,1
POSI-J-026291,"Transfusion Clinique et Biologique",1246-7820,200,1212,1212,3,1212,755,0.6229372937293729,1
POSI-J-026292,"Transfusion Medicine Reviews",0887-7963,200,158,158,2,158,801,5.069620253164557,1
POSI-J-026293,"Translational Dental Research",2950-3485,200,32,32,2,32,43,1.34375,1
POSI-J-016515,"Translational Medicine of Aging",2468-5011,200,43,43,2,43,174,4.046511627906977,1
POSI-J-026294,"Translational Metabolic Syndrome Research",2588-9303,200,4,4,2,4,10,2.5,1
POSI-J-001345,"Translational Oncology",1936-5233,200,1299,1299,3,1299,13956,10.74364896073903,1
POSI-J-026295,"Translational Research",1931-5244,200,637,637,2,637,5943,9.32967032967033,1
POSI-J-007267,"Translational Research in Anatomy",2214-854X,200,291,291,2,291,476,1.6357388316151202,1
POSI-J-026296,"TransMed",3117-3977,200,0,0,1,0,0,,
POSI-J-026297,"Transnational Corporations Review",1925-2099,200,143,143,2,143,911,6.370629370629371,1
POSI-J-026298,"Transnational Mobilities",3117-5511,200,0,0,1,0,0,,
POSI-J-026299,"Transplant Immunology",0966-3274,200,667,667,2,667,2969,4.451274362818591,1
POSI-J-026300,"Transplantation and Cellular Therapy",2666-6367,200,4156,4156,6,4156,12931,3.111405197305101,1
POSI-J-026301,"Transplantation Proceedings",0041-1345,200,1854,1854,3,1854,3887,2.0965480043149944,1
POSI-J-013713,"Transplantation Reports",2451-9596,200,88,88,2,88,124,1.4090909090909092,1
POSI-J-026302,"Transplantation Reviews",0955-470X,200,180,180,2,180,1255,6.972222222222222,1
POSI-J-017602,"Transport Economics and Management",2949-8996,200,83,83,2,83,430,5.180722891566265,1
POSI-J-026303,"Transport Policy",0967-070X,200,1243,1243,3,1243,18923,15.22365245374095,1
POSI-J-007032,"Transportation Engineering",2666-691X,200,304,304,2,304,3321,10.924342105263158,1
POSI-J-026304,"Transportation Geotechnics",2214-3912,200,1026,1026,3,1026,13634,13.28849902534113,1
POSI-J-001971,"Transportation Research Interdisciplinary Perspectives",2590-1982,200,1209,1209,3,1209,6725,5.562448304383788,1
POSI-J-026305,"Transportation Research Part B: Methodological",0191-2615,200,584,584,2,584,9388,16.075342465753426,1
POSI-J-026306,"Transportation Research Part C: Emerging Technologies",0968-090X,200,1477,1477,3,1477,32553,22.039945836154367,1
POSI-J-026307,"Transportation Research Part D: Transport and Environment",1361-9209,200,1617,1617,3,1617,29827,18.445887445887447,1
POSI-J-026308,"Transportation Research Part E: Logistics and Transportation Review",1366-5545,200,1478,1478,3,1478,31857,21.554127198917456,1
POSI-J-026309,"Transportation Research Part F: Traffic Psychology and Behaviour",1369-8478,200,1125,1125,3,1125,14556,12.938666666666666,1
POSI-J-026310,"Transportation Research Procedia",2352-1465,200,3297,3297,5,3297,11351,3.4428268122535637,1
POSI-J-026311,"Transportation Research Today",3051-360X,200,0,0,1,0,0,,
POSI-J-002857,"Trauma Case Reports",2352-6440,200,682,682,2,682,697,1.0219941348973607,1
POSI-J-026312,"Travel Behaviour and Society",2214-367X,200,654,654,2,654,8486,12.97553516819572,1
POSI-J-001426,"Travel Medicine and Infectious Disease",1477-8939,200,667,667,2,667,6167,9.245877061469265,1
POSI-J-002914,"Trees, Forests and People",2666-7193,200,899,899,2,899,5881,6.541713014460512,1
POSI-J-026313,"Trends in Anaesthesia and Critical Care",2210-8440,200,426,426,2,426,329,0.7723004694835681,1
POSI-J-026314,"Trends in Biochemical Sciences",0968-0004,200,565,565,2,565,11155,19.743362831858406,1
POSI-J-026315,"Trends in Biotechnology",0167-7799,200,778,778,2,778,17843,22.934447300771208,1
POSI-J-026316,"Trends in Cancer",2405-8033,200,543,543,2,543,15353,28.2744014732965,1
POSI-J-026317,"Trends in Cardiovascular Medicine",1050-1738,200,436,436,2,436,5032,11.541284403669724,1
POSI-J-026318,"Trends in Cell Biology",0962-8924,200,526,526,2,526,17226,32.749049429657795,1
POSI-J-026319,"Trends in Chemistry",2589-5974,200,490,490,2,490,8209,16.753061224489795,1
POSI-J-026320,"Trends in Cognitive Sciences",1364-6613,200,625,625,2,625,16154,25.8464,1
POSI-J-026321,"Trends in Ecology & Evolution",0169-5347,200,714,714,2,714,17900,25.07002801120448,1
POSI-J-026322,"Trends in Endocrinology & Metabolism",1043-2760,200,489,489,2,489,12250,25.051124744376278,1
POSI-J-026323,"Trends in Environmental Analytical Chemistry",2214-1588,200,130,130,2,130,4594,35.33846153846154,1
POSI-J-026324,"Trends in Food Science & Technology",0924-2244,200,1627,1627,3,1627,62288,38.2839582052858,1
POSI-J-026325,"Trends in Genetics",0168-9525,200,567,567,2,567,13035,22.98941798941799,1
POSI-J-026326,"Trends in Immunology",1471-4906,200,530,530,2,530,11341,21.39811320754717,1
POSI-J-026327,"Trends in Microbiology",0966-842X,200,704,704,2,704,16818,23.889204545454547,1
POSI-J-026328,"Trends in Molecular Medicine",1471-4914,200,561,561,2,561,12271,21.873440285204993,1
POSI-J-026329,"Trends in Neuroscience and Education",2211-9493,200,94,94,2,94,803,8.542553191489361,1
POSI-J-026330,"Trends in Neurosciences",0166-2236,200,510,510,2,510,13680,26.823529411764707,1
POSI-J-026331,"Trends Open",3117-3470,200,0,0,1,0,0,,
POSI-J-026332,"Trends in Parasitology",1471-4922,200,681,681,2,681,6062,8.901615271659324,1
POSI-J-026333,"Trends in Pharmacological Sciences",0165-6147,200,544,544,2,544,15591,28.659926470588236,1
POSI-J-026334,"Trends in Plant Science",1360-1385,200,793,793,2,793,21570,27.200504413619168,1
POSI-J-026335,"Tribology and Interfaces",3117-3136,200,0,0,1,0,0,,
POSI-J-026336,"Tribology International",0301-679X,200,3391,3391,5,3391,65326,19.264523739309936,1
POSI-J-026337,"Tropical Agriculture Science",2950-5100,200,0,0,1,0,0,,
POSI-J-013274,"Tropical Cyclone Research and Review",2225-6032,200,108,108,2,108,873,8.083333333333334,1
POSI-J-026338,"Tuberculosis",1472-9792,200,396,396,2,396,2223,5.613636363636363,1
POSI-J-016542,"Tumour Virus Research",2666-6790,200,94,94,2,94,1342,14.27659574468085,1
POSI-J-026339,"Tunnelling and Underground Space Technology",0886-7798,200,2433,2433,4,2433,46321,19.03863542951089,1
POSI-J-026340,"Ultramicroscopy",0304-3991,200,493,493,2,493,3363,6.821501014198783,1
POSI-J-026341,"Ultrasonics",0041-624X,200,961,961,2,961,11551,12.019771071800209,1
POSI-J-000778,"Ultrasonics Sonochemistry",1350-4177,200,1807,1807,3,1807,42716,23.63918096292197,1
POSI-J-026342,"Ultrasound in Medicine & Biology",0301-5629,200,2249,2249,4,2249,7231,3.2152067585593596,1
POSI-J-009147,"Unconventional Resources",2666-5190,200,206,206,2,206,1396,6.776699029126213,1
POSI-J-026343,"Underground Space",2467-9674,200,410,410,2,410,9478,23.117073170731707,1
POSI-J-026344,"Urban Climate",2212-0955,200,1659,1659,3,1659,29174,17.585292344786016,1
POSI-J-026345,"Urban Forestry & Urban Greening",1618-8667,200,1418,1418,3,1418,22353,15.763751763046544,1
POSI-J-012563,"Urban Governance",2664-3286,200,149,149,2,149,1488,9.986577181208053,1
POSI-J-026346,"Urban Transitions",3050-6972,200,13,13,2,13,36,2.769230769230769,1
POSI-J-026347,"URINE",2590-2806,200,19,19,2,19,104,5.473684210526316,1
POSI-J-026348,"Urologic Clinics of North America",0094-0143,200,315,315,2,315,1414,4.488888888888889,1
POSI-J-026349,"Urologic Oncology: Seminars and Original Investigations",1078-1439,200,1795,1795,3,1795,6737,3.7532033426183844,1
POSI-J-001260,"Urology Case Reports",2214-4420,200,1386,1386,3,1386,1283,0.9256854256854257,1
POSI-J-026350,"Urology Horizons",3117-3500,200,0,0,1,0,0,,
POSI-J-008926,"Urology Video Journal",2590-0897,200,248,248,2,248,237,0.9556451612903226,1
POSI-J-026351,"Utilities Policy",0957-1787,200,596,596,2,596,6875,11.53523489932886,1
POSI-J-004673,"Vaccine: X",2590-1362,200,600,600,2,600,3126,5.21,1
POSI-J-026352,"Vacunas",1576-9887,200,413,413,2,413,734,1.7772397094430992,1
POSI-J-026353,"Vacunas (English Edition)",2445-1460,200,221,221,2,221,146,0.6606334841628959,1
POSI-J-026354,"Value in Health",1098-3015,200,19777,19777,21,19777,14553,0.7358547808059868,1
POSI-J-026355,"Value in Health Regional Issues",2212-1099,200,676,676,2,676,1857,2.747041420118343,1
POSI-J-026356,"Vascular Diseases",3050-6581,200,152,152,2,152,15,0.09868421052631579,1
POSI-J-026357,"Vascular Pharmacology",1537-1891,200,493,493,2,493,2715,5.50709939148073,1
POSI-J-026358,"Vehicular Communications",2214-2096,200,454,454,2,454,4948,10.898678414096917,1
POSI-J-026359,"Veterinary Anaesthesia and Analgesia",1467-2987,200,825,825,2,825,1455,1.7636363636363637,1
POSI-J-005249,"Veterinary and Animal Science",2451-943X,200,311,311,2,311,1735,5.578778135048232,1
POSI-J-026360,"Veterinary Clinics of North America: Equine Practice",0749-0739,200,236,236,2,236,604,2.559322033898305,1
POSI-J-026361,"Veterinary Clinics of North America: Exotic Animal Practice",1094-9194,200,216,216,2,216,478,2.212962962962963,1
POSI-J-026362,"Veterinary Clinics of North America: Food Animal Practice",0749-0720,200,211,211,2,211,718,3.4028436018957344,1
POSI-J-026363,"Veterinary Clinics of North America: Small Animal Practice",0195-5616,200,453,453,2,453,1662,3.6688741721854305,1
POSI-J-026364,"Veterinary Immunology and Immunopathology",0165-2427,200,371,371,2,371,1284,3.4609164420485174,1
POSI-J-026365,"The Veterinary Journal",1090-0233,200,504,504,2,504,2480,4.920634920634921,1
POSI-J-026366,"The Veterinary Journal: Pharmacology & Toxicology",3117-5252,200,0,0,1,0,0,,
POSI-J-026367,"Veterinary Parasitology",0304-4017,200,726,726,2,726,3843,5.293388429752066,1
POSI-J-026368,"Veterinary Parasitology: Regional Studies and Reports",2405-9390,200,701,701,2,701,942,1.3437945791726105,1
POSI-J-019721,"Veterinary Vaccine",2772-5359,200,32,32,2,32,147,4.59375,1
POSI-J-026369,"Vibrational Spectroscopy",0924-2031,200,388,388,2,388,3325,8.56958762886598,1
POSI-J-002216,"VideoGIE",2468-4481,200,650,650,2,650,1225,1.8846153846153846,1
POSI-J-026370,"Virologica Sinica",1995-820X,200,473,473,2,473,3922,8.291754756871036,1
POSI-J-011029,"Virtual Reality & Intelligent Hardware",2096-5796,200,142,142,2,142,1882,13.253521126760564,1
POSI-J-000739,"Virus Research",0168-1702,200,894,894,2,894,7153,8.001118568232663,1
POSI-J-010318,"Visual Informatics",2468-502X,200,149,149,2,149,1554,10.429530201342281,1
POSI-J-026371,"Visual Journal of Emergency Medicine",2405-4690,200,1160,1160,3,1160,88,0.07586206896551724,1
POSI-J-026372,"Waste Management",0956-053X,200,2143,2143,4,2143,43109,20.116192253849743,1
POSI-J-009997,"Waste Management Bulletin",2949-7507,200,266,266,2,266,4345,16.334586466165412,1
POSI-J-008259,"Water Biology and Security",2772-7351,200,208,208,2,208,1644,7.903846153846154,1
POSI-J-013144,"Water Cycle",2666-4453,200,120,120,2,120,1951,16.258333333333333,1
POSI-J-026373,"Water & Ecology",3050-4724,200,18,18,2,18,78,4.333333333333333,1
POSI-J-014637,"Water-Energy Nexus",2588-9125,200,78,78,2,78,1265,16.21794871794872,1
POSI-J-006802,"Water Research X",2589-9147,200,306,306,2,306,2067,6.754901960784314,1
POSI-J-026374,"Water Resources and Economics",2212-4284,200,79,79,2,79,536,6.784810126582278,1
POSI-J-008803,"Water Resources and Industry",2212-3717,200,161,161,2,161,2662,16.53416149068323,1
POSI-J-005577,"Water Science and Engineering",1674-2370,200,185,185,2,185,2125,11.486486486486486,1
POSI-J-026375,"Water Security",2468-3124,200,71,71,2,71,964,13.577464788732394,1
POSI-J-015456,"Watershed Ecology and the Environment",2589-4714,200,103,103,2,103,1141,11.077669902912621,1
POSI-J-026376,"Wave Motion",0165-2125,200,488,488,2,488,2730,5.594262295081967,1
POSI-J-026377,"Wearable Electronics",2950-2357,200,47,47,2,47,730,15.53191489361702,1
POSI-J-004217,"Weather and Climate Extremes",2212-0947,200,412,412,2,412,5439,13.201456310679612,1
POSI-J-008479,"Wellbeing, Space and Society",2666-5581,200,251,251,2,251,1583,6.306772908366534,1
POSI-J-016865,"WFUMB Ultrasound Open",2949-6683,200,95,95,2,95,182,1.9157894736842105,1
POSI-J-019805,"Wind Energy and Engineering Research",2950-3604,200,22,22,2,22,80,3.6363636363636362,1
POSI-J-026378,"Women and Birth",1871-5192,200,1108,1108,3,1108,5925,5.347472924187725,1
POSI-J-019322,"Women and Children Nursing",2949-7515,200,36,36,2,36,54,1.5,1
POSI-J-026379,"Women's Health Issues",1049-3867,200,353,353,2,353,2165,6.1331444759206795,1
POSI-J-026380,"Women's Studies International Forum",0277-5395,200,492,492,2,492,2468,5.016260162601626,1
POSI-J-001146,"World Allergy Organization Journal",1939-4551,200,518,518,2,518,5181,10.001930501930502,1
POSI-J-026381,"World Development Perspectives",2452-2929,200,303,303,2,303,1960,6.468646864686469,1
POSI-J-004049,"World Journal of Acupuncture - Moxibustion",1003-5257,200,210,210,2,210,506,2.4095238095238094,1
POSI-J-006536,"World Neurosurgery: X",2590-1397,200,417,417,2,417,1688,4.047961630695443,1
POSI-J-026382,"World Patent Information",0172-2190,200,215,215,2,215,1087,5.055813953488372,1
POSI-J-026383,"Zeitschrift für Evidenz, Fortbildung und Qualität im Gesundheitswesen",1865-9217,200,495,495,2,495,1987,4.014141414141414,1
POSI-J-001891,"Zeitschrift für Medizinische Physik",0939-3889,200,285,285,2,285,1803,6.326315789473684,1
POSI-J-026384,"Zoologischer Anzeiger",0044-5231,200,370,370,2,370,1105,2.9864864864864864,1
POSI-J-026385,"Zoology",0944-2006,200,166,166,2,166,520,3.1325301204819276,1
POSI-J-026386,"Advanced Optical Technologies",2192-8584,200,55,55,2,55,301,5.472727272727273,1
POSI-J-019732,"Frontiers in Acoustics",2813-8082,200,32,32,2,32,79,2.46875,1
POSI-J-019599,"Frontiers in Adolescent Medicine",2813-8589,200,26,26,2,26,63,2.423076923076923,1
POSI-J-019419,"Frontiers in Aerospace Engineering",2813-2831,200,42,42,2,42,214,5.095238095238095,1
POSI-J-004837,"Frontiers in Aging",2673-6217,200,541,541,2,541,5969,11.033271719038817,1
POSI-J-000098,"Frontiers in Aging Neuroscience",1663-4365,200,3806,3806,5,3806,52825,13.879400945874934,1
POSI-J-000149,"Frontiers in Agronomy",2673-3218,200,590,590,2,590,6282,10.647457627118644,1
POSI-J-000131,"Frontiers in Allergy",2673-6101,200,661,661,2,661,4951,7.49016641452345,1
POSI-J-017366,"Frontiers in Amphibian and Reptile Science",2813-6780,200,67,67,2,67,180,2.6865671641791047,1
POSI-J-016355,"Frontiers in Analytical Science",2673-9283,200,106,106,2,106,745,7.028301886792453,1
POSI-J-016990,"Frontiers in Anesthesiology",2813-480X,200,83,83,2,83,175,2.108433734939759,1
POSI-J-004201,"Frontiers in Animal Science",2673-6225,200,640,640,2,640,4068,6.35625,1
POSI-J-020168,"Frontiers in Antennas and Propagation",2813-4680,200,15,15,2,15,44,2.933333333333333,1
POSI-J-016503,"Frontiers in Antibiotics",2813-2467,200,97,97,2,97,771,7.948453608247423,1
POSI-J-000113,"Frontiers in Applied Mathematics and Statistics",2297-4687,200,528,528,2,528,2592,4.909090909090909,1
POSI-J-017100,"Frontiers in Aquaculture",2813-5334,200,83,83,2,83,500,6.024096385542169,1
POSI-J-019936,"Frontiers in Arachnid Science",2813-5083,200,29,29,2,29,167,5.758620689655173,1
POSI-J-000151,"Frontiers in Artificial Intelligence",2624-8212,200,1448,1448,3,1448,20460,14.129834254143647,1
POSI-J-000176,"Frontiers in Astronomy and Space Sciences",2296-987X,200,1221,1221,3,1221,8233,6.742833742833743,1
POSI-J-000150,"Frontiers in Audiology and Otology",2813-6055,200,91,91,2,91,262,2.879120879120879,1
POSI-J-018766,"Frontiers in Bacteriology",2813-6144,200,47,47,2,47,257,5.468085106382978,1
POSI-J-019661,"Frontiers in Batteries and Electrochemistry",2813-4974,200,29,29,2,29,338,11.655172413793103,1
POSI-J-000496,"Frontiers in Bee Science",2813-5911,200,54,54,2,54,403,7.462962962962963,1
POSI-J-017144,"Frontiers in Behavioral Economics",2813-5296,200,93,93,2,93,220,2.3655913978494625,1
POSI-J-000088,"Frontiers in Behavioral Neuroscience",1662-5153,200,1190,1190,3,1190,11420,9.596638655462185,1
POSI-J-000144,"Frontiers in Big Data",2624-909X,200,465,465,2,465,4778,10.275268817204301,1
POSI-J-000087,"Frontiers in Bioengineering and Biotechnology",2296-4185,200,6788,6788,8,6788,94203,13.877872716558633,1
POSI-J-005280,"Frontiers in Bioinformatics",2673-7647,200,483,483,2,483,5307,10.987577639751553,1
POSI-J-018834,"Frontiers in Biomaterials Science",2813-3749,200,58,58,2,58,560,9.655172413793103,1
POSI-J-020056,"Frontiers in Biophysics",2813-7183,200,19,19,2,19,104,5.473684210526316,1
POSI-J-019164,"Frontiers in Bird Science",2813-3870,200,39,39,2,39,200,5.128205128205129,1
POSI-J-009178,"Frontiers in Blockchain",2624-7852,200,172,172,2,172,1427,8.296511627906977,1
POSI-J-000133,"Frontiers in Built Environment",2297-3362,200,1122,1122,3,1122,8730,7.780748663101604,1
POSI-J-019486,"Frontiers in Cancer Control and Society",2813-835X,200,23,23,2,23,68,2.9565217391304346,1
POSI-J-020083,"Frontiers in Carbon",2813-4192,200,22,22,2,22,307,13.954545454545455,1
POSI-J-000115,"Frontiers in Cardiovascular Medicine",2297-055X,200,9756,9756,11,9756,80609,8.26250512505125,1
POSI-J-018045,"Frontiers in Catalysis",2673-7841,200,59,59,2,59,639,10.830508474576272,1
POSI-J-019593,"Frontiers in Cell Death",2813-5563,200,35,35,2,35,180,5.142857142857143,1
POSI-J-000111,"Frontiers in Cellular Neuroscience",1662-5102,200,1912,1912,3,1912,23321,12.197175732217573,1
POSI-J-026387,"Frontiers in Ceramics",2813-611X,200,3,3,2,3,28,9.333333333333334,1
POSI-J-017187,"Frontiers in Chemical Biology",2813-530X,200,73,73,2,73,338,4.63013698630137,1
POSI-J-008030,"Frontiers in Chemical Engineering",2673-2718,200,298,298,2,298,2999,10.063758389261745,1
POSI-J-000117,"Frontiers in Chemistry",2296-2646,200,3613,3613,5,3613,45512,12.59673401605314,1
POSI-J-011236,"Frontiers in Child and Adolescent Psychiatry",2813-4540,200,217,217,2,217,853,3.9308755760368665,1
POSI-J-000142,"Frontiers in Climate",2624-9553,200,810,810,2,810,8885,10.969135802469136,1
POSI-J-008645,"Frontiers in Clinical Diabetes and Healthcare",2673-6616,200,284,284,2,284,1866,6.570422535211268,1
POSI-J-020371,"Frontiers in Coatings, Dyes and Interface Engineering",2813-6861,200,14,14,2,14,58,4.142857142857143,1
POSI-J-000136,"Frontiers in Cognition",2813-4532,200,143,143,2,143,763,5.335664335664336,1
POSI-J-000166,"Frontiers in Communication",2297-900X,200,1280,1280,3,1280,6090,4.7578125,1
POSI-J-013045,"Frontiers in Communications and Networks",2673-530X,200,117,117,2,117,889,7.598290598290598,1
POSI-J-018900,"Frontiers in Complex Systems",2813-6187,200,50,50,2,50,176,3.52,1
POSI-J-000095,"Frontiers in Computational Neuroscience",1662-5188,200,563,563,2,563,4863,8.63765541740675,1
POSI-J-000140,"Frontiers in Computer Science",2624-9898,200,739,739,2,739,7035,9.519621109607577,1
POSI-J-000165,"Frontiers in Conservation Science",2673-611X,200,512,512,2,512,2925,5.712890625,1
POSI-J-018121,"Frontiers in Control Engineering",2673-6268,200,61,61,2,61,334,5.475409836065574,1
POSI-J-013708,"Frontiers in Dementia",2813-3919,200,135,135,2,135,714,5.288888888888889,1
POSI-J-000135,"Frontiers in Dental Medicine",2673-4915,200,392,392,2,392,2127,5.426020408163265,1
POSI-J-000405,"Frontiers in Detector Science and Technology",2813-8031,200,26,26,2,26,84,3.230769230769231,1
POSI-J-014461,"Frontiers in Developmental Psychology",2813-7779,200,114,114,2,114,381,3.3421052631578947,1
POSI-J-000137,"Frontiers in Digital Health",2673-253X,200,1249,1249,3,1249,16106,12.8951160928743,1
POSI-J-000162,"Frontiers in Disaster and Emergency Medicine",2813-7302,200,64,64,2,64,108,1.6875,1
POSI-J-016296,"Frontiers in Drug Delivery",2674-0850,200,103,103,2,103,1190,11.553398058252426,1
POSI-J-013686,"Frontiers in Drug Discovery",2674-0338,200,143,143,2,143,1492,10.433566433566433,1
POSI-J-016699,"Frontiers in Drug Safety and Regulation",2674-0869,200,97,97,2,97,713,7.350515463917525,1
POSI-J-000139,"Frontiers in Earth Science",2296-6463,200,5976,5976,7,5976,34017,5.692269076305221,1
POSI-J-000127,"Frontiers in Ecology and Evolution",2296-701X,200,3090,3090,5,3090,26922,8.7126213592233,1
POSI-J-016135,"Frontiers in Electronic Materials",2673-9895,200,54,54,2,54,378,7,1
POSI-J-000164,"Frontiers in Electronics",2673-5857,200,101,101,2,101,654,6.475247524752476,1
POSI-J-020171,"Frontiers in Energy Efficiency",2813-6799,200,19,19,2,19,75,3.9473684210526314,1
POSI-J-000125,"Frontiers in Energy Research",2296-598X,200,4716,4716,6,4716,35843,7.6002968617472435,1
POSI-J-015854,"Frontiers in Environmental Archaeology",2813-432X,200,107,107,2,107,341,3.1869158878504673,1
POSI-J-014976,"Frontiers in Environmental Chemistry",2673-4486,200,107,107,2,107,884,8.261682242990654,1
POSI-J-017033,"Frontiers in Environmental Economics",2813-2823,200,92,92,2,92,473,5.141304347826087,1
POSI-J-000173,"Frontiers in Environmental Engineering",2813-5067,200,41,41,2,41,345,8.414634146341463,1
POSI-J-018192,"Frontiers in Environmental Health",2813-558X,200,59,59,2,59,195,3.305084745762712,1
POSI-J-010704,"Frontiers in Epidemiology",2674-1199,200,260,260,2,260,1670,6.423076923076923,1
POSI-J-018934,"Frontiers in Epigenetics and Epigenomics",2813-706X,200,44,44,2,44,258,5.863636363636363,1
POSI-J-018374,"Frontiers in Ethology",2813-5091,200,49,49,2,49,151,3.0816326530612246,1
POSI-J-011879,"Frontiers in Food Science and Technology",2674-1121,200,195,195,2,195,1649,8.456410256410257,1
POSI-J-000172,"Frontiers in Forests and Global Change",2624-893X,200,1087,1087,3,1087,10717,9.859245630174794,1
POSI-J-019833,"Frontiers in Freshwater Science",2813-7124,200,26,26,2,26,90,3.4615384615384617,1
POSI-J-020169,"Frontiers in Fuels",2813-6217,200,16,16,2,16,270,16.875,1
POSI-J-000171,"Frontiers in Fungal Biology",2673-6128,200,216,216,2,216,2385,11.041666666666666,1
POSI-J-014572,"Frontiers in Future Transportation",2673-5210,200,111,111,2,111,626,5.63963963963964,1
POSI-J-013086,"Frontiers in Gastroenterology",2813-1169,200,168,168,2,168,537,3.1964285714285716,1
POSI-J-000163,"Frontiers in Genome Editing",2673-3439,200,209,209,2,209,3194,15.282296650717702,1
POSI-J-019237,"Frontiers in Geochemistry",2813-5962,200,33,33,2,33,187,5.666666666666667,1
POSI-J-000158,"Frontiers in Global Women's Health",2673-5059,200,817,817,2,817,5202,6.367197062423501,1
POSI-J-003837,"Frontiers in Health Services",2813-0146,200,767,767,2,767,4860,6.336375488917862,1
POSI-J-013587,"Frontiers in Hematology",2813-3935,200,160,160,2,160,435,2.71875,1
POSI-J-019483,"Frontiers in High Performance Computing",2813-7337,200,34,34,2,34,139,4.088235294117647,1
POSI-J-014944,"Frontiers in Horticulture",2813-3595,200,120,120,2,120,738,6.15,1
POSI-J-000159,"Frontiers in Human Dynamics",2673-2726,200,301,301,2,301,1709,5.677740863787376,1
POSI-J-019626,"Frontiers in Imaging",2813-3315,200,28,28,2,28,117,4.178571428571429,1
POSI-J-020192,"Frontiers in Industrial Engineering",2813-6047,200,18,18,2,18,126,7,1
POSI-J-019664,"Frontiers in Industrial Microbiology",2813-7809,200,26,26,2,26,254,9.76923076923077,1
POSI-J-000157,"Frontiers in Insect Science",2673-8600,200,254,254,2,254,2266,8.921259842519685,1
POSI-J-000109,"Frontiers in Integrative Neuroscience",1662-5145,200,298,298,2,298,2939,9.86241610738255,1
POSI-J-019163,"Frontiers in Lab on a Chip Technologies",2813-3862,200,43,43,2,43,447,10.395348837209303,1
POSI-J-000153,"Frontiers in Language Sciences",2813-4605,200,145,145,2,145,425,2.9310344827586206,1
POSI-J-019098,"Frontiers in Lupus",2813-6934,200,45,45,2,45,131,2.911111111111111,1
POSI-J-018970,"Frontiers in Malaria",2813-7396,200,54,54,2,54,177,3.2777777777777777,1
POSI-J-019861,"Frontiers in Mammal Science",2813-4699,200,31,31,2,31,102,3.2903225806451615,1
POSI-J-018368,"Frontiers in Manufacturing Technology",2813-0359,200,71,71,2,71,818,11.52112676056338,1
POSI-J-000097,"Frontiers in Marine Science",2296-7745,200,8271,8271,10,8271,72708,8.790714544795067,1
POSI-J-000129,"Frontiers in Materials",2296-8016,200,2124,2124,4,2124,18813,8.857344632768362,1
POSI-J-000170,"Frontiers in Mechanical Engineering",2297-3079,200,513,513,2,513,3773,7.354775828460039,1
POSI-J-019728,"Frontiers in Medical Engineering",2813-687X,200,30,30,2,30,116,3.8666666666666667,1
POSI-J-007800,"Frontiers in Medical Technology",2673-3129,200,298,298,2,298,3682,12.355704697986576,1
POSI-J-018857,"Frontiers in Membrane Science and Technology",2813-1010,200,52,52,2,52,484,9.307692307692308,1
POSI-J-000378,"Frontiers in Metals and Alloys",2813-2459,200,19,19,2,19,100,5.2631578947368425,1
POSI-J-011978,"Frontiers in Microbiomes",2813-4338,200,209,209,2,209,1224,5.856459330143541,1
POSI-J-000152,"Frontiers in Molecular Biosciences",2296-889X,200,3400,3400,5,3400,39640,11.658823529411764,1
POSI-J-017552,"Frontiers in Molecular Medicine",2674-0095,200,83,83,2,83,716,8.626506024096386,1
POSI-J-000146,"Frontiers in Molecular Neuroscience",1662-5099,200,1790,1790,3,1790,22608,12.630167597765363,1
POSI-J-019735,"Frontiers in Musculoskeletal Disorders",2813-883X,200,28,28,2,28,34,1.2142857142857142,1
POSI-J-000185,"Frontiers in Nanotechnology",2673-3013,200,340,340,2,340,4756,13.988235294117647,1
POSI-J-018251,"Frontiers in Natural Products",2813-2602,200,67,67,2,67,535,7.985074626865671,1
POSI-J-000161,"Frontiers in Nephrology",2813-0626,200,262,262,2,262,1308,4.99236641221374,1
POSI-J-011116,"Frontiers in Network Physiology",2674-0109,200,230,230,2,230,1896,8.243478260869566,1
POSI-J-000126,"Frontiers in Neural Circuits",1662-5110,200,362,362,2,362,3644,10.066298342541437,1
POSI-J-000123,"Frontiers in Neuroanatomy",1662-5129,200,359,359,2,359,2836,7.899721448467966,1
POSI-J-013114,"Frontiers in Neuroergonomics",2673-6195,200,141,141,2,141,1179,8.361702127659575,1
POSI-J-000154,"Frontiers in Neuroimaging",2813-1193,200,173,173,2,173,1083,6.2601156069364166,1
POSI-J-000092,"Frontiers in Neuroinformatics",1662-5196,200,373,373,2,373,3834,10.27882037533512,1
POSI-J-000120,"Frontiers in Neurorobotics",1662-5218,200,755,755,2,755,7823,10.36158940397351,1
POSI-J-000160,"Frontiers in Nuclear Engineering",2813-3412,200,173,173,2,173,699,4.040462427745664,1
POSI-J-012246,"Frontiers in Nuclear Medicine",2673-8880,200,175,175,2,175,978,5.588571428571429,1
POSI-J-000148,"Frontiers in Nutrition",2296-861X,200,10086,10086,12,10086,126729,12.56484235574063,1
POSI-J-018109,"Frontiers in Ocean Sustainability",2813-8287,200,53,53,2,53,241,4.547169811320755,1
POSI-J-004612,"Frontiers in Oncology Reviews",1970-5557,200,85,85,2,85,690,8.117647058823529,1
POSI-J-000147,"Frontiers in Ophthalmology",2674-0826,200,404,404,2,404,1745,4.319306930693069,1
POSI-J-003363,"Frontiers in Oral Health",2673-4842,200,786,786,2,786,5788,7.363867684478372,1
POSI-J-016420,"Frontiers in Organizational Psychology",2813-771X,200,83,83,2,83,429,5.168674698795181,1
POSI-J-000145,"Frontiers in Pain Research",2673-561X,200,763,763,2,763,5744,7.528178243774574,1
POSI-J-015200,"Frontiers in Parasitology",2813-2424,200,111,111,2,111,601,5.414414414414415,1
POSI-J-000130,"Frontiers in Pediatrics",2296-2360,200,7100,7100,9,7100,42031,5.919859154929577,1
POSI-J-019734,"Frontiers in Photobiology",2813-8228,200,24,24,2,24,130,5.416666666666667,1
POSI-J-015421,"Frontiers in Photonics",2673-6853,200,123,123,2,123,755,6.138211382113822,1
POSI-J-000101,"Frontiers in Physics",2296-424X,200,3338,3338,5,3338,21100,6.321150389454763,1
POSI-J-019666,"Frontiers in Plant Physiology",2813-821X,200,31,31,2,31,185,5.967741935483871,1
POSI-J-000179,"Frontiers in Political Science",2673-3145,200,843,843,2,843,3546,4.2064056939501775,1
POSI-J-020321,"Frontiers in Protistology",2813-849X,200,14,14,2,14,71,5.071428571428571,1
POSI-J-017856,"Frontiers in Quantum Science and Technology",2813-2181,200,81,81,2,81,511,6.308641975308642,1
POSI-J-010354,"Frontiers in Radiology",2673-8740,200,218,218,2,218,1563,7.169724770642202,1
POSI-J-003337,"Frontiers in Rehabilitation Sciences",2673-6861,200,869,869,2,869,5270,6.064441887226697,1
POSI-J-006771,"Frontiers in Remote Sensing",2673-6187,200,420,420,2,420,4166,9.91904761904762,1
POSI-J-004277,"Frontiers in Reproductive Health",2673-3153,200,582,582,2,582,4080,7.010309278350515,1
POSI-J-007083,"Frontiers in Research Metrics and Analytics",2504-0537,200,290,290,2,290,2047,7.058620689655172,1
POSI-J-019863,"Frontiers in RNA Research",2813-7116,200,26,26,2,26,113,4.346153846153846,1
POSI-J-000167,"Frontiers in Robotics and AI",2296-9144,200,1187,1187,3,1187,11368,9.577085088458299,1
POSI-J-015471,"Frontiers in Sensors",2673-5067,200,102,102,2,102,667,6.53921568627451,1
POSI-J-013038,"Frontiers in Signal Processing",2673-8198,200,164,164,2,164,1413,8.615853658536585,1
POSI-J-000180,"Frontiers in Sleep",2813-2890,200,206,206,2,206,851,4.131067961165049,1
POSI-J-020113,"Frontiers in Smart Grids",2813-4311,200,20,20,2,20,149,7.45,1
POSI-J-000182,"Frontiers in Social Psychology",2813-7876,200,94,94,2,94,348,3.702127659574468,1
POSI-J-000122,"Frontiers in Sociology",2297-7775,200,1207,1207,3,1207,7361,6.098591549295775,1
POSI-J-016773,"Frontiers in Soft Matter",2813-0499,200,100,100,2,100,703,7.03,1
POSI-J-009789,"Frontiers in Soil Science",2673-8619,200,241,241,2,241,3080,12.780082987551868,1
POSI-J-000183,"Frontiers in Space Technologies",2673-5075,200,129,129,2,129,668,5.178294573643411,1
POSI-J-000175,"Frontiers in Sports and Active Living",2624-9367,200,2388,2388,4,2388,14886,6.233668341708543,1
POSI-J-000177,"Frontiers in Stroke",2813-3056,200,170,170,2,170,463,2.723529411764706,1
POSI-J-000169,"Frontiers in Surgery",2296-875X,200,4796,4796,6,4796,25709,5.360508757297748,1
POSI-J-004246,"Frontiers in Sustainability",2673-4524,200,573,573,2,573,5804,10.12914485165794,1
POSI-J-003705,"Frontiers in Sustainable Cities",2624-9634,200,649,649,2,649,4848,7.469953775038521,1
POSI-J-018967,"Frontiers in Sustainable Energy Policy",2813-4982,200,47,47,2,47,427,9.085106382978724,1
POSI-J-000174,"Frontiers in Sustainable Food Systems",2571-581X,200,3709,3709,5,3709,34741,9.366675653815044,1
POSI-J-018800,"Frontiers in Sustainable Resource Management",2813-3005,200,38,38,2,38,272,7.157894736842105,1
POSI-J-016737,"Frontiers in Sustainable Tourism",2813-2815,200,92,92,2,92,407,4.423913043478261,1
POSI-J-000155,"Frontiers in Synaptic Neuroscience",1663-3563,200,149,149,2,149,2068,13.879194630872483,1
POSI-J-020085,"Frontiers in Synthetic Biology",2813-818X,200,21,21,2,21,134,6.380952380952381,1
POSI-J-013656,"Frontiers in Systems Biology",2674-0702,200,161,161,2,161,1199,7.447204968944099,1
POSI-J-000107,"Frontiers in Systems Neuroscience",1662-5137,200,304,304,2,304,3690,12.138157894736842,1
POSI-J-019798,"Frontiers in The Internet of Things",2813-3110,200,34,34,2,34,256,7.529411764705882,1
POSI-J-018670,"Frontiers in Thermal Engineering",2813-0456,200,59,59,2,59,406,6.88135593220339,1
POSI-J-005194,"Frontiers in Toxicology",2673-3080,200,536,536,2,536,6554,12.227611940298507,1
POSI-J-000181,"Frontiers in Transplantation",2813-2440,200,274,274,2,274,1125,4.105839416058394,1
POSI-J-000156,"Frontiers in Tropical Diseases",2673-7515,200,417,417,2,417,2508,6.014388489208633,1
POSI-J-000184,"Frontiers in Tuberculosis",2813-7868,200,49,49,2,49,144,2.938775510204082,1
POSI-J-012035,"Frontiers in Urology",2673-9828,200,202,202,2,202,676,3.3465346534653464,1
POSI-J-000187,"Frontiers in Virology",2673-818X,200,251,251,2,251,1541,6.139442231075697,1
POSI-J-003980,"Frontiers in Virtual Reality",2673-4192,200,641,641,2,641,7411,11.561622464898596,1
POSI-J-000168,"Frontiers in Water",2624-9375,200,810,810,2,810,7267,8.971604938271605,1